instance_uid,sample_id,video_id,gloss,class_id,split,pose_path,selected_path,normalized_path,graph_tensor_path,source_layout,keypoint_set,selected_indices,num_frames_original,num_frames_output,num_source_keypoints,num_selected_keypoints,num_channels,num_persons,tensor_shape,confidence_scale,xy_normalization,status,error_message,notes
wlasl:10159,10159,10159,cheat,81,test,F:/DMV/Recognizing-sign-language-at-the-word-level/data/datasets/WLASL/pose/rtmw_l/wholebody_133/nslt100/test/10159.npz,F:/DMV/Recognizing-sign-language-at-the-word-level/data/datasets/WLASL/branch_inputs/skeleton/rtmw_l/selected_27/nslt100/test/10159.npz,F:/DMV/Recognizing-sign-language-at-the-word-level/data/datasets/WLASL/branch_inputs/skeleton/rtmw_l/normalized/selected_27/nslt100/test/10159.npz,F:/DMV/Recognizing-sign-language-at-the-word-level/data/datasets/WLASL/branch_inputs/skeleton/rtmw_l/graph_tensors/selected_27/nslt100/test/10159.npz,wholebody_133,selected_27,"[0, 5, 6, 7, 8, 9, 10, 93, 95, 97, 99, 101, 103, 105, 107, 109, 111, 114, 116, 118, 120, 122, 124, 126, 128, 130, 132]",49,150,133,27,3,1,"[3, 150, 27, 1]",8.509001731872559,"clip_to_[0,288]x[0,384]_then_scale_to_[-1,1]",ok,,
wlasl:11311,11311,11311,clothes,6,test,F:/DMV/Recognizing-sign-language-at-the-word-level/data/datasets/WLASL/pose/rtmw_l/wholebody_133/nslt100/test/11311.npz,F:/DMV/Recognizing-sign-language-at-the-word-level/data/datasets/WLASL/branch_inputs/skeleton/rtmw_l/selected_27/nslt100/test/11311.npz,F:/DMV/Recognizing-sign-language-at-the-word-level/data/datasets/WLASL/branch_inputs/skeleton/rtmw_l/normalized/selected_27/nslt100/test/11311.npz,F:/DMV/Recognizing-sign-language-at-the-word-level/data/datasets/WLASL/branch_inputs/skeleton/rtmw_l/graph_tensors/selected_27/nslt100/test/11311.npz,wholebody_133,selected_27,"[0, 5, 6, 7, 8, 9, 10, 93, 95, 97, 99, 101, 103, 105, 107, 109, 111, 114, 116, 118, 120, 122, 124, 126, 128, 130, 132]",79,150,133,27,3,1,"[3, 150, 27, 1]",8.509001731872559,"clip_to_[0,288]x[0,384]_then_scale_to_[-1,1]",ok,,
wlasl:11772,11772,11772,color,55,test,F:/DMV/Recognizing-sign-language-at-the-word-level/data/datasets/WLASL/pose/rtmw_l/wholebody_133/nslt100/test/11772.npz,F:/DMV/Recognizing-sign-language-at-the-word-level/data/datasets/WLASL/branch_inputs/skeleton/rtmw_l/selected_27/nslt100/test/11772.npz,F:/DMV/Recognizing-sign-language-at-the-word-level/data/datasets/WLASL/branch_inputs/skeleton/rtmw_l/normalized/selected_27/nslt100/test/11772.npz,F:/DMV/Recognizing-sign-language-at-the-word-level/data/datasets/WLASL/branch_inputs/skeleton/rtmw_l/graph_tensors/selected_27/nslt100/test/11772.npz,wholebody_133,selected_27,"[0, 5, 6, 7, 8, 9, 10, 93, 95, 97, 99, 101, 103, 105, 107, 109, 111, 114, 116, 118, 120, 122, 124, 126, 128, 130, 132]",61,150,133,27,3,1,"[3, 150, 27, 1]",8.509001731872559,"clip_to_[0,288]x[0,384]_then_scale_to_[-1,1]",ok,,
wlasl:12320,12320,12320,computer,2,test,F:/DMV/Recognizing-sign-language-at-the-word-level/data/datasets/WLASL/pose/rtmw_l/wholebody_133/nslt100/test/12320.npz,F:/DMV/Recognizing-sign-language-at-the-word-level/data/datasets/WLASL/branch_inputs/skeleton/rtmw_l/selected_27/nslt100/test/12320.npz,F:/DMV/Recognizing-sign-language-at-the-word-level/data/datasets/WLASL/branch_inputs/skeleton/rtmw_l/normalized/selected_27/nslt100/test/12320.npz,F:/DMV/Recognizing-sign-language-at-the-word-level/data/datasets/WLASL/branch_inputs/skeleton/rtmw_l/graph_tensors/selected_27/nslt100/test/12320.npz,wholebody_133,selected_27,"[0, 5, 6, 7, 8, 9, 10, 93, 95, 97, 99, 101, 103, 105, 107, 109, 111, 114, 116, 118, 120, 122, 124, 126, 128, 130, 132]",87,150,133,27,3,1,"[3, 150, 27, 1]",8.509001731872559,"clip_to_[0,288]x[0,384]_then_scale_to_[-1,1]",ok,,
wlasl:13196,13196,13196,cool,20,test,F:/DMV/Recognizing-sign-language-at-the-word-level/data/datasets/WLASL/pose/rtmw_l/wholebody_133/nslt100/test/13196.npz,F:/DMV/Recognizing-sign-language-at-the-word-level/data/datasets/WLASL/branch_inputs/skeleton/rtmw_l/selected_27/nslt100/test/13196.npz,F:/DMV/Recognizing-sign-language-at-the-word-level/data/datasets/WLASL/branch_inputs/skeleton/rtmw_l/normalized/selected_27/nslt100/test/13196.npz,F:/DMV/Recognizing-sign-language-at-the-word-level/data/datasets/WLASL/branch_inputs/skeleton/rtmw_l/graph_tensors/selected_27/nslt100/test/13196.npz,wholebody_133,selected_27,"[0, 5, 6, 7, 8, 9, 10, 93, 95, 97, 99, 101, 103, 105, 107, 109, 111, 114, 116, 118, 120, 122, 124, 126, 128, 130, 132]",25,150,133,27,3,1,"[3, 150, 27, 1]",8.509001731872559,"clip_to_[0,288]x[0,384]_then_scale_to_[-1,1]",ok,,end_frame_clipped_to_video_end
wlasl:13198,13198,13198,cool,20,test,F:/DMV/Recognizing-sign-language-at-the-word-level/data/datasets/WLASL/pose/rtmw_l/wholebody_133/nslt100/test/13198.npz,F:/DMV/Recognizing-sign-language-at-the-word-level/data/datasets/WLASL/branch_inputs/skeleton/rtmw_l/selected_27/nslt100/test/13198.npz,F:/DMV/Recognizing-sign-language-at-the-word-level/data/datasets/WLASL/branch_inputs/skeleton/rtmw_l/normalized/selected_27/nslt100/test/13198.npz,F:/DMV/Recognizing-sign-language-at-the-word-level/data/datasets/WLASL/branch_inputs/skeleton/rtmw_l/graph_tensors/selected_27/nslt100/test/13198.npz,wholebody_133,selected_27,"[0, 5, 6, 7, 8, 9, 10, 93, 95, 97, 99, 101, 103, 105, 107, 109, 111, 114, 116, 118, 120, 122, 124, 126, 128, 130, 132]",28,150,133,27,3,1,"[3, 150, 27, 1]",8.509001731872559,"clip_to_[0,288]x[0,384]_then_scale_to_[-1,1]",ok,,
wlasl:13325,13325,13325,corn,56,test,F:/DMV/Recognizing-sign-language-at-the-word-level/data/datasets/WLASL/pose/rtmw_l/wholebody_133/nslt100/test/13325.npz,F:/DMV/Recognizing-sign-language-at-the-word-level/data/datasets/WLASL/branch_inputs/skeleton/rtmw_l/selected_27/nslt100/test/13325.npz,F:/DMV/Recognizing-sign-language-at-the-word-level/data/datasets/WLASL/branch_inputs/skeleton/rtmw_l/normalized/selected_27/nslt100/test/13325.npz,F:/DMV/Recognizing-sign-language-at-the-word-level/data/datasets/WLASL/branch_inputs/skeleton/rtmw_l/graph_tensors/selected_27/nslt100/test/13325.npz,wholebody_133,selected_27,"[0, 5, 6, 7, 8, 9, 10, 93, 95, 97, 99, 101, 103, 105, 107, 109, 111, 114, 116, 118, 120, 122, 124, 126, 128, 130, 132]",80,150,133,27,3,1,"[3, 150, 27, 1]",8.509001731872559,"clip_to_[0,288]x[0,384]_then_scale_to_[-1,1]",ok,,end_frame_clipped_to_video_end
wlasl:13334,13334,13334,corn,56,test,F:/DMV/Recognizing-sign-language-at-the-word-level/data/datasets/WLASL/pose/rtmw_l/wholebody_133/nslt100/test/13334.npz,F:/DMV/Recognizing-sign-language-at-the-word-level/data/datasets/WLASL/branch_inputs/skeleton/rtmw_l/selected_27/nslt100/test/13334.npz,F:/DMV/Recognizing-sign-language-at-the-word-level/data/datasets/WLASL/branch_inputs/skeleton/rtmw_l/normalized/selected_27/nslt100/test/13334.npz,F:/DMV/Recognizing-sign-language-at-the-word-level/data/datasets/WLASL/branch_inputs/skeleton/rtmw_l/graph_tensors/selected_27/nslt100/test/13334.npz,wholebody_133,selected_27,"[0, 5, 6, 7, 8, 9, 10, 93, 95, 97, 99, 101, 103, 105, 107, 109, 111, 114, 116, 118, 120, 122, 124, 126, 128, 130, 132]",36,150,133,27,3,1,"[3, 150, 27, 1]",8.509001731872559,"clip_to_[0,288]x[0,384]_then_scale_to_[-1,1]",ok,,
wlasl:13635,13635,13635,cousin,9,test,F:/DMV/Recognizing-sign-language-at-the-word-level/data/datasets/WLASL/pose/rtmw_l/wholebody_133/nslt100/test/13635.npz,F:/DMV/Recognizing-sign-language-at-the-word-level/data/datasets/WLASL/branch_inputs/skeleton/rtmw_l/selected_27/nslt100/test/13635.npz,F:/DMV/Recognizing-sign-language-at-the-word-level/data/datasets/WLASL/branch_inputs/skeleton/rtmw_l/normalized/selected_27/nslt100/test/13635.npz,F:/DMV/Recognizing-sign-language-at-the-word-level/data/datasets/WLASL/branch_inputs/skeleton/rtmw_l/graph_tensors/selected_27/nslt100/test/13635.npz,wholebody_133,selected_27,"[0, 5, 6, 7, 8, 9, 10, 93, 95, 97, 99, 101, 103, 105, 107, 109, 111, 114, 116, 118, 120, 122, 124, 126, 128, 130, 132]",90,150,133,27,3,1,"[3, 150, 27, 1]",8.509001731872559,"clip_to_[0,288]x[0,384]_then_scale_to_[-1,1]",ok,,
wlasl:13710,13710,13710,cow,57,test,F:/DMV/Recognizing-sign-language-at-the-word-level/data/datasets/WLASL/pose/rtmw_l/wholebody_133/nslt100/test/13710.npz,F:/DMV/Recognizing-sign-language-at-the-word-level/data/datasets/WLASL/branch_inputs/skeleton/rtmw_l/selected_27/nslt100/test/13710.npz,F:/DMV/Recognizing-sign-language-at-the-word-level/data/datasets/WLASL/branch_inputs/skeleton/rtmw_l/normalized/selected_27/nslt100/test/13710.npz,F:/DMV/Recognizing-sign-language-at-the-word-level/data/datasets/WLASL/branch_inputs/skeleton/rtmw_l/graph_tensors/selected_27/nslt100/test/13710.npz,wholebody_133,selected_27,"[0, 5, 6, 7, 8, 9, 10, 93, 95, 97, 99, 101, 103, 105, 107, 109, 111, 114, 116, 118, 120, 122, 124, 126, 128, 130, 132]",67,150,133,27,3,1,"[3, 150, 27, 1]",8.509001731872559,"clip_to_[0,288]x[0,384]_then_scale_to_[-1,1]",ok,,
wlasl:01386,1386,1386,africa,76,test,F:/DMV/Recognizing-sign-language-at-the-word-level/data/datasets/WLASL/pose/rtmw_l/wholebody_133/nslt100/test/1386.npz,F:/DMV/Recognizing-sign-language-at-the-word-level/data/datasets/WLASL/branch_inputs/skeleton/rtmw_l/selected_27/nslt100/test/1386.npz,F:/DMV/Recognizing-sign-language-at-the-word-level/data/datasets/WLASL/branch_inputs/skeleton/rtmw_l/normalized/selected_27/nslt100/test/1386.npz,F:/DMV/Recognizing-sign-language-at-the-word-level/data/datasets/WLASL/branch_inputs/skeleton/rtmw_l/graph_tensors/selected_27/nslt100/test/1386.npz,wholebody_133,selected_27,"[0, 5, 6, 7, 8, 9, 10, 93, 95, 97, 99, 101, 103, 105, 107, 109, 111, 114, 116, 118, 120, 122, 124, 126, 128, 130, 132]",40,150,133,27,3,1,"[3, 150, 27, 1]",8.509001731872559,"clip_to_[0,288]x[0,384]_then_scale_to_[-1,1]",ok,,end_frame_clipped_to_video_end
wlasl:14673,14673,14673,dark,59,test,F:/DMV/Recognizing-sign-language-at-the-word-level/data/datasets/WLASL/pose/rtmw_l/wholebody_133/nslt100/test/14673.npz,F:/DMV/Recognizing-sign-language-at-the-word-level/data/datasets/WLASL/branch_inputs/skeleton/rtmw_l/selected_27/nslt100/test/14673.npz,F:/DMV/Recognizing-sign-language-at-the-word-level/data/datasets/WLASL/branch_inputs/skeleton/rtmw_l/normalized/selected_27/nslt100/test/14673.npz,F:/DMV/Recognizing-sign-language-at-the-word-level/data/datasets/WLASL/branch_inputs/skeleton/rtmw_l/graph_tensors/selected_27/nslt100/test/14673.npz,wholebody_133,selected_27,"[0, 5, 6, 7, 8, 9, 10, 93, 95, 97, 99, 101, 103, 105, 107, 109, 111, 114, 116, 118, 120, 122, 124, 126, 128, 130, 132]",44,150,133,27,3,1,"[3, 150, 27, 1]",8.509001731872559,"clip_to_[0,288]x[0,384]_then_scale_to_[-1,1]",ok,,end_frame_clipped_to_video_end
wlasl:14685,14685,14685,dark,59,test,F:/DMV/Recognizing-sign-language-at-the-word-level/data/datasets/WLASL/pose/rtmw_l/wholebody_133/nslt100/test/14685.npz,F:/DMV/Recognizing-sign-language-at-the-word-level/data/datasets/WLASL/branch_inputs/skeleton/rtmw_l/selected_27/nslt100/test/14685.npz,F:/DMV/Recognizing-sign-language-at-the-word-level/data/datasets/WLASL/branch_inputs/skeleton/rtmw_l/normalized/selected_27/nslt100/test/14685.npz,F:/DMV/Recognizing-sign-language-at-the-word-level/data/datasets/WLASL/branch_inputs/skeleton/rtmw_l/graph_tensors/selected_27/nslt100/test/14685.npz,wholebody_133,selected_27,"[0, 5, 6, 7, 8, 9, 10, 93, 95, 97, 99, 101, 103, 105, 107, 109, 111, 114, 116, 118, 120, 122, 124, 126, 128, 130, 132]",84,150,133,27,3,1,"[3, 150, 27, 1]",8.509001731872559,"clip_to_[0,288]x[0,384]_then_scale_to_[-1,1]",ok,,
wlasl:14883,14883,14883,deaf,10,test,F:/DMV/Recognizing-sign-language-at-the-word-level/data/datasets/WLASL/pose/rtmw_l/wholebody_133/nslt100/test/14883.npz,F:/DMV/Recognizing-sign-language-at-the-word-level/data/datasets/WLASL/branch_inputs/skeleton/rtmw_l/selected_27/nslt100/test/14883.npz,F:/DMV/Recognizing-sign-language-at-the-word-level/data/datasets/WLASL/branch_inputs/skeleton/rtmw_l/normalized/selected_27/nslt100/test/14883.npz,F:/DMV/Recognizing-sign-language-at-the-word-level/data/datasets/WLASL/branch_inputs/skeleton/rtmw_l/graph_tensors/selected_27/nslt100/test/14883.npz,wholebody_133,selected_27,"[0, 5, 6, 7, 8, 9, 10, 93, 95, 97, 99, 101, 103, 105, 107, 109, 111, 114, 116, 118, 120, 122, 124, 126, 128, 130, 132]",22,150,133,27,3,1,"[3, 150, 27, 1]",8.509001731872559,"clip_to_[0,288]x[0,384]_then_scale_to_[-1,1]",ok,,
wlasl:14888,14888,14888,deaf,10,test,F:/DMV/Recognizing-sign-language-at-the-word-level/data/datasets/WLASL/pose/rtmw_l/wholebody_133/nslt100/test/14888.npz,F:/DMV/Recognizing-sign-language-at-the-word-level/data/datasets/WLASL/branch_inputs/skeleton/rtmw_l/selected_27/nslt100/test/14888.npz,F:/DMV/Recognizing-sign-language-at-the-word-level/data/datasets/WLASL/branch_inputs/skeleton/rtmw_l/normalized/selected_27/nslt100/test/14888.npz,F:/DMV/Recognizing-sign-language-at-the-word-level/data/datasets/WLASL/branch_inputs/skeleton/rtmw_l/graph_tensors/selected_27/nslt100/test/14888.npz,wholebody_133,selected_27,"[0, 5, 6, 7, 8, 9, 10, 93, 95, 97, 99, 101, 103, 105, 107, 109, 111, 114, 116, 118, 120, 122, 124, 126, 128, 130, 132]",57,150,133,27,3,1,"[3, 150, 27, 1]",8.509001731872559,"clip_to_[0,288]x[0,384]_then_scale_to_[-1,1]",ok,,
wlasl:17020,17020,17020,doctor,60,test,F:/DMV/Recognizing-sign-language-at-the-word-level/data/datasets/WLASL/pose/rtmw_l/wholebody_133/nslt100/test/17020.npz,F:/DMV/Recognizing-sign-language-at-the-word-level/data/datasets/WLASL/branch_inputs/skeleton/rtmw_l/selected_27/nslt100/test/17020.npz,F:/DMV/Recognizing-sign-language-at-the-word-level/data/datasets/WLASL/branch_inputs/skeleton/rtmw_l/normalized/selected_27/nslt100/test/17020.npz,F:/DMV/Recognizing-sign-language-at-the-word-level/data/datasets/WLASL/branch_inputs/skeleton/rtmw_l/graph_tensors/selected_27/nslt100/test/17020.npz,wholebody_133,selected_27,"[0, 5, 6, 7, 8, 9, 10, 93, 95, 97, 99, 101, 103, 105, 107, 109, 111, 114, 116, 118, 120, 122, 124, 126, 128, 130, 132]",47,150,133,27,3,1,"[3, 150, 27, 1]",8.509001731872559,"clip_to_[0,288]x[0,384]_then_scale_to_[-1,1]",ok,,
wlasl:17097,17097,17097,dog,36,test,F:/DMV/Recognizing-sign-language-at-the-word-level/data/datasets/WLASL/pose/rtmw_l/wholebody_133/nslt100/test/17097.npz,F:/DMV/Recognizing-sign-language-at-the-word-level/data/datasets/WLASL/branch_inputs/skeleton/rtmw_l/selected_27/nslt100/test/17097.npz,F:/DMV/Recognizing-sign-language-at-the-word-level/data/datasets/WLASL/branch_inputs/skeleton/rtmw_l/normalized/selected_27/nslt100/test/17097.npz,F:/DMV/Recognizing-sign-language-at-the-word-level/data/datasets/WLASL/branch_inputs/skeleton/rtmw_l/graph_tensors/selected_27/nslt100/test/17097.npz,wholebody_133,selected_27,"[0, 5, 6, 7, 8, 9, 10, 93, 95, 97, 99, 101, 103, 105, 107, 109, 111, 114, 116, 118, 120, 122, 124, 126, 128, 130, 132]",74,150,133,27,3,1,"[3, 150, 27, 1]",8.509001731872559,"clip_to_[0,288]x[0,384]_then_scale_to_[-1,1]",ok,,
wlasl:17713,17713,17713,drink,1,test,F:/DMV/Recognizing-sign-language-at-the-word-level/data/datasets/WLASL/pose/rtmw_l/wholebody_133/nslt100/test/17713.npz,F:/DMV/Recognizing-sign-language-at-the-word-level/data/datasets/WLASL/branch_inputs/skeleton/rtmw_l/selected_27/nslt100/test/17713.npz,F:/DMV/Recognizing-sign-language-at-the-word-level/data/datasets/WLASL/branch_inputs/skeleton/rtmw_l/normalized/selected_27/nslt100/test/17713.npz,F:/DMV/Recognizing-sign-language-at-the-word-level/data/datasets/WLASL/branch_inputs/skeleton/rtmw_l/graph_tensors/selected_27/nslt100/test/17713.npz,wholebody_133,selected_27,"[0, 5, 6, 7, 8, 9, 10, 93, 95, 97, 99, 101, 103, 105, 107, 109, 111, 114, 116, 118, 120, 122, 124, 126, 128, 130, 132]",78,150,133,27,3,1,"[3, 150, 27, 1]",8.509001731872559,"clip_to_[0,288]x[0,384]_then_scale_to_[-1,1]",ok,,
wlasl:01986,1986,1986,all,18,test,F:/DMV/Recognizing-sign-language-at-the-word-level/data/datasets/WLASL/pose/rtmw_l/wholebody_133/nslt100/test/1986.npz,F:/DMV/Recognizing-sign-language-at-the-word-level/data/datasets/WLASL/branch_inputs/skeleton/rtmw_l/selected_27/nslt100/test/1986.npz,F:/DMV/Recognizing-sign-language-at-the-word-level/data/datasets/WLASL/branch_inputs/skeleton/rtmw_l/normalized/selected_27/nslt100/test/1986.npz,F:/DMV/Recognizing-sign-language-at-the-word-level/data/datasets/WLASL/branch_inputs/skeleton/rtmw_l/graph_tensors/selected_27/nslt100/test/1986.npz,wholebody_133,selected_27,"[0, 5, 6, 7, 8, 9, 10, 93, 95, 97, 99, 101, 103, 105, 107, 109, 111, 114, 116, 118, 120, 122, 124, 126, 128, 130, 132]",82,150,133,27,3,1,"[3, 150, 27, 1]",8.509001731872559,"clip_to_[0,288]x[0,384]_then_scale_to_[-1,1]",ok,,end_frame_clipped_to_video_end
wlasl:21890,21890,21890,fine,11,test,F:/DMV/Recognizing-sign-language-at-the-word-level/data/datasets/WLASL/pose/rtmw_l/wholebody_133/nslt100/test/21890.npz,F:/DMV/Recognizing-sign-language-at-the-word-level/data/datasets/WLASL/branch_inputs/skeleton/rtmw_l/selected_27/nslt100/test/21890.npz,F:/DMV/Recognizing-sign-language-at-the-word-level/data/datasets/WLASL/branch_inputs/skeleton/rtmw_l/normalized/selected_27/nslt100/test/21890.npz,F:/DMV/Recognizing-sign-language-at-the-word-level/data/datasets/WLASL/branch_inputs/skeleton/rtmw_l/graph_tensors/selected_27/nslt100/test/21890.npz,wholebody_133,selected_27,"[0, 5, 6, 7, 8, 9, 10, 93, 95, 97, 99, 101, 103, 105, 107, 109, 111, 114, 116, 118, 120, 122, 124, 126, 128, 130, 132]",64,150,133,27,3,1,"[3, 150, 27, 1]",8.509001731872559,"clip_to_[0,288]x[0,384]_then_scale_to_[-1,1]",ok,,
wlasl:21944,21944,21944,finish,21,test,F:/DMV/Recognizing-sign-language-at-the-word-level/data/datasets/WLASL/pose/rtmw_l/wholebody_133/nslt100/test/21944.npz,F:/DMV/Recognizing-sign-language-at-the-word-level/data/datasets/WLASL/branch_inputs/skeleton/rtmw_l/selected_27/nslt100/test/21944.npz,F:/DMV/Recognizing-sign-language-at-the-word-level/data/datasets/WLASL/branch_inputs/skeleton/rtmw_l/normalized/selected_27/nslt100/test/21944.npz,F:/DMV/Recognizing-sign-language-at-the-word-level/data/datasets/WLASL/branch_inputs/skeleton/rtmw_l/graph_tensors/selected_27/nslt100/test/21944.npz,wholebody_133,selected_27,"[0, 5, 6, 7, 8, 9, 10, 93, 95, 97, 99, 101, 103, 105, 107, 109, 111, 114, 116, 118, 120, 122, 124, 126, 128, 130, 132]",28,150,133,27,3,1,"[3, 150, 27, 1]",8.509001731872559,"clip_to_[0,288]x[0,384]_then_scale_to_[-1,1]",ok,,
wlasl:22117,22117,22117,fish,38,test,F:/DMV/Recognizing-sign-language-at-the-word-level/data/datasets/WLASL/pose/rtmw_l/wholebody_133/nslt100/test/22117.npz,F:/DMV/Recognizing-sign-language-at-the-word-level/data/datasets/WLASL/branch_inputs/skeleton/rtmw_l/selected_27/nslt100/test/22117.npz,F:/DMV/Recognizing-sign-language-at-the-word-level/data/datasets/WLASL/branch_inputs/skeleton/rtmw_l/normalized/selected_27/nslt100/test/22117.npz,F:/DMV/Recognizing-sign-language-at-the-word-level/data/datasets/WLASL/branch_inputs/skeleton/rtmw_l/graph_tensors/selected_27/nslt100/test/22117.npz,wholebody_133,selected_27,"[0, 5, 6, 7, 8, 9, 10, 93, 95, 97, 99, 101, 103, 105, 107, 109, 111, 114, 116, 118, 120, 122, 124, 126, 128, 130, 132]",67,150,133,27,3,1,"[3, 150, 27, 1]",8.509001731872559,"clip_to_[0,288]x[0,384]_then_scale_to_[-1,1]",ok,,
wlasl:22954,22954,22954,forget,63,test,F:/DMV/Recognizing-sign-language-at-the-word-level/data/datasets/WLASL/pose/rtmw_l/wholebody_133/nslt100/test/22954.npz,F:/DMV/Recognizing-sign-language-at-the-word-level/data/datasets/WLASL/branch_inputs/skeleton/rtmw_l/selected_27/nslt100/test/22954.npz,F:/DMV/Recognizing-sign-language-at-the-word-level/data/datasets/WLASL/branch_inputs/skeleton/rtmw_l/normalized/selected_27/nslt100/test/22954.npz,F:/DMV/Recognizing-sign-language-at-the-word-level/data/datasets/WLASL/branch_inputs/skeleton/rtmw_l/graph_tensors/selected_27/nslt100/test/22954.npz,wholebody_133,selected_27,"[0, 5, 6, 7, 8, 9, 10, 93, 95, 97, 99, 101, 103, 105, 107, 109, 111, 114, 116, 118, 120, 122, 124, 126, 128, 130, 132]",42,150,133,27,3,1,"[3, 150, 27, 1]",8.509001731872559,"clip_to_[0,288]x[0,384]_then_scale_to_[-1,1]",ok,,end_frame_clipped_to_video_end
wlasl:23767,23767,23767,full,85,test,F:/DMV/Recognizing-sign-language-at-the-word-level/data/datasets/WLASL/pose/rtmw_l/wholebody_133/nslt100/test/23767.npz,F:/DMV/Recognizing-sign-language-at-the-word-level/data/datasets/WLASL/branch_inputs/skeleton/rtmw_l/selected_27/nslt100/test/23767.npz,F:/DMV/Recognizing-sign-language-at-the-word-level/data/datasets/WLASL/branch_inputs/skeleton/rtmw_l/normalized/selected_27/nslt100/test/23767.npz,F:/DMV/Recognizing-sign-language-at-the-word-level/data/datasets/WLASL/branch_inputs/skeleton/rtmw_l/graph_tensors/selected_27/nslt100/test/23767.npz,wholebody_133,selected_27,"[0, 5, 6, 7, 8, 9, 10, 93, 95, 97, 99, 101, 103, 105, 107, 109, 111, 114, 116, 118, 120, 122, 124, 126, 128, 130, 132]",80,150,133,27,3,1,"[3, 150, 27, 1]",8.509001731872559,"clip_to_[0,288]x[0,384]_then_scale_to_[-1,1]",ok,,
wlasl:24636,24636,24636,give,64,test,F:/DMV/Recognizing-sign-language-at-the-word-level/data/datasets/WLASL/pose/rtmw_l/wholebody_133/nslt100/test/24636.npz,F:/DMV/Recognizing-sign-language-at-the-word-level/data/datasets/WLASL/branch_inputs/skeleton/rtmw_l/selected_27/nslt100/test/24636.npz,F:/DMV/Recognizing-sign-language-at-the-word-level/data/datasets/WLASL/branch_inputs/skeleton/rtmw_l/normalized/selected_27/nslt100/test/24636.npz,F:/DMV/Recognizing-sign-language-at-the-word-level/data/datasets/WLASL/branch_inputs/skeleton/rtmw_l/graph_tensors/selected_27/nslt100/test/24636.npz,wholebody_133,selected_27,"[0, 5, 6, 7, 8, 9, 10, 93, 95, 97, 99, 101, 103, 105, 107, 109, 111, 114, 116, 118, 120, 122, 124, 126, 128, 130, 132]",79,150,133,27,3,1,"[3, 150, 27, 1]",8.509001731872559,"clip_to_[0,288]x[0,384]_then_scale_to_[-1,1]",ok,,
wlasl:24649,24649,24649,give,64,test,F:/DMV/Recognizing-sign-language-at-the-word-level/data/datasets/WLASL/pose/rtmw_l/wholebody_133/nslt100/test/24649.npz,F:/DMV/Recognizing-sign-language-at-the-word-level/data/datasets/WLASL/branch_inputs/skeleton/rtmw_l/selected_27/nslt100/test/24649.npz,F:/DMV/Recognizing-sign-language-at-the-word-level/data/datasets/WLASL/branch_inputs/skeleton/rtmw_l/normalized/selected_27/nslt100/test/24649.npz,F:/DMV/Recognizing-sign-language-at-the-word-level/data/datasets/WLASL/branch_inputs/skeleton/rtmw_l/graph_tensors/selected_27/nslt100/test/24649.npz,wholebody_133,selected_27,"[0, 5, 6, 7, 8, 9, 10, 93, 95, 97, 99, 101, 103, 105, 107, 109, 111, 114, 116, 118, 120, 122, 124, 126, 128, 130, 132]",61,150,133,27,3,1,"[3, 150, 27, 1]",8.509001731872559,"clip_to_[0,288]x[0,384]_then_scale_to_[-1,1]",ok,,
wlasl:24960,24960,24960,go,5,test,F:/DMV/Recognizing-sign-language-at-the-word-level/data/datasets/WLASL/pose/rtmw_l/wholebody_133/nslt100/test/24960.npz,F:/DMV/Recognizing-sign-language-at-the-word-level/data/datasets/WLASL/branch_inputs/skeleton/rtmw_l/selected_27/nslt100/test/24960.npz,F:/DMV/Recognizing-sign-language-at-the-word-level/data/datasets/WLASL/branch_inputs/skeleton/rtmw_l/normalized/selected_27/nslt100/test/24960.npz,F:/DMV/Recognizing-sign-language-at-the-word-level/data/datasets/WLASL/branch_inputs/skeleton/rtmw_l/graph_tensors/selected_27/nslt100/test/24960.npz,wholebody_133,selected_27,"[0, 5, 6, 7, 8, 9, 10, 93, 95, 97, 99, 101, 103, 105, 107, 109, 111, 114, 116, 118, 120, 122, 124, 126, 128, 130, 132]",39,150,133,27,3,1,"[3, 150, 27, 1]",8.509001731872559,"clip_to_[0,288]x[0,384]_then_scale_to_[-1,1]",ok,,
wlasl:27209,27209,27209,help,12,test,F:/DMV/Recognizing-sign-language-at-the-word-level/data/datasets/WLASL/pose/rtmw_l/wholebody_133/nslt100/test/27209.npz,F:/DMV/Recognizing-sign-language-at-the-word-level/data/datasets/WLASL/branch_inputs/skeleton/rtmw_l/selected_27/nslt100/test/27209.npz,F:/DMV/Recognizing-sign-language-at-the-word-level/data/datasets/WLASL/branch_inputs/skeleton/rtmw_l/normalized/selected_27/nslt100/test/27209.npz,F:/DMV/Recognizing-sign-language-at-the-word-level/data/datasets/WLASL/branch_inputs/skeleton/rtmw_l/graph_tensors/selected_27/nslt100/test/27209.npz,wholebody_133,selected_27,"[0, 5, 6, 7, 8, 9, 10, 93, 95, 97, 99, 101, 103, 105, 107, 109, 111, 114, 116, 118, 120, 122, 124, 126, 128, 130, 132]",51,150,133,27,3,1,"[3, 150, 27, 1]",8.509001731872559,"clip_to_[0,288]x[0,384]_then_scale_to_[-1,1]",ok,,
wlasl:27213,27213,27213,help,12,test,F:/DMV/Recognizing-sign-language-at-the-word-level/data/datasets/WLASL/pose/rtmw_l/wholebody_133/nslt100/test/27213.npz,F:/DMV/Recognizing-sign-language-at-the-word-level/data/datasets/WLASL/branch_inputs/skeleton/rtmw_l/selected_27/nslt100/test/27213.npz,F:/DMV/Recognizing-sign-language-at-the-word-level/data/datasets/WLASL/branch_inputs/skeleton/rtmw_l/normalized/selected_27/nslt100/test/27213.npz,F:/DMV/Recognizing-sign-language-at-the-word-level/data/datasets/WLASL/branch_inputs/skeleton/rtmw_l/graph_tensors/selected_27/nslt100/test/27213.npz,wholebody_133,selected_27,"[0, 5, 6, 7, 8, 9, 10, 93, 95, 97, 99, 101, 103, 105, 107, 109, 111, 114, 116, 118, 120, 122, 124, 126, 128, 130, 132]",43,150,133,27,3,1,"[3, 150, 27, 1]",8.509001731872559,"clip_to_[0,288]x[0,384]_then_scale_to_[-1,1]",ok,,
wlasl:28201,28201,28201,how,86,test,F:/DMV/Recognizing-sign-language-at-the-word-level/data/datasets/WLASL/pose/rtmw_l/wholebody_133/nslt100/test/28201.npz,F:/DMV/Recognizing-sign-language-at-the-word-level/data/datasets/WLASL/branch_inputs/skeleton/rtmw_l/selected_27/nslt100/test/28201.npz,F:/DMV/Recognizing-sign-language-at-the-word-level/data/datasets/WLASL/branch_inputs/skeleton/rtmw_l/normalized/selected_27/nslt100/test/28201.npz,F:/DMV/Recognizing-sign-language-at-the-word-level/data/datasets/WLASL/branch_inputs/skeleton/rtmw_l/graph_tensors/selected_27/nslt100/test/28201.npz,wholebody_133,selected_27,"[0, 5, 6, 7, 8, 9, 10, 93, 95, 97, 99, 101, 103, 105, 107, 109, 111, 114, 116, 118, 120, 122, 124, 126, 128, 130, 132]",71,150,133,27,3,1,"[3, 150, 27, 1]",8.509001731872559,"clip_to_[0,288]x[0,384]_then_scale_to_[-1,1]",ok,,end_frame_clipped_to_video_end
wlasl:31749,31749,31749,kiss,42,test,F:/DMV/Recognizing-sign-language-at-the-word-level/data/datasets/WLASL/pose/rtmw_l/wholebody_133/nslt100/test/31749.npz,F:/DMV/Recognizing-sign-language-at-the-word-level/data/datasets/WLASL/branch_inputs/skeleton/rtmw_l/selected_27/nslt100/test/31749.npz,F:/DMV/Recognizing-sign-language-at-the-word-level/data/datasets/WLASL/branch_inputs/skeleton/rtmw_l/normalized/selected_27/nslt100/test/31749.npz,F:/DMV/Recognizing-sign-language-at-the-word-level/data/datasets/WLASL/branch_inputs/skeleton/rtmw_l/graph_tensors/selected_27/nslt100/test/31749.npz,wholebody_133,selected_27,"[0, 5, 6, 7, 8, 9, 10, 93, 95, 97, 99, 101, 103, 105, 107, 109, 111, 114, 116, 118, 120, 122, 124, 126, 128, 130, 132]",49,150,133,27,3,1,"[3, 150, 27, 1]",8.509001731872559,"clip_to_[0,288]x[0,384]_then_scale_to_[-1,1]",ok,,
wlasl:31750,31750,31750,kiss,42,test,F:/DMV/Recognizing-sign-language-at-the-word-level/data/datasets/WLASL/pose/rtmw_l/wholebody_133/nslt100/test/31750.npz,F:/DMV/Recognizing-sign-language-at-the-word-level/data/datasets/WLASL/branch_inputs/skeleton/rtmw_l/selected_27/nslt100/test/31750.npz,F:/DMV/Recognizing-sign-language-at-the-word-level/data/datasets/WLASL/branch_inputs/skeleton/rtmw_l/normalized/selected_27/nslt100/test/31750.npz,F:/DMV/Recognizing-sign-language-at-the-word-level/data/datasets/WLASL/branch_inputs/skeleton/rtmw_l/graph_tensors/selected_27/nslt100/test/31750.npz,wholebody_133,selected_27,"[0, 5, 6, 7, 8, 9, 10, 93, 95, 97, 99, 101, 103, 105, 107, 109, 111, 114, 116, 118, 120, 122, 124, 126, 128, 130, 132]",26,150,133,27,3,1,"[3, 150, 27, 1]",8.509001731872559,"clip_to_[0,288]x[0,384]_then_scale_to_[-1,1]",ok,,end_frame_clipped_to_video_end
wlasl:32157,32157,32157,language,43,test,F:/DMV/Recognizing-sign-language-at-the-word-level/data/datasets/WLASL/pose/rtmw_l/wholebody_133/nslt100/test/32157.npz,F:/DMV/Recognizing-sign-language-at-the-word-level/data/datasets/WLASL/branch_inputs/skeleton/rtmw_l/selected_27/nslt100/test/32157.npz,F:/DMV/Recognizing-sign-language-at-the-word-level/data/datasets/WLASL/branch_inputs/skeleton/rtmw_l/normalized/selected_27/nslt100/test/32157.npz,F:/DMV/Recognizing-sign-language-at-the-word-level/data/datasets/WLASL/branch_inputs/skeleton/rtmw_l/graph_tensors/selected_27/nslt100/test/32157.npz,wholebody_133,selected_27,"[0, 5, 6, 7, 8, 9, 10, 93, 95, 97, 99, 101, 103, 105, 107, 109, 111, 114, 116, 118, 120, 122, 124, 126, 128, 130, 132]",47,150,133,27,3,1,"[3, 150, 27, 1]",8.509001731872559,"clip_to_[0,288]x[0,384]_then_scale_to_[-1,1]",ok,,end_frame_clipped_to_video_end
wlasl:32167,32167,32167,language,43,test,F:/DMV/Recognizing-sign-language-at-the-word-level/data/datasets/WLASL/pose/rtmw_l/wholebody_133/nslt100/test/32167.npz,F:/DMV/Recognizing-sign-language-at-the-word-level/data/datasets/WLASL/branch_inputs/skeleton/rtmw_l/selected_27/nslt100/test/32167.npz,F:/DMV/Recognizing-sign-language-at-the-word-level/data/datasets/WLASL/branch_inputs/skeleton/rtmw_l/normalized/selected_27/nslt100/test/32167.npz,F:/DMV/Recognizing-sign-language-at-the-word-level/data/datasets/WLASL/branch_inputs/skeleton/rtmw_l/graph_tensors/selected_27/nslt100/test/32167.npz,wholebody_133,selected_27,"[0, 5, 6, 7, 8, 9, 10, 93, 95, 97, 99, 101, 103, 105, 107, 109, 111, 114, 116, 118, 120, 122, 124, 126, 128, 130, 132]",79,150,133,27,3,1,"[3, 150, 27, 1]",8.509001731872559,"clip_to_[0,288]x[0,384]_then_scale_to_[-1,1]",ok,,
wlasl:32246,32246,32246,last,65,test,F:/DMV/Recognizing-sign-language-at-the-word-level/data/datasets/WLASL/pose/rtmw_l/wholebody_133/nslt100/test/32246.npz,F:/DMV/Recognizing-sign-language-at-the-word-level/data/datasets/WLASL/branch_inputs/skeleton/rtmw_l/selected_27/nslt100/test/32246.npz,F:/DMV/Recognizing-sign-language-at-the-word-level/data/datasets/WLASL/branch_inputs/skeleton/rtmw_l/normalized/selected_27/nslt100/test/32246.npz,F:/DMV/Recognizing-sign-language-at-the-word-level/data/datasets/WLASL/branch_inputs/skeleton/rtmw_l/graph_tensors/selected_27/nslt100/test/32246.npz,wholebody_133,selected_27,"[0, 5, 6, 7, 8, 9, 10, 93, 95, 97, 99, 101, 103, 105, 107, 109, 111, 114, 116, 118, 120, 122, 124, 126, 128, 130, 132]",96,150,133,27,3,1,"[3, 150, 27, 1]",8.509001731872559,"clip_to_[0,288]x[0,384]_then_scale_to_[-1,1]",ok,,end_frame_clipped_to_video_end
wlasl:32253,32253,32253,last,65,test,F:/DMV/Recognizing-sign-language-at-the-word-level/data/datasets/WLASL/pose/rtmw_l/wholebody_133/nslt100/test/32253.npz,F:/DMV/Recognizing-sign-language-at-the-word-level/data/datasets/WLASL/branch_inputs/skeleton/rtmw_l/selected_27/nslt100/test/32253.npz,F:/DMV/Recognizing-sign-language-at-the-word-level/data/datasets/WLASL/branch_inputs/skeleton/rtmw_l/normalized/selected_27/nslt100/test/32253.npz,F:/DMV/Recognizing-sign-language-at-the-word-level/data/datasets/WLASL/branch_inputs/skeleton/rtmw_l/graph_tensors/selected_27/nslt100/test/32253.npz,wholebody_133,selected_27,"[0, 5, 6, 7, 8, 9, 10, 93, 95, 97, 99, 101, 103, 105, 107, 109, 111, 114, 116, 118, 120, 122, 124, 126, 128, 130, 132]",28,150,133,27,3,1,"[3, 150, 27, 1]",8.509001731872559,"clip_to_[0,288]x[0,384]_then_scale_to_[-1,1]",ok,,
wlasl:32950,32950,32950,letter,88,test,F:/DMV/Recognizing-sign-language-at-the-word-level/data/datasets/WLASL/pose/rtmw_l/wholebody_133/nslt100/test/32950.npz,F:/DMV/Recognizing-sign-language-at-the-word-level/data/datasets/WLASL/branch_inputs/skeleton/rtmw_l/selected_27/nslt100/test/32950.npz,F:/DMV/Recognizing-sign-language-at-the-word-level/data/datasets/WLASL/branch_inputs/skeleton/rtmw_l/normalized/selected_27/nslt100/test/32950.npz,F:/DMV/Recognizing-sign-language-at-the-word-level/data/datasets/WLASL/branch_inputs/skeleton/rtmw_l/graph_tensors/selected_27/nslt100/test/32950.npz,wholebody_133,selected_27,"[0, 5, 6, 7, 8, 9, 10, 93, 95, 97, 99, 101, 103, 105, 107, 109, 111, 114, 116, 118, 120, 122, 124, 126, 128, 130, 132]",79,150,133,27,3,1,"[3, 150, 27, 1]",8.509001731872559,"clip_to_[0,288]x[0,384]_then_scale_to_[-1,1]",ok,,
wlasl:33286,33286,33286,like,23,test,F:/DMV/Recognizing-sign-language-at-the-word-level/data/datasets/WLASL/pose/rtmw_l/wholebody_133/nslt100/test/33286.npz,F:/DMV/Recognizing-sign-language-at-the-word-level/data/datasets/WLASL/branch_inputs/skeleton/rtmw_l/selected_27/nslt100/test/33286.npz,F:/DMV/Recognizing-sign-language-at-the-word-level/data/datasets/WLASL/branch_inputs/skeleton/rtmw_l/normalized/selected_27/nslt100/test/33286.npz,F:/DMV/Recognizing-sign-language-at-the-word-level/data/datasets/WLASL/branch_inputs/skeleton/rtmw_l/graph_tensors/selected_27/nslt100/test/33286.npz,wholebody_133,selected_27,"[0, 5, 6, 7, 8, 9, 10, 93, 95, 97, 99, 101, 103, 105, 107, 109, 111, 114, 116, 118, 120, 122, 124, 126, 128, 130, 132]",84,150,133,27,3,1,"[3, 150, 27, 1]",8.509001731872559,"clip_to_[0,288]x[0,384]_then_scale_to_[-1,1]",ok,,
wlasl:35513,35513,35513,meet,66,test,F:/DMV/Recognizing-sign-language-at-the-word-level/data/datasets/WLASL/pose/rtmw_l/wholebody_133/nslt100/test/35513.npz,F:/DMV/Recognizing-sign-language-at-the-word-level/data/datasets/WLASL/branch_inputs/skeleton/rtmw_l/selected_27/nslt100/test/35513.npz,F:/DMV/Recognizing-sign-language-at-the-word-level/data/datasets/WLASL/branch_inputs/skeleton/rtmw_l/normalized/selected_27/nslt100/test/35513.npz,F:/DMV/Recognizing-sign-language-at-the-word-level/data/datasets/WLASL/branch_inputs/skeleton/rtmw_l/graph_tensors/selected_27/nslt100/test/35513.npz,wholebody_133,selected_27,"[0, 5, 6, 7, 8, 9, 10, 93, 95, 97, 99, 101, 103, 105, 107, 109, 111, 114, 116, 118, 120, 122, 124, 126, 128, 130, 132]",90,150,133,27,3,1,"[3, 150, 27, 1]",8.509001731872559,"clip_to_[0,288]x[0,384]_then_scale_to_[-1,1]",ok,,
wlasl:38525,38525,38525,no,13,test,F:/DMV/Recognizing-sign-language-at-the-word-level/data/datasets/WLASL/pose/rtmw_l/wholebody_133/nslt100/test/38525.npz,F:/DMV/Recognizing-sign-language-at-the-word-level/data/datasets/WLASL/branch_inputs/skeleton/rtmw_l/selected_27/nslt100/test/38525.npz,F:/DMV/Recognizing-sign-language-at-the-word-level/data/datasets/WLASL/branch_inputs/skeleton/rtmw_l/normalized/selected_27/nslt100/test/38525.npz,F:/DMV/Recognizing-sign-language-at-the-word-level/data/datasets/WLASL/branch_inputs/skeleton/rtmw_l/graph_tensors/selected_27/nslt100/test/38525.npz,wholebody_133,selected_27,"[0, 5, 6, 7, 8, 9, 10, 93, 95, 97, 99, 101, 103, 105, 107, 109, 111, 114, 116, 118, 120, 122, 124, 126, 128, 130, 132]",56,150,133,27,3,1,"[3, 150, 27, 1]",8.509001731872559,"clip_to_[0,288]x[0,384]_then_scale_to_[-1,1]",ok,,
wlasl:38991,38991,38991,now,26,test,F:/DMV/Recognizing-sign-language-at-the-word-level/data/datasets/WLASL/pose/rtmw_l/wholebody_133/nslt100/test/38991.npz,F:/DMV/Recognizing-sign-language-at-the-word-level/data/datasets/WLASL/branch_inputs/skeleton/rtmw_l/selected_27/nslt100/test/38991.npz,F:/DMV/Recognizing-sign-language-at-the-word-level/data/datasets/WLASL/branch_inputs/skeleton/rtmw_l/normalized/selected_27/nslt100/test/38991.npz,F:/DMV/Recognizing-sign-language-at-the-word-level/data/datasets/WLASL/branch_inputs/skeleton/rtmw_l/graph_tensors/selected_27/nslt100/test/38991.npz,wholebody_133,selected_27,"[0, 5, 6, 7, 8, 9, 10, 93, 95, 97, 99, 101, 103, 105, 107, 109, 111, 114, 116, 118, 120, 122, 124, 126, 128, 130, 132]",67,150,133,27,3,1,"[3, 150, 27, 1]",8.509001731872559,"clip_to_[0,288]x[0,384]_then_scale_to_[-1,1]",ok,,
wlasl:42960,42960,42960,pizza,68,test,F:/DMV/Recognizing-sign-language-at-the-word-level/data/datasets/WLASL/pose/rtmw_l/wholebody_133/nslt100/test/42960.npz,F:/DMV/Recognizing-sign-language-at-the-word-level/data/datasets/WLASL/branch_inputs/skeleton/rtmw_l/selected_27/nslt100/test/42960.npz,F:/DMV/Recognizing-sign-language-at-the-word-level/data/datasets/WLASL/branch_inputs/skeleton/rtmw_l/normalized/selected_27/nslt100/test/42960.npz,F:/DMV/Recognizing-sign-language-at-the-word-level/data/datasets/WLASL/branch_inputs/skeleton/rtmw_l/graph_tensors/selected_27/nslt100/test/42960.npz,wholebody_133,selected_27,"[0, 5, 6, 7, 8, 9, 10, 93, 95, 97, 99, 101, 103, 105, 107, 109, 111, 114, 116, 118, 120, 122, 124, 126, 128, 130, 132]",29,150,133,27,3,1,"[3, 150, 27, 1]",8.509001731872559,"clip_to_[0,288]x[0,384]_then_scale_to_[-1,1]",ok,,end_frame_clipped_to_video_end
wlasl:43171,43171,43171,play,69,test,F:/DMV/Recognizing-sign-language-at-the-word-level/data/datasets/WLASL/pose/rtmw_l/wholebody_133/nslt100/test/43171.npz,F:/DMV/Recognizing-sign-language-at-the-word-level/data/datasets/WLASL/branch_inputs/skeleton/rtmw_l/selected_27/nslt100/test/43171.npz,F:/DMV/Recognizing-sign-language-at-the-word-level/data/datasets/WLASL/branch_inputs/skeleton/rtmw_l/normalized/selected_27/nslt100/test/43171.npz,F:/DMV/Recognizing-sign-language-at-the-word-level/data/datasets/WLASL/branch_inputs/skeleton/rtmw_l/graph_tensors/selected_27/nslt100/test/43171.npz,wholebody_133,selected_27,"[0, 5, 6, 7, 8, 9, 10, 93, 95, 97, 99, 101, 103, 105, 107, 109, 111, 114, 116, 118, 120, 122, 124, 126, 128, 130, 132]",92,150,133,27,3,1,"[3, 150, 27, 1]",8.509001731872559,"clip_to_[0,288]x[0,384]_then_scale_to_[-1,1]",ok,,
wlasl:48115,48115,48115,right,95,test,F:/DMV/Recognizing-sign-language-at-the-word-level/data/datasets/WLASL/pose/rtmw_l/wholebody_133/nslt100/test/48115.npz,F:/DMV/Recognizing-sign-language-at-the-word-level/data/datasets/WLASL/branch_inputs/skeleton/rtmw_l/selected_27/nslt100/test/48115.npz,F:/DMV/Recognizing-sign-language-at-the-word-level/data/datasets/WLASL/branch_inputs/skeleton/rtmw_l/normalized/selected_27/nslt100/test/48115.npz,F:/DMV/Recognizing-sign-language-at-the-word-level/data/datasets/WLASL/branch_inputs/skeleton/rtmw_l/graph_tensors/selected_27/nslt100/test/48115.npz,wholebody_133,selected_27,"[0, 5, 6, 7, 8, 9, 10, 93, 95, 97, 99, 101, 103, 105, 107, 109, 111, 114, 116, 118, 120, 122, 124, 126, 128, 130, 132]",34,150,133,27,3,1,"[3, 150, 27, 1]",8.509001731872559,"clip_to_[0,288]x[0,384]_then_scale_to_[-1,1]",ok,,
wlasl:48126,48126,48126,right,95,test,F:/DMV/Recognizing-sign-language-at-the-word-level/data/datasets/WLASL/pose/rtmw_l/wholebody_133/nslt100/test/48126.npz,F:/DMV/Recognizing-sign-language-at-the-word-level/data/datasets/WLASL/branch_inputs/skeleton/rtmw_l/selected_27/nslt100/test/48126.npz,F:/DMV/Recognizing-sign-language-at-the-word-level/data/datasets/WLASL/branch_inputs/skeleton/rtmw_l/normalized/selected_27/nslt100/test/48126.npz,F:/DMV/Recognizing-sign-language-at-the-word-level/data/datasets/WLASL/branch_inputs/skeleton/rtmw_l/graph_tensors/selected_27/nslt100/test/48126.npz,wholebody_133,selected_27,"[0, 5, 6, 7, 8, 9, 10, 93, 95, 97, 99, 101, 103, 105, 107, 109, 111, 114, 116, 118, 120, 122, 124, 126, 128, 130, 132]",68,150,133,27,3,1,"[3, 150, 27, 1]",8.509001731872559,"clip_to_[0,288]x[0,384]_then_scale_to_[-1,1]",ok,,
wlasl:49173,49173,49173,same,96,test,F:/DMV/Recognizing-sign-language-at-the-word-level/data/datasets/WLASL/pose/rtmw_l/wholebody_133/nslt100/test/49173.npz,F:/DMV/Recognizing-sign-language-at-the-word-level/data/datasets/WLASL/branch_inputs/skeleton/rtmw_l/selected_27/nslt100/test/49173.npz,F:/DMV/Recognizing-sign-language-at-the-word-level/data/datasets/WLASL/branch_inputs/skeleton/rtmw_l/normalized/selected_27/nslt100/test/49173.npz,F:/DMV/Recognizing-sign-language-at-the-word-level/data/datasets/WLASL/branch_inputs/skeleton/rtmw_l/graph_tensors/selected_27/nslt100/test/49173.npz,wholebody_133,selected_27,"[0, 5, 6, 7, 8, 9, 10, 93, 95, 97, 99, 101, 103, 105, 107, 109, 111, 114, 116, 118, 120, 122, 124, 126, 128, 130, 132]",87,150,133,27,3,1,"[3, 150, 27, 1]",8.509001731872559,"clip_to_[0,288]x[0,384]_then_scale_to_[-1,1]",ok,,
wlasl:50041,50041,50041,secretary,71,test,F:/DMV/Recognizing-sign-language-at-the-word-level/data/datasets/WLASL/pose/rtmw_l/wholebody_133/nslt100/test/50041.npz,F:/DMV/Recognizing-sign-language-at-the-word-level/data/datasets/WLASL/branch_inputs/skeleton/rtmw_l/selected_27/nslt100/test/50041.npz,F:/DMV/Recognizing-sign-language-at-the-word-level/data/datasets/WLASL/branch_inputs/skeleton/rtmw_l/normalized/selected_27/nslt100/test/50041.npz,F:/DMV/Recognizing-sign-language-at-the-word-level/data/datasets/WLASL/branch_inputs/skeleton/rtmw_l/graph_tensors/selected_27/nslt100/test/50041.npz,wholebody_133,selected_27,"[0, 5, 6, 7, 8, 9, 10, 93, 95, 97, 99, 101, 103, 105, 107, 109, 111, 114, 116, 118, 120, 122, 124, 126, 128, 130, 132]",98,150,133,27,3,1,"[3, 150, 27, 1]",8.509001731872559,"clip_to_[0,288]x[0,384]_then_scale_to_[-1,1]",ok,,
wlasl:51066,51066,51066,shirt,46,test,F:/DMV/Recognizing-sign-language-at-the-word-level/data/datasets/WLASL/pose/rtmw_l/wholebody_133/nslt100/test/51066.npz,F:/DMV/Recognizing-sign-language-at-the-word-level/data/datasets/WLASL/branch_inputs/skeleton/rtmw_l/selected_27/nslt100/test/51066.npz,F:/DMV/Recognizing-sign-language-at-the-word-level/data/datasets/WLASL/branch_inputs/skeleton/rtmw_l/normalized/selected_27/nslt100/test/51066.npz,F:/DMV/Recognizing-sign-language-at-the-word-level/data/datasets/WLASL/branch_inputs/skeleton/rtmw_l/graph_tensors/selected_27/nslt100/test/51066.npz,wholebody_133,selected_27,"[0, 5, 6, 7, 8, 9, 10, 93, 95, 97, 99, 101, 103, 105, 107, 109, 111, 114, 116, 118, 120, 122, 124, 126, 128, 130, 132]",87,150,133,27,3,1,"[3, 150, 27, 1]",8.509001731872559,"clip_to_[0,288]x[0,384]_then_scale_to_[-1,1]",ok,,
wlasl:51068,51068,51068,shirt,46,test,F:/DMV/Recognizing-sign-language-at-the-word-level/data/datasets/WLASL/pose/rtmw_l/wholebody_133/nslt100/test/51068.npz,F:/DMV/Recognizing-sign-language-at-the-word-level/data/datasets/WLASL/branch_inputs/skeleton/rtmw_l/selected_27/nslt100/test/51068.npz,F:/DMV/Recognizing-sign-language-at-the-word-level/data/datasets/WLASL/branch_inputs/skeleton/rtmw_l/normalized/selected_27/nslt100/test/51068.npz,F:/DMV/Recognizing-sign-language-at-the-word-level/data/datasets/WLASL/branch_inputs/skeleton/rtmw_l/graph_tensors/selected_27/nslt100/test/51068.npz,wholebody_133,selected_27,"[0, 5, 6, 7, 8, 9, 10, 93, 95, 97, 99, 101, 103, 105, 107, 109, 111, 114, 116, 118, 120, 122, 124, 126, 128, 130, 132]",23,150,133,27,3,1,"[3, 150, 27, 1]",8.509001731872559,"clip_to_[0,288]x[0,384]_then_scale_to_[-1,1]",ok,,
wlasl:51233,51233,51233,short,72,test,F:/DMV/Recognizing-sign-language-at-the-word-level/data/datasets/WLASL/pose/rtmw_l/wholebody_133/nslt100/test/51233.npz,F:/DMV/Recognizing-sign-language-at-the-word-level/data/datasets/WLASL/branch_inputs/skeleton/rtmw_l/selected_27/nslt100/test/51233.npz,F:/DMV/Recognizing-sign-language-at-the-word-level/data/datasets/WLASL/branch_inputs/skeleton/rtmw_l/normalized/selected_27/nslt100/test/51233.npz,F:/DMV/Recognizing-sign-language-at-the-word-level/data/datasets/WLASL/branch_inputs/skeleton/rtmw_l/graph_tensors/selected_27/nslt100/test/51233.npz,wholebody_133,selected_27,"[0, 5, 6, 7, 8, 9, 10, 93, 95, 97, 99, 101, 103, 105, 107, 109, 111, 114, 116, 118, 120, 122, 124, 126, 128, 130, 132]",37,150,133,27,3,1,"[3, 150, 27, 1]",8.509001731872559,"clip_to_[0,288]x[0,384]_then_scale_to_[-1,1]",ok,,
wlasl:55375,55375,55375,study,47,test,F:/DMV/Recognizing-sign-language-at-the-word-level/data/datasets/WLASL/pose/rtmw_l/wholebody_133/nslt100/test/55375.npz,F:/DMV/Recognizing-sign-language-at-the-word-level/data/datasets/WLASL/branch_inputs/skeleton/rtmw_l/selected_27/nslt100/test/55375.npz,F:/DMV/Recognizing-sign-language-at-the-word-level/data/datasets/WLASL/branch_inputs/skeleton/rtmw_l/normalized/selected_27/nslt100/test/55375.npz,F:/DMV/Recognizing-sign-language-at-the-word-level/data/datasets/WLASL/branch_inputs/skeleton/rtmw_l/graph_tensors/selected_27/nslt100/test/55375.npz,wholebody_133,selected_27,"[0, 5, 6, 7, 8, 9, 10, 93, 95, 97, 99, 101, 103, 105, 107, 109, 111, 114, 116, 118, 120, 122, 124, 126, 128, 130, 132]",73,150,133,27,3,1,"[3, 150, 27, 1]",8.509001731872559,"clip_to_[0,288]x[0,384]_then_scale_to_[-1,1]",ok,,
wlasl:56843,56843,56843,tall,48,test,F:/DMV/Recognizing-sign-language-at-the-word-level/data/datasets/WLASL/pose/rtmw_l/wholebody_133/nslt100/test/56843.npz,F:/DMV/Recognizing-sign-language-at-the-word-level/data/datasets/WLASL/branch_inputs/skeleton/rtmw_l/selected_27/nslt100/test/56843.npz,F:/DMV/Recognizing-sign-language-at-the-word-level/data/datasets/WLASL/branch_inputs/skeleton/rtmw_l/normalized/selected_27/nslt100/test/56843.npz,F:/DMV/Recognizing-sign-language-at-the-word-level/data/datasets/WLASL/branch_inputs/skeleton/rtmw_l/graph_tensors/selected_27/nslt100/test/56843.npz,wholebody_133,selected_27,"[0, 5, 6, 7, 8, 9, 10, 93, 95, 97, 99, 101, 103, 105, 107, 109, 111, 114, 116, 118, 120, 122, 124, 126, 128, 130, 132]",77,150,133,27,3,1,"[3, 150, 27, 1]",8.509001731872559,"clip_to_[0,288]x[0,384]_then_scale_to_[-1,1]",ok,,
wlasl:05727,5727,5727,before,3,test,F:/DMV/Recognizing-sign-language-at-the-word-level/data/datasets/WLASL/pose/rtmw_l/wholebody_133/nslt100/test/5727.npz,F:/DMV/Recognizing-sign-language-at-the-word-level/data/datasets/WLASL/branch_inputs/skeleton/rtmw_l/selected_27/nslt100/test/5727.npz,F:/DMV/Recognizing-sign-language-at-the-word-level/data/datasets/WLASL/branch_inputs/skeleton/rtmw_l/normalized/selected_27/nslt100/test/5727.npz,F:/DMV/Recognizing-sign-language-at-the-word-level/data/datasets/WLASL/branch_inputs/skeleton/rtmw_l/graph_tensors/selected_27/nslt100/test/5727.npz,wholebody_133,selected_27,"[0, 5, 6, 7, 8, 9, 10, 93, 95, 97, 99, 101, 103, 105, 107, 109, 111, 114, 116, 118, 120, 122, 124, 126, 128, 130, 132]",74,150,133,27,3,1,"[3, 150, 27, 1]",8.509001731872559,"clip_to_[0,288]x[0,384]_then_scale_to_[-1,1]",ok,,
wlasl:57278,57278,57278,tell,98,test,F:/DMV/Recognizing-sign-language-at-the-word-level/data/datasets/WLASL/pose/rtmw_l/wholebody_133/nslt100/test/57278.npz,F:/DMV/Recognizing-sign-language-at-the-word-level/data/datasets/WLASL/branch_inputs/skeleton/rtmw_l/selected_27/nslt100/test/57278.npz,F:/DMV/Recognizing-sign-language-at-the-word-level/data/datasets/WLASL/branch_inputs/skeleton/rtmw_l/normalized/selected_27/nslt100/test/57278.npz,F:/DMV/Recognizing-sign-language-at-the-word-level/data/datasets/WLASL/branch_inputs/skeleton/rtmw_l/graph_tensors/selected_27/nslt100/test/57278.npz,wholebody_133,selected_27,"[0, 5, 6, 7, 8, 9, 10, 93, 95, 97, 99, 101, 103, 105, 107, 109, 111, 114, 116, 118, 120, 122, 124, 126, 128, 130, 132]",66,150,133,27,3,1,"[3, 150, 27, 1]",8.509001731872559,"clip_to_[0,288]x[0,384]_then_scale_to_[-1,1]",ok,,
wlasl:05739,5739,5739,before,3,test,F:/DMV/Recognizing-sign-language-at-the-word-level/data/datasets/WLASL/pose/rtmw_l/wholebody_133/nslt100/test/5739.npz,F:/DMV/Recognizing-sign-language-at-the-word-level/data/datasets/WLASL/branch_inputs/skeleton/rtmw_l/selected_27/nslt100/test/5739.npz,F:/DMV/Recognizing-sign-language-at-the-word-level/data/datasets/WLASL/branch_inputs/skeleton/rtmw_l/normalized/selected_27/nslt100/test/5739.npz,F:/DMV/Recognizing-sign-language-at-the-word-level/data/datasets/WLASL/branch_inputs/skeleton/rtmw_l/graph_tensors/selected_27/nslt100/test/5739.npz,wholebody_133,selected_27,"[0, 5, 6, 7, 8, 9, 10, 93, 95, 97, 99, 101, 103, 105, 107, 109, 111, 114, 116, 118, 120, 122, 124, 126, 128, 130, 132]",44,150,133,27,3,1,"[3, 150, 27, 1]",8.509001731872559,"clip_to_[0,288]x[0,384]_then_scale_to_[-1,1]",ok,,
wlasl:05741,5741,5741,before,3,test,F:/DMV/Recognizing-sign-language-at-the-word-level/data/datasets/WLASL/pose/rtmw_l/wholebody_133/nslt100/test/5741.npz,F:/DMV/Recognizing-sign-language-at-the-word-level/data/datasets/WLASL/branch_inputs/skeleton/rtmw_l/selected_27/nslt100/test/5741.npz,F:/DMV/Recognizing-sign-language-at-the-word-level/data/datasets/WLASL/branch_inputs/skeleton/rtmw_l/normalized/selected_27/nslt100/test/5741.npz,F:/DMV/Recognizing-sign-language-at-the-word-level/data/datasets/WLASL/branch_inputs/skeleton/rtmw_l/graph_tensors/selected_27/nslt100/test/5741.npz,wholebody_133,selected_27,"[0, 5, 6, 7, 8, 9, 10, 93, 95, 97, 99, 101, 103, 105, 107, 109, 111, 114, 116, 118, 120, 122, 124, 126, 128, 130, 132]",28,150,133,27,3,1,"[3, 150, 27, 1]",8.509001731872559,"clip_to_[0,288]x[0,384]_then_scale_to_[-1,1]",ok,,
wlasl:57640,57640,57640,thanksgiving,29,test,F:/DMV/Recognizing-sign-language-at-the-word-level/data/datasets/WLASL/pose/rtmw_l/wholebody_133/nslt100/test/57640.npz,F:/DMV/Recognizing-sign-language-at-the-word-level/data/datasets/WLASL/branch_inputs/skeleton/rtmw_l/selected_27/nslt100/test/57640.npz,F:/DMV/Recognizing-sign-language-at-the-word-level/data/datasets/WLASL/branch_inputs/skeleton/rtmw_l/normalized/selected_27/nslt100/test/57640.npz,F:/DMV/Recognizing-sign-language-at-the-word-level/data/datasets/WLASL/branch_inputs/skeleton/rtmw_l/graph_tensors/selected_27/nslt100/test/57640.npz,wholebody_133,selected_27,"[0, 5, 6, 7, 8, 9, 10, 93, 95, 97, 99, 101, 103, 105, 107, 109, 111, 114, 116, 118, 120, 122, 124, 126, 128, 130, 132]",42,150,133,27,3,1,"[3, 150, 27, 1]",8.509001731872559,"clip_to_[0,288]x[0,384]_then_scale_to_[-1,1]",ok,,
wlasl:57941,57941,57941,thin,14,test,F:/DMV/Recognizing-sign-language-at-the-word-level/data/datasets/WLASL/pose/rtmw_l/wholebody_133/nslt100/test/57941.npz,F:/DMV/Recognizing-sign-language-at-the-word-level/data/datasets/WLASL/branch_inputs/skeleton/rtmw_l/selected_27/nslt100/test/57941.npz,F:/DMV/Recognizing-sign-language-at-the-word-level/data/datasets/WLASL/branch_inputs/skeleton/rtmw_l/normalized/selected_27/nslt100/test/57941.npz,F:/DMV/Recognizing-sign-language-at-the-word-level/data/datasets/WLASL/branch_inputs/skeleton/rtmw_l/graph_tensors/selected_27/nslt100/test/57941.npz,wholebody_133,selected_27,"[0, 5, 6, 7, 8, 9, 10, 93, 95, 97, 99, 101, 103, 105, 107, 109, 111, 114, 116, 118, 120, 122, 124, 126, 128, 130, 132]",29,150,133,27,3,1,"[3, 150, 27, 1]",8.509001731872559,"clip_to_[0,288]x[0,384]_then_scale_to_[-1,1]",ok,,end_frame_clipped_to_video_end
wlasl:57943,57943,57943,thin,14,test,F:/DMV/Recognizing-sign-language-at-the-word-level/data/datasets/WLASL/pose/rtmw_l/wholebody_133/nslt100/test/57943.npz,F:/DMV/Recognizing-sign-language-at-the-word-level/data/datasets/WLASL/branch_inputs/skeleton/rtmw_l/selected_27/nslt100/test/57943.npz,F:/DMV/Recognizing-sign-language-at-the-word-level/data/datasets/WLASL/branch_inputs/skeleton/rtmw_l/normalized/selected_27/nslt100/test/57943.npz,F:/DMV/Recognizing-sign-language-at-the-word-level/data/datasets/WLASL/branch_inputs/skeleton/rtmw_l/graph_tensors/selected_27/nslt100/test/57943.npz,wholebody_133,selected_27,"[0, 5, 6, 7, 8, 9, 10, 93, 95, 97, 99, 101, 103, 105, 107, 109, 111, 114, 116, 118, 120, 122, 124, 126, 128, 130, 132]",101,150,133,27,3,1,"[3, 150, 27, 1]",8.509001731872559,"clip_to_[0,288]x[0,384]_then_scale_to_[-1,1]",ok,,
wlasl:58502,58502,58502,time,73,test,F:/DMV/Recognizing-sign-language-at-the-word-level/data/datasets/WLASL/pose/rtmw_l/wholebody_133/nslt100/test/58502.npz,F:/DMV/Recognizing-sign-language-at-the-word-level/data/datasets/WLASL/branch_inputs/skeleton/rtmw_l/selected_27/nslt100/test/58502.npz,F:/DMV/Recognizing-sign-language-at-the-word-level/data/datasets/WLASL/branch_inputs/skeleton/rtmw_l/normalized/selected_27/nslt100/test/58502.npz,F:/DMV/Recognizing-sign-language-at-the-word-level/data/datasets/WLASL/branch_inputs/skeleton/rtmw_l/graph_tensors/selected_27/nslt100/test/58502.npz,wholebody_133,selected_27,"[0, 5, 6, 7, 8, 9, 10, 93, 95, 97, 99, 101, 103, 105, 107, 109, 111, 114, 116, 118, 120, 122, 124, 126, 128, 130, 132]",52,150,133,27,3,1,"[3, 150, 27, 1]",8.509001731872559,"clip_to_[0,288]x[0,384]_then_scale_to_[-1,1]",ok,,
wlasl:62160,62160,62160,walk,15,test,F:/DMV/Recognizing-sign-language-at-the-word-level/data/datasets/WLASL/pose/rtmw_l/wholebody_133/nslt100/test/62160.npz,F:/DMV/Recognizing-sign-language-at-the-word-level/data/datasets/WLASL/branch_inputs/skeleton/rtmw_l/selected_27/nslt100/test/62160.npz,F:/DMV/Recognizing-sign-language-at-the-word-level/data/datasets/WLASL/branch_inputs/skeleton/rtmw_l/normalized/selected_27/nslt100/test/62160.npz,F:/DMV/Recognizing-sign-language-at-the-word-level/data/datasets/WLASL/branch_inputs/skeleton/rtmw_l/graph_tensors/selected_27/nslt100/test/62160.npz,wholebody_133,selected_27,"[0, 5, 6, 7, 8, 9, 10, 93, 95, 97, 99, 101, 103, 105, 107, 109, 111, 114, 116, 118, 120, 122, 124, 126, 128, 130, 132]",26,150,133,27,3,1,"[3, 150, 27, 1]",8.509001731872559,"clip_to_[0,288]x[0,384]_then_scale_to_[-1,1]",ok,,
wlasl:62247,62247,62247,want,74,test,F:/DMV/Recognizing-sign-language-at-the-word-level/data/datasets/WLASL/pose/rtmw_l/wholebody_133/nslt100/test/62247.npz,F:/DMV/Recognizing-sign-language-at-the-word-level/data/datasets/WLASL/branch_inputs/skeleton/rtmw_l/selected_27/nslt100/test/62247.npz,F:/DMV/Recognizing-sign-language-at-the-word-level/data/datasets/WLASL/branch_inputs/skeleton/rtmw_l/normalized/selected_27/nslt100/test/62247.npz,F:/DMV/Recognizing-sign-language-at-the-word-level/data/datasets/WLASL/branch_inputs/skeleton/rtmw_l/graph_tensors/selected_27/nslt100/test/62247.npz,wholebody_133,selected_27,"[0, 5, 6, 7, 8, 9, 10, 93, 95, 97, 99, 101, 103, 105, 107, 109, 111, 114, 116, 118, 120, 122, 124, 126, 128, 130, 132]",32,150,133,27,3,1,"[3, 150, 27, 1]",8.509001731872559,"clip_to_[0,288]x[0,384]_then_scale_to_[-1,1]",ok,,
wlasl:00625,625,625,accident,51,test,F:/DMV/Recognizing-sign-language-at-the-word-level/data/datasets/WLASL/pose/rtmw_l/wholebody_133/nslt100/test/625.npz,F:/DMV/Recognizing-sign-language-at-the-word-level/data/datasets/WLASL/branch_inputs/skeleton/rtmw_l/selected_27/nslt100/test/625.npz,F:/DMV/Recognizing-sign-language-at-the-word-level/data/datasets/WLASL/branch_inputs/skeleton/rtmw_l/normalized/selected_27/nslt100/test/625.npz,F:/DMV/Recognizing-sign-language-at-the-word-level/data/datasets/WLASL/branch_inputs/skeleton/rtmw_l/graph_tensors/selected_27/nslt100/test/625.npz,wholebody_133,selected_27,"[0, 5, 6, 7, 8, 9, 10, 93, 95, 97, 99, 101, 103, 105, 107, 109, 111, 114, 116, 118, 120, 122, 124, 126, 128, 130, 132]",33,150,133,27,3,1,"[3, 150, 27, 1]",8.509001731872559,"clip_to_[0,288]x[0,384]_then_scale_to_[-1,1]",ok,,end_frame_clipped_to_video_end
wlasl:62967,62967,62967,what,30,test,F:/DMV/Recognizing-sign-language-at-the-word-level/data/datasets/WLASL/pose/rtmw_l/wholebody_133/nslt100/test/62967.npz,F:/DMV/Recognizing-sign-language-at-the-word-level/data/datasets/WLASL/branch_inputs/skeleton/rtmw_l/selected_27/nslt100/test/62967.npz,F:/DMV/Recognizing-sign-language-at-the-word-level/data/datasets/WLASL/branch_inputs/skeleton/rtmw_l/normalized/selected_27/nslt100/test/62967.npz,F:/DMV/Recognizing-sign-language-at-the-word-level/data/datasets/WLASL/branch_inputs/skeleton/rtmw_l/graph_tensors/selected_27/nslt100/test/62967.npz,wholebody_133,selected_27,"[0, 5, 6, 7, 8, 9, 10, 93, 95, 97, 99, 101, 103, 105, 107, 109, 111, 114, 116, 118, 120, 122, 124, 126, 128, 130, 132]",23,150,133,27,3,1,"[3, 150, 27, 1]",8.509001731872559,"clip_to_[0,288]x[0,384]_then_scale_to_[-1,1]",ok,,
wlasl:62975,62975,62975,what,30,test,F:/DMV/Recognizing-sign-language-at-the-word-level/data/datasets/WLASL/pose/rtmw_l/wholebody_133/nslt100/test/62975.npz,F:/DMV/Recognizing-sign-language-at-the-word-level/data/datasets/WLASL/branch_inputs/skeleton/rtmw_l/selected_27/nslt100/test/62975.npz,F:/DMV/Recognizing-sign-language-at-the-word-level/data/datasets/WLASL/branch_inputs/skeleton/rtmw_l/normalized/selected_27/nslt100/test/62975.npz,F:/DMV/Recognizing-sign-language-at-the-word-level/data/datasets/WLASL/branch_inputs/skeleton/rtmw_l/graph_tensors/selected_27/nslt100/test/62975.npz,wholebody_133,selected_27,"[0, 5, 6, 7, 8, 9, 10, 93, 95, 97, 99, 101, 103, 105, 107, 109, 111, 114, 116, 118, 120, 122, 124, 126, 128, 130, 132]",45,150,133,27,3,1,"[3, 150, 27, 1]",8.509001731872559,"clip_to_[0,288]x[0,384]_then_scale_to_[-1,1]",ok,,
wlasl:62987,62987,62987,what,30,test,F:/DMV/Recognizing-sign-language-at-the-word-level/data/datasets/WLASL/pose/rtmw_l/wholebody_133/nslt100/test/62987.npz,F:/DMV/Recognizing-sign-language-at-the-word-level/data/datasets/WLASL/branch_inputs/skeleton/rtmw_l/selected_27/nslt100/test/62987.npz,F:/DMV/Recognizing-sign-language-at-the-word-level/data/datasets/WLASL/branch_inputs/skeleton/rtmw_l/normalized/selected_27/nslt100/test/62987.npz,F:/DMV/Recognizing-sign-language-at-the-word-level/data/datasets/WLASL/branch_inputs/skeleton/rtmw_l/graph_tensors/selected_27/nslt100/test/62987.npz,wholebody_133,selected_27,"[0, 5, 6, 7, 8, 9, 10, 93, 95, 97, 99, 101, 103, 105, 107, 109, 111, 114, 116, 118, 120, 122, 124, 126, 128, 130, 132]",83,150,133,27,3,1,"[3, 150, 27, 1]",8.509001731872559,"clip_to_[0,288]x[0,384]_then_scale_to_[-1,1]",ok,,
wlasl:63201,63201,63201,white,49,test,F:/DMV/Recognizing-sign-language-at-the-word-level/data/datasets/WLASL/pose/rtmw_l/wholebody_133/nslt100/test/63201.npz,F:/DMV/Recognizing-sign-language-at-the-word-level/data/datasets/WLASL/branch_inputs/skeleton/rtmw_l/selected_27/nslt100/test/63201.npz,F:/DMV/Recognizing-sign-language-at-the-word-level/data/datasets/WLASL/branch_inputs/skeleton/rtmw_l/normalized/selected_27/nslt100/test/63201.npz,F:/DMV/Recognizing-sign-language-at-the-word-level/data/datasets/WLASL/branch_inputs/skeleton/rtmw_l/graph_tensors/selected_27/nslt100/test/63201.npz,wholebody_133,selected_27,"[0, 5, 6, 7, 8, 9, 10, 93, 95, 97, 99, 101, 103, 105, 107, 109, 111, 114, 116, 118, 120, 122, 124, 126, 128, 130, 132]",72,150,133,27,3,1,"[3, 150, 27, 1]",8.509001731872559,"clip_to_[0,288]x[0,384]_then_scale_to_[-1,1]",ok,,
wlasl:63226,63226,63226,who,7,test,F:/DMV/Recognizing-sign-language-at-the-word-level/data/datasets/WLASL/pose/rtmw_l/wholebody_133/nslt100/test/63226.npz,F:/DMV/Recognizing-sign-language-at-the-word-level/data/datasets/WLASL/branch_inputs/skeleton/rtmw_l/selected_27/nslt100/test/63226.npz,F:/DMV/Recognizing-sign-language-at-the-word-level/data/datasets/WLASL/branch_inputs/skeleton/rtmw_l/normalized/selected_27/nslt100/test/63226.npz,F:/DMV/Recognizing-sign-language-at-the-word-level/data/datasets/WLASL/branch_inputs/skeleton/rtmw_l/graph_tensors/selected_27/nslt100/test/63226.npz,wholebody_133,selected_27,"[0, 5, 6, 7, 8, 9, 10, 93, 95, 97, 99, 101, 103, 105, 107, 109, 111, 114, 116, 118, 120, 122, 124, 126, 128, 130, 132]",58,150,133,27,3,1,"[3, 150, 27, 1]",8.509001731872559,"clip_to_[0,288]x[0,384]_then_scale_to_[-1,1]",ok,,
wlasl:06335,6335,6335,bird,53,test,F:/DMV/Recognizing-sign-language-at-the-word-level/data/datasets/WLASL/pose/rtmw_l/wholebody_133/nslt100/test/6335.npz,F:/DMV/Recognizing-sign-language-at-the-word-level/data/datasets/WLASL/branch_inputs/skeleton/rtmw_l/selected_27/nslt100/test/6335.npz,F:/DMV/Recognizing-sign-language-at-the-word-level/data/datasets/WLASL/branch_inputs/skeleton/rtmw_l/normalized/selected_27/nslt100/test/6335.npz,F:/DMV/Recognizing-sign-language-at-the-word-level/data/datasets/WLASL/branch_inputs/skeleton/rtmw_l/graph_tensors/selected_27/nslt100/test/6335.npz,wholebody_133,selected_27,"[0, 5, 6, 7, 8, 9, 10, 93, 95, 97, 99, 101, 103, 105, 107, 109, 111, 114, 116, 118, 120, 122, 124, 126, 128, 130, 132]",94,150,133,27,3,1,"[3, 150, 27, 1]",8.509001731872559,"clip_to_[0,288]x[0,384]_then_scale_to_[-1,1]",ok,,
wlasl:00634,634,634,accident,51,test,F:/DMV/Recognizing-sign-language-at-the-word-level/data/datasets/WLASL/pose/rtmw_l/wholebody_133/nslt100/test/634.npz,F:/DMV/Recognizing-sign-language-at-the-word-level/data/datasets/WLASL/branch_inputs/skeleton/rtmw_l/selected_27/nslt100/test/634.npz,F:/DMV/Recognizing-sign-language-at-the-word-level/data/datasets/WLASL/branch_inputs/skeleton/rtmw_l/normalized/selected_27/nslt100/test/634.npz,F:/DMV/Recognizing-sign-language-at-the-word-level/data/datasets/WLASL/branch_inputs/skeleton/rtmw_l/graph_tensors/selected_27/nslt100/test/634.npz,wholebody_133,selected_27,"[0, 5, 6, 7, 8, 9, 10, 93, 95, 97, 99, 101, 103, 105, 107, 109, 111, 114, 116, 118, 120, 122, 124, 126, 128, 130, 132]",35,150,133,27,3,1,"[3, 150, 27, 1]",8.509001731872559,"clip_to_[0,288]x[0,384]_then_scale_to_[-1,1]",ok,,
wlasl:06360,6360,6360,birthday,78,test,F:/DMV/Recognizing-sign-language-at-the-word-level/data/datasets/WLASL/pose/rtmw_l/wholebody_133/nslt100/test/6360.npz,F:/DMV/Recognizing-sign-language-at-the-word-level/data/datasets/WLASL/branch_inputs/skeleton/rtmw_l/selected_27/nslt100/test/6360.npz,F:/DMV/Recognizing-sign-language-at-the-word-level/data/datasets/WLASL/branch_inputs/skeleton/rtmw_l/normalized/selected_27/nslt100/test/6360.npz,F:/DMV/Recognizing-sign-language-at-the-word-level/data/datasets/WLASL/branch_inputs/skeleton/rtmw_l/graph_tensors/selected_27/nslt100/test/6360.npz,wholebody_133,selected_27,"[0, 5, 6, 7, 8, 9, 10, 93, 95, 97, 99, 101, 103, 105, 107, 109, 111, 114, 116, 118, 120, 122, 124, 126, 128, 130, 132]",76,150,133,27,3,1,"[3, 150, 27, 1]",8.509001731872559,"clip_to_[0,288]x[0,384]_then_scale_to_[-1,1]",ok,,
wlasl:63664,63664,63664,woman,31,test,F:/DMV/Recognizing-sign-language-at-the-word-level/data/datasets/WLASL/pose/rtmw_l/wholebody_133/nslt100/test/63664.npz,F:/DMV/Recognizing-sign-language-at-the-word-level/data/datasets/WLASL/branch_inputs/skeleton/rtmw_l/selected_27/nslt100/test/63664.npz,F:/DMV/Recognizing-sign-language-at-the-word-level/data/datasets/WLASL/branch_inputs/skeleton/rtmw_l/normalized/selected_27/nslt100/test/63664.npz,F:/DMV/Recognizing-sign-language-at-the-word-level/data/datasets/WLASL/branch_inputs/skeleton/rtmw_l/graph_tensors/selected_27/nslt100/test/63664.npz,wholebody_133,selected_27,"[0, 5, 6, 7, 8, 9, 10, 93, 95, 97, 99, 101, 103, 105, 107, 109, 111, 114, 116, 118, 120, 122, 124, 126, 128, 130, 132]",103,150,133,27,3,1,"[3, 150, 27, 1]",8.509001731872559,"clip_to_[0,288]x[0,384]_then_scale_to_[-1,1]",ok,,
wlasl:63789,63789,63789,work,75,test,F:/DMV/Recognizing-sign-language-at-the-word-level/data/datasets/WLASL/pose/rtmw_l/wholebody_133/nslt100/test/63789.npz,F:/DMV/Recognizing-sign-language-at-the-word-level/data/datasets/WLASL/branch_inputs/skeleton/rtmw_l/selected_27/nslt100/test/63789.npz,F:/DMV/Recognizing-sign-language-at-the-word-level/data/datasets/WLASL/branch_inputs/skeleton/rtmw_l/normalized/selected_27/nslt100/test/63789.npz,F:/DMV/Recognizing-sign-language-at-the-word-level/data/datasets/WLASL/branch_inputs/skeleton/rtmw_l/graph_tensors/selected_27/nslt100/test/63789.npz,wholebody_133,selected_27,"[0, 5, 6, 7, 8, 9, 10, 93, 95, 97, 99, 101, 103, 105, 107, 109, 111, 114, 116, 118, 120, 122, 124, 126, 128, 130, 132]",63,150,133,27,3,1,"[3, 150, 27, 1]",8.509001731872559,"clip_to_[0,288]x[0,384]_then_scale_to_[-1,1]",ok,,end_frame_clipped_to_video_end
wlasl:64097,64097,64097,wrong,50,test,F:/DMV/Recognizing-sign-language-at-the-word-level/data/datasets/WLASL/pose/rtmw_l/wholebody_133/nslt100/test/64097.npz,F:/DMV/Recognizing-sign-language-at-the-word-level/data/datasets/WLASL/branch_inputs/skeleton/rtmw_l/selected_27/nslt100/test/64097.npz,F:/DMV/Recognizing-sign-language-at-the-word-level/data/datasets/WLASL/branch_inputs/skeleton/rtmw_l/normalized/selected_27/nslt100/test/64097.npz,F:/DMV/Recognizing-sign-language-at-the-word-level/data/datasets/WLASL/branch_inputs/skeleton/rtmw_l/graph_tensors/selected_27/nslt100/test/64097.npz,wholebody_133,selected_27,"[0, 5, 6, 7, 8, 9, 10, 93, 95, 97, 99, 101, 103, 105, 107, 109, 111, 114, 116, 118, 120, 122, 124, 126, 128, 130, 132]",68,150,133,27,3,1,"[3, 150, 27, 1]",8.509001731872559,"clip_to_[0,288]x[0,384]_then_scale_to_[-1,1]",ok,,
wlasl:64209,64209,64209,year,16,test,F:/DMV/Recognizing-sign-language-at-the-word-level/data/datasets/WLASL/pose/rtmw_l/wholebody_133/nslt100/test/64209.npz,F:/DMV/Recognizing-sign-language-at-the-word-level/data/datasets/WLASL/branch_inputs/skeleton/rtmw_l/selected_27/nslt100/test/64209.npz,F:/DMV/Recognizing-sign-language-at-the-word-level/data/datasets/WLASL/branch_inputs/skeleton/rtmw_l/normalized/selected_27/nslt100/test/64209.npz,F:/DMV/Recognizing-sign-language-at-the-word-level/data/datasets/WLASL/branch_inputs/skeleton/rtmw_l/graph_tensors/selected_27/nslt100/test/64209.npz,wholebody_133,selected_27,"[0, 5, 6, 7, 8, 9, 10, 93, 95, 97, 99, 101, 103, 105, 107, 109, 111, 114, 116, 118, 120, 122, 124, 126, 128, 130, 132]",60,150,133,27,3,1,"[3, 150, 27, 1]",8.509001731872559,"clip_to_[0,288]x[0,384]_then_scale_to_[-1,1]",ok,,
wlasl:64210,64210,64210,year,16,test,F:/DMV/Recognizing-sign-language-at-the-word-level/data/datasets/WLASL/pose/rtmw_l/wholebody_133/nslt100/test/64210.npz,F:/DMV/Recognizing-sign-language-at-the-word-level/data/datasets/WLASL/branch_inputs/skeleton/rtmw_l/selected_27/nslt100/test/64210.npz,F:/DMV/Recognizing-sign-language-at-the-word-level/data/datasets/WLASL/branch_inputs/skeleton/rtmw_l/normalized/selected_27/nslt100/test/64210.npz,F:/DMV/Recognizing-sign-language-at-the-word-level/data/datasets/WLASL/branch_inputs/skeleton/rtmw_l/graph_tensors/selected_27/nslt100/test/64210.npz,wholebody_133,selected_27,"[0, 5, 6, 7, 8, 9, 10, 93, 95, 97, 99, 101, 103, 105, 107, 109, 111, 114, 116, 118, 120, 122, 124, 126, 128, 130, 132]",68,150,133,27,3,1,"[3, 150, 27, 1]",8.509001731872559,"clip_to_[0,288]x[0,384]_then_scale_to_[-1,1]",ok,,
wlasl:64293,64293,64293,yes,17,test,F:/DMV/Recognizing-sign-language-at-the-word-level/data/datasets/WLASL/pose/rtmw_l/wholebody_133/nslt100/test/64293.npz,F:/DMV/Recognizing-sign-language-at-the-word-level/data/datasets/WLASL/branch_inputs/skeleton/rtmw_l/selected_27/nslt100/test/64293.npz,F:/DMV/Recognizing-sign-language-at-the-word-level/data/datasets/WLASL/branch_inputs/skeleton/rtmw_l/normalized/selected_27/nslt100/test/64293.npz,F:/DMV/Recognizing-sign-language-at-the-word-level/data/datasets/WLASL/branch_inputs/skeleton/rtmw_l/graph_tensors/selected_27/nslt100/test/64293.npz,wholebody_133,selected_27,"[0, 5, 6, 7, 8, 9, 10, 93, 95, 97, 99, 101, 103, 105, 107, 109, 111, 114, 116, 118, 120, 122, 124, 126, 128, 130, 132]",46,150,133,27,3,1,"[3, 150, 27, 1]",8.509001731872559,"clip_to_[0,288]x[0,384]_then_scale_to_[-1,1]",ok,,
wlasl:65300,65300,65300,candy,8,test,F:/DMV/Recognizing-sign-language-at-the-word-level/data/datasets/WLASL/pose/rtmw_l/wholebody_133/nslt100/test/65300.npz,F:/DMV/Recognizing-sign-language-at-the-word-level/data/datasets/WLASL/branch_inputs/skeleton/rtmw_l/selected_27/nslt100/test/65300.npz,F:/DMV/Recognizing-sign-language-at-the-word-level/data/datasets/WLASL/branch_inputs/skeleton/rtmw_l/normalized/selected_27/nslt100/test/65300.npz,F:/DMV/Recognizing-sign-language-at-the-word-level/data/datasets/WLASL/branch_inputs/skeleton/rtmw_l/graph_tensors/selected_27/nslt100/test/65300.npz,wholebody_133,selected_27,"[0, 5, 6, 7, 8, 9, 10, 93, 95, 97, 99, 101, 103, 105, 107, 109, 111, 114, 116, 118, 120, 122, 124, 126, 128, 130, 132]",63,150,133,27,3,1,"[3, 150, 27, 1]",8.509001731872559,"clip_to_[0,288]x[0,384]_then_scale_to_[-1,1]",ok,,end_frame_clipped_to_video_end
wlasl:65415,65415,65415,cousin,9,test,F:/DMV/Recognizing-sign-language-at-the-word-level/data/datasets/WLASL/pose/rtmw_l/wholebody_133/nslt100/test/65415.npz,F:/DMV/Recognizing-sign-language-at-the-word-level/data/datasets/WLASL/branch_inputs/skeleton/rtmw_l/selected_27/nslt100/test/65415.npz,F:/DMV/Recognizing-sign-language-at-the-word-level/data/datasets/WLASL/branch_inputs/skeleton/rtmw_l/normalized/selected_27/nslt100/test/65415.npz,F:/DMV/Recognizing-sign-language-at-the-word-level/data/datasets/WLASL/branch_inputs/skeleton/rtmw_l/graph_tensors/selected_27/nslt100/test/65415.npz,wholebody_133,selected_27,"[0, 5, 6, 7, 8, 9, 10, 93, 95, 97, 99, 101, 103, 105, 107, 109, 111, 114, 116, 118, 120, 122, 124, 126, 128, 130, 132]",69,150,133,27,3,1,"[3, 150, 27, 1]",8.509001731872559,"clip_to_[0,288]x[0,384]_then_scale_to_[-1,1]",ok,,end_frame_clipped_to_video_end
wlasl:65506,65506,65506,dog,36,test,F:/DMV/Recognizing-sign-language-at-the-word-level/data/datasets/WLASL/pose/rtmw_l/wholebody_133/nslt100/test/65506.npz,F:/DMV/Recognizing-sign-language-at-the-word-level/data/datasets/WLASL/branch_inputs/skeleton/rtmw_l/selected_27/nslt100/test/65506.npz,F:/DMV/Recognizing-sign-language-at-the-word-level/data/datasets/WLASL/branch_inputs/skeleton/rtmw_l/normalized/selected_27/nslt100/test/65506.npz,F:/DMV/Recognizing-sign-language-at-the-word-level/data/datasets/WLASL/branch_inputs/skeleton/rtmw_l/graph_tensors/selected_27/nslt100/test/65506.npz,wholebody_133,selected_27,"[0, 5, 6, 7, 8, 9, 10, 93, 95, 97, 99, 101, 103, 105, 107, 109, 111, 114, 116, 118, 120, 122, 124, 126, 128, 130, 132]",74,150,133,27,3,1,"[3, 150, 27, 1]",8.509001731872559,"clip_to_[0,288]x[0,384]_then_scale_to_[-1,1]",ok,,end_frame_clipped_to_video_end
wlasl:65761,65761,65761,forget,63,test,F:/DMV/Recognizing-sign-language-at-the-word-level/data/datasets/WLASL/pose/rtmw_l/wholebody_133/nslt100/test/65761.npz,F:/DMV/Recognizing-sign-language-at-the-word-level/data/datasets/WLASL/branch_inputs/skeleton/rtmw_l/selected_27/nslt100/test/65761.npz,F:/DMV/Recognizing-sign-language-at-the-word-level/data/datasets/WLASL/branch_inputs/skeleton/rtmw_l/normalized/selected_27/nslt100/test/65761.npz,F:/DMV/Recognizing-sign-language-at-the-word-level/data/datasets/WLASL/branch_inputs/skeleton/rtmw_l/graph_tensors/selected_27/nslt100/test/65761.npz,wholebody_133,selected_27,"[0, 5, 6, 7, 8, 9, 10, 93, 95, 97, 99, 101, 103, 105, 107, 109, 111, 114, 116, 118, 120, 122, 124, 126, 128, 130, 132]",41,150,133,27,3,1,"[3, 150, 27, 1]",8.509001731872559,"clip_to_[0,288]x[0,384]_then_scale_to_[-1,1]",ok,,end_frame_clipped_to_video_end
wlasl:65884,65884,65884,hearing,41,test,F:/DMV/Recognizing-sign-language-at-the-word-level/data/datasets/WLASL/pose/rtmw_l/wholebody_133/nslt100/test/65884.npz,F:/DMV/Recognizing-sign-language-at-the-word-level/data/datasets/WLASL/branch_inputs/skeleton/rtmw_l/selected_27/nslt100/test/65884.npz,F:/DMV/Recognizing-sign-language-at-the-word-level/data/datasets/WLASL/branch_inputs/skeleton/rtmw_l/normalized/selected_27/nslt100/test/65884.npz,F:/DMV/Recognizing-sign-language-at-the-word-level/data/datasets/WLASL/branch_inputs/skeleton/rtmw_l/graph_tensors/selected_27/nslt100/test/65884.npz,wholebody_133,selected_27,"[0, 5, 6, 7, 8, 9, 10, 93, 95, 97, 99, 101, 103, 105, 107, 109, 111, 114, 116, 118, 120, 122, 124, 126, 128, 130, 132]",72,150,133,27,3,1,"[3, 150, 27, 1]",8.509001731872559,"clip_to_[0,288]x[0,384]_then_scale_to_[-1,1]",ok,,end_frame_clipped_to_video_end
wlasl:66111,66111,66111,medicine,89,test,F:/DMV/Recognizing-sign-language-at-the-word-level/data/datasets/WLASL/pose/rtmw_l/wholebody_133/nslt100/test/66111.npz,F:/DMV/Recognizing-sign-language-at-the-word-level/data/datasets/WLASL/branch_inputs/skeleton/rtmw_l/selected_27/nslt100/test/66111.npz,F:/DMV/Recognizing-sign-language-at-the-word-level/data/datasets/WLASL/branch_inputs/skeleton/rtmw_l/normalized/selected_27/nslt100/test/66111.npz,F:/DMV/Recognizing-sign-language-at-the-word-level/data/datasets/WLASL/branch_inputs/skeleton/rtmw_l/graph_tensors/selected_27/nslt100/test/66111.npz,wholebody_133,selected_27,"[0, 5, 6, 7, 8, 9, 10, 93, 95, 97, 99, 101, 103, 105, 107, 109, 111, 114, 116, 118, 120, 122, 124, 126, 128, 130, 132]",71,150,133,27,3,1,"[3, 150, 27, 1]",8.509001731872559,"clip_to_[0,288]x[0,384]_then_scale_to_[-1,1]",ok,,end_frame_clipped_to_video_end
wlasl:06845,6845,6845,blue,33,test,F:/DMV/Recognizing-sign-language-at-the-word-level/data/datasets/WLASL/pose/rtmw_l/wholebody_133/nslt100/test/6845.npz,F:/DMV/Recognizing-sign-language-at-the-word-level/data/datasets/WLASL/branch_inputs/skeleton/rtmw_l/selected_27/nslt100/test/6845.npz,F:/DMV/Recognizing-sign-language-at-the-word-level/data/datasets/WLASL/branch_inputs/skeleton/rtmw_l/normalized/selected_27/nslt100/test/6845.npz,F:/DMV/Recognizing-sign-language-at-the-word-level/data/datasets/WLASL/branch_inputs/skeleton/rtmw_l/graph_tensors/selected_27/nslt100/test/6845.npz,wholebody_133,selected_27,"[0, 5, 6, 7, 8, 9, 10, 93, 95, 97, 99, 101, 103, 105, 107, 109, 111, 114, 116, 118, 120, 122, 124, 126, 128, 130, 132]",73,150,133,27,3,1,"[3, 150, 27, 1]",8.509001731872559,"clip_to_[0,288]x[0,384]_then_scale_to_[-1,1]",ok,,
wlasl:69225,69225,69225,basketball,77,test,F:/DMV/Recognizing-sign-language-at-the-word-level/data/datasets/WLASL/pose/rtmw_l/wholebody_133/nslt100/test/69225.npz,F:/DMV/Recognizing-sign-language-at-the-word-level/data/datasets/WLASL/branch_inputs/skeleton/rtmw_l/selected_27/nslt100/test/69225.npz,F:/DMV/Recognizing-sign-language-at-the-word-level/data/datasets/WLASL/branch_inputs/skeleton/rtmw_l/normalized/selected_27/nslt100/test/69225.npz,F:/DMV/Recognizing-sign-language-at-the-word-level/data/datasets/WLASL/branch_inputs/skeleton/rtmw_l/graph_tensors/selected_27/nslt100/test/69225.npz,wholebody_133,selected_27,"[0, 5, 6, 7, 8, 9, 10, 93, 95, 97, 99, 101, 103, 105, 107, 109, 111, 114, 116, 118, 120, 122, 124, 126, 128, 130, 132]",79,150,133,27,3,1,"[3, 150, 27, 1]",8.509001731872559,"clip_to_[0,288]x[0,384]_then_scale_to_[-1,1]",ok,,
wlasl:69252,69252,69252,brown,79,test,F:/DMV/Recognizing-sign-language-at-the-word-level/data/datasets/WLASL/pose/rtmw_l/wholebody_133/nslt100/test/69252.npz,F:/DMV/Recognizing-sign-language-at-the-word-level/data/datasets/WLASL/branch_inputs/skeleton/rtmw_l/selected_27/nslt100/test/69252.npz,F:/DMV/Recognizing-sign-language-at-the-word-level/data/datasets/WLASL/branch_inputs/skeleton/rtmw_l/normalized/selected_27/nslt100/test/69252.npz,F:/DMV/Recognizing-sign-language-at-the-word-level/data/datasets/WLASL/branch_inputs/skeleton/rtmw_l/graph_tensors/selected_27/nslt100/test/69252.npz,wholebody_133,selected_27,"[0, 5, 6, 7, 8, 9, 10, 93, 95, 97, 99, 101, 103, 105, 107, 109, 111, 114, 116, 118, 120, 122, 124, 126, 128, 130, 132]",62,150,133,27,3,1,"[3, 150, 27, 1]",8.509001731872559,"clip_to_[0,288]x[0,384]_then_scale_to_[-1,1]",ok,,
wlasl:69257,69257,69257,can,35,test,F:/DMV/Recognizing-sign-language-at-the-word-level/data/datasets/WLASL/pose/rtmw_l/wholebody_133/nslt100/test/69257.npz,F:/DMV/Recognizing-sign-language-at-the-word-level/data/datasets/WLASL/branch_inputs/skeleton/rtmw_l/selected_27/nslt100/test/69257.npz,F:/DMV/Recognizing-sign-language-at-the-word-level/data/datasets/WLASL/branch_inputs/skeleton/rtmw_l/normalized/selected_27/nslt100/test/69257.npz,F:/DMV/Recognizing-sign-language-at-the-word-level/data/datasets/WLASL/branch_inputs/skeleton/rtmw_l/graph_tensors/selected_27/nslt100/test/69257.npz,wholebody_133,selected_27,"[0, 5, 6, 7, 8, 9, 10, 93, 95, 97, 99, 101, 103, 105, 107, 109, 111, 114, 116, 118, 120, 122, 124, 126, 128, 130, 132]",48,150,133,27,3,1,"[3, 150, 27, 1]",8.509001731872559,"clip_to_[0,288]x[0,384]_then_scale_to_[-1,1]",ok,,
wlasl:69269,69269,69269,city,82,test,F:/DMV/Recognizing-sign-language-at-the-word-level/data/datasets/WLASL/pose/rtmw_l/wholebody_133/nslt100/test/69269.npz,F:/DMV/Recognizing-sign-language-at-the-word-level/data/datasets/WLASL/branch_inputs/skeleton/rtmw_l/selected_27/nslt100/test/69269.npz,F:/DMV/Recognizing-sign-language-at-the-word-level/data/datasets/WLASL/branch_inputs/skeleton/rtmw_l/normalized/selected_27/nslt100/test/69269.npz,F:/DMV/Recognizing-sign-language-at-the-word-level/data/datasets/WLASL/branch_inputs/skeleton/rtmw_l/graph_tensors/selected_27/nslt100/test/69269.npz,wholebody_133,selected_27,"[0, 5, 6, 7, 8, 9, 10, 93, 95, 97, 99, 101, 103, 105, 107, 109, 111, 114, 116, 118, 120, 122, 124, 126, 128, 130, 132]",78,150,133,27,3,1,"[3, 150, 27, 1]",8.509001731872559,"clip_to_[0,288]x[0,384]_then_scale_to_[-1,1]",ok,,
wlasl:69370,69370,69370,how,86,test,F:/DMV/Recognizing-sign-language-at-the-word-level/data/datasets/WLASL/pose/rtmw_l/wholebody_133/nslt100/test/69370.npz,F:/DMV/Recognizing-sign-language-at-the-word-level/data/datasets/WLASL/branch_inputs/skeleton/rtmw_l/selected_27/nslt100/test/69370.npz,F:/DMV/Recognizing-sign-language-at-the-word-level/data/datasets/WLASL/branch_inputs/skeleton/rtmw_l/normalized/selected_27/nslt100/test/69370.npz,F:/DMV/Recognizing-sign-language-at-the-word-level/data/datasets/WLASL/branch_inputs/skeleton/rtmw_l/graph_tensors/selected_27/nslt100/test/69370.npz,wholebody_133,selected_27,"[0, 5, 6, 7, 8, 9, 10, 93, 95, 97, 99, 101, 103, 105, 107, 109, 111, 114, 116, 118, 120, 122, 124, 126, 128, 130, 132]",77,150,133,27,3,1,"[3, 150, 27, 1]",8.509001731872559,"clip_to_[0,288]x[0,384]_then_scale_to_[-1,1]",ok,,
wlasl:69389,69389,69389,like,23,test,F:/DMV/Recognizing-sign-language-at-the-word-level/data/datasets/WLASL/pose/rtmw_l/wholebody_133/nslt100/test/69389.npz,F:/DMV/Recognizing-sign-language-at-the-word-level/data/datasets/WLASL/branch_inputs/skeleton/rtmw_l/selected_27/nslt100/test/69389.npz,F:/DMV/Recognizing-sign-language-at-the-word-level/data/datasets/WLASL/branch_inputs/skeleton/rtmw_l/normalized/selected_27/nslt100/test/69389.npz,F:/DMV/Recognizing-sign-language-at-the-word-level/data/datasets/WLASL/branch_inputs/skeleton/rtmw_l/graph_tensors/selected_27/nslt100/test/69389.npz,wholebody_133,selected_27,"[0, 5, 6, 7, 8, 9, 10, 93, 95, 97, 99, 101, 103, 105, 107, 109, 111, 114, 116, 118, 120, 122, 124, 126, 128, 130, 132]",51,150,133,27,3,1,"[3, 150, 27, 1]",8.509001731872559,"clip_to_[0,288]x[0,384]_then_scale_to_[-1,1]",ok,,
wlasl:69431,69431,69431,pizza,68,test,F:/DMV/Recognizing-sign-language-at-the-word-level/data/datasets/WLASL/pose/rtmw_l/wholebody_133/nslt100/test/69431.npz,F:/DMV/Recognizing-sign-language-at-the-word-level/data/datasets/WLASL/branch_inputs/skeleton/rtmw_l/selected_27/nslt100/test/69431.npz,F:/DMV/Recognizing-sign-language-at-the-word-level/data/datasets/WLASL/branch_inputs/skeleton/rtmw_l/normalized/selected_27/nslt100/test/69431.npz,F:/DMV/Recognizing-sign-language-at-the-word-level/data/datasets/WLASL/branch_inputs/skeleton/rtmw_l/graph_tensors/selected_27/nslt100/test/69431.npz,wholebody_133,selected_27,"[0, 5, 6, 7, 8, 9, 10, 93, 95, 97, 99, 101, 103, 105, 107, 109, 111, 114, 116, 118, 120, 122, 124, 126, 128, 130, 132]",64,150,133,27,3,1,"[3, 150, 27, 1]",8.509001731872559,"clip_to_[0,288]x[0,384]_then_scale_to_[-1,1]",ok,,
wlasl:69433,69433,69433,play,69,test,F:/DMV/Recognizing-sign-language-at-the-word-level/data/datasets/WLASL/pose/rtmw_l/wholebody_133/nslt100/test/69433.npz,F:/DMV/Recognizing-sign-language-at-the-word-level/data/datasets/WLASL/branch_inputs/skeleton/rtmw_l/selected_27/nslt100/test/69433.npz,F:/DMV/Recognizing-sign-language-at-the-word-level/data/datasets/WLASL/branch_inputs/skeleton/rtmw_l/normalized/selected_27/nslt100/test/69433.npz,F:/DMV/Recognizing-sign-language-at-the-word-level/data/datasets/WLASL/branch_inputs/skeleton/rtmw_l/graph_tensors/selected_27/nslt100/test/69433.npz,wholebody_133,selected_27,"[0, 5, 6, 7, 8, 9, 10, 93, 95, 97, 99, 101, 103, 105, 107, 109, 111, 114, 116, 118, 120, 122, 124, 126, 128, 130, 132]",63,150,133,27,3,1,"[3, 150, 27, 1]",8.509001731872559,"clip_to_[0,288]x[0,384]_then_scale_to_[-1,1]",ok,,
wlasl:69439,69439,69439,pull,93,test,F:/DMV/Recognizing-sign-language-at-the-word-level/data/datasets/WLASL/pose/rtmw_l/wholebody_133/nslt100/test/69439.npz,F:/DMV/Recognizing-sign-language-at-the-word-level/data/datasets/WLASL/branch_inputs/skeleton/rtmw_l/selected_27/nslt100/test/69439.npz,F:/DMV/Recognizing-sign-language-at-the-word-level/data/datasets/WLASL/branch_inputs/skeleton/rtmw_l/normalized/selected_27/nslt100/test/69439.npz,F:/DMV/Recognizing-sign-language-at-the-word-level/data/datasets/WLASL/branch_inputs/skeleton/rtmw_l/graph_tensors/selected_27/nslt100/test/69439.npz,wholebody_133,selected_27,"[0, 5, 6, 7, 8, 9, 10, 93, 95, 97, 99, 101, 103, 105, 107, 109, 111, 114, 116, 118, 120, 122, 124, 126, 128, 130, 132]",101,150,133,27,3,1,"[3, 150, 27, 1]",8.509001731872559,"clip_to_[0,288]x[0,384]_then_scale_to_[-1,1]",ok,,
wlasl:69440,69440,69440,purple,94,test,F:/DMV/Recognizing-sign-language-at-the-word-level/data/datasets/WLASL/pose/rtmw_l/wholebody_133/nslt100/test/69440.npz,F:/DMV/Recognizing-sign-language-at-the-word-level/data/datasets/WLASL/branch_inputs/skeleton/rtmw_l/selected_27/nslt100/test/69440.npz,F:/DMV/Recognizing-sign-language-at-the-word-level/data/datasets/WLASL/branch_inputs/skeleton/rtmw_l/normalized/selected_27/nslt100/test/69440.npz,F:/DMV/Recognizing-sign-language-at-the-word-level/data/datasets/WLASL/branch_inputs/skeleton/rtmw_l/graph_tensors/selected_27/nslt100/test/69440.npz,wholebody_133,selected_27,"[0, 5, 6, 7, 8, 9, 10, 93, 95, 97, 99, 101, 103, 105, 107, 109, 111, 114, 116, 118, 120, 122, 124, 126, 128, 130, 132]",52,150,133,27,3,1,"[3, 150, 27, 1]",8.509001731872559,"clip_to_[0,288]x[0,384]_then_scale_to_[-1,1]",ok,,
wlasl:07400,7400,7400,bowling,34,test,F:/DMV/Recognizing-sign-language-at-the-word-level/data/datasets/WLASL/pose/rtmw_l/wholebody_133/nslt100/test/7400.npz,F:/DMV/Recognizing-sign-language-at-the-word-level/data/datasets/WLASL/branch_inputs/skeleton/rtmw_l/selected_27/nslt100/test/7400.npz,F:/DMV/Recognizing-sign-language-at-the-word-level/data/datasets/WLASL/branch_inputs/skeleton/rtmw_l/normalized/selected_27/nslt100/test/7400.npz,F:/DMV/Recognizing-sign-language-at-the-word-level/data/datasets/WLASL/branch_inputs/skeleton/rtmw_l/graph_tensors/selected_27/nslt100/test/7400.npz,wholebody_133,selected_27,"[0, 5, 6, 7, 8, 9, 10, 93, 95, 97, 99, 101, 103, 105, 107, 109, 111, 114, 116, 118, 120, 122, 124, 126, 128, 130, 132]",32,150,133,27,3,1,"[3, 150, 27, 1]",8.509001731872559,"clip_to_[0,288]x[0,384]_then_scale_to_[-1,1]",ok,,
wlasl:08425,8425,8425,but,80,test,F:/DMV/Recognizing-sign-language-at-the-word-level/data/datasets/WLASL/pose/rtmw_l/wholebody_133/nslt100/test/8425.npz,F:/DMV/Recognizing-sign-language-at-the-word-level/data/datasets/WLASL/branch_inputs/skeleton/rtmw_l/selected_27/nslt100/test/8425.npz,F:/DMV/Recognizing-sign-language-at-the-word-level/data/datasets/WLASL/branch_inputs/skeleton/rtmw_l/normalized/selected_27/nslt100/test/8425.npz,F:/DMV/Recognizing-sign-language-at-the-word-level/data/datasets/WLASL/branch_inputs/skeleton/rtmw_l/graph_tensors/selected_27/nslt100/test/8425.npz,wholebody_133,selected_27,"[0, 5, 6, 7, 8, 9, 10, 93, 95, 97, 99, 101, 103, 105, 107, 109, 111, 114, 116, 118, 120, 122, 124, 126, 128, 130, 132]",22,150,133,27,3,1,"[3, 150, 27, 1]",8.509001731872559,"clip_to_[0,288]x[0,384]_then_scale_to_[-1,1]",ok,,end_frame_clipped_to_video_end
wlasl:08429,8429,8429,but,80,test,F:/DMV/Recognizing-sign-language-at-the-word-level/data/datasets/WLASL/pose/rtmw_l/wholebody_133/nslt100/test/8429.npz,F:/DMV/Recognizing-sign-language-at-the-word-level/data/datasets/WLASL/branch_inputs/skeleton/rtmw_l/selected_27/nslt100/test/8429.npz,F:/DMV/Recognizing-sign-language-at-the-word-level/data/datasets/WLASL/branch_inputs/skeleton/rtmw_l/normalized/selected_27/nslt100/test/8429.npz,F:/DMV/Recognizing-sign-language-at-the-word-level/data/datasets/WLASL/branch_inputs/skeleton/rtmw_l/graph_tensors/selected_27/nslt100/test/8429.npz,wholebody_133,selected_27,"[0, 5, 6, 7, 8, 9, 10, 93, 95, 97, 99, 101, 103, 105, 107, 109, 111, 114, 116, 118, 120, 122, 124, 126, 128, 130, 132]",36,150,133,27,3,1,"[3, 150, 27, 1]",8.509001731872559,"clip_to_[0,288]x[0,384]_then_scale_to_[-1,1]",ok,,
wlasl:08915,8915,8915,candy,8,test,F:/DMV/Recognizing-sign-language-at-the-word-level/data/datasets/WLASL/pose/rtmw_l/wholebody_133/nslt100/test/8915.npz,F:/DMV/Recognizing-sign-language-at-the-word-level/data/datasets/WLASL/branch_inputs/skeleton/rtmw_l/selected_27/nslt100/test/8915.npz,F:/DMV/Recognizing-sign-language-at-the-word-level/data/datasets/WLASL/branch_inputs/skeleton/rtmw_l/normalized/selected_27/nslt100/test/8915.npz,F:/DMV/Recognizing-sign-language-at-the-word-level/data/datasets/WLASL/branch_inputs/skeleton/rtmw_l/graph_tensors/selected_27/nslt100/test/8915.npz,wholebody_133,selected_27,"[0, 5, 6, 7, 8, 9, 10, 93, 95, 97, 99, 101, 103, 105, 107, 109, 111, 114, 116, 118, 120, 122, 124, 126, 128, 130, 132]",80,150,133,27,3,1,"[3, 150, 27, 1]",8.509001731872559,"clip_to_[0,288]x[0,384]_then_scale_to_[-1,1]",ok,,
wlasl:08925,8925,8925,candy,8,test,F:/DMV/Recognizing-sign-language-at-the-word-level/data/datasets/WLASL/pose/rtmw_l/wholebody_133/nslt100/test/8925.npz,F:/DMV/Recognizing-sign-language-at-the-word-level/data/datasets/WLASL/branch_inputs/skeleton/rtmw_l/selected_27/nslt100/test/8925.npz,F:/DMV/Recognizing-sign-language-at-the-word-level/data/datasets/WLASL/branch_inputs/skeleton/rtmw_l/normalized/selected_27/nslt100/test/8925.npz,F:/DMV/Recognizing-sign-language-at-the-word-level/data/datasets/WLASL/branch_inputs/skeleton/rtmw_l/graph_tensors/selected_27/nslt100/test/8925.npz,wholebody_133,selected_27,"[0, 5, 6, 7, 8, 9, 10, 93, 95, 97, 99, 101, 103, 105, 107, 109, 111, 114, 116, 118, 120, 122, 124, 126, 128, 130, 132]",36,150,133,27,3,1,"[3, 150, 27, 1]",8.509001731872559,"clip_to_[0,288]x[0,384]_then_scale_to_[-1,1]",ok,,
wlasl:09950,9950,9950,change,54,test,F:/DMV/Recognizing-sign-language-at-the-word-level/data/datasets/WLASL/pose/rtmw_l/wholebody_133/nslt100/test/9950.npz,F:/DMV/Recognizing-sign-language-at-the-word-level/data/datasets/WLASL/branch_inputs/skeleton/rtmw_l/selected_27/nslt100/test/9950.npz,F:/DMV/Recognizing-sign-language-at-the-word-level/data/datasets/WLASL/branch_inputs/skeleton/rtmw_l/normalized/selected_27/nslt100/test/9950.npz,F:/DMV/Recognizing-sign-language-at-the-word-level/data/datasets/WLASL/branch_inputs/skeleton/rtmw_l/graph_tensors/selected_27/nslt100/test/9950.npz,wholebody_133,selected_27,"[0, 5, 6, 7, 8, 9, 10, 93, 95, 97, 99, 101, 103, 105, 107, 109, 111, 114, 116, 118, 120, 122, 124, 126, 128, 130, 132]",68,150,133,27,3,1,"[3, 150, 27, 1]",8.509001731872559,"clip_to_[0,288]x[0,384]_then_scale_to_[-1,1]",ok,,end_frame_clipped_to_video_end
wlasl:10147,10147,10147,cheat,81,train,F:/DMV/Recognizing-sign-language-at-the-word-level/data/datasets/WLASL/pose/rtmw_l/wholebody_133/nslt100/train/10147.npz,F:/DMV/Recognizing-sign-language-at-the-word-level/data/datasets/WLASL/branch_inputs/skeleton/rtmw_l/selected_27/nslt100/train/10147.npz,F:/DMV/Recognizing-sign-language-at-the-word-level/data/datasets/WLASL/branch_inputs/skeleton/rtmw_l/normalized/selected_27/nslt100/train/10147.npz,F:/DMV/Recognizing-sign-language-at-the-word-level/data/datasets/WLASL/branch_inputs/skeleton/rtmw_l/graph_tensors/selected_27/nslt100/train/10147.npz,wholebody_133,selected_27,"[0, 5, 6, 7, 8, 9, 10, 93, 95, 97, 99, 101, 103, 105, 107, 109, 111, 114, 116, 118, 120, 122, 124, 126, 128, 130, 132]",71,150,133,27,3,1,"[3, 150, 27, 1]",8.509001731872559,"clip_to_[0,288]x[0,384]_then_scale_to_[-1,1]",ok,,end_frame_clipped_to_video_end
wlasl:10148,10148,10148,cheat,81,train,F:/DMV/Recognizing-sign-language-at-the-word-level/data/datasets/WLASL/pose/rtmw_l/wholebody_133/nslt100/train/10148.npz,F:/DMV/Recognizing-sign-language-at-the-word-level/data/datasets/WLASL/branch_inputs/skeleton/rtmw_l/selected_27/nslt100/train/10148.npz,F:/DMV/Recognizing-sign-language-at-the-word-level/data/datasets/WLASL/branch_inputs/skeleton/rtmw_l/normalized/selected_27/nslt100/train/10148.npz,F:/DMV/Recognizing-sign-language-at-the-word-level/data/datasets/WLASL/branch_inputs/skeleton/rtmw_l/graph_tensors/selected_27/nslt100/train/10148.npz,wholebody_133,selected_27,"[0, 5, 6, 7, 8, 9, 10, 93, 95, 97, 99, 101, 103, 105, 107, 109, 111, 114, 116, 118, 120, 122, 124, 126, 128, 130, 132]",32,150,133,27,3,1,"[3, 150, 27, 1]",8.509001731872559,"clip_to_[0,288]x[0,384]_then_scale_to_[-1,1]",ok,,end_frame_clipped_to_video_end
wlasl:10149,10149,10149,cheat,81,train,F:/DMV/Recognizing-sign-language-at-the-word-level/data/datasets/WLASL/pose/rtmw_l/wholebody_133/nslt100/train/10149.npz,F:/DMV/Recognizing-sign-language-at-the-word-level/data/datasets/WLASL/branch_inputs/skeleton/rtmw_l/selected_27/nslt100/train/10149.npz,F:/DMV/Recognizing-sign-language-at-the-word-level/data/datasets/WLASL/branch_inputs/skeleton/rtmw_l/normalized/selected_27/nslt100/train/10149.npz,F:/DMV/Recognizing-sign-language-at-the-word-level/data/datasets/WLASL/branch_inputs/skeleton/rtmw_l/graph_tensors/selected_27/nslt100/train/10149.npz,wholebody_133,selected_27,"[0, 5, 6, 7, 8, 9, 10, 93, 95, 97, 99, 101, 103, 105, 107, 109, 111, 114, 116, 118, 120, 122, 124, 126, 128, 130, 132]",40,150,133,27,3,1,"[3, 150, 27, 1]",8.509001731872559,"clip_to_[0,288]x[0,384]_then_scale_to_[-1,1]",ok,,end_frame_clipped_to_video_end
wlasl:10157,10157,10157,cheat,81,train,F:/DMV/Recognizing-sign-language-at-the-word-level/data/datasets/WLASL/pose/rtmw_l/wholebody_133/nslt100/train/10157.npz,F:/DMV/Recognizing-sign-language-at-the-word-level/data/datasets/WLASL/branch_inputs/skeleton/rtmw_l/selected_27/nslt100/train/10157.npz,F:/DMV/Recognizing-sign-language-at-the-word-level/data/datasets/WLASL/branch_inputs/skeleton/rtmw_l/normalized/selected_27/nslt100/train/10157.npz,F:/DMV/Recognizing-sign-language-at-the-word-level/data/datasets/WLASL/branch_inputs/skeleton/rtmw_l/graph_tensors/selected_27/nslt100/train/10157.npz,wholebody_133,selected_27,"[0, 5, 6, 7, 8, 9, 10, 93, 95, 97, 99, 101, 103, 105, 107, 109, 111, 114, 116, 118, 120, 122, 124, 126, 128, 130, 132]",46,150,133,27,3,1,"[3, 150, 27, 1]",8.509001731872559,"clip_to_[0,288]x[0,384]_then_scale_to_[-1,1]",ok,,
wlasl:10158,10158,10158,cheat,81,train,F:/DMV/Recognizing-sign-language-at-the-word-level/data/datasets/WLASL/pose/rtmw_l/wholebody_133/nslt100/train/10158.npz,F:/DMV/Recognizing-sign-language-at-the-word-level/data/datasets/WLASL/branch_inputs/skeleton/rtmw_l/selected_27/nslt100/train/10158.npz,F:/DMV/Recognizing-sign-language-at-the-word-level/data/datasets/WLASL/branch_inputs/skeleton/rtmw_l/normalized/selected_27/nslt100/train/10158.npz,F:/DMV/Recognizing-sign-language-at-the-word-level/data/datasets/WLASL/branch_inputs/skeleton/rtmw_l/graph_tensors/selected_27/nslt100/train/10158.npz,wholebody_133,selected_27,"[0, 5, 6, 7, 8, 9, 10, 93, 95, 97, 99, 101, 103, 105, 107, 109, 111, 114, 116, 118, 120, 122, 124, 126, 128, 130, 132]",36,150,133,27,3,1,"[3, 150, 27, 1]",8.509001731872559,"clip_to_[0,288]x[0,384]_then_scale_to_[-1,1]",ok,,
wlasl:10166,10166,10166,cheat,81,train,F:/DMV/Recognizing-sign-language-at-the-word-level/data/datasets/WLASL/pose/rtmw_l/wholebody_133/nslt100/train/10166.npz,F:/DMV/Recognizing-sign-language-at-the-word-level/data/datasets/WLASL/branch_inputs/skeleton/rtmw_l/selected_27/nslt100/train/10166.npz,F:/DMV/Recognizing-sign-language-at-the-word-level/data/datasets/WLASL/branch_inputs/skeleton/rtmw_l/normalized/selected_27/nslt100/train/10166.npz,F:/DMV/Recognizing-sign-language-at-the-word-level/data/datasets/WLASL/branch_inputs/skeleton/rtmw_l/graph_tensors/selected_27/nslt100/train/10166.npz,wholebody_133,selected_27,"[0, 5, 6, 7, 8, 9, 10, 93, 95, 97, 99, 101, 103, 105, 107, 109, 111, 114, 116, 118, 120, 122, 124, 126, 128, 130, 132]",80,150,133,27,3,1,"[3, 150, 27, 1]",8.509001731872559,"clip_to_[0,288]x[0,384]_then_scale_to_[-1,1]",ok,,
wlasl:10892,10892,10892,city,82,train,F:/DMV/Recognizing-sign-language-at-the-word-level/data/datasets/WLASL/pose/rtmw_l/wholebody_133/nslt100/train/10892.npz,F:/DMV/Recognizing-sign-language-at-the-word-level/data/datasets/WLASL/branch_inputs/skeleton/rtmw_l/selected_27/nslt100/train/10892.npz,F:/DMV/Recognizing-sign-language-at-the-word-level/data/datasets/WLASL/branch_inputs/skeleton/rtmw_l/normalized/selected_27/nslt100/train/10892.npz,F:/DMV/Recognizing-sign-language-at-the-word-level/data/datasets/WLASL/branch_inputs/skeleton/rtmw_l/graph_tensors/selected_27/nslt100/train/10892.npz,wholebody_133,selected_27,"[0, 5, 6, 7, 8, 9, 10, 93, 95, 97, 99, 101, 103, 105, 107, 109, 111, 114, 116, 118, 120, 122, 124, 126, 128, 130, 132]",194,150,133,27,3,1,"[3, 150, 27, 1]",8.509001731872559,"clip_to_[0,288]x[0,384]_then_scale_to_[-1,1]",ok,,end_frame_clipped_to_video_end
wlasl:10893,10893,10893,city,82,train,F:/DMV/Recognizing-sign-language-at-the-word-level/data/datasets/WLASL/pose/rtmw_l/wholebody_133/nslt100/train/10893.npz,F:/DMV/Recognizing-sign-language-at-the-word-level/data/datasets/WLASL/branch_inputs/skeleton/rtmw_l/selected_27/nslt100/train/10893.npz,F:/DMV/Recognizing-sign-language-at-the-word-level/data/datasets/WLASL/branch_inputs/skeleton/rtmw_l/normalized/selected_27/nslt100/train/10893.npz,F:/DMV/Recognizing-sign-language-at-the-word-level/data/datasets/WLASL/branch_inputs/skeleton/rtmw_l/graph_tensors/selected_27/nslt100/train/10893.npz,wholebody_133,selected_27,"[0, 5, 6, 7, 8, 9, 10, 93, 95, 97, 99, 101, 103, 105, 107, 109, 111, 114, 116, 118, 120, 122, 124, 126, 128, 130, 132]",50,150,133,27,3,1,"[3, 150, 27, 1]",8.509001731872559,"clip_to_[0,288]x[0,384]_then_scale_to_[-1,1]",ok,,
wlasl:10894,10894,10894,city,82,train,F:/DMV/Recognizing-sign-language-at-the-word-level/data/datasets/WLASL/pose/rtmw_l/wholebody_133/nslt100/train/10894.npz,F:/DMV/Recognizing-sign-language-at-the-word-level/data/datasets/WLASL/branch_inputs/skeleton/rtmw_l/selected_27/nslt100/train/10894.npz,F:/DMV/Recognizing-sign-language-at-the-word-level/data/datasets/WLASL/branch_inputs/skeleton/rtmw_l/normalized/selected_27/nslt100/train/10894.npz,F:/DMV/Recognizing-sign-language-at-the-word-level/data/datasets/WLASL/branch_inputs/skeleton/rtmw_l/graph_tensors/selected_27/nslt100/train/10894.npz,wholebody_133,selected_27,"[0, 5, 6, 7, 8, 9, 10, 93, 95, 97, 99, 101, 103, 105, 107, 109, 111, 114, 116, 118, 120, 122, 124, 126, 128, 130, 132]",36,150,133,27,3,1,"[3, 150, 27, 1]",8.509001731872559,"clip_to_[0,288]x[0,384]_then_scale_to_[-1,1]",ok,,end_frame_clipped_to_video_end
wlasl:10895,10895,10895,city,82,train,F:/DMV/Recognizing-sign-language-at-the-word-level/data/datasets/WLASL/pose/rtmw_l/wholebody_133/nslt100/train/10895.npz,F:/DMV/Recognizing-sign-language-at-the-word-level/data/datasets/WLASL/branch_inputs/skeleton/rtmw_l/selected_27/nslt100/train/10895.npz,F:/DMV/Recognizing-sign-language-at-the-word-level/data/datasets/WLASL/branch_inputs/skeleton/rtmw_l/normalized/selected_27/nslt100/train/10895.npz,F:/DMV/Recognizing-sign-language-at-the-word-level/data/datasets/WLASL/branch_inputs/skeleton/rtmw_l/graph_tensors/selected_27/nslt100/train/10895.npz,wholebody_133,selected_27,"[0, 5, 6, 7, 8, 9, 10, 93, 95, 97, 99, 101, 103, 105, 107, 109, 111, 114, 116, 118, 120, 122, 124, 126, 128, 130, 132]",108,150,133,27,3,1,"[3, 150, 27, 1]",8.509001731872559,"clip_to_[0,288]x[0,384]_then_scale_to_[-1,1]",ok,,
wlasl:11309,11309,11309,clothes,6,train,F:/DMV/Recognizing-sign-language-at-the-word-level/data/datasets/WLASL/pose/rtmw_l/wholebody_133/nslt100/train/11309.npz,F:/DMV/Recognizing-sign-language-at-the-word-level/data/datasets/WLASL/branch_inputs/skeleton/rtmw_l/selected_27/nslt100/train/11309.npz,F:/DMV/Recognizing-sign-language-at-the-word-level/data/datasets/WLASL/branch_inputs/skeleton/rtmw_l/normalized/selected_27/nslt100/train/11309.npz,F:/DMV/Recognizing-sign-language-at-the-word-level/data/datasets/WLASL/branch_inputs/skeleton/rtmw_l/graph_tensors/selected_27/nslt100/train/11309.npz,wholebody_133,selected_27,"[0, 5, 6, 7, 8, 9, 10, 93, 95, 97, 99, 101, 103, 105, 107, 109, 111, 114, 116, 118, 120, 122, 124, 126, 128, 130, 132]",58,150,133,27,3,1,"[3, 150, 27, 1]",8.509001731872559,"clip_to_[0,288]x[0,384]_then_scale_to_[-1,1]",ok,,
wlasl:11310,11310,11310,clothes,6,train,F:/DMV/Recognizing-sign-language-at-the-word-level/data/datasets/WLASL/pose/rtmw_l/wholebody_133/nslt100/train/11310.npz,F:/DMV/Recognizing-sign-language-at-the-word-level/data/datasets/WLASL/branch_inputs/skeleton/rtmw_l/selected_27/nslt100/train/11310.npz,F:/DMV/Recognizing-sign-language-at-the-word-level/data/datasets/WLASL/branch_inputs/skeleton/rtmw_l/normalized/selected_27/nslt100/train/11310.npz,F:/DMV/Recognizing-sign-language-at-the-word-level/data/datasets/WLASL/branch_inputs/skeleton/rtmw_l/graph_tensors/selected_27/nslt100/train/11310.npz,wholebody_133,selected_27,"[0, 5, 6, 7, 8, 9, 10, 93, 95, 97, 99, 101, 103, 105, 107, 109, 111, 114, 116, 118, 120, 122, 124, 126, 128, 130, 132]",76,150,133,27,3,1,"[3, 150, 27, 1]",8.509001731872559,"clip_to_[0,288]x[0,384]_then_scale_to_[-1,1]",ok,,
wlasl:11313,11313,11313,clothes,6,train,F:/DMV/Recognizing-sign-language-at-the-word-level/data/datasets/WLASL/pose/rtmw_l/wholebody_133/nslt100/train/11313.npz,F:/DMV/Recognizing-sign-language-at-the-word-level/data/datasets/WLASL/branch_inputs/skeleton/rtmw_l/selected_27/nslt100/train/11313.npz,F:/DMV/Recognizing-sign-language-at-the-word-level/data/datasets/WLASL/branch_inputs/skeleton/rtmw_l/normalized/selected_27/nslt100/train/11313.npz,F:/DMV/Recognizing-sign-language-at-the-word-level/data/datasets/WLASL/branch_inputs/skeleton/rtmw_l/graph_tensors/selected_27/nslt100/train/11313.npz,wholebody_133,selected_27,"[0, 5, 6, 7, 8, 9, 10, 93, 95, 97, 99, 101, 103, 105, 107, 109, 111, 114, 116, 118, 120, 122, 124, 126, 128, 130, 132]",31,150,133,27,3,1,"[3, 150, 27, 1]",8.509001731872559,"clip_to_[0,288]x[0,384]_then_scale_to_[-1,1]",ok,,
wlasl:11330,11330,11330,clothes,6,train,F:/DMV/Recognizing-sign-language-at-the-word-level/data/datasets/WLASL/pose/rtmw_l/wholebody_133/nslt100/train/11330.npz,F:/DMV/Recognizing-sign-language-at-the-word-level/data/datasets/WLASL/branch_inputs/skeleton/rtmw_l/selected_27/nslt100/train/11330.npz,F:/DMV/Recognizing-sign-language-at-the-word-level/data/datasets/WLASL/branch_inputs/skeleton/rtmw_l/normalized/selected_27/nslt100/train/11330.npz,F:/DMV/Recognizing-sign-language-at-the-word-level/data/datasets/WLASL/branch_inputs/skeleton/rtmw_l/graph_tensors/selected_27/nslt100/train/11330.npz,wholebody_133,selected_27,"[0, 5, 6, 7, 8, 9, 10, 93, 95, 97, 99, 101, 103, 105, 107, 109, 111, 114, 116, 118, 120, 122, 124, 126, 128, 130, 132]",71,150,133,27,3,1,"[3, 150, 27, 1]",8.509001731872559,"clip_to_[0,288]x[0,384]_then_scale_to_[-1,1]",ok,,
wlasl:11767,11767,11767,color,55,train,F:/DMV/Recognizing-sign-language-at-the-word-level/data/datasets/WLASL/pose/rtmw_l/wholebody_133/nslt100/train/11767.npz,F:/DMV/Recognizing-sign-language-at-the-word-level/data/datasets/WLASL/branch_inputs/skeleton/rtmw_l/selected_27/nslt100/train/11767.npz,F:/DMV/Recognizing-sign-language-at-the-word-level/data/datasets/WLASL/branch_inputs/skeleton/rtmw_l/normalized/selected_27/nslt100/train/11767.npz,F:/DMV/Recognizing-sign-language-at-the-word-level/data/datasets/WLASL/branch_inputs/skeleton/rtmw_l/graph_tensors/selected_27/nslt100/train/11767.npz,wholebody_133,selected_27,"[0, 5, 6, 7, 8, 9, 10, 93, 95, 97, 99, 101, 103, 105, 107, 109, 111, 114, 116, 118, 120, 122, 124, 126, 128, 130, 132]",63,150,133,27,3,1,"[3, 150, 27, 1]",8.509001731872559,"clip_to_[0,288]x[0,384]_then_scale_to_[-1,1]",ok,,
wlasl:11768,11768,11768,color,55,train,F:/DMV/Recognizing-sign-language-at-the-word-level/data/datasets/WLASL/pose/rtmw_l/wholebody_133/nslt100/train/11768.npz,F:/DMV/Recognizing-sign-language-at-the-word-level/data/datasets/WLASL/branch_inputs/skeleton/rtmw_l/selected_27/nslt100/train/11768.npz,F:/DMV/Recognizing-sign-language-at-the-word-level/data/datasets/WLASL/branch_inputs/skeleton/rtmw_l/normalized/selected_27/nslt100/train/11768.npz,F:/DMV/Recognizing-sign-language-at-the-word-level/data/datasets/WLASL/branch_inputs/skeleton/rtmw_l/graph_tensors/selected_27/nslt100/train/11768.npz,wholebody_133,selected_27,"[0, 5, 6, 7, 8, 9, 10, 93, 95, 97, 99, 101, 103, 105, 107, 109, 111, 114, 116, 118, 120, 122, 124, 126, 128, 130, 132]",58,150,133,27,3,1,"[3, 150, 27, 1]",8.509001731872559,"clip_to_[0,288]x[0,384]_then_scale_to_[-1,1]",ok,,
wlasl:11769,11769,11769,color,55,train,F:/DMV/Recognizing-sign-language-at-the-word-level/data/datasets/WLASL/pose/rtmw_l/wholebody_133/nslt100/train/11769.npz,F:/DMV/Recognizing-sign-language-at-the-word-level/data/datasets/WLASL/branch_inputs/skeleton/rtmw_l/selected_27/nslt100/train/11769.npz,F:/DMV/Recognizing-sign-language-at-the-word-level/data/datasets/WLASL/branch_inputs/skeleton/rtmw_l/normalized/selected_27/nslt100/train/11769.npz,F:/DMV/Recognizing-sign-language-at-the-word-level/data/datasets/WLASL/branch_inputs/skeleton/rtmw_l/graph_tensors/selected_27/nslt100/train/11769.npz,wholebody_133,selected_27,"[0, 5, 6, 7, 8, 9, 10, 93, 95, 97, 99, 101, 103, 105, 107, 109, 111, 114, 116, 118, 120, 122, 124, 126, 128, 130, 132]",42,150,133,27,3,1,"[3, 150, 27, 1]",8.509001731872559,"clip_to_[0,288]x[0,384]_then_scale_to_[-1,1]",ok,,end_frame_clipped_to_video_end
wlasl:11770,11770,11770,color,55,train,F:/DMV/Recognizing-sign-language-at-the-word-level/data/datasets/WLASL/pose/rtmw_l/wholebody_133/nslt100/train/11770.npz,F:/DMV/Recognizing-sign-language-at-the-word-level/data/datasets/WLASL/branch_inputs/skeleton/rtmw_l/selected_27/nslt100/train/11770.npz,F:/DMV/Recognizing-sign-language-at-the-word-level/data/datasets/WLASL/branch_inputs/skeleton/rtmw_l/normalized/selected_27/nslt100/train/11770.npz,F:/DMV/Recognizing-sign-language-at-the-word-level/data/datasets/WLASL/branch_inputs/skeleton/rtmw_l/graph_tensors/selected_27/nslt100/train/11770.npz,wholebody_133,selected_27,"[0, 5, 6, 7, 8, 9, 10, 93, 95, 97, 99, 101, 103, 105, 107, 109, 111, 114, 116, 118, 120, 122, 124, 126, 128, 130, 132]",78,150,133,27,3,1,"[3, 150, 27, 1]",8.509001731872559,"clip_to_[0,288]x[0,384]_then_scale_to_[-1,1]",ok,,
wlasl:11773,11773,11773,color,55,train,F:/DMV/Recognizing-sign-language-at-the-word-level/data/datasets/WLASL/pose/rtmw_l/wholebody_133/nslt100/train/11773.npz,F:/DMV/Recognizing-sign-language-at-the-word-level/data/datasets/WLASL/branch_inputs/skeleton/rtmw_l/selected_27/nslt100/train/11773.npz,F:/DMV/Recognizing-sign-language-at-the-word-level/data/datasets/WLASL/branch_inputs/skeleton/rtmw_l/normalized/selected_27/nslt100/train/11773.npz,F:/DMV/Recognizing-sign-language-at-the-word-level/data/datasets/WLASL/branch_inputs/skeleton/rtmw_l/graph_tensors/selected_27/nslt100/train/11773.npz,wholebody_133,selected_27,"[0, 5, 6, 7, 8, 9, 10, 93, 95, 97, 99, 101, 103, 105, 107, 109, 111, 114, 116, 118, 120, 122, 124, 126, 128, 130, 132]",48,150,133,27,3,1,"[3, 150, 27, 1]",8.509001731872559,"clip_to_[0,288]x[0,384]_then_scale_to_[-1,1]",ok,,
wlasl:11780,11780,11780,color,55,train,F:/DMV/Recognizing-sign-language-at-the-word-level/data/datasets/WLASL/pose/rtmw_l/wholebody_133/nslt100/train/11780.npz,F:/DMV/Recognizing-sign-language-at-the-word-level/data/datasets/WLASL/branch_inputs/skeleton/rtmw_l/selected_27/nslt100/train/11780.npz,F:/DMV/Recognizing-sign-language-at-the-word-level/data/datasets/WLASL/branch_inputs/skeleton/rtmw_l/normalized/selected_27/nslt100/train/11780.npz,F:/DMV/Recognizing-sign-language-at-the-word-level/data/datasets/WLASL/branch_inputs/skeleton/rtmw_l/graph_tensors/selected_27/nslt100/train/11780.npz,wholebody_133,selected_27,"[0, 5, 6, 7, 8, 9, 10, 93, 95, 97, 99, 101, 103, 105, 107, 109, 111, 114, 116, 118, 120, 122, 124, 126, 128, 130, 132]",77,150,133,27,3,1,"[3, 150, 27, 1]",8.509001731872559,"clip_to_[0,288]x[0,384]_then_scale_to_[-1,1]",ok,,
wlasl:12311,12311,12311,computer,2,train,F:/DMV/Recognizing-sign-language-at-the-word-level/data/datasets/WLASL/pose/rtmw_l/wholebody_133/nslt100/train/12311.npz,F:/DMV/Recognizing-sign-language-at-the-word-level/data/datasets/WLASL/branch_inputs/skeleton/rtmw_l/selected_27/nslt100/train/12311.npz,F:/DMV/Recognizing-sign-language-at-the-word-level/data/datasets/WLASL/branch_inputs/skeleton/rtmw_l/normalized/selected_27/nslt100/train/12311.npz,F:/DMV/Recognizing-sign-language-at-the-word-level/data/datasets/WLASL/branch_inputs/skeleton/rtmw_l/graph_tensors/selected_27/nslt100/train/12311.npz,wholebody_133,selected_27,"[0, 5, 6, 7, 8, 9, 10, 93, 95, 97, 99, 101, 103, 105, 107, 109, 111, 114, 116, 118, 120, 122, 124, 126, 128, 130, 132]",62,150,133,27,3,1,"[3, 150, 27, 1]",8.509001731872559,"clip_to_[0,288]x[0,384]_then_scale_to_[-1,1]",ok,,
wlasl:12313,12313,12313,computer,2,train,F:/DMV/Recognizing-sign-language-at-the-word-level/data/datasets/WLASL/pose/rtmw_l/wholebody_133/nslt100/train/12313.npz,F:/DMV/Recognizing-sign-language-at-the-word-level/data/datasets/WLASL/branch_inputs/skeleton/rtmw_l/selected_27/nslt100/train/12313.npz,F:/DMV/Recognizing-sign-language-at-the-word-level/data/datasets/WLASL/branch_inputs/skeleton/rtmw_l/normalized/selected_27/nslt100/train/12313.npz,F:/DMV/Recognizing-sign-language-at-the-word-level/data/datasets/WLASL/branch_inputs/skeleton/rtmw_l/graph_tensors/selected_27/nslt100/train/12313.npz,wholebody_133,selected_27,"[0, 5, 6, 7, 8, 9, 10, 93, 95, 97, 99, 101, 103, 105, 107, 109, 111, 114, 116, 118, 120, 122, 124, 126, 128, 130, 132]",69,150,133,27,3,1,"[3, 150, 27, 1]",8.509001731872559,"clip_to_[0,288]x[0,384]_then_scale_to_[-1,1]",ok,,
wlasl:12314,12314,12314,computer,2,train,F:/DMV/Recognizing-sign-language-at-the-word-level/data/datasets/WLASL/pose/rtmw_l/wholebody_133/nslt100/train/12314.npz,F:/DMV/Recognizing-sign-language-at-the-word-level/data/datasets/WLASL/branch_inputs/skeleton/rtmw_l/selected_27/nslt100/train/12314.npz,F:/DMV/Recognizing-sign-language-at-the-word-level/data/datasets/WLASL/branch_inputs/skeleton/rtmw_l/normalized/selected_27/nslt100/train/12314.npz,F:/DMV/Recognizing-sign-language-at-the-word-level/data/datasets/WLASL/branch_inputs/skeleton/rtmw_l/graph_tensors/selected_27/nslt100/train/12314.npz,wholebody_133,selected_27,"[0, 5, 6, 7, 8, 9, 10, 93, 95, 97, 99, 101, 103, 105, 107, 109, 111, 114, 116, 118, 120, 122, 124, 126, 128, 130, 132]",38,150,133,27,3,1,"[3, 150, 27, 1]",8.509001731872559,"clip_to_[0,288]x[0,384]_then_scale_to_[-1,1]",ok,,
wlasl:12316,12316,12316,computer,2,train,F:/DMV/Recognizing-sign-language-at-the-word-level/data/datasets/WLASL/pose/rtmw_l/wholebody_133/nslt100/train/12316.npz,F:/DMV/Recognizing-sign-language-at-the-word-level/data/datasets/WLASL/branch_inputs/skeleton/rtmw_l/selected_27/nslt100/train/12316.npz,F:/DMV/Recognizing-sign-language-at-the-word-level/data/datasets/WLASL/branch_inputs/skeleton/rtmw_l/normalized/selected_27/nslt100/train/12316.npz,F:/DMV/Recognizing-sign-language-at-the-word-level/data/datasets/WLASL/branch_inputs/skeleton/rtmw_l/graph_tensors/selected_27/nslt100/train/12316.npz,wholebody_133,selected_27,"[0, 5, 6, 7, 8, 9, 10, 93, 95, 97, 99, 101, 103, 105, 107, 109, 111, 114, 116, 118, 120, 122, 124, 126, 128, 130, 132]",38,150,133,27,3,1,"[3, 150, 27, 1]",8.509001731872559,"clip_to_[0,288]x[0,384]_then_scale_to_[-1,1]",ok,,
wlasl:12317,12317,12317,computer,2,train,F:/DMV/Recognizing-sign-language-at-the-word-level/data/datasets/WLASL/pose/rtmw_l/wholebody_133/nslt100/train/12317.npz,F:/DMV/Recognizing-sign-language-at-the-word-level/data/datasets/WLASL/branch_inputs/skeleton/rtmw_l/selected_27/nslt100/train/12317.npz,F:/DMV/Recognizing-sign-language-at-the-word-level/data/datasets/WLASL/branch_inputs/skeleton/rtmw_l/normalized/selected_27/nslt100/train/12317.npz,F:/DMV/Recognizing-sign-language-at-the-word-level/data/datasets/WLASL/branch_inputs/skeleton/rtmw_l/graph_tensors/selected_27/nslt100/train/12317.npz,wholebody_133,selected_27,"[0, 5, 6, 7, 8, 9, 10, 93, 95, 97, 99, 101, 103, 105, 107, 109, 111, 114, 116, 118, 120, 122, 124, 126, 128, 130, 132]",46,150,133,27,3,1,"[3, 150, 27, 1]",8.509001731872559,"clip_to_[0,288]x[0,384]_then_scale_to_[-1,1]",ok,,
wlasl:12318,12318,12318,computer,2,train,F:/DMV/Recognizing-sign-language-at-the-word-level/data/datasets/WLASL/pose/rtmw_l/wholebody_133/nslt100/train/12318.npz,F:/DMV/Recognizing-sign-language-at-the-word-level/data/datasets/WLASL/branch_inputs/skeleton/rtmw_l/selected_27/nslt100/train/12318.npz,F:/DMV/Recognizing-sign-language-at-the-word-level/data/datasets/WLASL/branch_inputs/skeleton/rtmw_l/normalized/selected_27/nslt100/train/12318.npz,F:/DMV/Recognizing-sign-language-at-the-word-level/data/datasets/WLASL/branch_inputs/skeleton/rtmw_l/graph_tensors/selected_27/nslt100/train/12318.npz,wholebody_133,selected_27,"[0, 5, 6, 7, 8, 9, 10, 93, 95, 97, 99, 101, 103, 105, 107, 109, 111, 114, 116, 118, 120, 122, 124, 126, 128, 130, 132]",39,150,133,27,3,1,"[3, 150, 27, 1]",8.509001731872559,"clip_to_[0,288]x[0,384]_then_scale_to_[-1,1]",ok,,
wlasl:12319,12319,12319,computer,2,train,F:/DMV/Recognizing-sign-language-at-the-word-level/data/datasets/WLASL/pose/rtmw_l/wholebody_133/nslt100/train/12319.npz,F:/DMV/Recognizing-sign-language-at-the-word-level/data/datasets/WLASL/branch_inputs/skeleton/rtmw_l/selected_27/nslt100/train/12319.npz,F:/DMV/Recognizing-sign-language-at-the-word-level/data/datasets/WLASL/branch_inputs/skeleton/rtmw_l/normalized/selected_27/nslt100/train/12319.npz,F:/DMV/Recognizing-sign-language-at-the-word-level/data/datasets/WLASL/branch_inputs/skeleton/rtmw_l/graph_tensors/selected_27/nslt100/train/12319.npz,wholebody_133,selected_27,"[0, 5, 6, 7, 8, 9, 10, 93, 95, 97, 99, 101, 103, 105, 107, 109, 111, 114, 116, 118, 120, 122, 124, 126, 128, 130, 132]",35,150,133,27,3,1,"[3, 150, 27, 1]",8.509001731872559,"clip_to_[0,288]x[0,384]_then_scale_to_[-1,1]",ok,,
wlasl:12327,12327,12327,computer,2,train,F:/DMV/Recognizing-sign-language-at-the-word-level/data/datasets/WLASL/pose/rtmw_l/wholebody_133/nslt100/train/12327.npz,F:/DMV/Recognizing-sign-language-at-the-word-level/data/datasets/WLASL/branch_inputs/skeleton/rtmw_l/selected_27/nslt100/train/12327.npz,F:/DMV/Recognizing-sign-language-at-the-word-level/data/datasets/WLASL/branch_inputs/skeleton/rtmw_l/normalized/selected_27/nslt100/train/12327.npz,F:/DMV/Recognizing-sign-language-at-the-word-level/data/datasets/WLASL/branch_inputs/skeleton/rtmw_l/graph_tensors/selected_27/nslt100/train/12327.npz,wholebody_133,selected_27,"[0, 5, 6, 7, 8, 9, 10, 93, 95, 97, 99, 101, 103, 105, 107, 109, 111, 114, 116, 118, 120, 122, 124, 126, 128, 130, 132]",40,150,133,27,3,1,"[3, 150, 27, 1]",8.509001731872559,"clip_to_[0,288]x[0,384]_then_scale_to_[-1,1]",ok,,
wlasl:12328,12328,12328,computer,2,train,F:/DMV/Recognizing-sign-language-at-the-word-level/data/datasets/WLASL/pose/rtmw_l/wholebody_133/nslt100/train/12328.npz,F:/DMV/Recognizing-sign-language-at-the-word-level/data/datasets/WLASL/branch_inputs/skeleton/rtmw_l/selected_27/nslt100/train/12328.npz,F:/DMV/Recognizing-sign-language-at-the-word-level/data/datasets/WLASL/branch_inputs/skeleton/rtmw_l/normalized/selected_27/nslt100/train/12328.npz,F:/DMV/Recognizing-sign-language-at-the-word-level/data/datasets/WLASL/branch_inputs/skeleton/rtmw_l/graph_tensors/selected_27/nslt100/train/12328.npz,wholebody_133,selected_27,"[0, 5, 6, 7, 8, 9, 10, 93, 95, 97, 99, 101, 103, 105, 107, 109, 111, 114, 116, 118, 120, 122, 124, 126, 128, 130, 132]",75,150,133,27,3,1,"[3, 150, 27, 1]",8.509001731872559,"clip_to_[0,288]x[0,384]_then_scale_to_[-1,1]",ok,,
wlasl:12338,12338,12338,computer,2,train,F:/DMV/Recognizing-sign-language-at-the-word-level/data/datasets/WLASL/pose/rtmw_l/wholebody_133/nslt100/train/12338.npz,F:/DMV/Recognizing-sign-language-at-the-word-level/data/datasets/WLASL/branch_inputs/skeleton/rtmw_l/selected_27/nslt100/train/12338.npz,F:/DMV/Recognizing-sign-language-at-the-word-level/data/datasets/WLASL/branch_inputs/skeleton/rtmw_l/normalized/selected_27/nslt100/train/12338.npz,F:/DMV/Recognizing-sign-language-at-the-word-level/data/datasets/WLASL/branch_inputs/skeleton/rtmw_l/graph_tensors/selected_27/nslt100/train/12338.npz,wholebody_133,selected_27,"[0, 5, 6, 7, 8, 9, 10, 93, 95, 97, 99, 101, 103, 105, 107, 109, 111, 114, 116, 118, 120, 122, 124, 126, 128, 130, 132]",91,150,133,27,3,1,"[3, 150, 27, 1]",8.509001731872559,"clip_to_[0,288]x[0,384]_then_scale_to_[-1,1]",ok,,
wlasl:13156,13156,13156,cook,83,train,F:/DMV/Recognizing-sign-language-at-the-word-level/data/datasets/WLASL/pose/rtmw_l/wholebody_133/nslt100/train/13156.npz,F:/DMV/Recognizing-sign-language-at-the-word-level/data/datasets/WLASL/branch_inputs/skeleton/rtmw_l/selected_27/nslt100/train/13156.npz,F:/DMV/Recognizing-sign-language-at-the-word-level/data/datasets/WLASL/branch_inputs/skeleton/rtmw_l/normalized/selected_27/nslt100/train/13156.npz,F:/DMV/Recognizing-sign-language-at-the-word-level/data/datasets/WLASL/branch_inputs/skeleton/rtmw_l/graph_tensors/selected_27/nslt100/train/13156.npz,wholebody_133,selected_27,"[0, 5, 6, 7, 8, 9, 10, 93, 95, 97, 99, 101, 103, 105, 107, 109, 111, 114, 116, 118, 120, 122, 124, 126, 128, 130, 132]",85,150,133,27,3,1,"[3, 150, 27, 1]",8.509001731872559,"clip_to_[0,288]x[0,384]_then_scale_to_[-1,1]",ok,,
wlasl:13157,13157,13157,cook,83,train,F:/DMV/Recognizing-sign-language-at-the-word-level/data/datasets/WLASL/pose/rtmw_l/wholebody_133/nslt100/train/13157.npz,F:/DMV/Recognizing-sign-language-at-the-word-level/data/datasets/WLASL/branch_inputs/skeleton/rtmw_l/selected_27/nslt100/train/13157.npz,F:/DMV/Recognizing-sign-language-at-the-word-level/data/datasets/WLASL/branch_inputs/skeleton/rtmw_l/normalized/selected_27/nslt100/train/13157.npz,F:/DMV/Recognizing-sign-language-at-the-word-level/data/datasets/WLASL/branch_inputs/skeleton/rtmw_l/graph_tensors/selected_27/nslt100/train/13157.npz,wholebody_133,selected_27,"[0, 5, 6, 7, 8, 9, 10, 93, 95, 97, 99, 101, 103, 105, 107, 109, 111, 114, 116, 118, 120, 122, 124, 126, 128, 130, 132]",40,150,133,27,3,1,"[3, 150, 27, 1]",8.509001731872559,"clip_to_[0,288]x[0,384]_then_scale_to_[-1,1]",ok,,
wlasl:13158,13158,13158,cook,83,train,F:/DMV/Recognizing-sign-language-at-the-word-level/data/datasets/WLASL/pose/rtmw_l/wholebody_133/nslt100/train/13158.npz,F:/DMV/Recognizing-sign-language-at-the-word-level/data/datasets/WLASL/branch_inputs/skeleton/rtmw_l/selected_27/nslt100/train/13158.npz,F:/DMV/Recognizing-sign-language-at-the-word-level/data/datasets/WLASL/branch_inputs/skeleton/rtmw_l/normalized/selected_27/nslt100/train/13158.npz,F:/DMV/Recognizing-sign-language-at-the-word-level/data/datasets/WLASL/branch_inputs/skeleton/rtmw_l/graph_tensors/selected_27/nslt100/train/13158.npz,wholebody_133,selected_27,"[0, 5, 6, 7, 8, 9, 10, 93, 95, 97, 99, 101, 103, 105, 107, 109, 111, 114, 116, 118, 120, 122, 124, 126, 128, 130, 132]",73,150,133,27,3,1,"[3, 150, 27, 1]",8.509001731872559,"clip_to_[0,288]x[0,384]_then_scale_to_[-1,1]",ok,,
wlasl:13160,13160,13160,cook,83,train,F:/DMV/Recognizing-sign-language-at-the-word-level/data/datasets/WLASL/pose/rtmw_l/wholebody_133/nslt100/train/13160.npz,F:/DMV/Recognizing-sign-language-at-the-word-level/data/datasets/WLASL/branch_inputs/skeleton/rtmw_l/selected_27/nslt100/train/13160.npz,F:/DMV/Recognizing-sign-language-at-the-word-level/data/datasets/WLASL/branch_inputs/skeleton/rtmw_l/normalized/selected_27/nslt100/train/13160.npz,F:/DMV/Recognizing-sign-language-at-the-word-level/data/datasets/WLASL/branch_inputs/skeleton/rtmw_l/graph_tensors/selected_27/nslt100/train/13160.npz,wholebody_133,selected_27,"[0, 5, 6, 7, 8, 9, 10, 93, 95, 97, 99, 101, 103, 105, 107, 109, 111, 114, 116, 118, 120, 122, 124, 126, 128, 130, 132]",43,150,133,27,3,1,"[3, 150, 27, 1]",8.509001731872559,"clip_to_[0,288]x[0,384]_then_scale_to_[-1,1]",ok,,
wlasl:13161,13161,13161,cook,83,train,F:/DMV/Recognizing-sign-language-at-the-word-level/data/datasets/WLASL/pose/rtmw_l/wholebody_133/nslt100/train/13161.npz,F:/DMV/Recognizing-sign-language-at-the-word-level/data/datasets/WLASL/branch_inputs/skeleton/rtmw_l/selected_27/nslt100/train/13161.npz,F:/DMV/Recognizing-sign-language-at-the-word-level/data/datasets/WLASL/branch_inputs/skeleton/rtmw_l/normalized/selected_27/nslt100/train/13161.npz,F:/DMV/Recognizing-sign-language-at-the-word-level/data/datasets/WLASL/branch_inputs/skeleton/rtmw_l/graph_tensors/selected_27/nslt100/train/13161.npz,wholebody_133,selected_27,"[0, 5, 6, 7, 8, 9, 10, 93, 95, 97, 99, 101, 103, 105, 107, 109, 111, 114, 116, 118, 120, 122, 124, 126, 128, 130, 132]",48,150,133,27,3,1,"[3, 150, 27, 1]",8.509001731872559,"clip_to_[0,288]x[0,384]_then_scale_to_[-1,1]",ok,,
wlasl:13167,13167,13167,cook,83,train,F:/DMV/Recognizing-sign-language-at-the-word-level/data/datasets/WLASL/pose/rtmw_l/wholebody_133/nslt100/train/13167.npz,F:/DMV/Recognizing-sign-language-at-the-word-level/data/datasets/WLASL/branch_inputs/skeleton/rtmw_l/selected_27/nslt100/train/13167.npz,F:/DMV/Recognizing-sign-language-at-the-word-level/data/datasets/WLASL/branch_inputs/skeleton/rtmw_l/normalized/selected_27/nslt100/train/13167.npz,F:/DMV/Recognizing-sign-language-at-the-word-level/data/datasets/WLASL/branch_inputs/skeleton/rtmw_l/graph_tensors/selected_27/nslt100/train/13167.npz,wholebody_133,selected_27,"[0, 5, 6, 7, 8, 9, 10, 93, 95, 97, 99, 101, 103, 105, 107, 109, 111, 114, 116, 118, 120, 122, 124, 126, 128, 130, 132]",74,150,133,27,3,1,"[3, 150, 27, 1]",8.509001731872559,"clip_to_[0,288]x[0,384]_then_scale_to_[-1,1]",ok,,
wlasl:13168,13168,13168,cook,83,train,F:/DMV/Recognizing-sign-language-at-the-word-level/data/datasets/WLASL/pose/rtmw_l/wholebody_133/nslt100/train/13168.npz,F:/DMV/Recognizing-sign-language-at-the-word-level/data/datasets/WLASL/branch_inputs/skeleton/rtmw_l/selected_27/nslt100/train/13168.npz,F:/DMV/Recognizing-sign-language-at-the-word-level/data/datasets/WLASL/branch_inputs/skeleton/rtmw_l/normalized/selected_27/nslt100/train/13168.npz,F:/DMV/Recognizing-sign-language-at-the-word-level/data/datasets/WLASL/branch_inputs/skeleton/rtmw_l/graph_tensors/selected_27/nslt100/train/13168.npz,wholebody_133,selected_27,"[0, 5, 6, 7, 8, 9, 10, 93, 95, 97, 99, 101, 103, 105, 107, 109, 111, 114, 116, 118, 120, 122, 124, 126, 128, 130, 132]",66,150,133,27,3,1,"[3, 150, 27, 1]",8.509001731872559,"clip_to_[0,288]x[0,384]_then_scale_to_[-1,1]",ok,,
wlasl:13199,13199,13199,cool,20,train,F:/DMV/Recognizing-sign-language-at-the-word-level/data/datasets/WLASL/pose/rtmw_l/wholebody_133/nslt100/train/13199.npz,F:/DMV/Recognizing-sign-language-at-the-word-level/data/datasets/WLASL/branch_inputs/skeleton/rtmw_l/selected_27/nslt100/train/13199.npz,F:/DMV/Recognizing-sign-language-at-the-word-level/data/datasets/WLASL/branch_inputs/skeleton/rtmw_l/normalized/selected_27/nslt100/train/13199.npz,F:/DMV/Recognizing-sign-language-at-the-word-level/data/datasets/WLASL/branch_inputs/skeleton/rtmw_l/graph_tensors/selected_27/nslt100/train/13199.npz,wholebody_133,selected_27,"[0, 5, 6, 7, 8, 9, 10, 93, 95, 97, 99, 101, 103, 105, 107, 109, 111, 114, 116, 118, 120, 122, 124, 126, 128, 130, 132]",48,150,133,27,3,1,"[3, 150, 27, 1]",8.509001731872559,"clip_to_[0,288]x[0,384]_then_scale_to_[-1,1]",ok,,
wlasl:13200,13200,13200,cool,20,train,F:/DMV/Recognizing-sign-language-at-the-word-level/data/datasets/WLASL/pose/rtmw_l/wholebody_133/nslt100/train/13200.npz,F:/DMV/Recognizing-sign-language-at-the-word-level/data/datasets/WLASL/branch_inputs/skeleton/rtmw_l/selected_27/nslt100/train/13200.npz,F:/DMV/Recognizing-sign-language-at-the-word-level/data/datasets/WLASL/branch_inputs/skeleton/rtmw_l/normalized/selected_27/nslt100/train/13200.npz,F:/DMV/Recognizing-sign-language-at-the-word-level/data/datasets/WLASL/branch_inputs/skeleton/rtmw_l/graph_tensors/selected_27/nslt100/train/13200.npz,wholebody_133,selected_27,"[0, 5, 6, 7, 8, 9, 10, 93, 95, 97, 99, 101, 103, 105, 107, 109, 111, 114, 116, 118, 120, 122, 124, 126, 128, 130, 132]",22,150,133,27,3,1,"[3, 150, 27, 1]",8.509001731872559,"clip_to_[0,288]x[0,384]_then_scale_to_[-1,1]",ok,,end_frame_clipped_to_video_end
wlasl:13201,13201,13201,cool,20,train,F:/DMV/Recognizing-sign-language-at-the-word-level/data/datasets/WLASL/pose/rtmw_l/wholebody_133/nslt100/train/13201.npz,F:/DMV/Recognizing-sign-language-at-the-word-level/data/datasets/WLASL/branch_inputs/skeleton/rtmw_l/selected_27/nslt100/train/13201.npz,F:/DMV/Recognizing-sign-language-at-the-word-level/data/datasets/WLASL/branch_inputs/skeleton/rtmw_l/normalized/selected_27/nslt100/train/13201.npz,F:/DMV/Recognizing-sign-language-at-the-word-level/data/datasets/WLASL/branch_inputs/skeleton/rtmw_l/graph_tensors/selected_27/nslt100/train/13201.npz,wholebody_133,selected_27,"[0, 5, 6, 7, 8, 9, 10, 93, 95, 97, 99, 101, 103, 105, 107, 109, 111, 114, 116, 118, 120, 122, 124, 126, 128, 130, 132]",78,150,133,27,3,1,"[3, 150, 27, 1]",8.509001731872559,"clip_to_[0,288]x[0,384]_then_scale_to_[-1,1]",ok,,
wlasl:13202,13202,13202,cool,20,train,F:/DMV/Recognizing-sign-language-at-the-word-level/data/datasets/WLASL/pose/rtmw_l/wholebody_133/nslt100/train/13202.npz,F:/DMV/Recognizing-sign-language-at-the-word-level/data/datasets/WLASL/branch_inputs/skeleton/rtmw_l/selected_27/nslt100/train/13202.npz,F:/DMV/Recognizing-sign-language-at-the-word-level/data/datasets/WLASL/branch_inputs/skeleton/rtmw_l/normalized/selected_27/nslt100/train/13202.npz,F:/DMV/Recognizing-sign-language-at-the-word-level/data/datasets/WLASL/branch_inputs/skeleton/rtmw_l/graph_tensors/selected_27/nslt100/train/13202.npz,wholebody_133,selected_27,"[0, 5, 6, 7, 8, 9, 10, 93, 95, 97, 99, 101, 103, 105, 107, 109, 111, 114, 116, 118, 120, 122, 124, 126, 128, 130, 132]",65,150,133,27,3,1,"[3, 150, 27, 1]",8.509001731872559,"clip_to_[0,288]x[0,384]_then_scale_to_[-1,1]",ok,,
wlasl:13208,13208,13208,cool,20,train,F:/DMV/Recognizing-sign-language-at-the-word-level/data/datasets/WLASL/pose/rtmw_l/wholebody_133/nslt100/train/13208.npz,F:/DMV/Recognizing-sign-language-at-the-word-level/data/datasets/WLASL/branch_inputs/skeleton/rtmw_l/selected_27/nslt100/train/13208.npz,F:/DMV/Recognizing-sign-language-at-the-word-level/data/datasets/WLASL/branch_inputs/skeleton/rtmw_l/normalized/selected_27/nslt100/train/13208.npz,F:/DMV/Recognizing-sign-language-at-the-word-level/data/datasets/WLASL/branch_inputs/skeleton/rtmw_l/graph_tensors/selected_27/nslt100/train/13208.npz,wholebody_133,selected_27,"[0, 5, 6, 7, 8, 9, 10, 93, 95, 97, 99, 101, 103, 105, 107, 109, 111, 114, 116, 118, 120, 122, 124, 126, 128, 130, 132]",49,150,133,27,3,1,"[3, 150, 27, 1]",8.509001731872559,"clip_to_[0,288]x[0,384]_then_scale_to_[-1,1]",ok,,
wlasl:13209,13209,13209,cool,20,train,F:/DMV/Recognizing-sign-language-at-the-word-level/data/datasets/WLASL/pose/rtmw_l/wholebody_133/nslt100/train/13209.npz,F:/DMV/Recognizing-sign-language-at-the-word-level/data/datasets/WLASL/branch_inputs/skeleton/rtmw_l/selected_27/nslt100/train/13209.npz,F:/DMV/Recognizing-sign-language-at-the-word-level/data/datasets/WLASL/branch_inputs/skeleton/rtmw_l/normalized/selected_27/nslt100/train/13209.npz,F:/DMV/Recognizing-sign-language-at-the-word-level/data/datasets/WLASL/branch_inputs/skeleton/rtmw_l/graph_tensors/selected_27/nslt100/train/13209.npz,wholebody_133,selected_27,"[0, 5, 6, 7, 8, 9, 10, 93, 95, 97, 99, 101, 103, 105, 107, 109, 111, 114, 116, 118, 120, 122, 124, 126, 128, 130, 132]",58,150,133,27,3,1,"[3, 150, 27, 1]",8.509001731872559,"clip_to_[0,288]x[0,384]_then_scale_to_[-1,1]",ok,,
wlasl:13213,13213,13213,cool,20,train,F:/DMV/Recognizing-sign-language-at-the-word-level/data/datasets/WLASL/pose/rtmw_l/wholebody_133/nslt100/train/13213.npz,F:/DMV/Recognizing-sign-language-at-the-word-level/data/datasets/WLASL/branch_inputs/skeleton/rtmw_l/selected_27/nslt100/train/13213.npz,F:/DMV/Recognizing-sign-language-at-the-word-level/data/datasets/WLASL/branch_inputs/skeleton/rtmw_l/normalized/selected_27/nslt100/train/13213.npz,F:/DMV/Recognizing-sign-language-at-the-word-level/data/datasets/WLASL/branch_inputs/skeleton/rtmw_l/graph_tensors/selected_27/nslt100/train/13213.npz,wholebody_133,selected_27,"[0, 5, 6, 7, 8, 9, 10, 93, 95, 97, 99, 101, 103, 105, 107, 109, 111, 114, 116, 118, 120, 122, 124, 126, 128, 130, 132]",48,150,133,27,3,1,"[3, 150, 27, 1]",8.509001731872559,"clip_to_[0,288]x[0,384]_then_scale_to_[-1,1]",ok,,
wlasl:13216,13216,13216,cool,20,train,F:/DMV/Recognizing-sign-language-at-the-word-level/data/datasets/WLASL/pose/rtmw_l/wholebody_133/nslt100/train/13216.npz,F:/DMV/Recognizing-sign-language-at-the-word-level/data/datasets/WLASL/branch_inputs/skeleton/rtmw_l/selected_27/nslt100/train/13216.npz,F:/DMV/Recognizing-sign-language-at-the-word-level/data/datasets/WLASL/branch_inputs/skeleton/rtmw_l/normalized/selected_27/nslt100/train/13216.npz,F:/DMV/Recognizing-sign-language-at-the-word-level/data/datasets/WLASL/branch_inputs/skeleton/rtmw_l/graph_tensors/selected_27/nslt100/train/13216.npz,wholebody_133,selected_27,"[0, 5, 6, 7, 8, 9, 10, 93, 95, 97, 99, 101, 103, 105, 107, 109, 111, 114, 116, 118, 120, 122, 124, 126, 128, 130, 132]",61,150,133,27,3,1,"[3, 150, 27, 1]",8.509001731872559,"clip_to_[0,288]x[0,384]_then_scale_to_[-1,1]",ok,,
wlasl:13217,13217,13217,cool,20,train,F:/DMV/Recognizing-sign-language-at-the-word-level/data/datasets/WLASL/pose/rtmw_l/wholebody_133/nslt100/train/13217.npz,F:/DMV/Recognizing-sign-language-at-the-word-level/data/datasets/WLASL/branch_inputs/skeleton/rtmw_l/selected_27/nslt100/train/13217.npz,F:/DMV/Recognizing-sign-language-at-the-word-level/data/datasets/WLASL/branch_inputs/skeleton/rtmw_l/normalized/selected_27/nslt100/train/13217.npz,F:/DMV/Recognizing-sign-language-at-the-word-level/data/datasets/WLASL/branch_inputs/skeleton/rtmw_l/graph_tensors/selected_27/nslt100/train/13217.npz,wholebody_133,selected_27,"[0, 5, 6, 7, 8, 9, 10, 93, 95, 97, 99, 101, 103, 105, 107, 109, 111, 114, 116, 118, 120, 122, 124, 126, 128, 130, 132]",63,150,133,27,3,1,"[3, 150, 27, 1]",8.509001731872559,"clip_to_[0,288]x[0,384]_then_scale_to_[-1,1]",ok,,
wlasl:13323,13323,13323,corn,56,train,F:/DMV/Recognizing-sign-language-at-the-word-level/data/datasets/WLASL/pose/rtmw_l/wholebody_133/nslt100/train/13323.npz,F:/DMV/Recognizing-sign-language-at-the-word-level/data/datasets/WLASL/branch_inputs/skeleton/rtmw_l/selected_27/nslt100/train/13323.npz,F:/DMV/Recognizing-sign-language-at-the-word-level/data/datasets/WLASL/branch_inputs/skeleton/rtmw_l/normalized/selected_27/nslt100/train/13323.npz,F:/DMV/Recognizing-sign-language-at-the-word-level/data/datasets/WLASL/branch_inputs/skeleton/rtmw_l/graph_tensors/selected_27/nslt100/train/13323.npz,wholebody_133,selected_27,"[0, 5, 6, 7, 8, 9, 10, 93, 95, 97, 99, 101, 103, 105, 107, 109, 111, 114, 116, 118, 120, 122, 124, 126, 128, 130, 132]",56,150,133,27,3,1,"[3, 150, 27, 1]",8.509001731872559,"clip_to_[0,288]x[0,384]_then_scale_to_[-1,1]",ok,,end_frame_clipped_to_video_end
wlasl:13326,13326,13326,corn,56,train,F:/DMV/Recognizing-sign-language-at-the-word-level/data/datasets/WLASL/pose/rtmw_l/wholebody_133/nslt100/train/13326.npz,F:/DMV/Recognizing-sign-language-at-the-word-level/data/datasets/WLASL/branch_inputs/skeleton/rtmw_l/selected_27/nslt100/train/13326.npz,F:/DMV/Recognizing-sign-language-at-the-word-level/data/datasets/WLASL/branch_inputs/skeleton/rtmw_l/normalized/selected_27/nslt100/train/13326.npz,F:/DMV/Recognizing-sign-language-at-the-word-level/data/datasets/WLASL/branch_inputs/skeleton/rtmw_l/graph_tensors/selected_27/nslt100/train/13326.npz,wholebody_133,selected_27,"[0, 5, 6, 7, 8, 9, 10, 93, 95, 97, 99, 101, 103, 105, 107, 109, 111, 114, 116, 118, 120, 122, 124, 126, 128, 130, 132]",77,150,133,27,3,1,"[3, 150, 27, 1]",8.509001731872559,"clip_to_[0,288]x[0,384]_then_scale_to_[-1,1]",ok,,
wlasl:13327,13327,13327,corn,56,train,F:/DMV/Recognizing-sign-language-at-the-word-level/data/datasets/WLASL/pose/rtmw_l/wholebody_133/nslt100/train/13327.npz,F:/DMV/Recognizing-sign-language-at-the-word-level/data/datasets/WLASL/branch_inputs/skeleton/rtmw_l/selected_27/nslt100/train/13327.npz,F:/DMV/Recognizing-sign-language-at-the-word-level/data/datasets/WLASL/branch_inputs/skeleton/rtmw_l/normalized/selected_27/nslt100/train/13327.npz,F:/DMV/Recognizing-sign-language-at-the-word-level/data/datasets/WLASL/branch_inputs/skeleton/rtmw_l/graph_tensors/selected_27/nslt100/train/13327.npz,wholebody_133,selected_27,"[0, 5, 6, 7, 8, 9, 10, 93, 95, 97, 99, 101, 103, 105, 107, 109, 111, 114, 116, 118, 120, 122, 124, 126, 128, 130, 132]",74,150,133,27,3,1,"[3, 150, 27, 1]",8.509001731872559,"clip_to_[0,288]x[0,384]_then_scale_to_[-1,1]",ok,,
wlasl:13328,13328,13328,corn,56,train,F:/DMV/Recognizing-sign-language-at-the-word-level/data/datasets/WLASL/pose/rtmw_l/wholebody_133/nslt100/train/13328.npz,F:/DMV/Recognizing-sign-language-at-the-word-level/data/datasets/WLASL/branch_inputs/skeleton/rtmw_l/selected_27/nslt100/train/13328.npz,F:/DMV/Recognizing-sign-language-at-the-word-level/data/datasets/WLASL/branch_inputs/skeleton/rtmw_l/normalized/selected_27/nslt100/train/13328.npz,F:/DMV/Recognizing-sign-language-at-the-word-level/data/datasets/WLASL/branch_inputs/skeleton/rtmw_l/graph_tensors/selected_27/nslt100/train/13328.npz,wholebody_133,selected_27,"[0, 5, 6, 7, 8, 9, 10, 93, 95, 97, 99, 101, 103, 105, 107, 109, 111, 114, 116, 118, 120, 122, 124, 126, 128, 130, 132]",32,150,133,27,3,1,"[3, 150, 27, 1]",8.509001731872559,"clip_to_[0,288]x[0,384]_then_scale_to_[-1,1]",ok,,end_frame_clipped_to_video_end
wlasl:13329,13329,13329,corn,56,train,F:/DMV/Recognizing-sign-language-at-the-word-level/data/datasets/WLASL/pose/rtmw_l/wholebody_133/nslt100/train/13329.npz,F:/DMV/Recognizing-sign-language-at-the-word-level/data/datasets/WLASL/branch_inputs/skeleton/rtmw_l/selected_27/nslt100/train/13329.npz,F:/DMV/Recognizing-sign-language-at-the-word-level/data/datasets/WLASL/branch_inputs/skeleton/rtmw_l/normalized/selected_27/nslt100/train/13329.npz,F:/DMV/Recognizing-sign-language-at-the-word-level/data/datasets/WLASL/branch_inputs/skeleton/rtmw_l/graph_tensors/selected_27/nslt100/train/13329.npz,wholebody_133,selected_27,"[0, 5, 6, 7, 8, 9, 10, 93, 95, 97, 99, 101, 103, 105, 107, 109, 111, 114, 116, 118, 120, 122, 124, 126, 128, 130, 132]",73,150,133,27,3,1,"[3, 150, 27, 1]",8.509001731872559,"clip_to_[0,288]x[0,384]_then_scale_to_[-1,1]",ok,,
wlasl:13333,13333,13333,corn,56,train,F:/DMV/Recognizing-sign-language-at-the-word-level/data/datasets/WLASL/pose/rtmw_l/wholebody_133/nslt100/train/13333.npz,F:/DMV/Recognizing-sign-language-at-the-word-level/data/datasets/WLASL/branch_inputs/skeleton/rtmw_l/selected_27/nslt100/train/13333.npz,F:/DMV/Recognizing-sign-language-at-the-word-level/data/datasets/WLASL/branch_inputs/skeleton/rtmw_l/normalized/selected_27/nslt100/train/13333.npz,F:/DMV/Recognizing-sign-language-at-the-word-level/data/datasets/WLASL/branch_inputs/skeleton/rtmw_l/graph_tensors/selected_27/nslt100/train/13333.npz,wholebody_133,selected_27,"[0, 5, 6, 7, 8, 9, 10, 93, 95, 97, 99, 101, 103, 105, 107, 109, 111, 114, 116, 118, 120, 122, 124, 126, 128, 130, 132]",28,150,133,27,3,1,"[3, 150, 27, 1]",8.509001731872559,"clip_to_[0,288]x[0,384]_then_scale_to_[-1,1]",ok,,
wlasl:13337,13337,13337,corn,56,train,F:/DMV/Recognizing-sign-language-at-the-word-level/data/datasets/WLASL/pose/rtmw_l/wholebody_133/nslt100/train/13337.npz,F:/DMV/Recognizing-sign-language-at-the-word-level/data/datasets/WLASL/branch_inputs/skeleton/rtmw_l/selected_27/nslt100/train/13337.npz,F:/DMV/Recognizing-sign-language-at-the-word-level/data/datasets/WLASL/branch_inputs/skeleton/rtmw_l/normalized/selected_27/nslt100/train/13337.npz,F:/DMV/Recognizing-sign-language-at-the-word-level/data/datasets/WLASL/branch_inputs/skeleton/rtmw_l/graph_tensors/selected_27/nslt100/train/13337.npz,wholebody_133,selected_27,"[0, 5, 6, 7, 8, 9, 10, 93, 95, 97, 99, 101, 103, 105, 107, 109, 111, 114, 116, 118, 120, 122, 124, 126, 128, 130, 132]",68,150,133,27,3,1,"[3, 150, 27, 1]",8.509001731872559,"clip_to_[0,288]x[0,384]_then_scale_to_[-1,1]",ok,,
wlasl:13630,13630,13630,cousin,9,train,F:/DMV/Recognizing-sign-language-at-the-word-level/data/datasets/WLASL/pose/rtmw_l/wholebody_133/nslt100/train/13630.npz,F:/DMV/Recognizing-sign-language-at-the-word-level/data/datasets/WLASL/branch_inputs/skeleton/rtmw_l/selected_27/nslt100/train/13630.npz,F:/DMV/Recognizing-sign-language-at-the-word-level/data/datasets/WLASL/branch_inputs/skeleton/rtmw_l/normalized/selected_27/nslt100/train/13630.npz,F:/DMV/Recognizing-sign-language-at-the-word-level/data/datasets/WLASL/branch_inputs/skeleton/rtmw_l/graph_tensors/selected_27/nslt100/train/13630.npz,wholebody_133,selected_27,"[0, 5, 6, 7, 8, 9, 10, 93, 95, 97, 99, 101, 103, 105, 107, 109, 111, 114, 116, 118, 120, 122, 124, 126, 128, 130, 132]",90,150,133,27,3,1,"[3, 150, 27, 1]",8.509001731872559,"clip_to_[0,288]x[0,384]_then_scale_to_[-1,1]",ok,,
wlasl:13631,13631,13631,cousin,9,train,F:/DMV/Recognizing-sign-language-at-the-word-level/data/datasets/WLASL/pose/rtmw_l/wholebody_133/nslt100/train/13631.npz,F:/DMV/Recognizing-sign-language-at-the-word-level/data/datasets/WLASL/branch_inputs/skeleton/rtmw_l/selected_27/nslt100/train/13631.npz,F:/DMV/Recognizing-sign-language-at-the-word-level/data/datasets/WLASL/branch_inputs/skeleton/rtmw_l/normalized/selected_27/nslt100/train/13631.npz,F:/DMV/Recognizing-sign-language-at-the-word-level/data/datasets/WLASL/branch_inputs/skeleton/rtmw_l/graph_tensors/selected_27/nslt100/train/13631.npz,wholebody_133,selected_27,"[0, 5, 6, 7, 8, 9, 10, 93, 95, 97, 99, 101, 103, 105, 107, 109, 111, 114, 116, 118, 120, 122, 124, 126, 128, 130, 132]",61,150,133,27,3,1,"[3, 150, 27, 1]",8.509001731872559,"clip_to_[0,288]x[0,384]_then_scale_to_[-1,1]",ok,,
wlasl:13632,13632,13632,cousin,9,train,F:/DMV/Recognizing-sign-language-at-the-word-level/data/datasets/WLASL/pose/rtmw_l/wholebody_133/nslt100/train/13632.npz,F:/DMV/Recognizing-sign-language-at-the-word-level/data/datasets/WLASL/branch_inputs/skeleton/rtmw_l/selected_27/nslt100/train/13632.npz,F:/DMV/Recognizing-sign-language-at-the-word-level/data/datasets/WLASL/branch_inputs/skeleton/rtmw_l/normalized/selected_27/nslt100/train/13632.npz,F:/DMV/Recognizing-sign-language-at-the-word-level/data/datasets/WLASL/branch_inputs/skeleton/rtmw_l/graph_tensors/selected_27/nslt100/train/13632.npz,wholebody_133,selected_27,"[0, 5, 6, 7, 8, 9, 10, 93, 95, 97, 99, 101, 103, 105, 107, 109, 111, 114, 116, 118, 120, 122, 124, 126, 128, 130, 132]",61,150,133,27,3,1,"[3, 150, 27, 1]",8.509001731872559,"clip_to_[0,288]x[0,384]_then_scale_to_[-1,1]",ok,,
wlasl:13636,13636,13636,cousin,9,train,F:/DMV/Recognizing-sign-language-at-the-word-level/data/datasets/WLASL/pose/rtmw_l/wholebody_133/nslt100/train/13636.npz,F:/DMV/Recognizing-sign-language-at-the-word-level/data/datasets/WLASL/branch_inputs/skeleton/rtmw_l/selected_27/nslt100/train/13636.npz,F:/DMV/Recognizing-sign-language-at-the-word-level/data/datasets/WLASL/branch_inputs/skeleton/rtmw_l/normalized/selected_27/nslt100/train/13636.npz,F:/DMV/Recognizing-sign-language-at-the-word-level/data/datasets/WLASL/branch_inputs/skeleton/rtmw_l/graph_tensors/selected_27/nslt100/train/13636.npz,wholebody_133,selected_27,"[0, 5, 6, 7, 8, 9, 10, 93, 95, 97, 99, 101, 103, 105, 107, 109, 111, 114, 116, 118, 120, 122, 124, 126, 128, 130, 132]",112,150,133,27,3,1,"[3, 150, 27, 1]",8.509001731872559,"clip_to_[0,288]x[0,384]_then_scale_to_[-1,1]",ok,,
wlasl:13640,13640,13640,cousin,9,train,F:/DMV/Recognizing-sign-language-at-the-word-level/data/datasets/WLASL/pose/rtmw_l/wholebody_133/nslt100/train/13640.npz,F:/DMV/Recognizing-sign-language-at-the-word-level/data/datasets/WLASL/branch_inputs/skeleton/rtmw_l/selected_27/nslt100/train/13640.npz,F:/DMV/Recognizing-sign-language-at-the-word-level/data/datasets/WLASL/branch_inputs/skeleton/rtmw_l/normalized/selected_27/nslt100/train/13640.npz,F:/DMV/Recognizing-sign-language-at-the-word-level/data/datasets/WLASL/branch_inputs/skeleton/rtmw_l/graph_tensors/selected_27/nslt100/train/13640.npz,wholebody_133,selected_27,"[0, 5, 6, 7, 8, 9, 10, 93, 95, 97, 99, 101, 103, 105, 107, 109, 111, 114, 116, 118, 120, 122, 124, 126, 128, 130, 132]",51,150,133,27,3,1,"[3, 150, 27, 1]",8.509001731872559,"clip_to_[0,288]x[0,384]_then_scale_to_[-1,1]",ok,,
wlasl:13642,13642,13642,cousin,9,train,F:/DMV/Recognizing-sign-language-at-the-word-level/data/datasets/WLASL/pose/rtmw_l/wholebody_133/nslt100/train/13642.npz,F:/DMV/Recognizing-sign-language-at-the-word-level/data/datasets/WLASL/branch_inputs/skeleton/rtmw_l/selected_27/nslt100/train/13642.npz,F:/DMV/Recognizing-sign-language-at-the-word-level/data/datasets/WLASL/branch_inputs/skeleton/rtmw_l/normalized/selected_27/nslt100/train/13642.npz,F:/DMV/Recognizing-sign-language-at-the-word-level/data/datasets/WLASL/branch_inputs/skeleton/rtmw_l/graph_tensors/selected_27/nslt100/train/13642.npz,wholebody_133,selected_27,"[0, 5, 6, 7, 8, 9, 10, 93, 95, 97, 99, 101, 103, 105, 107, 109, 111, 114, 116, 118, 120, 122, 124, 126, 128, 130, 132]",34,150,133,27,3,1,"[3, 150, 27, 1]",8.509001731872559,"clip_to_[0,288]x[0,384]_then_scale_to_[-1,1]",ok,,
wlasl:13646,13646,13646,cousin,9,train,F:/DMV/Recognizing-sign-language-at-the-word-level/data/datasets/WLASL/pose/rtmw_l/wholebody_133/nslt100/train/13646.npz,F:/DMV/Recognizing-sign-language-at-the-word-level/data/datasets/WLASL/branch_inputs/skeleton/rtmw_l/selected_27/nslt100/train/13646.npz,F:/DMV/Recognizing-sign-language-at-the-word-level/data/datasets/WLASL/branch_inputs/skeleton/rtmw_l/normalized/selected_27/nslt100/train/13646.npz,F:/DMV/Recognizing-sign-language-at-the-word-level/data/datasets/WLASL/branch_inputs/skeleton/rtmw_l/graph_tensors/selected_27/nslt100/train/13646.npz,wholebody_133,selected_27,"[0, 5, 6, 7, 8, 9, 10, 93, 95, 97, 99, 101, 103, 105, 107, 109, 111, 114, 116, 118, 120, 122, 124, 126, 128, 130, 132]",62,150,133,27,3,1,"[3, 150, 27, 1]",8.509001731872559,"clip_to_[0,288]x[0,384]_then_scale_to_[-1,1]",ok,,
wlasl:13647,13647,13647,cousin,9,train,F:/DMV/Recognizing-sign-language-at-the-word-level/data/datasets/WLASL/pose/rtmw_l/wholebody_133/nslt100/train/13647.npz,F:/DMV/Recognizing-sign-language-at-the-word-level/data/datasets/WLASL/branch_inputs/skeleton/rtmw_l/selected_27/nslt100/train/13647.npz,F:/DMV/Recognizing-sign-language-at-the-word-level/data/datasets/WLASL/branch_inputs/skeleton/rtmw_l/normalized/selected_27/nslt100/train/13647.npz,F:/DMV/Recognizing-sign-language-at-the-word-level/data/datasets/WLASL/branch_inputs/skeleton/rtmw_l/graph_tensors/selected_27/nslt100/train/13647.npz,wholebody_133,selected_27,"[0, 5, 6, 7, 8, 9, 10, 93, 95, 97, 99, 101, 103, 105, 107, 109, 111, 114, 116, 118, 120, 122, 124, 126, 128, 130, 132]",68,150,133,27,3,1,"[3, 150, 27, 1]",8.509001731872559,"clip_to_[0,288]x[0,384]_then_scale_to_[-1,1]",ok,,
wlasl:13648,13648,13648,cousin,9,train,F:/DMV/Recognizing-sign-language-at-the-word-level/data/datasets/WLASL/pose/rtmw_l/wholebody_133/nslt100/train/13648.npz,F:/DMV/Recognizing-sign-language-at-the-word-level/data/datasets/WLASL/branch_inputs/skeleton/rtmw_l/selected_27/nslt100/train/13648.npz,F:/DMV/Recognizing-sign-language-at-the-word-level/data/datasets/WLASL/branch_inputs/skeleton/rtmw_l/normalized/selected_27/nslt100/train/13648.npz,F:/DMV/Recognizing-sign-language-at-the-word-level/data/datasets/WLASL/branch_inputs/skeleton/rtmw_l/graph_tensors/selected_27/nslt100/train/13648.npz,wholebody_133,selected_27,"[0, 5, 6, 7, 8, 9, 10, 93, 95, 97, 99, 101, 103, 105, 107, 109, 111, 114, 116, 118, 120, 122, 124, 126, 128, 130, 132]",60,150,133,27,3,1,"[3, 150, 27, 1]",8.509001731872559,"clip_to_[0,288]x[0,384]_then_scale_to_[-1,1]",ok,,
wlasl:13695,13695,13695,cow,57,train,F:/DMV/Recognizing-sign-language-at-the-word-level/data/datasets/WLASL/pose/rtmw_l/wholebody_133/nslt100/train/13695.npz,F:/DMV/Recognizing-sign-language-at-the-word-level/data/datasets/WLASL/branch_inputs/skeleton/rtmw_l/selected_27/nslt100/train/13695.npz,F:/DMV/Recognizing-sign-language-at-the-word-level/data/datasets/WLASL/branch_inputs/skeleton/rtmw_l/normalized/selected_27/nslt100/train/13695.npz,F:/DMV/Recognizing-sign-language-at-the-word-level/data/datasets/WLASL/branch_inputs/skeleton/rtmw_l/graph_tensors/selected_27/nslt100/train/13695.npz,wholebody_133,selected_27,"[0, 5, 6, 7, 8, 9, 10, 93, 95, 97, 99, 101, 103, 105, 107, 109, 111, 114, 116, 118, 120, 122, 124, 126, 128, 130, 132]",61,150,133,27,3,1,"[3, 150, 27, 1]",8.509001731872559,"clip_to_[0,288]x[0,384]_then_scale_to_[-1,1]",ok,,
wlasl:13697,13697,13697,cow,57,train,F:/DMV/Recognizing-sign-language-at-the-word-level/data/datasets/WLASL/pose/rtmw_l/wholebody_133/nslt100/train/13697.npz,F:/DMV/Recognizing-sign-language-at-the-word-level/data/datasets/WLASL/branch_inputs/skeleton/rtmw_l/selected_27/nslt100/train/13697.npz,F:/DMV/Recognizing-sign-language-at-the-word-level/data/datasets/WLASL/branch_inputs/skeleton/rtmw_l/normalized/selected_27/nslt100/train/13697.npz,F:/DMV/Recognizing-sign-language-at-the-word-level/data/datasets/WLASL/branch_inputs/skeleton/rtmw_l/graph_tensors/selected_27/nslt100/train/13697.npz,wholebody_133,selected_27,"[0, 5, 6, 7, 8, 9, 10, 93, 95, 97, 99, 101, 103, 105, 107, 109, 111, 114, 116, 118, 120, 122, 124, 126, 128, 130, 132]",36,150,133,27,3,1,"[3, 150, 27, 1]",8.509001731872559,"clip_to_[0,288]x[0,384]_then_scale_to_[-1,1]",ok,,end_frame_clipped_to_video_end
wlasl:13699,13699,13699,cow,57,train,F:/DMV/Recognizing-sign-language-at-the-word-level/data/datasets/WLASL/pose/rtmw_l/wholebody_133/nslt100/train/13699.npz,F:/DMV/Recognizing-sign-language-at-the-word-level/data/datasets/WLASL/branch_inputs/skeleton/rtmw_l/selected_27/nslt100/train/13699.npz,F:/DMV/Recognizing-sign-language-at-the-word-level/data/datasets/WLASL/branch_inputs/skeleton/rtmw_l/normalized/selected_27/nslt100/train/13699.npz,F:/DMV/Recognizing-sign-language-at-the-word-level/data/datasets/WLASL/branch_inputs/skeleton/rtmw_l/graph_tensors/selected_27/nslt100/train/13699.npz,wholebody_133,selected_27,"[0, 5, 6, 7, 8, 9, 10, 93, 95, 97, 99, 101, 103, 105, 107, 109, 111, 114, 116, 118, 120, 122, 124, 126, 128, 130, 132]",66,150,133,27,3,1,"[3, 150, 27, 1]",8.509001731872559,"clip_to_[0,288]x[0,384]_then_scale_to_[-1,1]",ok,,
wlasl:13702,13702,13702,cow,57,train,F:/DMV/Recognizing-sign-language-at-the-word-level/data/datasets/WLASL/pose/rtmw_l/wholebody_133/nslt100/train/13702.npz,F:/DMV/Recognizing-sign-language-at-the-word-level/data/datasets/WLASL/branch_inputs/skeleton/rtmw_l/selected_27/nslt100/train/13702.npz,F:/DMV/Recognizing-sign-language-at-the-word-level/data/datasets/WLASL/branch_inputs/skeleton/rtmw_l/normalized/selected_27/nslt100/train/13702.npz,F:/DMV/Recognizing-sign-language-at-the-word-level/data/datasets/WLASL/branch_inputs/skeleton/rtmw_l/graph_tensors/selected_27/nslt100/train/13702.npz,wholebody_133,selected_27,"[0, 5, 6, 7, 8, 9, 10, 93, 95, 97, 99, 101, 103, 105, 107, 109, 111, 114, 116, 118, 120, 122, 124, 126, 128, 130, 132]",44,150,133,27,3,1,"[3, 150, 27, 1]",8.509001731872559,"clip_to_[0,288]x[0,384]_then_scale_to_[-1,1]",ok,,
wlasl:01383,1383,1383,africa,76,train,F:/DMV/Recognizing-sign-language-at-the-word-level/data/datasets/WLASL/pose/rtmw_l/wholebody_133/nslt100/train/1383.npz,F:/DMV/Recognizing-sign-language-at-the-word-level/data/datasets/WLASL/branch_inputs/skeleton/rtmw_l/selected_27/nslt100/train/1383.npz,F:/DMV/Recognizing-sign-language-at-the-word-level/data/datasets/WLASL/branch_inputs/skeleton/rtmw_l/normalized/selected_27/nslt100/train/1383.npz,F:/DMV/Recognizing-sign-language-at-the-word-level/data/datasets/WLASL/branch_inputs/skeleton/rtmw_l/graph_tensors/selected_27/nslt100/train/1383.npz,wholebody_133,selected_27,"[0, 5, 6, 7, 8, 9, 10, 93, 95, 97, 99, 101, 103, 105, 107, 109, 111, 114, 116, 118, 120, 122, 124, 126, 128, 130, 132]",124,150,133,27,3,1,"[3, 150, 27, 1]",8.509001731872559,"clip_to_[0,288]x[0,384]_then_scale_to_[-1,1]",ok,,
wlasl:01384,1384,1384,africa,76,train,F:/DMV/Recognizing-sign-language-at-the-word-level/data/datasets/WLASL/pose/rtmw_l/wholebody_133/nslt100/train/1384.npz,F:/DMV/Recognizing-sign-language-at-the-word-level/data/datasets/WLASL/branch_inputs/skeleton/rtmw_l/selected_27/nslt100/train/1384.npz,F:/DMV/Recognizing-sign-language-at-the-word-level/data/datasets/WLASL/branch_inputs/skeleton/rtmw_l/normalized/selected_27/nslt100/train/1384.npz,F:/DMV/Recognizing-sign-language-at-the-word-level/data/datasets/WLASL/branch_inputs/skeleton/rtmw_l/graph_tensors/selected_27/nslt100/train/1384.npz,wholebody_133,selected_27,"[0, 5, 6, 7, 8, 9, 10, 93, 95, 97, 99, 101, 103, 105, 107, 109, 111, 114, 116, 118, 120, 122, 124, 126, 128, 130, 132]",56,150,133,27,3,1,"[3, 150, 27, 1]",8.509001731872559,"clip_to_[0,288]x[0,384]_then_scale_to_[-1,1]",ok,,
wlasl:01385,1385,1385,africa,76,train,F:/DMV/Recognizing-sign-language-at-the-word-level/data/datasets/WLASL/pose/rtmw_l/wholebody_133/nslt100/train/1385.npz,F:/DMV/Recognizing-sign-language-at-the-word-level/data/datasets/WLASL/branch_inputs/skeleton/rtmw_l/selected_27/nslt100/train/1385.npz,F:/DMV/Recognizing-sign-language-at-the-word-level/data/datasets/WLASL/branch_inputs/skeleton/rtmw_l/normalized/selected_27/nslt100/train/1385.npz,F:/DMV/Recognizing-sign-language-at-the-word-level/data/datasets/WLASL/branch_inputs/skeleton/rtmw_l/graph_tensors/selected_27/nslt100/train/1385.npz,wholebody_133,selected_27,"[0, 5, 6, 7, 8, 9, 10, 93, 95, 97, 99, 101, 103, 105, 107, 109, 111, 114, 116, 118, 120, 122, 124, 126, 128, 130, 132]",47,150,133,27,3,1,"[3, 150, 27, 1]",8.509001731872559,"clip_to_[0,288]x[0,384]_then_scale_to_[-1,1]",ok,,end_frame_clipped_to_video_end
wlasl:01387,1387,1387,africa,76,train,F:/DMV/Recognizing-sign-language-at-the-word-level/data/datasets/WLASL/pose/rtmw_l/wholebody_133/nslt100/train/1387.npz,F:/DMV/Recognizing-sign-language-at-the-word-level/data/datasets/WLASL/branch_inputs/skeleton/rtmw_l/selected_27/nslt100/train/1387.npz,F:/DMV/Recognizing-sign-language-at-the-word-level/data/datasets/WLASL/branch_inputs/skeleton/rtmw_l/normalized/selected_27/nslt100/train/1387.npz,F:/DMV/Recognizing-sign-language-at-the-word-level/data/datasets/WLASL/branch_inputs/skeleton/rtmw_l/graph_tensors/selected_27/nslt100/train/1387.npz,wholebody_133,selected_27,"[0, 5, 6, 7, 8, 9, 10, 93, 95, 97, 99, 101, 103, 105, 107, 109, 111, 114, 116, 118, 120, 122, 124, 126, 128, 130, 132]",39,150,133,27,3,1,"[3, 150, 27, 1]",8.509001731872559,"clip_to_[0,288]x[0,384]_then_scale_to_[-1,1]",ok,,end_frame_clipped_to_video_end
wlasl:01388,1388,1388,africa,76,train,F:/DMV/Recognizing-sign-language-at-the-word-level/data/datasets/WLASL/pose/rtmw_l/wholebody_133/nslt100/train/1388.npz,F:/DMV/Recognizing-sign-language-at-the-word-level/data/datasets/WLASL/branch_inputs/skeleton/rtmw_l/selected_27/nslt100/train/1388.npz,F:/DMV/Recognizing-sign-language-at-the-word-level/data/datasets/WLASL/branch_inputs/skeleton/rtmw_l/normalized/selected_27/nslt100/train/1388.npz,F:/DMV/Recognizing-sign-language-at-the-word-level/data/datasets/WLASL/branch_inputs/skeleton/rtmw_l/graph_tensors/selected_27/nslt100/train/1388.npz,wholebody_133,selected_27,"[0, 5, 6, 7, 8, 9, 10, 93, 95, 97, 99, 101, 103, 105, 107, 109, 111, 114, 116, 118, 120, 122, 124, 126, 128, 130, 132]",104,150,133,27,3,1,"[3, 150, 27, 1]",8.509001731872559,"clip_to_[0,288]x[0,384]_then_scale_to_[-1,1]",ok,,
wlasl:14622,14622,14622,dance,58,train,F:/DMV/Recognizing-sign-language-at-the-word-level/data/datasets/WLASL/pose/rtmw_l/wholebody_133/nslt100/train/14622.npz,F:/DMV/Recognizing-sign-language-at-the-word-level/data/datasets/WLASL/branch_inputs/skeleton/rtmw_l/selected_27/nslt100/train/14622.npz,F:/DMV/Recognizing-sign-language-at-the-word-level/data/datasets/WLASL/branch_inputs/skeleton/rtmw_l/normalized/selected_27/nslt100/train/14622.npz,F:/DMV/Recognizing-sign-language-at-the-word-level/data/datasets/WLASL/branch_inputs/skeleton/rtmw_l/graph_tensors/selected_27/nslt100/train/14622.npz,wholebody_133,selected_27,"[0, 5, 6, 7, 8, 9, 10, 93, 95, 97, 99, 101, 103, 105, 107, 109, 111, 114, 116, 118, 120, 122, 124, 126, 128, 130, 132]",91,150,133,27,3,1,"[3, 150, 27, 1]",8.509001731872559,"clip_to_[0,288]x[0,384]_then_scale_to_[-1,1]",ok,,end_frame_clipped_to_video_end
wlasl:14623,14623,14623,dance,58,train,F:/DMV/Recognizing-sign-language-at-the-word-level/data/datasets/WLASL/pose/rtmw_l/wholebody_133/nslt100/train/14623.npz,F:/DMV/Recognizing-sign-language-at-the-word-level/data/datasets/WLASL/branch_inputs/skeleton/rtmw_l/selected_27/nslt100/train/14623.npz,F:/DMV/Recognizing-sign-language-at-the-word-level/data/datasets/WLASL/branch_inputs/skeleton/rtmw_l/normalized/selected_27/nslt100/train/14623.npz,F:/DMV/Recognizing-sign-language-at-the-word-level/data/datasets/WLASL/branch_inputs/skeleton/rtmw_l/graph_tensors/selected_27/nslt100/train/14623.npz,wholebody_133,selected_27,"[0, 5, 6, 7, 8, 9, 10, 93, 95, 97, 99, 101, 103, 105, 107, 109, 111, 114, 116, 118, 120, 122, 124, 126, 128, 130, 132]",88,150,133,27,3,1,"[3, 150, 27, 1]",8.509001731872559,"clip_to_[0,288]x[0,384]_then_scale_to_[-1,1]",ok,,
wlasl:14624,14624,14624,dance,58,train,F:/DMV/Recognizing-sign-language-at-the-word-level/data/datasets/WLASL/pose/rtmw_l/wholebody_133/nslt100/train/14624.npz,F:/DMV/Recognizing-sign-language-at-the-word-level/data/datasets/WLASL/branch_inputs/skeleton/rtmw_l/selected_27/nslt100/train/14624.npz,F:/DMV/Recognizing-sign-language-at-the-word-level/data/datasets/WLASL/branch_inputs/skeleton/rtmw_l/normalized/selected_27/nslt100/train/14624.npz,F:/DMV/Recognizing-sign-language-at-the-word-level/data/datasets/WLASL/branch_inputs/skeleton/rtmw_l/graph_tensors/selected_27/nslt100/train/14624.npz,wholebody_133,selected_27,"[0, 5, 6, 7, 8, 9, 10, 93, 95, 97, 99, 101, 103, 105, 107, 109, 111, 114, 116, 118, 120, 122, 124, 126, 128, 130, 132]",38,150,133,27,3,1,"[3, 150, 27, 1]",8.509001731872559,"clip_to_[0,288]x[0,384]_then_scale_to_[-1,1]",ok,,end_frame_clipped_to_video_end
wlasl:14625,14625,14625,dance,58,train,F:/DMV/Recognizing-sign-language-at-the-word-level/data/datasets/WLASL/pose/rtmw_l/wholebody_133/nslt100/train/14625.npz,F:/DMV/Recognizing-sign-language-at-the-word-level/data/datasets/WLASL/branch_inputs/skeleton/rtmw_l/selected_27/nslt100/train/14625.npz,F:/DMV/Recognizing-sign-language-at-the-word-level/data/datasets/WLASL/branch_inputs/skeleton/rtmw_l/normalized/selected_27/nslt100/train/14625.npz,F:/DMV/Recognizing-sign-language-at-the-word-level/data/datasets/WLASL/branch_inputs/skeleton/rtmw_l/graph_tensors/selected_27/nslt100/train/14625.npz,wholebody_133,selected_27,"[0, 5, 6, 7, 8, 9, 10, 93, 95, 97, 99, 101, 103, 105, 107, 109, 111, 114, 116, 118, 120, 122, 124, 126, 128, 130, 132]",67,150,133,27,3,1,"[3, 150, 27, 1]",8.509001731872559,"clip_to_[0,288]x[0,384]_then_scale_to_[-1,1]",ok,,
wlasl:14627,14627,14627,dance,58,train,F:/DMV/Recognizing-sign-language-at-the-word-level/data/datasets/WLASL/pose/rtmw_l/wholebody_133/nslt100/train/14627.npz,F:/DMV/Recognizing-sign-language-at-the-word-level/data/datasets/WLASL/branch_inputs/skeleton/rtmw_l/selected_27/nslt100/train/14627.npz,F:/DMV/Recognizing-sign-language-at-the-word-level/data/datasets/WLASL/branch_inputs/skeleton/rtmw_l/normalized/selected_27/nslt100/train/14627.npz,F:/DMV/Recognizing-sign-language-at-the-word-level/data/datasets/WLASL/branch_inputs/skeleton/rtmw_l/graph_tensors/selected_27/nslt100/train/14627.npz,wholebody_133,selected_27,"[0, 5, 6, 7, 8, 9, 10, 93, 95, 97, 99, 101, 103, 105, 107, 109, 111, 114, 116, 118, 120, 122, 124, 126, 128, 130, 132]",41,150,133,27,3,1,"[3, 150, 27, 1]",8.509001731872559,"clip_to_[0,288]x[0,384]_then_scale_to_[-1,1]",ok,,
wlasl:14633,14633,14633,dance,58,train,F:/DMV/Recognizing-sign-language-at-the-word-level/data/datasets/WLASL/pose/rtmw_l/wholebody_133/nslt100/train/14633.npz,F:/DMV/Recognizing-sign-language-at-the-word-level/data/datasets/WLASL/branch_inputs/skeleton/rtmw_l/selected_27/nslt100/train/14633.npz,F:/DMV/Recognizing-sign-language-at-the-word-level/data/datasets/WLASL/branch_inputs/skeleton/rtmw_l/normalized/selected_27/nslt100/train/14633.npz,F:/DMV/Recognizing-sign-language-at-the-word-level/data/datasets/WLASL/branch_inputs/skeleton/rtmw_l/graph_tensors/selected_27/nslt100/train/14633.npz,wholebody_133,selected_27,"[0, 5, 6, 7, 8, 9, 10, 93, 95, 97, 99, 101, 103, 105, 107, 109, 111, 114, 116, 118, 120, 122, 124, 126, 128, 130, 132]",92,150,133,27,3,1,"[3, 150, 27, 1]",8.509001731872559,"clip_to_[0,288]x[0,384]_then_scale_to_[-1,1]",ok,,
wlasl:14671,14671,14671,dark,59,train,F:/DMV/Recognizing-sign-language-at-the-word-level/data/datasets/WLASL/pose/rtmw_l/wholebody_133/nslt100/train/14671.npz,F:/DMV/Recognizing-sign-language-at-the-word-level/data/datasets/WLASL/branch_inputs/skeleton/rtmw_l/selected_27/nslt100/train/14671.npz,F:/DMV/Recognizing-sign-language-at-the-word-level/data/datasets/WLASL/branch_inputs/skeleton/rtmw_l/normalized/selected_27/nslt100/train/14671.npz,F:/DMV/Recognizing-sign-language-at-the-word-level/data/datasets/WLASL/branch_inputs/skeleton/rtmw_l/graph_tensors/selected_27/nslt100/train/14671.npz,wholebody_133,selected_27,"[0, 5, 6, 7, 8, 9, 10, 93, 95, 97, 99, 101, 103, 105, 107, 109, 111, 114, 116, 118, 120, 122, 124, 126, 128, 130, 132]",77,150,133,27,3,1,"[3, 150, 27, 1]",8.509001731872559,"clip_to_[0,288]x[0,384]_then_scale_to_[-1,1]",ok,,
wlasl:14674,14674,14674,dark,59,train,F:/DMV/Recognizing-sign-language-at-the-word-level/data/datasets/WLASL/pose/rtmw_l/wholebody_133/nslt100/train/14674.npz,F:/DMV/Recognizing-sign-language-at-the-word-level/data/datasets/WLASL/branch_inputs/skeleton/rtmw_l/selected_27/nslt100/train/14674.npz,F:/DMV/Recognizing-sign-language-at-the-word-level/data/datasets/WLASL/branch_inputs/skeleton/rtmw_l/normalized/selected_27/nslt100/train/14674.npz,F:/DMV/Recognizing-sign-language-at-the-word-level/data/datasets/WLASL/branch_inputs/skeleton/rtmw_l/graph_tensors/selected_27/nslt100/train/14674.npz,wholebody_133,selected_27,"[0, 5, 6, 7, 8, 9, 10, 93, 95, 97, 99, 101, 103, 105, 107, 109, 111, 114, 116, 118, 120, 122, 124, 126, 128, 130, 132]",35,150,133,27,3,1,"[3, 150, 27, 1]",8.509001731872559,"clip_to_[0,288]x[0,384]_then_scale_to_[-1,1]",ok,,end_frame_clipped_to_video_end
wlasl:14675,14675,14675,dark,59,train,F:/DMV/Recognizing-sign-language-at-the-word-level/data/datasets/WLASL/pose/rtmw_l/wholebody_133/nslt100/train/14675.npz,F:/DMV/Recognizing-sign-language-at-the-word-level/data/datasets/WLASL/branch_inputs/skeleton/rtmw_l/selected_27/nslt100/train/14675.npz,F:/DMV/Recognizing-sign-language-at-the-word-level/data/datasets/WLASL/branch_inputs/skeleton/rtmw_l/normalized/selected_27/nslt100/train/14675.npz,F:/DMV/Recognizing-sign-language-at-the-word-level/data/datasets/WLASL/branch_inputs/skeleton/rtmw_l/graph_tensors/selected_27/nslt100/train/14675.npz,wholebody_133,selected_27,"[0, 5, 6, 7, 8, 9, 10, 93, 95, 97, 99, 101, 103, 105, 107, 109, 111, 114, 116, 118, 120, 122, 124, 126, 128, 130, 132]",67,150,133,27,3,1,"[3, 150, 27, 1]",8.509001731872559,"clip_to_[0,288]x[0,384]_then_scale_to_[-1,1]",ok,,
wlasl:14676,14676,14676,dark,59,train,F:/DMV/Recognizing-sign-language-at-the-word-level/data/datasets/WLASL/pose/rtmw_l/wholebody_133/nslt100/train/14676.npz,F:/DMV/Recognizing-sign-language-at-the-word-level/data/datasets/WLASL/branch_inputs/skeleton/rtmw_l/selected_27/nslt100/train/14676.npz,F:/DMV/Recognizing-sign-language-at-the-word-level/data/datasets/WLASL/branch_inputs/skeleton/rtmw_l/normalized/selected_27/nslt100/train/14676.npz,F:/DMV/Recognizing-sign-language-at-the-word-level/data/datasets/WLASL/branch_inputs/skeleton/rtmw_l/graph_tensors/selected_27/nslt100/train/14676.npz,wholebody_133,selected_27,"[0, 5, 6, 7, 8, 9, 10, 93, 95, 97, 99, 101, 103, 105, 107, 109, 111, 114, 116, 118, 120, 122, 124, 126, 128, 130, 132]",71,150,133,27,3,1,"[3, 150, 27, 1]",8.509001731872559,"clip_to_[0,288]x[0,384]_then_scale_to_[-1,1]",ok,,
wlasl:14680,14680,14680,dark,59,train,F:/DMV/Recognizing-sign-language-at-the-word-level/data/datasets/WLASL/pose/rtmw_l/wholebody_133/nslt100/train/14680.npz,F:/DMV/Recognizing-sign-language-at-the-word-level/data/datasets/WLASL/branch_inputs/skeleton/rtmw_l/selected_27/nslt100/train/14680.npz,F:/DMV/Recognizing-sign-language-at-the-word-level/data/datasets/WLASL/branch_inputs/skeleton/rtmw_l/normalized/selected_27/nslt100/train/14680.npz,F:/DMV/Recognizing-sign-language-at-the-word-level/data/datasets/WLASL/branch_inputs/skeleton/rtmw_l/graph_tensors/selected_27/nslt100/train/14680.npz,wholebody_133,selected_27,"[0, 5, 6, 7, 8, 9, 10, 93, 95, 97, 99, 101, 103, 105, 107, 109, 111, 114, 116, 118, 120, 122, 124, 126, 128, 130, 132]",31,150,133,27,3,1,"[3, 150, 27, 1]",8.509001731872559,"clip_to_[0,288]x[0,384]_then_scale_to_[-1,1]",ok,,
wlasl:14681,14681,14681,dark,59,train,F:/DMV/Recognizing-sign-language-at-the-word-level/data/datasets/WLASL/pose/rtmw_l/wholebody_133/nslt100/train/14681.npz,F:/DMV/Recognizing-sign-language-at-the-word-level/data/datasets/WLASL/branch_inputs/skeleton/rtmw_l/selected_27/nslt100/train/14681.npz,F:/DMV/Recognizing-sign-language-at-the-word-level/data/datasets/WLASL/branch_inputs/skeleton/rtmw_l/normalized/selected_27/nslt100/train/14681.npz,F:/DMV/Recognizing-sign-language-at-the-word-level/data/datasets/WLASL/branch_inputs/skeleton/rtmw_l/graph_tensors/selected_27/nslt100/train/14681.npz,wholebody_133,selected_27,"[0, 5, 6, 7, 8, 9, 10, 93, 95, 97, 99, 101, 103, 105, 107, 109, 111, 114, 116, 118, 120, 122, 124, 126, 128, 130, 132]",43,150,133,27,3,1,"[3, 150, 27, 1]",8.509001731872559,"clip_to_[0,288]x[0,384]_then_scale_to_[-1,1]",ok,,
wlasl:14882,14882,14882,deaf,10,train,F:/DMV/Recognizing-sign-language-at-the-word-level/data/datasets/WLASL/pose/rtmw_l/wholebody_133/nslt100/train/14882.npz,F:/DMV/Recognizing-sign-language-at-the-word-level/data/datasets/WLASL/branch_inputs/skeleton/rtmw_l/selected_27/nslt100/train/14882.npz,F:/DMV/Recognizing-sign-language-at-the-word-level/data/datasets/WLASL/branch_inputs/skeleton/rtmw_l/normalized/selected_27/nslt100/train/14882.npz,F:/DMV/Recognizing-sign-language-at-the-word-level/data/datasets/WLASL/branch_inputs/skeleton/rtmw_l/graph_tensors/selected_27/nslt100/train/14882.npz,wholebody_133,selected_27,"[0, 5, 6, 7, 8, 9, 10, 93, 95, 97, 99, 101, 103, 105, 107, 109, 111, 114, 116, 118, 120, 122, 124, 126, 128, 130, 132]",92,150,133,27,3,1,"[3, 150, 27, 1]",8.509001731872559,"clip_to_[0,288]x[0,384]_then_scale_to_[-1,1]",ok,,
wlasl:14884,14884,14884,deaf,10,train,F:/DMV/Recognizing-sign-language-at-the-word-level/data/datasets/WLASL/pose/rtmw_l/wholebody_133/nslt100/train/14884.npz,F:/DMV/Recognizing-sign-language-at-the-word-level/data/datasets/WLASL/branch_inputs/skeleton/rtmw_l/selected_27/nslt100/train/14884.npz,F:/DMV/Recognizing-sign-language-at-the-word-level/data/datasets/WLASL/branch_inputs/skeleton/rtmw_l/normalized/selected_27/nslt100/train/14884.npz,F:/DMV/Recognizing-sign-language-at-the-word-level/data/datasets/WLASL/branch_inputs/skeleton/rtmw_l/graph_tensors/selected_27/nslt100/train/14884.npz,wholebody_133,selected_27,"[0, 5, 6, 7, 8, 9, 10, 93, 95, 97, 99, 101, 103, 105, 107, 109, 111, 114, 116, 118, 120, 122, 124, 126, 128, 130, 132]",33,150,133,27,3,1,"[3, 150, 27, 1]",8.509001731872559,"clip_to_[0,288]x[0,384]_then_scale_to_[-1,1]",ok,,
wlasl:14885,14885,14885,deaf,10,train,F:/DMV/Recognizing-sign-language-at-the-word-level/data/datasets/WLASL/pose/rtmw_l/wholebody_133/nslt100/train/14885.npz,F:/DMV/Recognizing-sign-language-at-the-word-level/data/datasets/WLASL/branch_inputs/skeleton/rtmw_l/selected_27/nslt100/train/14885.npz,F:/DMV/Recognizing-sign-language-at-the-word-level/data/datasets/WLASL/branch_inputs/skeleton/rtmw_l/normalized/selected_27/nslt100/train/14885.npz,F:/DMV/Recognizing-sign-language-at-the-word-level/data/datasets/WLASL/branch_inputs/skeleton/rtmw_l/graph_tensors/selected_27/nslt100/train/14885.npz,wholebody_133,selected_27,"[0, 5, 6, 7, 8, 9, 10, 93, 95, 97, 99, 101, 103, 105, 107, 109, 111, 114, 116, 118, 120, 122, 124, 126, 128, 130, 132]",23,150,133,27,3,1,"[3, 150, 27, 1]",8.509001731872559,"clip_to_[0,288]x[0,384]_then_scale_to_[-1,1]",ok,,
wlasl:14886,14886,14886,deaf,10,train,F:/DMV/Recognizing-sign-language-at-the-word-level/data/datasets/WLASL/pose/rtmw_l/wholebody_133/nslt100/train/14886.npz,F:/DMV/Recognizing-sign-language-at-the-word-level/data/datasets/WLASL/branch_inputs/skeleton/rtmw_l/selected_27/nslt100/train/14886.npz,F:/DMV/Recognizing-sign-language-at-the-word-level/data/datasets/WLASL/branch_inputs/skeleton/rtmw_l/normalized/selected_27/nslt100/train/14886.npz,F:/DMV/Recognizing-sign-language-at-the-word-level/data/datasets/WLASL/branch_inputs/skeleton/rtmw_l/graph_tensors/selected_27/nslt100/train/14886.npz,wholebody_133,selected_27,"[0, 5, 6, 7, 8, 9, 10, 93, 95, 97, 99, 101, 103, 105, 107, 109, 111, 114, 116, 118, 120, 122, 124, 126, 128, 130, 132]",33,150,133,27,3,1,"[3, 150, 27, 1]",8.509001731872559,"clip_to_[0,288]x[0,384]_then_scale_to_[-1,1]",ok,,
wlasl:14893,14893,14893,deaf,10,train,F:/DMV/Recognizing-sign-language-at-the-word-level/data/datasets/WLASL/pose/rtmw_l/wholebody_133/nslt100/train/14893.npz,F:/DMV/Recognizing-sign-language-at-the-word-level/data/datasets/WLASL/branch_inputs/skeleton/rtmw_l/selected_27/nslt100/train/14893.npz,F:/DMV/Recognizing-sign-language-at-the-word-level/data/datasets/WLASL/branch_inputs/skeleton/rtmw_l/normalized/selected_27/nslt100/train/14893.npz,F:/DMV/Recognizing-sign-language-at-the-word-level/data/datasets/WLASL/branch_inputs/skeleton/rtmw_l/graph_tensors/selected_27/nslt100/train/14893.npz,wholebody_133,selected_27,"[0, 5, 6, 7, 8, 9, 10, 93, 95, 97, 99, 101, 103, 105, 107, 109, 111, 114, 116, 118, 120, 122, 124, 126, 128, 130, 132]",38,150,133,27,3,1,"[3, 150, 27, 1]",8.509001731872559,"clip_to_[0,288]x[0,384]_then_scale_to_[-1,1]",ok,,
wlasl:14894,14894,14894,deaf,10,train,F:/DMV/Recognizing-sign-language-at-the-word-level/data/datasets/WLASL/pose/rtmw_l/wholebody_133/nslt100/train/14894.npz,F:/DMV/Recognizing-sign-language-at-the-word-level/data/datasets/WLASL/branch_inputs/skeleton/rtmw_l/selected_27/nslt100/train/14894.npz,F:/DMV/Recognizing-sign-language-at-the-word-level/data/datasets/WLASL/branch_inputs/skeleton/rtmw_l/normalized/selected_27/nslt100/train/14894.npz,F:/DMV/Recognizing-sign-language-at-the-word-level/data/datasets/WLASL/branch_inputs/skeleton/rtmw_l/graph_tensors/selected_27/nslt100/train/14894.npz,wholebody_133,selected_27,"[0, 5, 6, 7, 8, 9, 10, 93, 95, 97, 99, 101, 103, 105, 107, 109, 111, 114, 116, 118, 120, 122, 124, 126, 128, 130, 132]",34,150,133,27,3,1,"[3, 150, 27, 1]",8.509001731872559,"clip_to_[0,288]x[0,384]_then_scale_to_[-1,1]",ok,,
wlasl:15032,15032,15032,decide,84,train,F:/DMV/Recognizing-sign-language-at-the-word-level/data/datasets/WLASL/pose/rtmw_l/wholebody_133/nslt100/train/15032.npz,F:/DMV/Recognizing-sign-language-at-the-word-level/data/datasets/WLASL/branch_inputs/skeleton/rtmw_l/selected_27/nslt100/train/15032.npz,F:/DMV/Recognizing-sign-language-at-the-word-level/data/datasets/WLASL/branch_inputs/skeleton/rtmw_l/normalized/selected_27/nslt100/train/15032.npz,F:/DMV/Recognizing-sign-language-at-the-word-level/data/datasets/WLASL/branch_inputs/skeleton/rtmw_l/graph_tensors/selected_27/nslt100/train/15032.npz,wholebody_133,selected_27,"[0, 5, 6, 7, 8, 9, 10, 93, 95, 97, 99, 101, 103, 105, 107, 109, 111, 114, 116, 118, 120, 122, 124, 126, 128, 130, 132]",58,150,133,27,3,1,"[3, 150, 27, 1]",8.509001731872559,"clip_to_[0,288]x[0,384]_then_scale_to_[-1,1]",ok,,
wlasl:15033,15033,15033,decide,84,train,F:/DMV/Recognizing-sign-language-at-the-word-level/data/datasets/WLASL/pose/rtmw_l/wholebody_133/nslt100/train/15033.npz,F:/DMV/Recognizing-sign-language-at-the-word-level/data/datasets/WLASL/branch_inputs/skeleton/rtmw_l/selected_27/nslt100/train/15033.npz,F:/DMV/Recognizing-sign-language-at-the-word-level/data/datasets/WLASL/branch_inputs/skeleton/rtmw_l/normalized/selected_27/nslt100/train/15033.npz,F:/DMV/Recognizing-sign-language-at-the-word-level/data/datasets/WLASL/branch_inputs/skeleton/rtmw_l/graph_tensors/selected_27/nslt100/train/15033.npz,wholebody_133,selected_27,"[0, 5, 6, 7, 8, 9, 10, 93, 95, 97, 99, 101, 103, 105, 107, 109, 111, 114, 116, 118, 120, 122, 124, 126, 128, 130, 132]",45,150,133,27,3,1,"[3, 150, 27, 1]",8.509001731872559,"clip_to_[0,288]x[0,384]_then_scale_to_[-1,1]",ok,,
wlasl:15034,15034,15034,decide,84,train,F:/DMV/Recognizing-sign-language-at-the-word-level/data/datasets/WLASL/pose/rtmw_l/wholebody_133/nslt100/train/15034.npz,F:/DMV/Recognizing-sign-language-at-the-word-level/data/datasets/WLASL/branch_inputs/skeleton/rtmw_l/selected_27/nslt100/train/15034.npz,F:/DMV/Recognizing-sign-language-at-the-word-level/data/datasets/WLASL/branch_inputs/skeleton/rtmw_l/normalized/selected_27/nslt100/train/15034.npz,F:/DMV/Recognizing-sign-language-at-the-word-level/data/datasets/WLASL/branch_inputs/skeleton/rtmw_l/graph_tensors/selected_27/nslt100/train/15034.npz,wholebody_133,selected_27,"[0, 5, 6, 7, 8, 9, 10, 93, 95, 97, 99, 101, 103, 105, 107, 109, 111, 114, 116, 118, 120, 122, 124, 126, 128, 130, 132]",28,150,133,27,3,1,"[3, 150, 27, 1]",8.509001731872559,"clip_to_[0,288]x[0,384]_then_scale_to_[-1,1]",ok,,end_frame_clipped_to_video_end
wlasl:15035,15035,15035,decide,84,train,F:/DMV/Recognizing-sign-language-at-the-word-level/data/datasets/WLASL/pose/rtmw_l/wholebody_133/nslt100/train/15035.npz,F:/DMV/Recognizing-sign-language-at-the-word-level/data/datasets/WLASL/branch_inputs/skeleton/rtmw_l/selected_27/nslt100/train/15035.npz,F:/DMV/Recognizing-sign-language-at-the-word-level/data/datasets/WLASL/branch_inputs/skeleton/rtmw_l/normalized/selected_27/nslt100/train/15035.npz,F:/DMV/Recognizing-sign-language-at-the-word-level/data/datasets/WLASL/branch_inputs/skeleton/rtmw_l/graph_tensors/selected_27/nslt100/train/15035.npz,wholebody_133,selected_27,"[0, 5, 6, 7, 8, 9, 10, 93, 95, 97, 99, 101, 103, 105, 107, 109, 111, 114, 116, 118, 120, 122, 124, 126, 128, 130, 132]",65,150,133,27,3,1,"[3, 150, 27, 1]",8.509001731872559,"clip_to_[0,288]x[0,384]_then_scale_to_[-1,1]",ok,,
wlasl:15038,15038,15038,decide,84,train,F:/DMV/Recognizing-sign-language-at-the-word-level/data/datasets/WLASL/pose/rtmw_l/wholebody_133/nslt100/train/15038.npz,F:/DMV/Recognizing-sign-language-at-the-word-level/data/datasets/WLASL/branch_inputs/skeleton/rtmw_l/selected_27/nslt100/train/15038.npz,F:/DMV/Recognizing-sign-language-at-the-word-level/data/datasets/WLASL/branch_inputs/skeleton/rtmw_l/normalized/selected_27/nslt100/train/15038.npz,F:/DMV/Recognizing-sign-language-at-the-word-level/data/datasets/WLASL/branch_inputs/skeleton/rtmw_l/graph_tensors/selected_27/nslt100/train/15038.npz,wholebody_133,selected_27,"[0, 5, 6, 7, 8, 9, 10, 93, 95, 97, 99, 101, 103, 105, 107, 109, 111, 114, 116, 118, 120, 122, 124, 126, 128, 130, 132]",45,150,133,27,3,1,"[3, 150, 27, 1]",8.509001731872559,"clip_to_[0,288]x[0,384]_then_scale_to_[-1,1]",ok,,
wlasl:17013,17013,17013,doctor,60,train,F:/DMV/Recognizing-sign-language-at-the-word-level/data/datasets/WLASL/pose/rtmw_l/wholebody_133/nslt100/train/17013.npz,F:/DMV/Recognizing-sign-language-at-the-word-level/data/datasets/WLASL/branch_inputs/skeleton/rtmw_l/selected_27/nslt100/train/17013.npz,F:/DMV/Recognizing-sign-language-at-the-word-level/data/datasets/WLASL/branch_inputs/skeleton/rtmw_l/normalized/selected_27/nslt100/train/17013.npz,F:/DMV/Recognizing-sign-language-at-the-word-level/data/datasets/WLASL/branch_inputs/skeleton/rtmw_l/graph_tensors/selected_27/nslt100/train/17013.npz,wholebody_133,selected_27,"[0, 5, 6, 7, 8, 9, 10, 93, 95, 97, 99, 101, 103, 105, 107, 109, 111, 114, 116, 118, 120, 122, 124, 126, 128, 130, 132]",73,150,133,27,3,1,"[3, 150, 27, 1]",8.509001731872559,"clip_to_[0,288]x[0,384]_then_scale_to_[-1,1]",ok,,end_frame_clipped_to_video_end
wlasl:17014,17014,17014,doctor,60,train,F:/DMV/Recognizing-sign-language-at-the-word-level/data/datasets/WLASL/pose/rtmw_l/wholebody_133/nslt100/train/17014.npz,F:/DMV/Recognizing-sign-language-at-the-word-level/data/datasets/WLASL/branch_inputs/skeleton/rtmw_l/selected_27/nslt100/train/17014.npz,F:/DMV/Recognizing-sign-language-at-the-word-level/data/datasets/WLASL/branch_inputs/skeleton/rtmw_l/normalized/selected_27/nslt100/train/17014.npz,F:/DMV/Recognizing-sign-language-at-the-word-level/data/datasets/WLASL/branch_inputs/skeleton/rtmw_l/graph_tensors/selected_27/nslt100/train/17014.npz,wholebody_133,selected_27,"[0, 5, 6, 7, 8, 9, 10, 93, 95, 97, 99, 101, 103, 105, 107, 109, 111, 114, 116, 118, 120, 122, 124, 126, 128, 130, 132]",75,150,133,27,3,1,"[3, 150, 27, 1]",8.509001731872559,"clip_to_[0,288]x[0,384]_then_scale_to_[-1,1]",ok,,
wlasl:17015,17015,17015,doctor,60,train,F:/DMV/Recognizing-sign-language-at-the-word-level/data/datasets/WLASL/pose/rtmw_l/wholebody_133/nslt100/train/17015.npz,F:/DMV/Recognizing-sign-language-at-the-word-level/data/datasets/WLASL/branch_inputs/skeleton/rtmw_l/selected_27/nslt100/train/17015.npz,F:/DMV/Recognizing-sign-language-at-the-word-level/data/datasets/WLASL/branch_inputs/skeleton/rtmw_l/normalized/selected_27/nslt100/train/17015.npz,F:/DMV/Recognizing-sign-language-at-the-word-level/data/datasets/WLASL/branch_inputs/skeleton/rtmw_l/graph_tensors/selected_27/nslt100/train/17015.npz,wholebody_133,selected_27,"[0, 5, 6, 7, 8, 9, 10, 93, 95, 97, 99, 101, 103, 105, 107, 109, 111, 114, 116, 118, 120, 122, 124, 126, 128, 130, 132]",93,150,133,27,3,1,"[3, 150, 27, 1]",8.509001731872559,"clip_to_[0,288]x[0,384]_then_scale_to_[-1,1]",ok,,
wlasl:17017,17017,17017,doctor,60,train,F:/DMV/Recognizing-sign-language-at-the-word-level/data/datasets/WLASL/pose/rtmw_l/wholebody_133/nslt100/train/17017.npz,F:/DMV/Recognizing-sign-language-at-the-word-level/data/datasets/WLASL/branch_inputs/skeleton/rtmw_l/selected_27/nslt100/train/17017.npz,F:/DMV/Recognizing-sign-language-at-the-word-level/data/datasets/WLASL/branch_inputs/skeleton/rtmw_l/normalized/selected_27/nslt100/train/17017.npz,F:/DMV/Recognizing-sign-language-at-the-word-level/data/datasets/WLASL/branch_inputs/skeleton/rtmw_l/graph_tensors/selected_27/nslt100/train/17017.npz,wholebody_133,selected_27,"[0, 5, 6, 7, 8, 9, 10, 93, 95, 97, 99, 101, 103, 105, 107, 109, 111, 114, 116, 118, 120, 122, 124, 126, 128, 130, 132]",73,150,133,27,3,1,"[3, 150, 27, 1]",8.509001731872559,"clip_to_[0,288]x[0,384]_then_scale_to_[-1,1]",ok,,
wlasl:17019,17019,17019,doctor,60,train,F:/DMV/Recognizing-sign-language-at-the-word-level/data/datasets/WLASL/pose/rtmw_l/wholebody_133/nslt100/train/17019.npz,F:/DMV/Recognizing-sign-language-at-the-word-level/data/datasets/WLASL/branch_inputs/skeleton/rtmw_l/selected_27/nslt100/train/17019.npz,F:/DMV/Recognizing-sign-language-at-the-word-level/data/datasets/WLASL/branch_inputs/skeleton/rtmw_l/normalized/selected_27/nslt100/train/17019.npz,F:/DMV/Recognizing-sign-language-at-the-word-level/data/datasets/WLASL/branch_inputs/skeleton/rtmw_l/graph_tensors/selected_27/nslt100/train/17019.npz,wholebody_133,selected_27,"[0, 5, 6, 7, 8, 9, 10, 93, 95, 97, 99, 101, 103, 105, 107, 109, 111, 114, 116, 118, 120, 122, 124, 126, 128, 130, 132]",41,150,133,27,3,1,"[3, 150, 27, 1]",8.509001731872559,"clip_to_[0,288]x[0,384]_then_scale_to_[-1,1]",ok,,
wlasl:17026,17026,17026,doctor,60,train,F:/DMV/Recognizing-sign-language-at-the-word-level/data/datasets/WLASL/pose/rtmw_l/wholebody_133/nslt100/train/17026.npz,F:/DMV/Recognizing-sign-language-at-the-word-level/data/datasets/WLASL/branch_inputs/skeleton/rtmw_l/selected_27/nslt100/train/17026.npz,F:/DMV/Recognizing-sign-language-at-the-word-level/data/datasets/WLASL/branch_inputs/skeleton/rtmw_l/normalized/selected_27/nslt100/train/17026.npz,F:/DMV/Recognizing-sign-language-at-the-word-level/data/datasets/WLASL/branch_inputs/skeleton/rtmw_l/graph_tensors/selected_27/nslt100/train/17026.npz,wholebody_133,selected_27,"[0, 5, 6, 7, 8, 9, 10, 93, 95, 97, 99, 101, 103, 105, 107, 109, 111, 114, 116, 118, 120, 122, 124, 126, 128, 130, 132]",88,150,133,27,3,1,"[3, 150, 27, 1]",8.509001731872559,"clip_to_[0,288]x[0,384]_then_scale_to_[-1,1]",ok,,
wlasl:17084,17084,17084,dog,36,train,F:/DMV/Recognizing-sign-language-at-the-word-level/data/datasets/WLASL/pose/rtmw_l/wholebody_133/nslt100/train/17084.npz,F:/DMV/Recognizing-sign-language-at-the-word-level/data/datasets/WLASL/branch_inputs/skeleton/rtmw_l/selected_27/nslt100/train/17084.npz,F:/DMV/Recognizing-sign-language-at-the-word-level/data/datasets/WLASL/branch_inputs/skeleton/rtmw_l/normalized/selected_27/nslt100/train/17084.npz,F:/DMV/Recognizing-sign-language-at-the-word-level/data/datasets/WLASL/branch_inputs/skeleton/rtmw_l/graph_tensors/selected_27/nslt100/train/17084.npz,wholebody_133,selected_27,"[0, 5, 6, 7, 8, 9, 10, 93, 95, 97, 99, 101, 103, 105, 107, 109, 111, 114, 116, 118, 120, 122, 124, 126, 128, 130, 132]",57,150,133,27,3,1,"[3, 150, 27, 1]",8.509001731872559,"clip_to_[0,288]x[0,384]_then_scale_to_[-1,1]",ok,,end_frame_clipped_to_video_end
wlasl:17085,17085,17085,dog,36,train,F:/DMV/Recognizing-sign-language-at-the-word-level/data/datasets/WLASL/pose/rtmw_l/wholebody_133/nslt100/train/17085.npz,F:/DMV/Recognizing-sign-language-at-the-word-level/data/datasets/WLASL/branch_inputs/skeleton/rtmw_l/selected_27/nslt100/train/17085.npz,F:/DMV/Recognizing-sign-language-at-the-word-level/data/datasets/WLASL/branch_inputs/skeleton/rtmw_l/normalized/selected_27/nslt100/train/17085.npz,F:/DMV/Recognizing-sign-language-at-the-word-level/data/datasets/WLASL/branch_inputs/skeleton/rtmw_l/graph_tensors/selected_27/nslt100/train/17085.npz,wholebody_133,selected_27,"[0, 5, 6, 7, 8, 9, 10, 93, 95, 97, 99, 101, 103, 105, 107, 109, 111, 114, 116, 118, 120, 122, 124, 126, 128, 130, 132]",58,150,133,27,3,1,"[3, 150, 27, 1]",8.509001731872559,"clip_to_[0,288]x[0,384]_then_scale_to_[-1,1]",ok,,
wlasl:17086,17086,17086,dog,36,train,F:/DMV/Recognizing-sign-language-at-the-word-level/data/datasets/WLASL/pose/rtmw_l/wholebody_133/nslt100/train/17086.npz,F:/DMV/Recognizing-sign-language-at-the-word-level/data/datasets/WLASL/branch_inputs/skeleton/rtmw_l/selected_27/nslt100/train/17086.npz,F:/DMV/Recognizing-sign-language-at-the-word-level/data/datasets/WLASL/branch_inputs/skeleton/rtmw_l/normalized/selected_27/nslt100/train/17086.npz,F:/DMV/Recognizing-sign-language-at-the-word-level/data/datasets/WLASL/branch_inputs/skeleton/rtmw_l/graph_tensors/selected_27/nslt100/train/17086.npz,wholebody_133,selected_27,"[0, 5, 6, 7, 8, 9, 10, 93, 95, 97, 99, 101, 103, 105, 107, 109, 111, 114, 116, 118, 120, 122, 124, 126, 128, 130, 132]",66,150,133,27,3,1,"[3, 150, 27, 1]",8.509001731872559,"clip_to_[0,288]x[0,384]_then_scale_to_[-1,1]",ok,,
wlasl:17087,17087,17087,dog,36,train,F:/DMV/Recognizing-sign-language-at-the-word-level/data/datasets/WLASL/pose/rtmw_l/wholebody_133/nslt100/train/17087.npz,F:/DMV/Recognizing-sign-language-at-the-word-level/data/datasets/WLASL/branch_inputs/skeleton/rtmw_l/selected_27/nslt100/train/17087.npz,F:/DMV/Recognizing-sign-language-at-the-word-level/data/datasets/WLASL/branch_inputs/skeleton/rtmw_l/normalized/selected_27/nslt100/train/17087.npz,F:/DMV/Recognizing-sign-language-at-the-word-level/data/datasets/WLASL/branch_inputs/skeleton/rtmw_l/graph_tensors/selected_27/nslt100/train/17087.npz,wholebody_133,selected_27,"[0, 5, 6, 7, 8, 9, 10, 93, 95, 97, 99, 101, 103, 105, 107, 109, 111, 114, 116, 118, 120, 122, 124, 126, 128, 130, 132]",82,150,133,27,3,1,"[3, 150, 27, 1]",8.509001731872559,"clip_to_[0,288]x[0,384]_then_scale_to_[-1,1]",ok,,
wlasl:17090,17090,17090,dog,36,train,F:/DMV/Recognizing-sign-language-at-the-word-level/data/datasets/WLASL/pose/rtmw_l/wholebody_133/nslt100/train/17090.npz,F:/DMV/Recognizing-sign-language-at-the-word-level/data/datasets/WLASL/branch_inputs/skeleton/rtmw_l/selected_27/nslt100/train/17090.npz,F:/DMV/Recognizing-sign-language-at-the-word-level/data/datasets/WLASL/branch_inputs/skeleton/rtmw_l/normalized/selected_27/nslt100/train/17090.npz,F:/DMV/Recognizing-sign-language-at-the-word-level/data/datasets/WLASL/branch_inputs/skeleton/rtmw_l/graph_tensors/selected_27/nslt100/train/17090.npz,wholebody_133,selected_27,"[0, 5, 6, 7, 8, 9, 10, 93, 95, 97, 99, 101, 103, 105, 107, 109, 111, 114, 116, 118, 120, 122, 124, 126, 128, 130, 132]",44,150,133,27,3,1,"[3, 150, 27, 1]",8.509001731872559,"clip_to_[0,288]x[0,384]_then_scale_to_[-1,1]",ok,,
wlasl:17091,17091,17091,dog,36,train,F:/DMV/Recognizing-sign-language-at-the-word-level/data/datasets/WLASL/pose/rtmw_l/wholebody_133/nslt100/train/17091.npz,F:/DMV/Recognizing-sign-language-at-the-word-level/data/datasets/WLASL/branch_inputs/skeleton/rtmw_l/selected_27/nslt100/train/17091.npz,F:/DMV/Recognizing-sign-language-at-the-word-level/data/datasets/WLASL/branch_inputs/skeleton/rtmw_l/normalized/selected_27/nslt100/train/17091.npz,F:/DMV/Recognizing-sign-language-at-the-word-level/data/datasets/WLASL/branch_inputs/skeleton/rtmw_l/graph_tensors/selected_27/nslt100/train/17091.npz,wholebody_133,selected_27,"[0, 5, 6, 7, 8, 9, 10, 93, 95, 97, 99, 101, 103, 105, 107, 109, 111, 114, 116, 118, 120, 122, 124, 126, 128, 130, 132]",40,150,133,27,3,1,"[3, 150, 27, 1]",8.509001731872559,"clip_to_[0,288]x[0,384]_then_scale_to_[-1,1]",ok,,
wlasl:17709,17709,17709,drink,1,train,F:/DMV/Recognizing-sign-language-at-the-word-level/data/datasets/WLASL/pose/rtmw_l/wholebody_133/nslt100/train/17709.npz,F:/DMV/Recognizing-sign-language-at-the-word-level/data/datasets/WLASL/branch_inputs/skeleton/rtmw_l/selected_27/nslt100/train/17709.npz,F:/DMV/Recognizing-sign-language-at-the-word-level/data/datasets/WLASL/branch_inputs/skeleton/rtmw_l/normalized/selected_27/nslt100/train/17709.npz,F:/DMV/Recognizing-sign-language-at-the-word-level/data/datasets/WLASL/branch_inputs/skeleton/rtmw_l/graph_tensors/selected_27/nslt100/train/17709.npz,wholebody_133,selected_27,"[0, 5, 6, 7, 8, 9, 10, 93, 95, 97, 99, 101, 103, 105, 107, 109, 111, 114, 116, 118, 120, 122, 124, 126, 128, 130, 132]",104,150,133,27,3,1,"[3, 150, 27, 1]",8.509001731872559,"clip_to_[0,288]x[0,384]_then_scale_to_[-1,1]",ok,,end_frame_clipped_to_video_end
wlasl:17710,17710,17710,drink,1,train,F:/DMV/Recognizing-sign-language-at-the-word-level/data/datasets/WLASL/pose/rtmw_l/wholebody_133/nslt100/train/17710.npz,F:/DMV/Recognizing-sign-language-at-the-word-level/data/datasets/WLASL/branch_inputs/skeleton/rtmw_l/selected_27/nslt100/train/17710.npz,F:/DMV/Recognizing-sign-language-at-the-word-level/data/datasets/WLASL/branch_inputs/skeleton/rtmw_l/normalized/selected_27/nslt100/train/17710.npz,F:/DMV/Recognizing-sign-language-at-the-word-level/data/datasets/WLASL/branch_inputs/skeleton/rtmw_l/graph_tensors/selected_27/nslt100/train/17710.npz,wholebody_133,selected_27,"[0, 5, 6, 7, 8, 9, 10, 93, 95, 97, 99, 101, 103, 105, 107, 109, 111, 114, 116, 118, 120, 122, 124, 126, 128, 130, 132]",60,150,133,27,3,1,"[3, 150, 27, 1]",8.509001731872559,"clip_to_[0,288]x[0,384]_then_scale_to_[-1,1]",ok,,
wlasl:17711,17711,17711,drink,1,train,F:/DMV/Recognizing-sign-language-at-the-word-level/data/datasets/WLASL/pose/rtmw_l/wholebody_133/nslt100/train/17711.npz,F:/DMV/Recognizing-sign-language-at-the-word-level/data/datasets/WLASL/branch_inputs/skeleton/rtmw_l/selected_27/nslt100/train/17711.npz,F:/DMV/Recognizing-sign-language-at-the-word-level/data/datasets/WLASL/branch_inputs/skeleton/rtmw_l/normalized/selected_27/nslt100/train/17711.npz,F:/DMV/Recognizing-sign-language-at-the-word-level/data/datasets/WLASL/branch_inputs/skeleton/rtmw_l/graph_tensors/selected_27/nslt100/train/17711.npz,wholebody_133,selected_27,"[0, 5, 6, 7, 8, 9, 10, 93, 95, 97, 99, 101, 103, 105, 107, 109, 111, 114, 116, 118, 120, 122, 124, 126, 128, 130, 132]",69,150,133,27,3,1,"[3, 150, 27, 1]",8.509001731872559,"clip_to_[0,288]x[0,384]_then_scale_to_[-1,1]",ok,,
wlasl:17712,17712,17712,drink,1,train,F:/DMV/Recognizing-sign-language-at-the-word-level/data/datasets/WLASL/pose/rtmw_l/wholebody_133/nslt100/train/17712.npz,F:/DMV/Recognizing-sign-language-at-the-word-level/data/datasets/WLASL/branch_inputs/skeleton/rtmw_l/selected_27/nslt100/train/17712.npz,F:/DMV/Recognizing-sign-language-at-the-word-level/data/datasets/WLASL/branch_inputs/skeleton/rtmw_l/normalized/selected_27/nslt100/train/17712.npz,F:/DMV/Recognizing-sign-language-at-the-word-level/data/datasets/WLASL/branch_inputs/skeleton/rtmw_l/graph_tensors/selected_27/nslt100/train/17712.npz,wholebody_133,selected_27,"[0, 5, 6, 7, 8, 9, 10, 93, 95, 97, 99, 101, 103, 105, 107, 109, 111, 114, 116, 118, 120, 122, 124, 126, 128, 130, 132]",42,150,133,27,3,1,"[3, 150, 27, 1]",8.509001731872559,"clip_to_[0,288]x[0,384]_then_scale_to_[-1,1]",ok,,end_frame_clipped_to_video_end
wlasl:17720,17720,17720,drink,1,train,F:/DMV/Recognizing-sign-language-at-the-word-level/data/datasets/WLASL/pose/rtmw_l/wholebody_133/nslt100/train/17720.npz,F:/DMV/Recognizing-sign-language-at-the-word-level/data/datasets/WLASL/branch_inputs/skeleton/rtmw_l/selected_27/nslt100/train/17720.npz,F:/DMV/Recognizing-sign-language-at-the-word-level/data/datasets/WLASL/branch_inputs/skeleton/rtmw_l/normalized/selected_27/nslt100/train/17720.npz,F:/DMV/Recognizing-sign-language-at-the-word-level/data/datasets/WLASL/branch_inputs/skeleton/rtmw_l/graph_tensors/selected_27/nslt100/train/17720.npz,wholebody_133,selected_27,"[0, 5, 6, 7, 8, 9, 10, 93, 95, 97, 99, 101, 103, 105, 107, 109, 111, 114, 116, 118, 120, 122, 124, 126, 128, 130, 132]",35,150,133,27,3,1,"[3, 150, 27, 1]",8.509001731872559,"clip_to_[0,288]x[0,384]_then_scale_to_[-1,1]",ok,,
wlasl:17721,17721,17721,drink,1,train,F:/DMV/Recognizing-sign-language-at-the-word-level/data/datasets/WLASL/pose/rtmw_l/wholebody_133/nslt100/train/17721.npz,F:/DMV/Recognizing-sign-language-at-the-word-level/data/datasets/WLASL/branch_inputs/skeleton/rtmw_l/selected_27/nslt100/train/17721.npz,F:/DMV/Recognizing-sign-language-at-the-word-level/data/datasets/WLASL/branch_inputs/skeleton/rtmw_l/normalized/selected_27/nslt100/train/17721.npz,F:/DMV/Recognizing-sign-language-at-the-word-level/data/datasets/WLASL/branch_inputs/skeleton/rtmw_l/graph_tensors/selected_27/nslt100/train/17721.npz,wholebody_133,selected_27,"[0, 5, 6, 7, 8, 9, 10, 93, 95, 97, 99, 101, 103, 105, 107, 109, 111, 114, 116, 118, 120, 122, 124, 126, 128, 130, 132]",42,150,133,27,3,1,"[3, 150, 27, 1]",8.509001731872559,"clip_to_[0,288]x[0,384]_then_scale_to_[-1,1]",ok,,
wlasl:17722,17722,17722,drink,1,train,F:/DMV/Recognizing-sign-language-at-the-word-level/data/datasets/WLASL/pose/rtmw_l/wholebody_133/nslt100/train/17722.npz,F:/DMV/Recognizing-sign-language-at-the-word-level/data/datasets/WLASL/branch_inputs/skeleton/rtmw_l/selected_27/nslt100/train/17722.npz,F:/DMV/Recognizing-sign-language-at-the-word-level/data/datasets/WLASL/branch_inputs/skeleton/rtmw_l/normalized/selected_27/nslt100/train/17722.npz,F:/DMV/Recognizing-sign-language-at-the-word-level/data/datasets/WLASL/branch_inputs/skeleton/rtmw_l/graph_tensors/selected_27/nslt100/train/17722.npz,wholebody_133,selected_27,"[0, 5, 6, 7, 8, 9, 10, 93, 95, 97, 99, 101, 103, 105, 107, 109, 111, 114, 116, 118, 120, 122, 124, 126, 128, 130, 132]",42,150,133,27,3,1,"[3, 150, 27, 1]",8.509001731872559,"clip_to_[0,288]x[0,384]_then_scale_to_[-1,1]",ok,,
wlasl:17723,17723,17723,drink,1,train,F:/DMV/Recognizing-sign-language-at-the-word-level/data/datasets/WLASL/pose/rtmw_l/wholebody_133/nslt100/train/17723.npz,F:/DMV/Recognizing-sign-language-at-the-word-level/data/datasets/WLASL/branch_inputs/skeleton/rtmw_l/selected_27/nslt100/train/17723.npz,F:/DMV/Recognizing-sign-language-at-the-word-level/data/datasets/WLASL/branch_inputs/skeleton/rtmw_l/normalized/selected_27/nslt100/train/17723.npz,F:/DMV/Recognizing-sign-language-at-the-word-level/data/datasets/WLASL/branch_inputs/skeleton/rtmw_l/graph_tensors/selected_27/nslt100/train/17723.npz,wholebody_133,selected_27,"[0, 5, 6, 7, 8, 9, 10, 93, 95, 97, 99, 101, 103, 105, 107, 109, 111, 114, 116, 118, 120, 122, 124, 126, 128, 130, 132]",51,150,133,27,3,1,"[3, 150, 27, 1]",8.509001731872559,"clip_to_[0,288]x[0,384]_then_scale_to_[-1,1]",ok,,
wlasl:17733,17733,17733,drink,1,train,F:/DMV/Recognizing-sign-language-at-the-word-level/data/datasets/WLASL/pose/rtmw_l/wholebody_133/nslt100/train/17733.npz,F:/DMV/Recognizing-sign-language-at-the-word-level/data/datasets/WLASL/branch_inputs/skeleton/rtmw_l/selected_27/nslt100/train/17733.npz,F:/DMV/Recognizing-sign-language-at-the-word-level/data/datasets/WLASL/branch_inputs/skeleton/rtmw_l/normalized/selected_27/nslt100/train/17733.npz,F:/DMV/Recognizing-sign-language-at-the-word-level/data/datasets/WLASL/branch_inputs/skeleton/rtmw_l/graph_tensors/selected_27/nslt100/train/17733.npz,wholebody_133,selected_27,"[0, 5, 6, 7, 8, 9, 10, 93, 95, 97, 99, 101, 103, 105, 107, 109, 111, 114, 116, 118, 120, 122, 124, 126, 128, 130, 132]",79,150,133,27,3,1,"[3, 150, 27, 1]",8.509001731872559,"clip_to_[0,288]x[0,384]_then_scale_to_[-1,1]",ok,,
wlasl:18324,18324,18324,eat,61,train,F:/DMV/Recognizing-sign-language-at-the-word-level/data/datasets/WLASL/pose/rtmw_l/wholebody_133/nslt100/train/18324.npz,F:/DMV/Recognizing-sign-language-at-the-word-level/data/datasets/WLASL/branch_inputs/skeleton/rtmw_l/selected_27/nslt100/train/18324.npz,F:/DMV/Recognizing-sign-language-at-the-word-level/data/datasets/WLASL/branch_inputs/skeleton/rtmw_l/normalized/selected_27/nslt100/train/18324.npz,F:/DMV/Recognizing-sign-language-at-the-word-level/data/datasets/WLASL/branch_inputs/skeleton/rtmw_l/graph_tensors/selected_27/nslt100/train/18324.npz,wholebody_133,selected_27,"[0, 5, 6, 7, 8, 9, 10, 93, 95, 97, 99, 101, 103, 105, 107, 109, 111, 114, 116, 118, 120, 122, 124, 126, 128, 130, 132]",58,150,133,27,3,1,"[3, 150, 27, 1]",8.509001731872559,"clip_to_[0,288]x[0,384]_then_scale_to_[-1,1]",ok,,
wlasl:18325,18325,18325,eat,61,train,F:/DMV/Recognizing-sign-language-at-the-word-level/data/datasets/WLASL/pose/rtmw_l/wholebody_133/nslt100/train/18325.npz,F:/DMV/Recognizing-sign-language-at-the-word-level/data/datasets/WLASL/branch_inputs/skeleton/rtmw_l/selected_27/nslt100/train/18325.npz,F:/DMV/Recognizing-sign-language-at-the-word-level/data/datasets/WLASL/branch_inputs/skeleton/rtmw_l/normalized/selected_27/nslt100/train/18325.npz,F:/DMV/Recognizing-sign-language-at-the-word-level/data/datasets/WLASL/branch_inputs/skeleton/rtmw_l/graph_tensors/selected_27/nslt100/train/18325.npz,wholebody_133,selected_27,"[0, 5, 6, 7, 8, 9, 10, 93, 95, 97, 99, 101, 103, 105, 107, 109, 111, 114, 116, 118, 120, 122, 124, 126, 128, 130, 132]",62,150,133,27,3,1,"[3, 150, 27, 1]",8.509001731872559,"clip_to_[0,288]x[0,384]_then_scale_to_[-1,1]",ok,,
wlasl:18329,18329,18329,eat,61,train,F:/DMV/Recognizing-sign-language-at-the-word-level/data/datasets/WLASL/pose/rtmw_l/wholebody_133/nslt100/train/18329.npz,F:/DMV/Recognizing-sign-language-at-the-word-level/data/datasets/WLASL/branch_inputs/skeleton/rtmw_l/selected_27/nslt100/train/18329.npz,F:/DMV/Recognizing-sign-language-at-the-word-level/data/datasets/WLASL/branch_inputs/skeleton/rtmw_l/normalized/selected_27/nslt100/train/18329.npz,F:/DMV/Recognizing-sign-language-at-the-word-level/data/datasets/WLASL/branch_inputs/skeleton/rtmw_l/graph_tensors/selected_27/nslt100/train/18329.npz,wholebody_133,selected_27,"[0, 5, 6, 7, 8, 9, 10, 93, 95, 97, 99, 101, 103, 105, 107, 109, 111, 114, 116, 118, 120, 122, 124, 126, 128, 130, 132]",43,150,133,27,3,1,"[3, 150, 27, 1]",8.509001731872559,"clip_to_[0,288]x[0,384]_then_scale_to_[-1,1]",ok,,
wlasl:18335,18335,18335,eat,61,train,F:/DMV/Recognizing-sign-language-at-the-word-level/data/datasets/WLASL/pose/rtmw_l/wholebody_133/nslt100/train/18335.npz,F:/DMV/Recognizing-sign-language-at-the-word-level/data/datasets/WLASL/branch_inputs/skeleton/rtmw_l/selected_27/nslt100/train/18335.npz,F:/DMV/Recognizing-sign-language-at-the-word-level/data/datasets/WLASL/branch_inputs/skeleton/rtmw_l/normalized/selected_27/nslt100/train/18335.npz,F:/DMV/Recognizing-sign-language-at-the-word-level/data/datasets/WLASL/branch_inputs/skeleton/rtmw_l/graph_tensors/selected_27/nslt100/train/18335.npz,wholebody_133,selected_27,"[0, 5, 6, 7, 8, 9, 10, 93, 95, 97, 99, 101, 103, 105, 107, 109, 111, 114, 116, 118, 120, 122, 124, 126, 128, 130, 132]",72,150,133,27,3,1,"[3, 150, 27, 1]",8.509001731872559,"clip_to_[0,288]x[0,384]_then_scale_to_[-1,1]",ok,,
wlasl:19258,19258,19258,enjoy,62,train,F:/DMV/Recognizing-sign-language-at-the-word-level/data/datasets/WLASL/pose/rtmw_l/wholebody_133/nslt100/train/19258.npz,F:/DMV/Recognizing-sign-language-at-the-word-level/data/datasets/WLASL/branch_inputs/skeleton/rtmw_l/selected_27/nslt100/train/19258.npz,F:/DMV/Recognizing-sign-language-at-the-word-level/data/datasets/WLASL/branch_inputs/skeleton/rtmw_l/normalized/selected_27/nslt100/train/19258.npz,F:/DMV/Recognizing-sign-language-at-the-word-level/data/datasets/WLASL/branch_inputs/skeleton/rtmw_l/graph_tensors/selected_27/nslt100/train/19258.npz,wholebody_133,selected_27,"[0, 5, 6, 7, 8, 9, 10, 93, 95, 97, 99, 101, 103, 105, 107, 109, 111, 114, 116, 118, 120, 122, 124, 126, 128, 130, 132]",52,150,133,27,3,1,"[3, 150, 27, 1]",8.509001731872559,"clip_to_[0,288]x[0,384]_then_scale_to_[-1,1]",ok,,
wlasl:19259,19259,19259,enjoy,62,train,F:/DMV/Recognizing-sign-language-at-the-word-level/data/datasets/WLASL/pose/rtmw_l/wholebody_133/nslt100/train/19259.npz,F:/DMV/Recognizing-sign-language-at-the-word-level/data/datasets/WLASL/branch_inputs/skeleton/rtmw_l/selected_27/nslt100/train/19259.npz,F:/DMV/Recognizing-sign-language-at-the-word-level/data/datasets/WLASL/branch_inputs/skeleton/rtmw_l/normalized/selected_27/nslt100/train/19259.npz,F:/DMV/Recognizing-sign-language-at-the-word-level/data/datasets/WLASL/branch_inputs/skeleton/rtmw_l/graph_tensors/selected_27/nslt100/train/19259.npz,wholebody_133,selected_27,"[0, 5, 6, 7, 8, 9, 10, 93, 95, 97, 99, 101, 103, 105, 107, 109, 111, 114, 116, 118, 120, 122, 124, 126, 128, 130, 132]",41,150,133,27,3,1,"[3, 150, 27, 1]",8.509001731872559,"clip_to_[0,288]x[0,384]_then_scale_to_[-1,1]",ok,,
wlasl:19260,19260,19260,enjoy,62,train,F:/DMV/Recognizing-sign-language-at-the-word-level/data/datasets/WLASL/pose/rtmw_l/wholebody_133/nslt100/train/19260.npz,F:/DMV/Recognizing-sign-language-at-the-word-level/data/datasets/WLASL/branch_inputs/skeleton/rtmw_l/selected_27/nslt100/train/19260.npz,F:/DMV/Recognizing-sign-language-at-the-word-level/data/datasets/WLASL/branch_inputs/skeleton/rtmw_l/normalized/selected_27/nslt100/train/19260.npz,F:/DMV/Recognizing-sign-language-at-the-word-level/data/datasets/WLASL/branch_inputs/skeleton/rtmw_l/graph_tensors/selected_27/nslt100/train/19260.npz,wholebody_133,selected_27,"[0, 5, 6, 7, 8, 9, 10, 93, 95, 97, 99, 101, 103, 105, 107, 109, 111, 114, 116, 118, 120, 122, 124, 126, 128, 130, 132]",38,150,133,27,3,1,"[3, 150, 27, 1]",8.509001731872559,"clip_to_[0,288]x[0,384]_then_scale_to_[-1,1]",ok,,
wlasl:19261,19261,19261,enjoy,62,train,F:/DMV/Recognizing-sign-language-at-the-word-level/data/datasets/WLASL/pose/rtmw_l/wholebody_133/nslt100/train/19261.npz,F:/DMV/Recognizing-sign-language-at-the-word-level/data/datasets/WLASL/branch_inputs/skeleton/rtmw_l/selected_27/nslt100/train/19261.npz,F:/DMV/Recognizing-sign-language-at-the-word-level/data/datasets/WLASL/branch_inputs/skeleton/rtmw_l/normalized/selected_27/nslt100/train/19261.npz,F:/DMV/Recognizing-sign-language-at-the-word-level/data/datasets/WLASL/branch_inputs/skeleton/rtmw_l/graph_tensors/selected_27/nslt100/train/19261.npz,wholebody_133,selected_27,"[0, 5, 6, 7, 8, 9, 10, 93, 95, 97, 99, 101, 103, 105, 107, 109, 111, 114, 116, 118, 120, 122, 124, 126, 128, 130, 132]",75,150,133,27,3,1,"[3, 150, 27, 1]",8.509001731872559,"clip_to_[0,288]x[0,384]_then_scale_to_[-1,1]",ok,,
wlasl:19264,19264,19264,enjoy,62,train,F:/DMV/Recognizing-sign-language-at-the-word-level/data/datasets/WLASL/pose/rtmw_l/wholebody_133/nslt100/train/19264.npz,F:/DMV/Recognizing-sign-language-at-the-word-level/data/datasets/WLASL/branch_inputs/skeleton/rtmw_l/selected_27/nslt100/train/19264.npz,F:/DMV/Recognizing-sign-language-at-the-word-level/data/datasets/WLASL/branch_inputs/skeleton/rtmw_l/normalized/selected_27/nslt100/train/19264.npz,F:/DMV/Recognizing-sign-language-at-the-word-level/data/datasets/WLASL/branch_inputs/skeleton/rtmw_l/graph_tensors/selected_27/nslt100/train/19264.npz,wholebody_133,selected_27,"[0, 5, 6, 7, 8, 9, 10, 93, 95, 97, 99, 101, 103, 105, 107, 109, 111, 114, 116, 118, 120, 122, 124, 126, 128, 130, 132]",56,150,133,27,3,1,"[3, 150, 27, 1]",8.509001731872559,"clip_to_[0,288]x[0,384]_then_scale_to_[-1,1]",ok,,
wlasl:19269,19269,19269,enjoy,62,train,F:/DMV/Recognizing-sign-language-at-the-word-level/data/datasets/WLASL/pose/rtmw_l/wholebody_133/nslt100/train/19269.npz,F:/DMV/Recognizing-sign-language-at-the-word-level/data/datasets/WLASL/branch_inputs/skeleton/rtmw_l/selected_27/nslt100/train/19269.npz,F:/DMV/Recognizing-sign-language-at-the-word-level/data/datasets/WLASL/branch_inputs/skeleton/rtmw_l/normalized/selected_27/nslt100/train/19269.npz,F:/DMV/Recognizing-sign-language-at-the-word-level/data/datasets/WLASL/branch_inputs/skeleton/rtmw_l/graph_tensors/selected_27/nslt100/train/19269.npz,wholebody_133,selected_27,"[0, 5, 6, 7, 8, 9, 10, 93, 95, 97, 99, 101, 103, 105, 107, 109, 111, 114, 116, 118, 120, 122, 124, 126, 128, 130, 132]",81,150,133,27,3,1,"[3, 150, 27, 1]",8.509001731872559,"clip_to_[0,288]x[0,384]_then_scale_to_[-1,1]",ok,,
wlasl:01987,1987,1987,all,18,train,F:/DMV/Recognizing-sign-language-at-the-word-level/data/datasets/WLASL/pose/rtmw_l/wholebody_133/nslt100/train/1987.npz,F:/DMV/Recognizing-sign-language-at-the-word-level/data/datasets/WLASL/branch_inputs/skeleton/rtmw_l/selected_27/nslt100/train/1987.npz,F:/DMV/Recognizing-sign-language-at-the-word-level/data/datasets/WLASL/branch_inputs/skeleton/rtmw_l/normalized/selected_27/nslt100/train/1987.npz,F:/DMV/Recognizing-sign-language-at-the-word-level/data/datasets/WLASL/branch_inputs/skeleton/rtmw_l/graph_tensors/selected_27/nslt100/train/1987.npz,wholebody_133,selected_27,"[0, 5, 6, 7, 8, 9, 10, 93, 95, 97, 99, 101, 103, 105, 107, 109, 111, 114, 116, 118, 120, 122, 124, 126, 128, 130, 132]",64,150,133,27,3,1,"[3, 150, 27, 1]",8.509001731872559,"clip_to_[0,288]x[0,384]_then_scale_to_[-1,1]",ok,,
wlasl:01988,1988,1988,all,18,train,F:/DMV/Recognizing-sign-language-at-the-word-level/data/datasets/WLASL/pose/rtmw_l/wholebody_133/nslt100/train/1988.npz,F:/DMV/Recognizing-sign-language-at-the-word-level/data/datasets/WLASL/branch_inputs/skeleton/rtmw_l/selected_27/nslt100/train/1988.npz,F:/DMV/Recognizing-sign-language-at-the-word-level/data/datasets/WLASL/branch_inputs/skeleton/rtmw_l/normalized/selected_27/nslt100/train/1988.npz,F:/DMV/Recognizing-sign-language-at-the-word-level/data/datasets/WLASL/branch_inputs/skeleton/rtmw_l/graph_tensors/selected_27/nslt100/train/1988.npz,wholebody_133,selected_27,"[0, 5, 6, 7, 8, 9, 10, 93, 95, 97, 99, 101, 103, 105, 107, 109, 111, 114, 116, 118, 120, 122, 124, 126, 128, 130, 132]",122,150,133,27,3,1,"[3, 150, 27, 1]",8.509001731872559,"clip_to_[0,288]x[0,384]_then_scale_to_[-1,1]",ok,,
wlasl:01991,1991,1991,all,18,train,F:/DMV/Recognizing-sign-language-at-the-word-level/data/datasets/WLASL/pose/rtmw_l/wholebody_133/nslt100/train/1991.npz,F:/DMV/Recognizing-sign-language-at-the-word-level/data/datasets/WLASL/branch_inputs/skeleton/rtmw_l/selected_27/nslt100/train/1991.npz,F:/DMV/Recognizing-sign-language-at-the-word-level/data/datasets/WLASL/branch_inputs/skeleton/rtmw_l/normalized/selected_27/nslt100/train/1991.npz,F:/DMV/Recognizing-sign-language-at-the-word-level/data/datasets/WLASL/branch_inputs/skeleton/rtmw_l/graph_tensors/selected_27/nslt100/train/1991.npz,wholebody_133,selected_27,"[0, 5, 6, 7, 8, 9, 10, 93, 95, 97, 99, 101, 103, 105, 107, 109, 111, 114, 116, 118, 120, 122, 124, 126, 128, 130, 132]",43,150,133,27,3,1,"[3, 150, 27, 1]",8.509001731872559,"clip_to_[0,288]x[0,384]_then_scale_to_[-1,1]",ok,,
wlasl:01992,1992,1992,all,18,train,F:/DMV/Recognizing-sign-language-at-the-word-level/data/datasets/WLASL/pose/rtmw_l/wholebody_133/nslt100/train/1992.npz,F:/DMV/Recognizing-sign-language-at-the-word-level/data/datasets/WLASL/branch_inputs/skeleton/rtmw_l/selected_27/nslt100/train/1992.npz,F:/DMV/Recognizing-sign-language-at-the-word-level/data/datasets/WLASL/branch_inputs/skeleton/rtmw_l/normalized/selected_27/nslt100/train/1992.npz,F:/DMV/Recognizing-sign-language-at-the-word-level/data/datasets/WLASL/branch_inputs/skeleton/rtmw_l/graph_tensors/selected_27/nslt100/train/1992.npz,wholebody_133,selected_27,"[0, 5, 6, 7, 8, 9, 10, 93, 95, 97, 99, 101, 103, 105, 107, 109, 111, 114, 116, 118, 120, 122, 124, 126, 128, 130, 132]",51,150,133,27,3,1,"[3, 150, 27, 1]",8.509001731872559,"clip_to_[0,288]x[0,384]_then_scale_to_[-1,1]",ok,,
wlasl:02003,2003,2003,all,18,train,F:/DMV/Recognizing-sign-language-at-the-word-level/data/datasets/WLASL/pose/rtmw_l/wholebody_133/nslt100/train/2003.npz,F:/DMV/Recognizing-sign-language-at-the-word-level/data/datasets/WLASL/branch_inputs/skeleton/rtmw_l/selected_27/nslt100/train/2003.npz,F:/DMV/Recognizing-sign-language-at-the-word-level/data/datasets/WLASL/branch_inputs/skeleton/rtmw_l/normalized/selected_27/nslt100/train/2003.npz,F:/DMV/Recognizing-sign-language-at-the-word-level/data/datasets/WLASL/branch_inputs/skeleton/rtmw_l/graph_tensors/selected_27/nslt100/train/2003.npz,wholebody_133,selected_27,"[0, 5, 6, 7, 8, 9, 10, 93, 95, 97, 99, 101, 103, 105, 107, 109, 111, 114, 116, 118, 120, 122, 124, 126, 128, 130, 132]",65,150,133,27,3,1,"[3, 150, 27, 1]",8.509001731872559,"clip_to_[0,288]x[0,384]_then_scale_to_[-1,1]",ok,,
wlasl:20978,20978,20978,family,37,train,F:/DMV/Recognizing-sign-language-at-the-word-level/data/datasets/WLASL/pose/rtmw_l/wholebody_133/nslt100/train/20978.npz,F:/DMV/Recognizing-sign-language-at-the-word-level/data/datasets/WLASL/branch_inputs/skeleton/rtmw_l/selected_27/nslt100/train/20978.npz,F:/DMV/Recognizing-sign-language-at-the-word-level/data/datasets/WLASL/branch_inputs/skeleton/rtmw_l/normalized/selected_27/nslt100/train/20978.npz,F:/DMV/Recognizing-sign-language-at-the-word-level/data/datasets/WLASL/branch_inputs/skeleton/rtmw_l/graph_tensors/selected_27/nslt100/train/20978.npz,wholebody_133,selected_27,"[0, 5, 6, 7, 8, 9, 10, 93, 95, 97, 99, 101, 103, 105, 107, 109, 111, 114, 116, 118, 120, 122, 124, 126, 128, 130, 132]",100,150,133,27,3,1,"[3, 150, 27, 1]",8.509001731872559,"clip_to_[0,288]x[0,384]_then_scale_to_[-1,1]",ok,,end_frame_clipped_to_video_end
wlasl:20979,20979,20979,family,37,train,F:/DMV/Recognizing-sign-language-at-the-word-level/data/datasets/WLASL/pose/rtmw_l/wholebody_133/nslt100/train/20979.npz,F:/DMV/Recognizing-sign-language-at-the-word-level/data/datasets/WLASL/branch_inputs/skeleton/rtmw_l/selected_27/nslt100/train/20979.npz,F:/DMV/Recognizing-sign-language-at-the-word-level/data/datasets/WLASL/branch_inputs/skeleton/rtmw_l/normalized/selected_27/nslt100/train/20979.npz,F:/DMV/Recognizing-sign-language-at-the-word-level/data/datasets/WLASL/branch_inputs/skeleton/rtmw_l/graph_tensors/selected_27/nslt100/train/20979.npz,wholebody_133,selected_27,"[0, 5, 6, 7, 8, 9, 10, 93, 95, 97, 99, 101, 103, 105, 107, 109, 111, 114, 116, 118, 120, 122, 124, 126, 128, 130, 132]",80,150,133,27,3,1,"[3, 150, 27, 1]",8.509001731872559,"clip_to_[0,288]x[0,384]_then_scale_to_[-1,1]",ok,,end_frame_clipped_to_video_end
wlasl:20980,20980,20980,family,37,train,F:/DMV/Recognizing-sign-language-at-the-word-level/data/datasets/WLASL/pose/rtmw_l/wholebody_133/nslt100/train/20980.npz,F:/DMV/Recognizing-sign-language-at-the-word-level/data/datasets/WLASL/branch_inputs/skeleton/rtmw_l/selected_27/nslt100/train/20980.npz,F:/DMV/Recognizing-sign-language-at-the-word-level/data/datasets/WLASL/branch_inputs/skeleton/rtmw_l/normalized/selected_27/nslt100/train/20980.npz,F:/DMV/Recognizing-sign-language-at-the-word-level/data/datasets/WLASL/branch_inputs/skeleton/rtmw_l/graph_tensors/selected_27/nslt100/train/20980.npz,wholebody_133,selected_27,"[0, 5, 6, 7, 8, 9, 10, 93, 95, 97, 99, 101, 103, 105, 107, 109, 111, 114, 116, 118, 120, 122, 124, 126, 128, 130, 132]",71,150,133,27,3,1,"[3, 150, 27, 1]",8.509001731872559,"clip_to_[0,288]x[0,384]_then_scale_to_[-1,1]",ok,,
wlasl:20981,20981,20981,family,37,train,F:/DMV/Recognizing-sign-language-at-the-word-level/data/datasets/WLASL/pose/rtmw_l/wholebody_133/nslt100/train/20981.npz,F:/DMV/Recognizing-sign-language-at-the-word-level/data/datasets/WLASL/branch_inputs/skeleton/rtmw_l/selected_27/nslt100/train/20981.npz,F:/DMV/Recognizing-sign-language-at-the-word-level/data/datasets/WLASL/branch_inputs/skeleton/rtmw_l/normalized/selected_27/nslt100/train/20981.npz,F:/DMV/Recognizing-sign-language-at-the-word-level/data/datasets/WLASL/branch_inputs/skeleton/rtmw_l/graph_tensors/selected_27/nslt100/train/20981.npz,wholebody_133,selected_27,"[0, 5, 6, 7, 8, 9, 10, 93, 95, 97, 99, 101, 103, 105, 107, 109, 111, 114, 116, 118, 120, 122, 124, 126, 128, 130, 132]",67,150,133,27,3,1,"[3, 150, 27, 1]",8.509001731872559,"clip_to_[0,288]x[0,384]_then_scale_to_[-1,1]",ok,,
wlasl:20982,20982,20982,family,37,train,F:/DMV/Recognizing-sign-language-at-the-word-level/data/datasets/WLASL/pose/rtmw_l/wholebody_133/nslt100/train/20982.npz,F:/DMV/Recognizing-sign-language-at-the-word-level/data/datasets/WLASL/branch_inputs/skeleton/rtmw_l/selected_27/nslt100/train/20982.npz,F:/DMV/Recognizing-sign-language-at-the-word-level/data/datasets/WLASL/branch_inputs/skeleton/rtmw_l/normalized/selected_27/nslt100/train/20982.npz,F:/DMV/Recognizing-sign-language-at-the-word-level/data/datasets/WLASL/branch_inputs/skeleton/rtmw_l/graph_tensors/selected_27/nslt100/train/20982.npz,wholebody_133,selected_27,"[0, 5, 6, 7, 8, 9, 10, 93, 95, 97, 99, 101, 103, 105, 107, 109, 111, 114, 116, 118, 120, 122, 124, 126, 128, 130, 132]",35,150,133,27,3,1,"[3, 150, 27, 1]",8.509001731872559,"clip_to_[0,288]x[0,384]_then_scale_to_[-1,1]",ok,,end_frame_clipped_to_video_end
wlasl:20983,20983,20983,family,37,train,F:/DMV/Recognizing-sign-language-at-the-word-level/data/datasets/WLASL/pose/rtmw_l/wholebody_133/nslt100/train/20983.npz,F:/DMV/Recognizing-sign-language-at-the-word-level/data/datasets/WLASL/branch_inputs/skeleton/rtmw_l/selected_27/nslt100/train/20983.npz,F:/DMV/Recognizing-sign-language-at-the-word-level/data/datasets/WLASL/branch_inputs/skeleton/rtmw_l/normalized/selected_27/nslt100/train/20983.npz,F:/DMV/Recognizing-sign-language-at-the-word-level/data/datasets/WLASL/branch_inputs/skeleton/rtmw_l/graph_tensors/selected_27/nslt100/train/20983.npz,wholebody_133,selected_27,"[0, 5, 6, 7, 8, 9, 10, 93, 95, 97, 99, 101, 103, 105, 107, 109, 111, 114, 116, 118, 120, 122, 124, 126, 128, 130, 132]",75,150,133,27,3,1,"[3, 150, 27, 1]",8.509001731872559,"clip_to_[0,288]x[0,384]_then_scale_to_[-1,1]",ok,,
wlasl:20986,20986,20986,family,37,train,F:/DMV/Recognizing-sign-language-at-the-word-level/data/datasets/WLASL/pose/rtmw_l/wholebody_133/nslt100/train/20986.npz,F:/DMV/Recognizing-sign-language-at-the-word-level/data/datasets/WLASL/branch_inputs/skeleton/rtmw_l/selected_27/nslt100/train/20986.npz,F:/DMV/Recognizing-sign-language-at-the-word-level/data/datasets/WLASL/branch_inputs/skeleton/rtmw_l/normalized/selected_27/nslt100/train/20986.npz,F:/DMV/Recognizing-sign-language-at-the-word-level/data/datasets/WLASL/branch_inputs/skeleton/rtmw_l/graph_tensors/selected_27/nslt100/train/20986.npz,wholebody_133,selected_27,"[0, 5, 6, 7, 8, 9, 10, 93, 95, 97, 99, 101, 103, 105, 107, 109, 111, 114, 116, 118, 120, 122, 124, 126, 128, 130, 132]",52,150,133,27,3,1,"[3, 150, 27, 1]",8.509001731872559,"clip_to_[0,288]x[0,384]_then_scale_to_[-1,1]",ok,,
wlasl:20987,20987,20987,family,37,train,F:/DMV/Recognizing-sign-language-at-the-word-level/data/datasets/WLASL/pose/rtmw_l/wholebody_133/nslt100/train/20987.npz,F:/DMV/Recognizing-sign-language-at-the-word-level/data/datasets/WLASL/branch_inputs/skeleton/rtmw_l/selected_27/nslt100/train/20987.npz,F:/DMV/Recognizing-sign-language-at-the-word-level/data/datasets/WLASL/branch_inputs/skeleton/rtmw_l/normalized/selected_27/nslt100/train/20987.npz,F:/DMV/Recognizing-sign-language-at-the-word-level/data/datasets/WLASL/branch_inputs/skeleton/rtmw_l/graph_tensors/selected_27/nslt100/train/20987.npz,wholebody_133,selected_27,"[0, 5, 6, 7, 8, 9, 10, 93, 95, 97, 99, 101, 103, 105, 107, 109, 111, 114, 116, 118, 120, 122, 124, 126, 128, 130, 132]",36,150,133,27,3,1,"[3, 150, 27, 1]",8.509001731872559,"clip_to_[0,288]x[0,384]_then_scale_to_[-1,1]",ok,,
wlasl:20992,20992,20992,family,37,train,F:/DMV/Recognizing-sign-language-at-the-word-level/data/datasets/WLASL/pose/rtmw_l/wholebody_133/nslt100/train/20992.npz,F:/DMV/Recognizing-sign-language-at-the-word-level/data/datasets/WLASL/branch_inputs/skeleton/rtmw_l/selected_27/nslt100/train/20992.npz,F:/DMV/Recognizing-sign-language-at-the-word-level/data/datasets/WLASL/branch_inputs/skeleton/rtmw_l/normalized/selected_27/nslt100/train/20992.npz,F:/DMV/Recognizing-sign-language-at-the-word-level/data/datasets/WLASL/branch_inputs/skeleton/rtmw_l/graph_tensors/selected_27/nslt100/train/20992.npz,wholebody_133,selected_27,"[0, 5, 6, 7, 8, 9, 10, 93, 95, 97, 99, 101, 103, 105, 107, 109, 111, 114, 116, 118, 120, 122, 124, 126, 128, 130, 132]",71,150,133,27,3,1,"[3, 150, 27, 1]",8.509001731872559,"clip_to_[0,288]x[0,384]_then_scale_to_[-1,1]",ok,,
wlasl:21869,21869,21869,fine,11,train,F:/DMV/Recognizing-sign-language-at-the-word-level/data/datasets/WLASL/pose/rtmw_l/wholebody_133/nslt100/train/21869.npz,F:/DMV/Recognizing-sign-language-at-the-word-level/data/datasets/WLASL/branch_inputs/skeleton/rtmw_l/selected_27/nslt100/train/21869.npz,F:/DMV/Recognizing-sign-language-at-the-word-level/data/datasets/WLASL/branch_inputs/skeleton/rtmw_l/normalized/selected_27/nslt100/train/21869.npz,F:/DMV/Recognizing-sign-language-at-the-word-level/data/datasets/WLASL/branch_inputs/skeleton/rtmw_l/graph_tensors/selected_27/nslt100/train/21869.npz,wholebody_133,selected_27,"[0, 5, 6, 7, 8, 9, 10, 93, 95, 97, 99, 101, 103, 105, 107, 109, 111, 114, 116, 118, 120, 122, 124, 126, 128, 130, 132]",83,150,133,27,3,1,"[3, 150, 27, 1]",8.509001731872559,"clip_to_[0,288]x[0,384]_then_scale_to_[-1,1]",ok,,end_frame_clipped_to_video_end
wlasl:21870,21870,21870,fine,11,train,F:/DMV/Recognizing-sign-language-at-the-word-level/data/datasets/WLASL/pose/rtmw_l/wholebody_133/nslt100/train/21870.npz,F:/DMV/Recognizing-sign-language-at-the-word-level/data/datasets/WLASL/branch_inputs/skeleton/rtmw_l/selected_27/nslt100/train/21870.npz,F:/DMV/Recognizing-sign-language-at-the-word-level/data/datasets/WLASL/branch_inputs/skeleton/rtmw_l/normalized/selected_27/nslt100/train/21870.npz,F:/DMV/Recognizing-sign-language-at-the-word-level/data/datasets/WLASL/branch_inputs/skeleton/rtmw_l/graph_tensors/selected_27/nslt100/train/21870.npz,wholebody_133,selected_27,"[0, 5, 6, 7, 8, 9, 10, 93, 95, 97, 99, 101, 103, 105, 107, 109, 111, 114, 116, 118, 120, 122, 124, 126, 128, 130, 132]",56,150,133,27,3,1,"[3, 150, 27, 1]",8.509001731872559,"clip_to_[0,288]x[0,384]_then_scale_to_[-1,1]",ok,,
wlasl:21871,21871,21871,fine,11,train,F:/DMV/Recognizing-sign-language-at-the-word-level/data/datasets/WLASL/pose/rtmw_l/wholebody_133/nslt100/train/21871.npz,F:/DMV/Recognizing-sign-language-at-the-word-level/data/datasets/WLASL/branch_inputs/skeleton/rtmw_l/selected_27/nslt100/train/21871.npz,F:/DMV/Recognizing-sign-language-at-the-word-level/data/datasets/WLASL/branch_inputs/skeleton/rtmw_l/normalized/selected_27/nslt100/train/21871.npz,F:/DMV/Recognizing-sign-language-at-the-word-level/data/datasets/WLASL/branch_inputs/skeleton/rtmw_l/graph_tensors/selected_27/nslt100/train/21871.npz,wholebody_133,selected_27,"[0, 5, 6, 7, 8, 9, 10, 93, 95, 97, 99, 101, 103, 105, 107, 109, 111, 114, 116, 118, 120, 122, 124, 126, 128, 130, 132]",68,150,133,27,3,1,"[3, 150, 27, 1]",8.509001731872559,"clip_to_[0,288]x[0,384]_then_scale_to_[-1,1]",ok,,
wlasl:21878,21878,21878,fine,11,train,F:/DMV/Recognizing-sign-language-at-the-word-level/data/datasets/WLASL/pose/rtmw_l/wholebody_133/nslt100/train/21878.npz,F:/DMV/Recognizing-sign-language-at-the-word-level/data/datasets/WLASL/branch_inputs/skeleton/rtmw_l/selected_27/nslt100/train/21878.npz,F:/DMV/Recognizing-sign-language-at-the-word-level/data/datasets/WLASL/branch_inputs/skeleton/rtmw_l/normalized/selected_27/nslt100/train/21878.npz,F:/DMV/Recognizing-sign-language-at-the-word-level/data/datasets/WLASL/branch_inputs/skeleton/rtmw_l/graph_tensors/selected_27/nslt100/train/21878.npz,wholebody_133,selected_27,"[0, 5, 6, 7, 8, 9, 10, 93, 95, 97, 99, 101, 103, 105, 107, 109, 111, 114, 116, 118, 120, 122, 124, 126, 128, 130, 132]",33,150,133,27,3,1,"[3, 150, 27, 1]",8.509001731872559,"clip_to_[0,288]x[0,384]_then_scale_to_[-1,1]",ok,,
wlasl:21883,21883,21883,fine,11,train,F:/DMV/Recognizing-sign-language-at-the-word-level/data/datasets/WLASL/pose/rtmw_l/wholebody_133/nslt100/train/21883.npz,F:/DMV/Recognizing-sign-language-at-the-word-level/data/datasets/WLASL/branch_inputs/skeleton/rtmw_l/selected_27/nslt100/train/21883.npz,F:/DMV/Recognizing-sign-language-at-the-word-level/data/datasets/WLASL/branch_inputs/skeleton/rtmw_l/normalized/selected_27/nslt100/train/21883.npz,F:/DMV/Recognizing-sign-language-at-the-word-level/data/datasets/WLASL/branch_inputs/skeleton/rtmw_l/graph_tensors/selected_27/nslt100/train/21883.npz,wholebody_133,selected_27,"[0, 5, 6, 7, 8, 9, 10, 93, 95, 97, 99, 101, 103, 105, 107, 109, 111, 114, 116, 118, 120, 122, 124, 126, 128, 130, 132]",28,150,133,27,3,1,"[3, 150, 27, 1]",8.509001731872559,"clip_to_[0,288]x[0,384]_then_scale_to_[-1,1]",ok,,
wlasl:21891,21891,21891,fine,11,train,F:/DMV/Recognizing-sign-language-at-the-word-level/data/datasets/WLASL/pose/rtmw_l/wholebody_133/nslt100/train/21891.npz,F:/DMV/Recognizing-sign-language-at-the-word-level/data/datasets/WLASL/branch_inputs/skeleton/rtmw_l/selected_27/nslt100/train/21891.npz,F:/DMV/Recognizing-sign-language-at-the-word-level/data/datasets/WLASL/branch_inputs/skeleton/rtmw_l/normalized/selected_27/nslt100/train/21891.npz,F:/DMV/Recognizing-sign-language-at-the-word-level/data/datasets/WLASL/branch_inputs/skeleton/rtmw_l/graph_tensors/selected_27/nslt100/train/21891.npz,wholebody_133,selected_27,"[0, 5, 6, 7, 8, 9, 10, 93, 95, 97, 99, 101, 103, 105, 107, 109, 111, 114, 116, 118, 120, 122, 124, 126, 128, 130, 132]",66,150,133,27,3,1,"[3, 150, 27, 1]",8.509001731872559,"clip_to_[0,288]x[0,384]_then_scale_to_[-1,1]",ok,,
wlasl:21941,21941,21941,finish,21,train,F:/DMV/Recognizing-sign-language-at-the-word-level/data/datasets/WLASL/pose/rtmw_l/wholebody_133/nslt100/train/21941.npz,F:/DMV/Recognizing-sign-language-at-the-word-level/data/datasets/WLASL/branch_inputs/skeleton/rtmw_l/selected_27/nslt100/train/21941.npz,F:/DMV/Recognizing-sign-language-at-the-word-level/data/datasets/WLASL/branch_inputs/skeleton/rtmw_l/normalized/selected_27/nslt100/train/21941.npz,F:/DMV/Recognizing-sign-language-at-the-word-level/data/datasets/WLASL/branch_inputs/skeleton/rtmw_l/graph_tensors/selected_27/nslt100/train/21941.npz,wholebody_133,selected_27,"[0, 5, 6, 7, 8, 9, 10, 93, 95, 97, 99, 101, 103, 105, 107, 109, 111, 114, 116, 118, 120, 122, 124, 126, 128, 130, 132]",55,150,133,27,3,1,"[3, 150, 27, 1]",8.509001731872559,"clip_to_[0,288]x[0,384]_then_scale_to_[-1,1]",ok,,end_frame_clipped_to_video_end
wlasl:21943,21943,21943,finish,21,train,F:/DMV/Recognizing-sign-language-at-the-word-level/data/datasets/WLASL/pose/rtmw_l/wholebody_133/nslt100/train/21943.npz,F:/DMV/Recognizing-sign-language-at-the-word-level/data/datasets/WLASL/branch_inputs/skeleton/rtmw_l/selected_27/nslt100/train/21943.npz,F:/DMV/Recognizing-sign-language-at-the-word-level/data/datasets/WLASL/branch_inputs/skeleton/rtmw_l/normalized/selected_27/nslt100/train/21943.npz,F:/DMV/Recognizing-sign-language-at-the-word-level/data/datasets/WLASL/branch_inputs/skeleton/rtmw_l/graph_tensors/selected_27/nslt100/train/21943.npz,wholebody_133,selected_27,"[0, 5, 6, 7, 8, 9, 10, 93, 95, 97, 99, 101, 103, 105, 107, 109, 111, 114, 116, 118, 120, 122, 124, 126, 128, 130, 132]",27,150,133,27,3,1,"[3, 150, 27, 1]",8.509001731872559,"clip_to_[0,288]x[0,384]_then_scale_to_[-1,1]",ok,,end_frame_clipped_to_video_end
wlasl:21945,21945,21945,finish,21,train,F:/DMV/Recognizing-sign-language-at-the-word-level/data/datasets/WLASL/pose/rtmw_l/wholebody_133/nslt100/train/21945.npz,F:/DMV/Recognizing-sign-language-at-the-word-level/data/datasets/WLASL/branch_inputs/skeleton/rtmw_l/selected_27/nslt100/train/21945.npz,F:/DMV/Recognizing-sign-language-at-the-word-level/data/datasets/WLASL/branch_inputs/skeleton/rtmw_l/normalized/selected_27/nslt100/train/21945.npz,F:/DMV/Recognizing-sign-language-at-the-word-level/data/datasets/WLASL/branch_inputs/skeleton/rtmw_l/graph_tensors/selected_27/nslt100/train/21945.npz,wholebody_133,selected_27,"[0, 5, 6, 7, 8, 9, 10, 93, 95, 97, 99, 101, 103, 105, 107, 109, 111, 114, 116, 118, 120, 122, 124, 126, 128, 130, 132]",59,150,133,27,3,1,"[3, 150, 27, 1]",8.509001731872559,"clip_to_[0,288]x[0,384]_then_scale_to_[-1,1]",ok,,
wlasl:21950,21950,21950,finish,21,train,F:/DMV/Recognizing-sign-language-at-the-word-level/data/datasets/WLASL/pose/rtmw_l/wholebody_133/nslt100/train/21950.npz,F:/DMV/Recognizing-sign-language-at-the-word-level/data/datasets/WLASL/branch_inputs/skeleton/rtmw_l/selected_27/nslt100/train/21950.npz,F:/DMV/Recognizing-sign-language-at-the-word-level/data/datasets/WLASL/branch_inputs/skeleton/rtmw_l/normalized/selected_27/nslt100/train/21950.npz,F:/DMV/Recognizing-sign-language-at-the-word-level/data/datasets/WLASL/branch_inputs/skeleton/rtmw_l/graph_tensors/selected_27/nslt100/train/21950.npz,wholebody_133,selected_27,"[0, 5, 6, 7, 8, 9, 10, 93, 95, 97, 99, 101, 103, 105, 107, 109, 111, 114, 116, 118, 120, 122, 124, 126, 128, 130, 132]",26,150,133,27,3,1,"[3, 150, 27, 1]",8.509001731872559,"clip_to_[0,288]x[0,384]_then_scale_to_[-1,1]",ok,,
wlasl:21951,21951,21951,finish,21,train,F:/DMV/Recognizing-sign-language-at-the-word-level/data/datasets/WLASL/pose/rtmw_l/wholebody_133/nslt100/train/21951.npz,F:/DMV/Recognizing-sign-language-at-the-word-level/data/datasets/WLASL/branch_inputs/skeleton/rtmw_l/selected_27/nslt100/train/21951.npz,F:/DMV/Recognizing-sign-language-at-the-word-level/data/datasets/WLASL/branch_inputs/skeleton/rtmw_l/normalized/selected_27/nslt100/train/21951.npz,F:/DMV/Recognizing-sign-language-at-the-word-level/data/datasets/WLASL/branch_inputs/skeleton/rtmw_l/graph_tensors/selected_27/nslt100/train/21951.npz,wholebody_133,selected_27,"[0, 5, 6, 7, 8, 9, 10, 93, 95, 97, 99, 101, 103, 105, 107, 109, 111, 114, 116, 118, 120, 122, 124, 126, 128, 130, 132]",26,150,133,27,3,1,"[3, 150, 27, 1]",8.509001731872559,"clip_to_[0,288]x[0,384]_then_scale_to_[-1,1]",ok,,
wlasl:22115,22115,22115,fish,38,train,F:/DMV/Recognizing-sign-language-at-the-word-level/data/datasets/WLASL/pose/rtmw_l/wholebody_133/nslt100/train/22115.npz,F:/DMV/Recognizing-sign-language-at-the-word-level/data/datasets/WLASL/branch_inputs/skeleton/rtmw_l/selected_27/nslt100/train/22115.npz,F:/DMV/Recognizing-sign-language-at-the-word-level/data/datasets/WLASL/branch_inputs/skeleton/rtmw_l/normalized/selected_27/nslt100/train/22115.npz,F:/DMV/Recognizing-sign-language-at-the-word-level/data/datasets/WLASL/branch_inputs/skeleton/rtmw_l/graph_tensors/selected_27/nslt100/train/22115.npz,wholebody_133,selected_27,"[0, 5, 6, 7, 8, 9, 10, 93, 95, 97, 99, 101, 103, 105, 107, 109, 111, 114, 116, 118, 120, 122, 124, 126, 128, 130, 132]",53,150,133,27,3,1,"[3, 150, 27, 1]",8.509001731872559,"clip_to_[0,288]x[0,384]_then_scale_to_[-1,1]",ok,,
wlasl:22116,22116,22116,fish,38,train,F:/DMV/Recognizing-sign-language-at-the-word-level/data/datasets/WLASL/pose/rtmw_l/wholebody_133/nslt100/train/22116.npz,F:/DMV/Recognizing-sign-language-at-the-word-level/data/datasets/WLASL/branch_inputs/skeleton/rtmw_l/selected_27/nslt100/train/22116.npz,F:/DMV/Recognizing-sign-language-at-the-word-level/data/datasets/WLASL/branch_inputs/skeleton/rtmw_l/normalized/selected_27/nslt100/train/22116.npz,F:/DMV/Recognizing-sign-language-at-the-word-level/data/datasets/WLASL/branch_inputs/skeleton/rtmw_l/graph_tensors/selected_27/nslt100/train/22116.npz,wholebody_133,selected_27,"[0, 5, 6, 7, 8, 9, 10, 93, 95, 97, 99, 101, 103, 105, 107, 109, 111, 114, 116, 118, 120, 122, 124, 126, 128, 130, 132]",29,150,133,27,3,1,"[3, 150, 27, 1]",8.509001731872559,"clip_to_[0,288]x[0,384]_then_scale_to_[-1,1]",ok,,end_frame_clipped_to_video_end
wlasl:22120,22120,22120,fish,38,train,F:/DMV/Recognizing-sign-language-at-the-word-level/data/datasets/WLASL/pose/rtmw_l/wholebody_133/nslt100/train/22120.npz,F:/DMV/Recognizing-sign-language-at-the-word-level/data/datasets/WLASL/branch_inputs/skeleton/rtmw_l/selected_27/nslt100/train/22120.npz,F:/DMV/Recognizing-sign-language-at-the-word-level/data/datasets/WLASL/branch_inputs/skeleton/rtmw_l/normalized/selected_27/nslt100/train/22120.npz,F:/DMV/Recognizing-sign-language-at-the-word-level/data/datasets/WLASL/branch_inputs/skeleton/rtmw_l/graph_tensors/selected_27/nslt100/train/22120.npz,wholebody_133,selected_27,"[0, 5, 6, 7, 8, 9, 10, 93, 95, 97, 99, 101, 103, 105, 107, 109, 111, 114, 116, 118, 120, 122, 124, 126, 128, 130, 132]",29,150,133,27,3,1,"[3, 150, 27, 1]",8.509001731872559,"clip_to_[0,288]x[0,384]_then_scale_to_[-1,1]",ok,,
wlasl:22121,22121,22121,fish,38,train,F:/DMV/Recognizing-sign-language-at-the-word-level/data/datasets/WLASL/pose/rtmw_l/wholebody_133/nslt100/train/22121.npz,F:/DMV/Recognizing-sign-language-at-the-word-level/data/datasets/WLASL/branch_inputs/skeleton/rtmw_l/selected_27/nslt100/train/22121.npz,F:/DMV/Recognizing-sign-language-at-the-word-level/data/datasets/WLASL/branch_inputs/skeleton/rtmw_l/normalized/selected_27/nslt100/train/22121.npz,F:/DMV/Recognizing-sign-language-at-the-word-level/data/datasets/WLASL/branch_inputs/skeleton/rtmw_l/graph_tensors/selected_27/nslt100/train/22121.npz,wholebody_133,selected_27,"[0, 5, 6, 7, 8, 9, 10, 93, 95, 97, 99, 101, 103, 105, 107, 109, 111, 114, 116, 118, 120, 122, 124, 126, 128, 130, 132]",43,150,133,27,3,1,"[3, 150, 27, 1]",8.509001731872559,"clip_to_[0,288]x[0,384]_then_scale_to_[-1,1]",ok,,
wlasl:22130,22130,22130,fish,38,train,F:/DMV/Recognizing-sign-language-at-the-word-level/data/datasets/WLASL/pose/rtmw_l/wholebody_133/nslt100/train/22130.npz,F:/DMV/Recognizing-sign-language-at-the-word-level/data/datasets/WLASL/branch_inputs/skeleton/rtmw_l/selected_27/nslt100/train/22130.npz,F:/DMV/Recognizing-sign-language-at-the-word-level/data/datasets/WLASL/branch_inputs/skeleton/rtmw_l/normalized/selected_27/nslt100/train/22130.npz,F:/DMV/Recognizing-sign-language-at-the-word-level/data/datasets/WLASL/branch_inputs/skeleton/rtmw_l/graph_tensors/selected_27/nslt100/train/22130.npz,wholebody_133,selected_27,"[0, 5, 6, 7, 8, 9, 10, 93, 95, 97, 99, 101, 103, 105, 107, 109, 111, 114, 116, 118, 120, 122, 124, 126, 128, 130, 132]",73,150,133,27,3,1,"[3, 150, 27, 1]",8.509001731872559,"clip_to_[0,288]x[0,384]_then_scale_to_[-1,1]",ok,,
wlasl:22952,22952,22952,forget,63,train,F:/DMV/Recognizing-sign-language-at-the-word-level/data/datasets/WLASL/pose/rtmw_l/wholebody_133/nslt100/train/22952.npz,F:/DMV/Recognizing-sign-language-at-the-word-level/data/datasets/WLASL/branch_inputs/skeleton/rtmw_l/selected_27/nslt100/train/22952.npz,F:/DMV/Recognizing-sign-language-at-the-word-level/data/datasets/WLASL/branch_inputs/skeleton/rtmw_l/normalized/selected_27/nslt100/train/22952.npz,F:/DMV/Recognizing-sign-language-at-the-word-level/data/datasets/WLASL/branch_inputs/skeleton/rtmw_l/graph_tensors/selected_27/nslt100/train/22952.npz,wholebody_133,selected_27,"[0, 5, 6, 7, 8, 9, 10, 93, 95, 97, 99, 101, 103, 105, 107, 109, 111, 114, 116, 118, 120, 122, 124, 126, 128, 130, 132]",48,150,133,27,3,1,"[3, 150, 27, 1]",8.509001731872559,"clip_to_[0,288]x[0,384]_then_scale_to_[-1,1]",ok,,
wlasl:22953,22953,22953,forget,63,train,F:/DMV/Recognizing-sign-language-at-the-word-level/data/datasets/WLASL/pose/rtmw_l/wholebody_133/nslt100/train/22953.npz,F:/DMV/Recognizing-sign-language-at-the-word-level/data/datasets/WLASL/branch_inputs/skeleton/rtmw_l/selected_27/nslt100/train/22953.npz,F:/DMV/Recognizing-sign-language-at-the-word-level/data/datasets/WLASL/branch_inputs/skeleton/rtmw_l/normalized/selected_27/nslt100/train/22953.npz,F:/DMV/Recognizing-sign-language-at-the-word-level/data/datasets/WLASL/branch_inputs/skeleton/rtmw_l/graph_tensors/selected_27/nslt100/train/22953.npz,wholebody_133,selected_27,"[0, 5, 6, 7, 8, 9, 10, 93, 95, 97, 99, 101, 103, 105, 107, 109, 111, 114, 116, 118, 120, 122, 124, 126, 128, 130, 132]",36,150,133,27,3,1,"[3, 150, 27, 1]",8.509001731872559,"clip_to_[0,288]x[0,384]_then_scale_to_[-1,1]",ok,,end_frame_clipped_to_video_end
wlasl:22955,22955,22955,forget,63,train,F:/DMV/Recognizing-sign-language-at-the-word-level/data/datasets/WLASL/pose/rtmw_l/wholebody_133/nslt100/train/22955.npz,F:/DMV/Recognizing-sign-language-at-the-word-level/data/datasets/WLASL/branch_inputs/skeleton/rtmw_l/selected_27/nslt100/train/22955.npz,F:/DMV/Recognizing-sign-language-at-the-word-level/data/datasets/WLASL/branch_inputs/skeleton/rtmw_l/normalized/selected_27/nslt100/train/22955.npz,F:/DMV/Recognizing-sign-language-at-the-word-level/data/datasets/WLASL/branch_inputs/skeleton/rtmw_l/graph_tensors/selected_27/nslt100/train/22955.npz,wholebody_133,selected_27,"[0, 5, 6, 7, 8, 9, 10, 93, 95, 97, 99, 101, 103, 105, 107, 109, 111, 114, 116, 118, 120, 122, 124, 126, 128, 130, 132]",57,150,133,27,3,1,"[3, 150, 27, 1]",8.509001731872559,"clip_to_[0,288]x[0,384]_then_scale_to_[-1,1]",ok,,
wlasl:22960,22960,22960,forget,63,train,F:/DMV/Recognizing-sign-language-at-the-word-level/data/datasets/WLASL/pose/rtmw_l/wholebody_133/nslt100/train/22960.npz,F:/DMV/Recognizing-sign-language-at-the-word-level/data/datasets/WLASL/branch_inputs/skeleton/rtmw_l/selected_27/nslt100/train/22960.npz,F:/DMV/Recognizing-sign-language-at-the-word-level/data/datasets/WLASL/branch_inputs/skeleton/rtmw_l/normalized/selected_27/nslt100/train/22960.npz,F:/DMV/Recognizing-sign-language-at-the-word-level/data/datasets/WLASL/branch_inputs/skeleton/rtmw_l/graph_tensors/selected_27/nslt100/train/22960.npz,wholebody_133,selected_27,"[0, 5, 6, 7, 8, 9, 10, 93, 95, 97, 99, 101, 103, 105, 107, 109, 111, 114, 116, 118, 120, 122, 124, 126, 128, 130, 132]",36,150,133,27,3,1,"[3, 150, 27, 1]",8.509001731872559,"clip_to_[0,288]x[0,384]_then_scale_to_[-1,1]",ok,,
wlasl:22967,22967,22967,forget,63,train,F:/DMV/Recognizing-sign-language-at-the-word-level/data/datasets/WLASL/pose/rtmw_l/wholebody_133/nslt100/train/22967.npz,F:/DMV/Recognizing-sign-language-at-the-word-level/data/datasets/WLASL/branch_inputs/skeleton/rtmw_l/selected_27/nslt100/train/22967.npz,F:/DMV/Recognizing-sign-language-at-the-word-level/data/datasets/WLASL/branch_inputs/skeleton/rtmw_l/normalized/selected_27/nslt100/train/22967.npz,F:/DMV/Recognizing-sign-language-at-the-word-level/data/datasets/WLASL/branch_inputs/skeleton/rtmw_l/graph_tensors/selected_27/nslt100/train/22967.npz,wholebody_133,selected_27,"[0, 5, 6, 7, 8, 9, 10, 93, 95, 97, 99, 101, 103, 105, 107, 109, 111, 114, 116, 118, 120, 122, 124, 126, 128, 130, 132]",65,150,133,27,3,1,"[3, 150, 27, 1]",8.509001731872559,"clip_to_[0,288]x[0,384]_then_scale_to_[-1,1]",ok,,
wlasl:23766,23766,23766,full,85,train,F:/DMV/Recognizing-sign-language-at-the-word-level/data/datasets/WLASL/pose/rtmw_l/wholebody_133/nslt100/train/23766.npz,F:/DMV/Recognizing-sign-language-at-the-word-level/data/datasets/WLASL/branch_inputs/skeleton/rtmw_l/selected_27/nslt100/train/23766.npz,F:/DMV/Recognizing-sign-language-at-the-word-level/data/datasets/WLASL/branch_inputs/skeleton/rtmw_l/normalized/selected_27/nslt100/train/23766.npz,F:/DMV/Recognizing-sign-language-at-the-word-level/data/datasets/WLASL/branch_inputs/skeleton/rtmw_l/graph_tensors/selected_27/nslt100/train/23766.npz,wholebody_133,selected_27,"[0, 5, 6, 7, 8, 9, 10, 93, 95, 97, 99, 101, 103, 105, 107, 109, 111, 114, 116, 118, 120, 122, 124, 126, 128, 130, 132]",65,150,133,27,3,1,"[3, 150, 27, 1]",8.509001731872559,"clip_to_[0,288]x[0,384]_then_scale_to_[-1,1]",ok,,
wlasl:23768,23768,23768,full,85,train,F:/DMV/Recognizing-sign-language-at-the-word-level/data/datasets/WLASL/pose/rtmw_l/wholebody_133/nslt100/train/23768.npz,F:/DMV/Recognizing-sign-language-at-the-word-level/data/datasets/WLASL/branch_inputs/skeleton/rtmw_l/selected_27/nslt100/train/23768.npz,F:/DMV/Recognizing-sign-language-at-the-word-level/data/datasets/WLASL/branch_inputs/skeleton/rtmw_l/normalized/selected_27/nslt100/train/23768.npz,F:/DMV/Recognizing-sign-language-at-the-word-level/data/datasets/WLASL/branch_inputs/skeleton/rtmw_l/graph_tensors/selected_27/nslt100/train/23768.npz,wholebody_133,selected_27,"[0, 5, 6, 7, 8, 9, 10, 93, 95, 97, 99, 101, 103, 105, 107, 109, 111, 114, 116, 118, 120, 122, 124, 126, 128, 130, 132]",25,150,133,27,3,1,"[3, 150, 27, 1]",8.509001731872559,"clip_to_[0,288]x[0,384]_then_scale_to_[-1,1]",ok,,end_frame_clipped_to_video_end
wlasl:23769,23769,23769,full,85,train,F:/DMV/Recognizing-sign-language-at-the-word-level/data/datasets/WLASL/pose/rtmw_l/wholebody_133/nslt100/train/23769.npz,F:/DMV/Recognizing-sign-language-at-the-word-level/data/datasets/WLASL/branch_inputs/skeleton/rtmw_l/selected_27/nslt100/train/23769.npz,F:/DMV/Recognizing-sign-language-at-the-word-level/data/datasets/WLASL/branch_inputs/skeleton/rtmw_l/normalized/selected_27/nslt100/train/23769.npz,F:/DMV/Recognizing-sign-language-at-the-word-level/data/datasets/WLASL/branch_inputs/skeleton/rtmw_l/graph_tensors/selected_27/nslt100/train/23769.npz,wholebody_133,selected_27,"[0, 5, 6, 7, 8, 9, 10, 93, 95, 97, 99, 101, 103, 105, 107, 109, 111, 114, 116, 118, 120, 122, 124, 126, 128, 130, 132]",86,150,133,27,3,1,"[3, 150, 27, 1]",8.509001731872559,"clip_to_[0,288]x[0,384]_then_scale_to_[-1,1]",ok,,
wlasl:23771,23771,23771,full,85,train,F:/DMV/Recognizing-sign-language-at-the-word-level/data/datasets/WLASL/pose/rtmw_l/wholebody_133/nslt100/train/23771.npz,F:/DMV/Recognizing-sign-language-at-the-word-level/data/datasets/WLASL/branch_inputs/skeleton/rtmw_l/selected_27/nslt100/train/23771.npz,F:/DMV/Recognizing-sign-language-at-the-word-level/data/datasets/WLASL/branch_inputs/skeleton/rtmw_l/normalized/selected_27/nslt100/train/23771.npz,F:/DMV/Recognizing-sign-language-at-the-word-level/data/datasets/WLASL/branch_inputs/skeleton/rtmw_l/graph_tensors/selected_27/nslt100/train/23771.npz,wholebody_133,selected_27,"[0, 5, 6, 7, 8, 9, 10, 93, 95, 97, 99, 101, 103, 105, 107, 109, 111, 114, 116, 118, 120, 122, 124, 126, 128, 130, 132]",78,150,133,27,3,1,"[3, 150, 27, 1]",8.509001731872559,"clip_to_[0,288]x[0,384]_then_scale_to_[-1,1]",ok,,
wlasl:23774,23774,23774,full,85,train,F:/DMV/Recognizing-sign-language-at-the-word-level/data/datasets/WLASL/pose/rtmw_l/wholebody_133/nslt100/train/23774.npz,F:/DMV/Recognizing-sign-language-at-the-word-level/data/datasets/WLASL/branch_inputs/skeleton/rtmw_l/selected_27/nslt100/train/23774.npz,F:/DMV/Recognizing-sign-language-at-the-word-level/data/datasets/WLASL/branch_inputs/skeleton/rtmw_l/normalized/selected_27/nslt100/train/23774.npz,F:/DMV/Recognizing-sign-language-at-the-word-level/data/datasets/WLASL/branch_inputs/skeleton/rtmw_l/graph_tensors/selected_27/nslt100/train/23774.npz,wholebody_133,selected_27,"[0, 5, 6, 7, 8, 9, 10, 93, 95, 97, 99, 101, 103, 105, 107, 109, 111, 114, 116, 118, 120, 122, 124, 126, 128, 130, 132]",48,150,133,27,3,1,"[3, 150, 27, 1]",8.509001731872559,"clip_to_[0,288]x[0,384]_then_scale_to_[-1,1]",ok,,
wlasl:23782,23782,23782,full,85,train,F:/DMV/Recognizing-sign-language-at-the-word-level/data/datasets/WLASL/pose/rtmw_l/wholebody_133/nslt100/train/23782.npz,F:/DMV/Recognizing-sign-language-at-the-word-level/data/datasets/WLASL/branch_inputs/skeleton/rtmw_l/selected_27/nslt100/train/23782.npz,F:/DMV/Recognizing-sign-language-at-the-word-level/data/datasets/WLASL/branch_inputs/skeleton/rtmw_l/normalized/selected_27/nslt100/train/23782.npz,F:/DMV/Recognizing-sign-language-at-the-word-level/data/datasets/WLASL/branch_inputs/skeleton/rtmw_l/graph_tensors/selected_27/nslt100/train/23782.npz,wholebody_133,selected_27,"[0, 5, 6, 7, 8, 9, 10, 93, 95, 97, 99, 101, 103, 105, 107, 109, 111, 114, 116, 118, 120, 122, 124, 126, 128, 130, 132]",63,150,133,27,3,1,"[3, 150, 27, 1]",8.509001731872559,"clip_to_[0,288]x[0,384]_then_scale_to_[-1,1]",ok,,
wlasl:24638,24638,24638,give,64,train,F:/DMV/Recognizing-sign-language-at-the-word-level/data/datasets/WLASL/pose/rtmw_l/wholebody_133/nslt100/train/24638.npz,F:/DMV/Recognizing-sign-language-at-the-word-level/data/datasets/WLASL/branch_inputs/skeleton/rtmw_l/selected_27/nslt100/train/24638.npz,F:/DMV/Recognizing-sign-language-at-the-word-level/data/datasets/WLASL/branch_inputs/skeleton/rtmw_l/normalized/selected_27/nslt100/train/24638.npz,F:/DMV/Recognizing-sign-language-at-the-word-level/data/datasets/WLASL/branch_inputs/skeleton/rtmw_l/graph_tensors/selected_27/nslt100/train/24638.npz,wholebody_133,selected_27,"[0, 5, 6, 7, 8, 9, 10, 93, 95, 97, 99, 101, 103, 105, 107, 109, 111, 114, 116, 118, 120, 122, 124, 126, 128, 130, 132]",27,150,133,27,3,1,"[3, 150, 27, 1]",8.509001731872559,"clip_to_[0,288]x[0,384]_then_scale_to_[-1,1]",ok,,
wlasl:24640,24640,24640,give,64,train,F:/DMV/Recognizing-sign-language-at-the-word-level/data/datasets/WLASL/pose/rtmw_l/wholebody_133/nslt100/train/24640.npz,F:/DMV/Recognizing-sign-language-at-the-word-level/data/datasets/WLASL/branch_inputs/skeleton/rtmw_l/selected_27/nslt100/train/24640.npz,F:/DMV/Recognizing-sign-language-at-the-word-level/data/datasets/WLASL/branch_inputs/skeleton/rtmw_l/normalized/selected_27/nslt100/train/24640.npz,F:/DMV/Recognizing-sign-language-at-the-word-level/data/datasets/WLASL/branch_inputs/skeleton/rtmw_l/graph_tensors/selected_27/nslt100/train/24640.npz,wholebody_133,selected_27,"[0, 5, 6, 7, 8, 9, 10, 93, 95, 97, 99, 101, 103, 105, 107, 109, 111, 114, 116, 118, 120, 122, 124, 126, 128, 130, 132]",34,150,133,27,3,1,"[3, 150, 27, 1]",8.509001731872559,"clip_to_[0,288]x[0,384]_then_scale_to_[-1,1]",ok,,end_frame_clipped_to_video_end
wlasl:24648,24648,24648,give,64,train,F:/DMV/Recognizing-sign-language-at-the-word-level/data/datasets/WLASL/pose/rtmw_l/wholebody_133/nslt100/train/24648.npz,F:/DMV/Recognizing-sign-language-at-the-word-level/data/datasets/WLASL/branch_inputs/skeleton/rtmw_l/selected_27/nslt100/train/24648.npz,F:/DMV/Recognizing-sign-language-at-the-word-level/data/datasets/WLASL/branch_inputs/skeleton/rtmw_l/normalized/selected_27/nslt100/train/24648.npz,F:/DMV/Recognizing-sign-language-at-the-word-level/data/datasets/WLASL/branch_inputs/skeleton/rtmw_l/graph_tensors/selected_27/nslt100/train/24648.npz,wholebody_133,selected_27,"[0, 5, 6, 7, 8, 9, 10, 93, 95, 97, 99, 101, 103, 105, 107, 109, 111, 114, 116, 118, 120, 122, 124, 126, 128, 130, 132]",34,150,133,27,3,1,"[3, 150, 27, 1]",8.509001731872559,"clip_to_[0,288]x[0,384]_then_scale_to_[-1,1]",ok,,
wlasl:24651,24651,24651,give,64,train,F:/DMV/Recognizing-sign-language-at-the-word-level/data/datasets/WLASL/pose/rtmw_l/wholebody_133/nslt100/train/24651.npz,F:/DMV/Recognizing-sign-language-at-the-word-level/data/datasets/WLASL/branch_inputs/skeleton/rtmw_l/selected_27/nslt100/train/24651.npz,F:/DMV/Recognizing-sign-language-at-the-word-level/data/datasets/WLASL/branch_inputs/skeleton/rtmw_l/normalized/selected_27/nslt100/train/24651.npz,F:/DMV/Recognizing-sign-language-at-the-word-level/data/datasets/WLASL/branch_inputs/skeleton/rtmw_l/graph_tensors/selected_27/nslt100/train/24651.npz,wholebody_133,selected_27,"[0, 5, 6, 7, 8, 9, 10, 93, 95, 97, 99, 101, 103, 105, 107, 109, 111, 114, 116, 118, 120, 122, 124, 126, 128, 130, 132]",25,150,133,27,3,1,"[3, 150, 27, 1]",8.509001731872559,"clip_to_[0,288]x[0,384]_then_scale_to_[-1,1]",ok,,
wlasl:24660,24660,24660,give,64,train,F:/DMV/Recognizing-sign-language-at-the-word-level/data/datasets/WLASL/pose/rtmw_l/wholebody_133/nslt100/train/24660.npz,F:/DMV/Recognizing-sign-language-at-the-word-level/data/datasets/WLASL/branch_inputs/skeleton/rtmw_l/selected_27/nslt100/train/24660.npz,F:/DMV/Recognizing-sign-language-at-the-word-level/data/datasets/WLASL/branch_inputs/skeleton/rtmw_l/normalized/selected_27/nslt100/train/24660.npz,F:/DMV/Recognizing-sign-language-at-the-word-level/data/datasets/WLASL/branch_inputs/skeleton/rtmw_l/graph_tensors/selected_27/nslt100/train/24660.npz,wholebody_133,selected_27,"[0, 5, 6, 7, 8, 9, 10, 93, 95, 97, 99, 101, 103, 105, 107, 109, 111, 114, 116, 118, 120, 122, 124, 126, 128, 130, 132]",60,150,133,27,3,1,"[3, 150, 27, 1]",8.509001731872559,"clip_to_[0,288]x[0,384]_then_scale_to_[-1,1]",ok,,
wlasl:24940,24940,24940,go,5,train,F:/DMV/Recognizing-sign-language-at-the-word-level/data/datasets/WLASL/pose/rtmw_l/wholebody_133/nslt100/train/24940.npz,F:/DMV/Recognizing-sign-language-at-the-word-level/data/datasets/WLASL/branch_inputs/skeleton/rtmw_l/selected_27/nslt100/train/24940.npz,F:/DMV/Recognizing-sign-language-at-the-word-level/data/datasets/WLASL/branch_inputs/skeleton/rtmw_l/normalized/selected_27/nslt100/train/24940.npz,F:/DMV/Recognizing-sign-language-at-the-word-level/data/datasets/WLASL/branch_inputs/skeleton/rtmw_l/graph_tensors/selected_27/nslt100/train/24940.npz,wholebody_133,selected_27,"[0, 5, 6, 7, 8, 9, 10, 93, 95, 97, 99, 101, 103, 105, 107, 109, 111, 114, 116, 118, 120, 122, 124, 126, 128, 130, 132]",87,150,133,27,3,1,"[3, 150, 27, 1]",8.509001731872559,"clip_to_[0,288]x[0,384]_then_scale_to_[-1,1]",ok,,end_frame_clipped_to_video_end
wlasl:24941,24941,24941,go,5,train,F:/DMV/Recognizing-sign-language-at-the-word-level/data/datasets/WLASL/pose/rtmw_l/wholebody_133/nslt100/train/24941.npz,F:/DMV/Recognizing-sign-language-at-the-word-level/data/datasets/WLASL/branch_inputs/skeleton/rtmw_l/selected_27/nslt100/train/24941.npz,F:/DMV/Recognizing-sign-language-at-the-word-level/data/datasets/WLASL/branch_inputs/skeleton/rtmw_l/normalized/selected_27/nslt100/train/24941.npz,F:/DMV/Recognizing-sign-language-at-the-word-level/data/datasets/WLASL/branch_inputs/skeleton/rtmw_l/graph_tensors/selected_27/nslt100/train/24941.npz,wholebody_133,selected_27,"[0, 5, 6, 7, 8, 9, 10, 93, 95, 97, 99, 101, 103, 105, 107, 109, 111, 114, 116, 118, 120, 122, 124, 126, 128, 130, 132]",57,150,133,27,3,1,"[3, 150, 27, 1]",8.509001731872559,"clip_to_[0,288]x[0,384]_then_scale_to_[-1,1]",ok,,
wlasl:24943,24943,24943,go,5,train,F:/DMV/Recognizing-sign-language-at-the-word-level/data/datasets/WLASL/pose/rtmw_l/wholebody_133/nslt100/train/24943.npz,F:/DMV/Recognizing-sign-language-at-the-word-level/data/datasets/WLASL/branch_inputs/skeleton/rtmw_l/selected_27/nslt100/train/24943.npz,F:/DMV/Recognizing-sign-language-at-the-word-level/data/datasets/WLASL/branch_inputs/skeleton/rtmw_l/normalized/selected_27/nslt100/train/24943.npz,F:/DMV/Recognizing-sign-language-at-the-word-level/data/datasets/WLASL/branch_inputs/skeleton/rtmw_l/graph_tensors/selected_27/nslt100/train/24943.npz,wholebody_133,selected_27,"[0, 5, 6, 7, 8, 9, 10, 93, 95, 97, 99, 101, 103, 105, 107, 109, 111, 114, 116, 118, 120, 122, 124, 126, 128, 130, 132]",53,150,133,27,3,1,"[3, 150, 27, 1]",8.509001731872559,"clip_to_[0,288]x[0,384]_then_scale_to_[-1,1]",ok,,
wlasl:24947,24947,24947,go,5,train,F:/DMV/Recognizing-sign-language-at-the-word-level/data/datasets/WLASL/pose/rtmw_l/wholebody_133/nslt100/train/24947.npz,F:/DMV/Recognizing-sign-language-at-the-word-level/data/datasets/WLASL/branch_inputs/skeleton/rtmw_l/selected_27/nslt100/train/24947.npz,F:/DMV/Recognizing-sign-language-at-the-word-level/data/datasets/WLASL/branch_inputs/skeleton/rtmw_l/normalized/selected_27/nslt100/train/24947.npz,F:/DMV/Recognizing-sign-language-at-the-word-level/data/datasets/WLASL/branch_inputs/skeleton/rtmw_l/graph_tensors/selected_27/nslt100/train/24947.npz,wholebody_133,selected_27,"[0, 5, 6, 7, 8, 9, 10, 93, 95, 97, 99, 101, 103, 105, 107, 109, 111, 114, 116, 118, 120, 122, 124, 126, 128, 130, 132]",54,150,133,27,3,1,"[3, 150, 27, 1]",8.509001731872559,"clip_to_[0,288]x[0,384]_then_scale_to_[-1,1]",ok,,
wlasl:24954,24954,24954,go,5,train,F:/DMV/Recognizing-sign-language-at-the-word-level/data/datasets/WLASL/pose/rtmw_l/wholebody_133/nslt100/train/24954.npz,F:/DMV/Recognizing-sign-language-at-the-word-level/data/datasets/WLASL/branch_inputs/skeleton/rtmw_l/selected_27/nslt100/train/24954.npz,F:/DMV/Recognizing-sign-language-at-the-word-level/data/datasets/WLASL/branch_inputs/skeleton/rtmw_l/normalized/selected_27/nslt100/train/24954.npz,F:/DMV/Recognizing-sign-language-at-the-word-level/data/datasets/WLASL/branch_inputs/skeleton/rtmw_l/graph_tensors/selected_27/nslt100/train/24954.npz,wholebody_133,selected_27,"[0, 5, 6, 7, 8, 9, 10, 93, 95, 97, 99, 101, 103, 105, 107, 109, 111, 114, 116, 118, 120, 122, 124, 126, 128, 130, 132]",52,150,133,27,3,1,"[3, 150, 27, 1]",8.509001731872559,"clip_to_[0,288]x[0,384]_then_scale_to_[-1,1]",ok,,
wlasl:24955,24955,24955,go,5,train,F:/DMV/Recognizing-sign-language-at-the-word-level/data/datasets/WLASL/pose/rtmw_l/wholebody_133/nslt100/train/24955.npz,F:/DMV/Recognizing-sign-language-at-the-word-level/data/datasets/WLASL/branch_inputs/skeleton/rtmw_l/selected_27/nslt100/train/24955.npz,F:/DMV/Recognizing-sign-language-at-the-word-level/data/datasets/WLASL/branch_inputs/skeleton/rtmw_l/normalized/selected_27/nslt100/train/24955.npz,F:/DMV/Recognizing-sign-language-at-the-word-level/data/datasets/WLASL/branch_inputs/skeleton/rtmw_l/graph_tensors/selected_27/nslt100/train/24955.npz,wholebody_133,selected_27,"[0, 5, 6, 7, 8, 9, 10, 93, 95, 97, 99, 101, 103, 105, 107, 109, 111, 114, 116, 118, 120, 122, 124, 126, 128, 130, 132]",52,150,133,27,3,1,"[3, 150, 27, 1]",8.509001731872559,"clip_to_[0,288]x[0,384]_then_scale_to_[-1,1]",ok,,
wlasl:24956,24956,24956,go,5,train,F:/DMV/Recognizing-sign-language-at-the-word-level/data/datasets/WLASL/pose/rtmw_l/wholebody_133/nslt100/train/24956.npz,F:/DMV/Recognizing-sign-language-at-the-word-level/data/datasets/WLASL/branch_inputs/skeleton/rtmw_l/selected_27/nslt100/train/24956.npz,F:/DMV/Recognizing-sign-language-at-the-word-level/data/datasets/WLASL/branch_inputs/skeleton/rtmw_l/normalized/selected_27/nslt100/train/24956.npz,F:/DMV/Recognizing-sign-language-at-the-word-level/data/datasets/WLASL/branch_inputs/skeleton/rtmw_l/graph_tensors/selected_27/nslt100/train/24956.npz,wholebody_133,selected_27,"[0, 5, 6, 7, 8, 9, 10, 93, 95, 97, 99, 101, 103, 105, 107, 109, 111, 114, 116, 118, 120, 122, 124, 126, 128, 130, 132]",39,150,133,27,3,1,"[3, 150, 27, 1]",8.509001731872559,"clip_to_[0,288]x[0,384]_then_scale_to_[-1,1]",ok,,
wlasl:24961,24961,24961,go,5,train,F:/DMV/Recognizing-sign-language-at-the-word-level/data/datasets/WLASL/pose/rtmw_l/wholebody_133/nslt100/train/24961.npz,F:/DMV/Recognizing-sign-language-at-the-word-level/data/datasets/WLASL/branch_inputs/skeleton/rtmw_l/selected_27/nslt100/train/24961.npz,F:/DMV/Recognizing-sign-language-at-the-word-level/data/datasets/WLASL/branch_inputs/skeleton/rtmw_l/normalized/selected_27/nslt100/train/24961.npz,F:/DMV/Recognizing-sign-language-at-the-word-level/data/datasets/WLASL/branch_inputs/skeleton/rtmw_l/graph_tensors/selected_27/nslt100/train/24961.npz,wholebody_133,selected_27,"[0, 5, 6, 7, 8, 9, 10, 93, 95, 97, 99, 101, 103, 105, 107, 109, 111, 114, 116, 118, 120, 122, 124, 126, 128, 130, 132]",39,150,133,27,3,1,"[3, 150, 27, 1]",8.509001731872559,"clip_to_[0,288]x[0,384]_then_scale_to_[-1,1]",ok,,
wlasl:24962,24962,24962,go,5,train,F:/DMV/Recognizing-sign-language-at-the-word-level/data/datasets/WLASL/pose/rtmw_l/wholebody_133/nslt100/train/24962.npz,F:/DMV/Recognizing-sign-language-at-the-word-level/data/datasets/WLASL/branch_inputs/skeleton/rtmw_l/selected_27/nslt100/train/24962.npz,F:/DMV/Recognizing-sign-language-at-the-word-level/data/datasets/WLASL/branch_inputs/skeleton/rtmw_l/normalized/selected_27/nslt100/train/24962.npz,F:/DMV/Recognizing-sign-language-at-the-word-level/data/datasets/WLASL/branch_inputs/skeleton/rtmw_l/graph_tensors/selected_27/nslt100/train/24962.npz,wholebody_133,selected_27,"[0, 5, 6, 7, 8, 9, 10, 93, 95, 97, 99, 101, 103, 105, 107, 109, 111, 114, 116, 118, 120, 122, 124, 126, 128, 130, 132]",37,150,133,27,3,1,"[3, 150, 27, 1]",8.509001731872559,"clip_to_[0,288]x[0,384]_then_scale_to_[-1,1]",ok,,
wlasl:24973,24973,24973,go,5,train,F:/DMV/Recognizing-sign-language-at-the-word-level/data/datasets/WLASL/pose/rtmw_l/wholebody_133/nslt100/train/24973.npz,F:/DMV/Recognizing-sign-language-at-the-word-level/data/datasets/WLASL/branch_inputs/skeleton/rtmw_l/selected_27/nslt100/train/24973.npz,F:/DMV/Recognizing-sign-language-at-the-word-level/data/datasets/WLASL/branch_inputs/skeleton/rtmw_l/normalized/selected_27/nslt100/train/24973.npz,F:/DMV/Recognizing-sign-language-at-the-word-level/data/datasets/WLASL/branch_inputs/skeleton/rtmw_l/graph_tensors/selected_27/nslt100/train/24973.npz,wholebody_133,selected_27,"[0, 5, 6, 7, 8, 9, 10, 93, 95, 97, 99, 101, 103, 105, 107, 109, 111, 114, 116, 118, 120, 122, 124, 126, 128, 130, 132]",92,150,133,27,3,1,"[3, 150, 27, 1]",8.509001731872559,"clip_to_[0,288]x[0,384]_then_scale_to_[-1,1]",ok,,
wlasl:25321,25321,25321,graduate,39,train,F:/DMV/Recognizing-sign-language-at-the-word-level/data/datasets/WLASL/pose/rtmw_l/wholebody_133/nslt100/train/25321.npz,F:/DMV/Recognizing-sign-language-at-the-word-level/data/datasets/WLASL/branch_inputs/skeleton/rtmw_l/selected_27/nslt100/train/25321.npz,F:/DMV/Recognizing-sign-language-at-the-word-level/data/datasets/WLASL/branch_inputs/skeleton/rtmw_l/normalized/selected_27/nslt100/train/25321.npz,F:/DMV/Recognizing-sign-language-at-the-word-level/data/datasets/WLASL/branch_inputs/skeleton/rtmw_l/graph_tensors/selected_27/nslt100/train/25321.npz,wholebody_133,selected_27,"[0, 5, 6, 7, 8, 9, 10, 93, 95, 97, 99, 101, 103, 105, 107, 109, 111, 114, 116, 118, 120, 122, 124, 126, 128, 130, 132]",91,150,133,27,3,1,"[3, 150, 27, 1]",8.509001731872559,"clip_to_[0,288]x[0,384]_then_scale_to_[-1,1]",ok,,end_frame_clipped_to_video_end
wlasl:25322,25322,25322,graduate,39,train,F:/DMV/Recognizing-sign-language-at-the-word-level/data/datasets/WLASL/pose/rtmw_l/wholebody_133/nslt100/train/25322.npz,F:/DMV/Recognizing-sign-language-at-the-word-level/data/datasets/WLASL/branch_inputs/skeleton/rtmw_l/selected_27/nslt100/train/25322.npz,F:/DMV/Recognizing-sign-language-at-the-word-level/data/datasets/WLASL/branch_inputs/skeleton/rtmw_l/normalized/selected_27/nslt100/train/25322.npz,F:/DMV/Recognizing-sign-language-at-the-word-level/data/datasets/WLASL/branch_inputs/skeleton/rtmw_l/graph_tensors/selected_27/nslt100/train/25322.npz,wholebody_133,selected_27,"[0, 5, 6, 7, 8, 9, 10, 93, 95, 97, 99, 101, 103, 105, 107, 109, 111, 114, 116, 118, 120, 122, 124, 126, 128, 130, 132]",49,150,133,27,3,1,"[3, 150, 27, 1]",8.509001731872559,"clip_to_[0,288]x[0,384]_then_scale_to_[-1,1]",ok,,
wlasl:25323,25323,25323,graduate,39,train,F:/DMV/Recognizing-sign-language-at-the-word-level/data/datasets/WLASL/pose/rtmw_l/wholebody_133/nslt100/train/25323.npz,F:/DMV/Recognizing-sign-language-at-the-word-level/data/datasets/WLASL/branch_inputs/skeleton/rtmw_l/selected_27/nslt100/train/25323.npz,F:/DMV/Recognizing-sign-language-at-the-word-level/data/datasets/WLASL/branch_inputs/skeleton/rtmw_l/normalized/selected_27/nslt100/train/25323.npz,F:/DMV/Recognizing-sign-language-at-the-word-level/data/datasets/WLASL/branch_inputs/skeleton/rtmw_l/graph_tensors/selected_27/nslt100/train/25323.npz,wholebody_133,selected_27,"[0, 5, 6, 7, 8, 9, 10, 93, 95, 97, 99, 101, 103, 105, 107, 109, 111, 114, 116, 118, 120, 122, 124, 126, 128, 130, 132]",28,150,133,27,3,1,"[3, 150, 27, 1]",8.509001731872559,"clip_to_[0,288]x[0,384]_then_scale_to_[-1,1]",ok,,
wlasl:25324,25324,25324,graduate,39,train,F:/DMV/Recognizing-sign-language-at-the-word-level/data/datasets/WLASL/pose/rtmw_l/wholebody_133/nslt100/train/25324.npz,F:/DMV/Recognizing-sign-language-at-the-word-level/data/datasets/WLASL/branch_inputs/skeleton/rtmw_l/selected_27/nslt100/train/25324.npz,F:/DMV/Recognizing-sign-language-at-the-word-level/data/datasets/WLASL/branch_inputs/skeleton/rtmw_l/normalized/selected_27/nslt100/train/25324.npz,F:/DMV/Recognizing-sign-language-at-the-word-level/data/datasets/WLASL/branch_inputs/skeleton/rtmw_l/graph_tensors/selected_27/nslt100/train/25324.npz,wholebody_133,selected_27,"[0, 5, 6, 7, 8, 9, 10, 93, 95, 97, 99, 101, 103, 105, 107, 109, 111, 114, 116, 118, 120, 122, 124, 126, 128, 130, 132]",28,150,133,27,3,1,"[3, 150, 27, 1]",8.509001731872559,"clip_to_[0,288]x[0,384]_then_scale_to_[-1,1]",ok,,
wlasl:25325,25325,25325,graduate,39,train,F:/DMV/Recognizing-sign-language-at-the-word-level/data/datasets/WLASL/pose/rtmw_l/wholebody_133/nslt100/train/25325.npz,F:/DMV/Recognizing-sign-language-at-the-word-level/data/datasets/WLASL/branch_inputs/skeleton/rtmw_l/selected_27/nslt100/train/25325.npz,F:/DMV/Recognizing-sign-language-at-the-word-level/data/datasets/WLASL/branch_inputs/skeleton/rtmw_l/normalized/selected_27/nslt100/train/25325.npz,F:/DMV/Recognizing-sign-language-at-the-word-level/data/datasets/WLASL/branch_inputs/skeleton/rtmw_l/graph_tensors/selected_27/nslt100/train/25325.npz,wholebody_133,selected_27,"[0, 5, 6, 7, 8, 9, 10, 93, 95, 97, 99, 101, 103, 105, 107, 109, 111, 114, 116, 118, 120, 122, 124, 126, 128, 130, 132]",28,150,133,27,3,1,"[3, 150, 27, 1]",8.509001731872559,"clip_to_[0,288]x[0,384]_then_scale_to_[-1,1]",ok,,
wlasl:25326,25326,25326,graduate,39,train,F:/DMV/Recognizing-sign-language-at-the-word-level/data/datasets/WLASL/pose/rtmw_l/wholebody_133/nslt100/train/25326.npz,F:/DMV/Recognizing-sign-language-at-the-word-level/data/datasets/WLASL/branch_inputs/skeleton/rtmw_l/selected_27/nslt100/train/25326.npz,F:/DMV/Recognizing-sign-language-at-the-word-level/data/datasets/WLASL/branch_inputs/skeleton/rtmw_l/normalized/selected_27/nslt100/train/25326.npz,F:/DMV/Recognizing-sign-language-at-the-word-level/data/datasets/WLASL/branch_inputs/skeleton/rtmw_l/graph_tensors/selected_27/nslt100/train/25326.npz,wholebody_133,selected_27,"[0, 5, 6, 7, 8, 9, 10, 93, 95, 97, 99, 101, 103, 105, 107, 109, 111, 114, 116, 118, 120, 122, 124, 126, 128, 130, 132]",55,150,133,27,3,1,"[3, 150, 27, 1]",8.509001731872559,"clip_to_[0,288]x[0,384]_then_scale_to_[-1,1]",ok,,
wlasl:25329,25329,25329,graduate,39,train,F:/DMV/Recognizing-sign-language-at-the-word-level/data/datasets/WLASL/pose/rtmw_l/wholebody_133/nslt100/train/25329.npz,F:/DMV/Recognizing-sign-language-at-the-word-level/data/datasets/WLASL/branch_inputs/skeleton/rtmw_l/selected_27/nslt100/train/25329.npz,F:/DMV/Recognizing-sign-language-at-the-word-level/data/datasets/WLASL/branch_inputs/skeleton/rtmw_l/normalized/selected_27/nslt100/train/25329.npz,F:/DMV/Recognizing-sign-language-at-the-word-level/data/datasets/WLASL/branch_inputs/skeleton/rtmw_l/graph_tensors/selected_27/nslt100/train/25329.npz,wholebody_133,selected_27,"[0, 5, 6, 7, 8, 9, 10, 93, 95, 97, 99, 101, 103, 105, 107, 109, 111, 114, 116, 118, 120, 122, 124, 126, 128, 130, 132]",43,150,133,27,3,1,"[3, 150, 27, 1]",8.509001731872559,"clip_to_[0,288]x[0,384]_then_scale_to_[-1,1]",ok,,
wlasl:25339,25339,25339,graduate,39,train,F:/DMV/Recognizing-sign-language-at-the-word-level/data/datasets/WLASL/pose/rtmw_l/wholebody_133/nslt100/train/25339.npz,F:/DMV/Recognizing-sign-language-at-the-word-level/data/datasets/WLASL/branch_inputs/skeleton/rtmw_l/selected_27/nslt100/train/25339.npz,F:/DMV/Recognizing-sign-language-at-the-word-level/data/datasets/WLASL/branch_inputs/skeleton/rtmw_l/normalized/selected_27/nslt100/train/25339.npz,F:/DMV/Recognizing-sign-language-at-the-word-level/data/datasets/WLASL/branch_inputs/skeleton/rtmw_l/graph_tensors/selected_27/nslt100/train/25339.npz,wholebody_133,selected_27,"[0, 5, 6, 7, 8, 9, 10, 93, 95, 97, 99, 101, 103, 105, 107, 109, 111, 114, 116, 118, 120, 122, 124, 126, 128, 130, 132]",74,150,133,27,3,1,"[3, 150, 27, 1]",8.509001731872559,"clip_to_[0,288]x[0,384]_then_scale_to_[-1,1]",ok,,
wlasl:26712,26712,26712,hat,40,train,F:/DMV/Recognizing-sign-language-at-the-word-level/data/datasets/WLASL/pose/rtmw_l/wholebody_133/nslt100/train/26712.npz,F:/DMV/Recognizing-sign-language-at-the-word-level/data/datasets/WLASL/branch_inputs/skeleton/rtmw_l/selected_27/nslt100/train/26712.npz,F:/DMV/Recognizing-sign-language-at-the-word-level/data/datasets/WLASL/branch_inputs/skeleton/rtmw_l/normalized/selected_27/nslt100/train/26712.npz,F:/DMV/Recognizing-sign-language-at-the-word-level/data/datasets/WLASL/branch_inputs/skeleton/rtmw_l/graph_tensors/selected_27/nslt100/train/26712.npz,wholebody_133,selected_27,"[0, 5, 6, 7, 8, 9, 10, 93, 95, 97, 99, 101, 103, 105, 107, 109, 111, 114, 116, 118, 120, 122, 124, 126, 128, 130, 132]",78,150,133,27,3,1,"[3, 150, 27, 1]",8.509001731872559,"clip_to_[0,288]x[0,384]_then_scale_to_[-1,1]",ok,,
wlasl:26713,26713,26713,hat,40,train,F:/DMV/Recognizing-sign-language-at-the-word-level/data/datasets/WLASL/pose/rtmw_l/wholebody_133/nslt100/train/26713.npz,F:/DMV/Recognizing-sign-language-at-the-word-level/data/datasets/WLASL/branch_inputs/skeleton/rtmw_l/selected_27/nslt100/train/26713.npz,F:/DMV/Recognizing-sign-language-at-the-word-level/data/datasets/WLASL/branch_inputs/skeleton/rtmw_l/normalized/selected_27/nslt100/train/26713.npz,F:/DMV/Recognizing-sign-language-at-the-word-level/data/datasets/WLASL/branch_inputs/skeleton/rtmw_l/graph_tensors/selected_27/nslt100/train/26713.npz,wholebody_133,selected_27,"[0, 5, 6, 7, 8, 9, 10, 93, 95, 97, 99, 101, 103, 105, 107, 109, 111, 114, 116, 118, 120, 122, 124, 126, 128, 130, 132]",58,150,133,27,3,1,"[3, 150, 27, 1]",8.509001731872559,"clip_to_[0,288]x[0,384]_then_scale_to_[-1,1]",ok,,
wlasl:26714,26714,26714,hat,40,train,F:/DMV/Recognizing-sign-language-at-the-word-level/data/datasets/WLASL/pose/rtmw_l/wholebody_133/nslt100/train/26714.npz,F:/DMV/Recognizing-sign-language-at-the-word-level/data/datasets/WLASL/branch_inputs/skeleton/rtmw_l/selected_27/nslt100/train/26714.npz,F:/DMV/Recognizing-sign-language-at-the-word-level/data/datasets/WLASL/branch_inputs/skeleton/rtmw_l/normalized/selected_27/nslt100/train/26714.npz,F:/DMV/Recognizing-sign-language-at-the-word-level/data/datasets/WLASL/branch_inputs/skeleton/rtmw_l/graph_tensors/selected_27/nslt100/train/26714.npz,wholebody_133,selected_27,"[0, 5, 6, 7, 8, 9, 10, 93, 95, 97, 99, 101, 103, 105, 107, 109, 111, 114, 116, 118, 120, 122, 124, 126, 128, 130, 132]",33,150,133,27,3,1,"[3, 150, 27, 1]",8.509001731872559,"clip_to_[0,288]x[0,384]_then_scale_to_[-1,1]",ok,,end_frame_clipped_to_video_end
wlasl:26715,26715,26715,hat,40,train,F:/DMV/Recognizing-sign-language-at-the-word-level/data/datasets/WLASL/pose/rtmw_l/wholebody_133/nslt100/train/26715.npz,F:/DMV/Recognizing-sign-language-at-the-word-level/data/datasets/WLASL/branch_inputs/skeleton/rtmw_l/selected_27/nslt100/train/26715.npz,F:/DMV/Recognizing-sign-language-at-the-word-level/data/datasets/WLASL/branch_inputs/skeleton/rtmw_l/normalized/selected_27/nslt100/train/26715.npz,F:/DMV/Recognizing-sign-language-at-the-word-level/data/datasets/WLASL/branch_inputs/skeleton/rtmw_l/graph_tensors/selected_27/nslt100/train/26715.npz,wholebody_133,selected_27,"[0, 5, 6, 7, 8, 9, 10, 93, 95, 97, 99, 101, 103, 105, 107, 109, 111, 114, 116, 118, 120, 122, 124, 126, 128, 130, 132]",75,150,133,27,3,1,"[3, 150, 27, 1]",8.509001731872559,"clip_to_[0,288]x[0,384]_then_scale_to_[-1,1]",ok,,
wlasl:26717,26717,26717,hat,40,train,F:/DMV/Recognizing-sign-language-at-the-word-level/data/datasets/WLASL/pose/rtmw_l/wholebody_133/nslt100/train/26717.npz,F:/DMV/Recognizing-sign-language-at-the-word-level/data/datasets/WLASL/branch_inputs/skeleton/rtmw_l/selected_27/nslt100/train/26717.npz,F:/DMV/Recognizing-sign-language-at-the-word-level/data/datasets/WLASL/branch_inputs/skeleton/rtmw_l/normalized/selected_27/nslt100/train/26717.npz,F:/DMV/Recognizing-sign-language-at-the-word-level/data/datasets/WLASL/branch_inputs/skeleton/rtmw_l/graph_tensors/selected_27/nslt100/train/26717.npz,wholebody_133,selected_27,"[0, 5, 6, 7, 8, 9, 10, 93, 95, 97, 99, 101, 103, 105, 107, 109, 111, 114, 116, 118, 120, 122, 124, 126, 128, 130, 132]",32,150,133,27,3,1,"[3, 150, 27, 1]",8.509001731872559,"clip_to_[0,288]x[0,384]_then_scale_to_[-1,1]",ok,,
wlasl:26719,26719,26719,hat,40,train,F:/DMV/Recognizing-sign-language-at-the-word-level/data/datasets/WLASL/pose/rtmw_l/wholebody_133/nslt100/train/26719.npz,F:/DMV/Recognizing-sign-language-at-the-word-level/data/datasets/WLASL/branch_inputs/skeleton/rtmw_l/selected_27/nslt100/train/26719.npz,F:/DMV/Recognizing-sign-language-at-the-word-level/data/datasets/WLASL/branch_inputs/skeleton/rtmw_l/normalized/selected_27/nslt100/train/26719.npz,F:/DMV/Recognizing-sign-language-at-the-word-level/data/datasets/WLASL/branch_inputs/skeleton/rtmw_l/graph_tensors/selected_27/nslt100/train/26719.npz,wholebody_133,selected_27,"[0, 5, 6, 7, 8, 9, 10, 93, 95, 97, 99, 101, 103, 105, 107, 109, 111, 114, 116, 118, 120, 122, 124, 126, 128, 130, 132]",28,150,133,27,3,1,"[3, 150, 27, 1]",8.509001731872559,"clip_to_[0,288]x[0,384]_then_scale_to_[-1,1]",ok,,
wlasl:26739,26739,26739,hat,40,train,F:/DMV/Recognizing-sign-language-at-the-word-level/data/datasets/WLASL/pose/rtmw_l/wholebody_133/nslt100/train/26739.npz,F:/DMV/Recognizing-sign-language-at-the-word-level/data/datasets/WLASL/branch_inputs/skeleton/rtmw_l/selected_27/nslt100/train/26739.npz,F:/DMV/Recognizing-sign-language-at-the-word-level/data/datasets/WLASL/branch_inputs/skeleton/rtmw_l/normalized/selected_27/nslt100/train/26739.npz,F:/DMV/Recognizing-sign-language-at-the-word-level/data/datasets/WLASL/branch_inputs/skeleton/rtmw_l/graph_tensors/selected_27/nslt100/train/26739.npz,wholebody_133,selected_27,"[0, 5, 6, 7, 8, 9, 10, 93, 95, 97, 99, 101, 103, 105, 107, 109, 111, 114, 116, 118, 120, 122, 124, 126, 128, 130, 132]",84,150,133,27,3,1,"[3, 150, 27, 1]",8.509001731872559,"clip_to_[0,288]x[0,384]_then_scale_to_[-1,1]",ok,,
wlasl:26741,26741,26741,hat,40,train,F:/DMV/Recognizing-sign-language-at-the-word-level/data/datasets/WLASL/pose/rtmw_l/wholebody_133/nslt100/train/26741.npz,F:/DMV/Recognizing-sign-language-at-the-word-level/data/datasets/WLASL/branch_inputs/skeleton/rtmw_l/selected_27/nslt100/train/26741.npz,F:/DMV/Recognizing-sign-language-at-the-word-level/data/datasets/WLASL/branch_inputs/skeleton/rtmw_l/normalized/selected_27/nslt100/train/26741.npz,F:/DMV/Recognizing-sign-language-at-the-word-level/data/datasets/WLASL/branch_inputs/skeleton/rtmw_l/graph_tensors/selected_27/nslt100/train/26741.npz,wholebody_133,selected_27,"[0, 5, 6, 7, 8, 9, 10, 93, 95, 97, 99, 101, 103, 105, 107, 109, 111, 114, 116, 118, 120, 122, 124, 126, 128, 130, 132]",56,150,133,27,3,1,"[3, 150, 27, 1]",8.509001731872559,"clip_to_[0,288]x[0,384]_then_scale_to_[-1,1]",ok,,
wlasl:26971,26971,26971,hearing,41,train,F:/DMV/Recognizing-sign-language-at-the-word-level/data/datasets/WLASL/pose/rtmw_l/wholebody_133/nslt100/train/26971.npz,F:/DMV/Recognizing-sign-language-at-the-word-level/data/datasets/WLASL/branch_inputs/skeleton/rtmw_l/selected_27/nslt100/train/26971.npz,F:/DMV/Recognizing-sign-language-at-the-word-level/data/datasets/WLASL/branch_inputs/skeleton/rtmw_l/normalized/selected_27/nslt100/train/26971.npz,F:/DMV/Recognizing-sign-language-at-the-word-level/data/datasets/WLASL/branch_inputs/skeleton/rtmw_l/graph_tensors/selected_27/nslt100/train/26971.npz,wholebody_133,selected_27,"[0, 5, 6, 7, 8, 9, 10, 93, 95, 97, 99, 101, 103, 105, 107, 109, 111, 114, 116, 118, 120, 122, 124, 126, 128, 130, 132]",100,150,133,27,3,1,"[3, 150, 27, 1]",8.509001731872559,"clip_to_[0,288]x[0,384]_then_scale_to_[-1,1]",ok,,end_frame_clipped_to_video_end
wlasl:26972,26972,26972,hearing,41,train,F:/DMV/Recognizing-sign-language-at-the-word-level/data/datasets/WLASL/pose/rtmw_l/wholebody_133/nslt100/train/26972.npz,F:/DMV/Recognizing-sign-language-at-the-word-level/data/datasets/WLASL/branch_inputs/skeleton/rtmw_l/selected_27/nslt100/train/26972.npz,F:/DMV/Recognizing-sign-language-at-the-word-level/data/datasets/WLASL/branch_inputs/skeleton/rtmw_l/normalized/selected_27/nslt100/train/26972.npz,F:/DMV/Recognizing-sign-language-at-the-word-level/data/datasets/WLASL/branch_inputs/skeleton/rtmw_l/graph_tensors/selected_27/nslt100/train/26972.npz,wholebody_133,selected_27,"[0, 5, 6, 7, 8, 9, 10, 93, 95, 97, 99, 101, 103, 105, 107, 109, 111, 114, 116, 118, 120, 122, 124, 126, 128, 130, 132]",53,150,133,27,3,1,"[3, 150, 27, 1]",8.509001731872559,"clip_to_[0,288]x[0,384]_then_scale_to_[-1,1]",ok,,
wlasl:26973,26973,26973,hearing,41,train,F:/DMV/Recognizing-sign-language-at-the-word-level/data/datasets/WLASL/pose/rtmw_l/wholebody_133/nslt100/train/26973.npz,F:/DMV/Recognizing-sign-language-at-the-word-level/data/datasets/WLASL/branch_inputs/skeleton/rtmw_l/selected_27/nslt100/train/26973.npz,F:/DMV/Recognizing-sign-language-at-the-word-level/data/datasets/WLASL/branch_inputs/skeleton/rtmw_l/normalized/selected_27/nslt100/train/26973.npz,F:/DMV/Recognizing-sign-language-at-the-word-level/data/datasets/WLASL/branch_inputs/skeleton/rtmw_l/graph_tensors/selected_27/nslt100/train/26973.npz,wholebody_133,selected_27,"[0, 5, 6, 7, 8, 9, 10, 93, 95, 97, 99, 101, 103, 105, 107, 109, 111, 114, 116, 118, 120, 122, 124, 126, 128, 130, 132]",28,150,133,27,3,1,"[3, 150, 27, 1]",8.509001731872559,"clip_to_[0,288]x[0,384]_then_scale_to_[-1,1]",ok,,
wlasl:26974,26974,26974,hearing,41,train,F:/DMV/Recognizing-sign-language-at-the-word-level/data/datasets/WLASL/pose/rtmw_l/wholebody_133/nslt100/train/26974.npz,F:/DMV/Recognizing-sign-language-at-the-word-level/data/datasets/WLASL/branch_inputs/skeleton/rtmw_l/selected_27/nslt100/train/26974.npz,F:/DMV/Recognizing-sign-language-at-the-word-level/data/datasets/WLASL/branch_inputs/skeleton/rtmw_l/normalized/selected_27/nslt100/train/26974.npz,F:/DMV/Recognizing-sign-language-at-the-word-level/data/datasets/WLASL/branch_inputs/skeleton/rtmw_l/graph_tensors/selected_27/nslt100/train/26974.npz,wholebody_133,selected_27,"[0, 5, 6, 7, 8, 9, 10, 93, 95, 97, 99, 101, 103, 105, 107, 109, 111, 114, 116, 118, 120, 122, 124, 126, 128, 130, 132]",39,150,133,27,3,1,"[3, 150, 27, 1]",8.509001731872559,"clip_to_[0,288]x[0,384]_then_scale_to_[-1,1]",ok,,
wlasl:26975,26975,26975,hearing,41,train,F:/DMV/Recognizing-sign-language-at-the-word-level/data/datasets/WLASL/pose/rtmw_l/wholebody_133/nslt100/train/26975.npz,F:/DMV/Recognizing-sign-language-at-the-word-level/data/datasets/WLASL/branch_inputs/skeleton/rtmw_l/selected_27/nslt100/train/26975.npz,F:/DMV/Recognizing-sign-language-at-the-word-level/data/datasets/WLASL/branch_inputs/skeleton/rtmw_l/normalized/selected_27/nslt100/train/26975.npz,F:/DMV/Recognizing-sign-language-at-the-word-level/data/datasets/WLASL/branch_inputs/skeleton/rtmw_l/graph_tensors/selected_27/nslt100/train/26975.npz,wholebody_133,selected_27,"[0, 5, 6, 7, 8, 9, 10, 93, 95, 97, 99, 101, 103, 105, 107, 109, 111, 114, 116, 118, 120, 122, 124, 126, 128, 130, 132]",66,150,133,27,3,1,"[3, 150, 27, 1]",8.509001731872559,"clip_to_[0,288]x[0,384]_then_scale_to_[-1,1]",ok,,
wlasl:26976,26976,26976,hearing,41,train,F:/DMV/Recognizing-sign-language-at-the-word-level/data/datasets/WLASL/pose/rtmw_l/wholebody_133/nslt100/train/26976.npz,F:/DMV/Recognizing-sign-language-at-the-word-level/data/datasets/WLASL/branch_inputs/skeleton/rtmw_l/selected_27/nslt100/train/26976.npz,F:/DMV/Recognizing-sign-language-at-the-word-level/data/datasets/WLASL/branch_inputs/skeleton/rtmw_l/normalized/selected_27/nslt100/train/26976.npz,F:/DMV/Recognizing-sign-language-at-the-word-level/data/datasets/WLASL/branch_inputs/skeleton/rtmw_l/graph_tensors/selected_27/nslt100/train/26976.npz,wholebody_133,selected_27,"[0, 5, 6, 7, 8, 9, 10, 93, 95, 97, 99, 101, 103, 105, 107, 109, 111, 114, 116, 118, 120, 122, 124, 126, 128, 130, 132]",67,150,133,27,3,1,"[3, 150, 27, 1]",8.509001731872559,"clip_to_[0,288]x[0,384]_then_scale_to_[-1,1]",ok,,
wlasl:26980,26980,26980,hearing,41,train,F:/DMV/Recognizing-sign-language-at-the-word-level/data/datasets/WLASL/pose/rtmw_l/wholebody_133/nslt100/train/26980.npz,F:/DMV/Recognizing-sign-language-at-the-word-level/data/datasets/WLASL/branch_inputs/skeleton/rtmw_l/selected_27/nslt100/train/26980.npz,F:/DMV/Recognizing-sign-language-at-the-word-level/data/datasets/WLASL/branch_inputs/skeleton/rtmw_l/normalized/selected_27/nslt100/train/26980.npz,F:/DMV/Recognizing-sign-language-at-the-word-level/data/datasets/WLASL/branch_inputs/skeleton/rtmw_l/graph_tensors/selected_27/nslt100/train/26980.npz,wholebody_133,selected_27,"[0, 5, 6, 7, 8, 9, 10, 93, 95, 97, 99, 101, 103, 105, 107, 109, 111, 114, 116, 118, 120, 122, 124, 126, 128, 130, 132]",48,150,133,27,3,1,"[3, 150, 27, 1]",8.509001731872559,"clip_to_[0,288]x[0,384]_then_scale_to_[-1,1]",ok,,
wlasl:27206,27206,27206,help,12,train,F:/DMV/Recognizing-sign-language-at-the-word-level/data/datasets/WLASL/pose/rtmw_l/wholebody_133/nslt100/train/27206.npz,F:/DMV/Recognizing-sign-language-at-the-word-level/data/datasets/WLASL/branch_inputs/skeleton/rtmw_l/selected_27/nslt100/train/27206.npz,F:/DMV/Recognizing-sign-language-at-the-word-level/data/datasets/WLASL/branch_inputs/skeleton/rtmw_l/normalized/selected_27/nslt100/train/27206.npz,F:/DMV/Recognizing-sign-language-at-the-word-level/data/datasets/WLASL/branch_inputs/skeleton/rtmw_l/graph_tensors/selected_27/nslt100/train/27206.npz,wholebody_133,selected_27,"[0, 5, 6, 7, 8, 9, 10, 93, 95, 97, 99, 101, 103, 105, 107, 109, 111, 114, 116, 118, 120, 122, 124, 126, 128, 130, 132]",61,150,133,27,3,1,"[3, 150, 27, 1]",8.509001731872559,"clip_to_[0,288]x[0,384]_then_scale_to_[-1,1]",ok,,
wlasl:27207,27207,27207,help,12,train,F:/DMV/Recognizing-sign-language-at-the-word-level/data/datasets/WLASL/pose/rtmw_l/wholebody_133/nslt100/train/27207.npz,F:/DMV/Recognizing-sign-language-at-the-word-level/data/datasets/WLASL/branch_inputs/skeleton/rtmw_l/selected_27/nslt100/train/27207.npz,F:/DMV/Recognizing-sign-language-at-the-word-level/data/datasets/WLASL/branch_inputs/skeleton/rtmw_l/normalized/selected_27/nslt100/train/27207.npz,F:/DMV/Recognizing-sign-language-at-the-word-level/data/datasets/WLASL/branch_inputs/skeleton/rtmw_l/graph_tensors/selected_27/nslt100/train/27207.npz,wholebody_133,selected_27,"[0, 5, 6, 7, 8, 9, 10, 93, 95, 97, 99, 101, 103, 105, 107, 109, 111, 114, 116, 118, 120, 122, 124, 126, 128, 130, 132]",50,150,133,27,3,1,"[3, 150, 27, 1]",8.509001731872559,"clip_to_[0,288]x[0,384]_then_scale_to_[-1,1]",ok,,
wlasl:27208,27208,27208,help,12,train,F:/DMV/Recognizing-sign-language-at-the-word-level/data/datasets/WLASL/pose/rtmw_l/wholebody_133/nslt100/train/27208.npz,F:/DMV/Recognizing-sign-language-at-the-word-level/data/datasets/WLASL/branch_inputs/skeleton/rtmw_l/selected_27/nslt100/train/27208.npz,F:/DMV/Recognizing-sign-language-at-the-word-level/data/datasets/WLASL/branch_inputs/skeleton/rtmw_l/normalized/selected_27/nslt100/train/27208.npz,F:/DMV/Recognizing-sign-language-at-the-word-level/data/datasets/WLASL/branch_inputs/skeleton/rtmw_l/graph_tensors/selected_27/nslt100/train/27208.npz,wholebody_133,selected_27,"[0, 5, 6, 7, 8, 9, 10, 93, 95, 97, 99, 101, 103, 105, 107, 109, 111, 114, 116, 118, 120, 122, 124, 126, 128, 130, 132]",58,150,133,27,3,1,"[3, 150, 27, 1]",8.509001731872559,"clip_to_[0,288]x[0,384]_then_scale_to_[-1,1]",ok,,
wlasl:27214,27214,27214,help,12,train,F:/DMV/Recognizing-sign-language-at-the-word-level/data/datasets/WLASL/pose/rtmw_l/wholebody_133/nslt100/train/27214.npz,F:/DMV/Recognizing-sign-language-at-the-word-level/data/datasets/WLASL/branch_inputs/skeleton/rtmw_l/selected_27/nslt100/train/27214.npz,F:/DMV/Recognizing-sign-language-at-the-word-level/data/datasets/WLASL/branch_inputs/skeleton/rtmw_l/normalized/selected_27/nslt100/train/27214.npz,F:/DMV/Recognizing-sign-language-at-the-word-level/data/datasets/WLASL/branch_inputs/skeleton/rtmw_l/graph_tensors/selected_27/nslt100/train/27214.npz,wholebody_133,selected_27,"[0, 5, 6, 7, 8, 9, 10, 93, 95, 97, 99, 101, 103, 105, 107, 109, 111, 114, 116, 118, 120, 122, 124, 126, 128, 130, 132]",46,150,133,27,3,1,"[3, 150, 27, 1]",8.509001731872559,"clip_to_[0,288]x[0,384]_then_scale_to_[-1,1]",ok,,
wlasl:27215,27215,27215,help,12,train,F:/DMV/Recognizing-sign-language-at-the-word-level/data/datasets/WLASL/pose/rtmw_l/wholebody_133/nslt100/train/27215.npz,F:/DMV/Recognizing-sign-language-at-the-word-level/data/datasets/WLASL/branch_inputs/skeleton/rtmw_l/selected_27/nslt100/train/27215.npz,F:/DMV/Recognizing-sign-language-at-the-word-level/data/datasets/WLASL/branch_inputs/skeleton/rtmw_l/normalized/selected_27/nslt100/train/27215.npz,F:/DMV/Recognizing-sign-language-at-the-word-level/data/datasets/WLASL/branch_inputs/skeleton/rtmw_l/graph_tensors/selected_27/nslt100/train/27215.npz,wholebody_133,selected_27,"[0, 5, 6, 7, 8, 9, 10, 93, 95, 97, 99, 101, 103, 105, 107, 109, 111, 114, 116, 118, 120, 122, 124, 126, 128, 130, 132]",27,150,133,27,3,1,"[3, 150, 27, 1]",8.509001731872559,"clip_to_[0,288]x[0,384]_then_scale_to_[-1,1]",ok,,
wlasl:27216,27216,27216,help,12,train,F:/DMV/Recognizing-sign-language-at-the-word-level/data/datasets/WLASL/pose/rtmw_l/wholebody_133/nslt100/train/27216.npz,F:/DMV/Recognizing-sign-language-at-the-word-level/data/datasets/WLASL/branch_inputs/skeleton/rtmw_l/selected_27/nslt100/train/27216.npz,F:/DMV/Recognizing-sign-language-at-the-word-level/data/datasets/WLASL/branch_inputs/skeleton/rtmw_l/normalized/selected_27/nslt100/train/27216.npz,F:/DMV/Recognizing-sign-language-at-the-word-level/data/datasets/WLASL/branch_inputs/skeleton/rtmw_l/graph_tensors/selected_27/nslt100/train/27216.npz,wholebody_133,selected_27,"[0, 5, 6, 7, 8, 9, 10, 93, 95, 97, 99, 101, 103, 105, 107, 109, 111, 114, 116, 118, 120, 122, 124, 126, 128, 130, 132]",46,150,133,27,3,1,"[3, 150, 27, 1]",8.509001731872559,"clip_to_[0,288]x[0,384]_then_scale_to_[-1,1]",ok,,
wlasl:27217,27217,27217,help,12,train,F:/DMV/Recognizing-sign-language-at-the-word-level/data/datasets/WLASL/pose/rtmw_l/wholebody_133/nslt100/train/27217.npz,F:/DMV/Recognizing-sign-language-at-the-word-level/data/datasets/WLASL/branch_inputs/skeleton/rtmw_l/selected_27/nslt100/train/27217.npz,F:/DMV/Recognizing-sign-language-at-the-word-level/data/datasets/WLASL/branch_inputs/skeleton/rtmw_l/normalized/selected_27/nslt100/train/27217.npz,F:/DMV/Recognizing-sign-language-at-the-word-level/data/datasets/WLASL/branch_inputs/skeleton/rtmw_l/graph_tensors/selected_27/nslt100/train/27217.npz,wholebody_133,selected_27,"[0, 5, 6, 7, 8, 9, 10, 93, 95, 97, 99, 101, 103, 105, 107, 109, 111, 114, 116, 118, 120, 122, 124, 126, 128, 130, 132]",54,150,133,27,3,1,"[3, 150, 27, 1]",8.509001731872559,"clip_to_[0,288]x[0,384]_then_scale_to_[-1,1]",ok,,
wlasl:27221,27221,27221,help,12,train,F:/DMV/Recognizing-sign-language-at-the-word-level/data/datasets/WLASL/pose/rtmw_l/wholebody_133/nslt100/train/27221.npz,F:/DMV/Recognizing-sign-language-at-the-word-level/data/datasets/WLASL/branch_inputs/skeleton/rtmw_l/selected_27/nslt100/train/27221.npz,F:/DMV/Recognizing-sign-language-at-the-word-level/data/datasets/WLASL/branch_inputs/skeleton/rtmw_l/normalized/selected_27/nslt100/train/27221.npz,F:/DMV/Recognizing-sign-language-at-the-word-level/data/datasets/WLASL/branch_inputs/skeleton/rtmw_l/graph_tensors/selected_27/nslt100/train/27221.npz,wholebody_133,selected_27,"[0, 5, 6, 7, 8, 9, 10, 93, 95, 97, 99, 101, 103, 105, 107, 109, 111, 114, 116, 118, 120, 122, 124, 126, 128, 130, 132]",66,150,133,27,3,1,"[3, 150, 27, 1]",8.509001731872559,"clip_to_[0,288]x[0,384]_then_scale_to_[-1,1]",ok,,
wlasl:28107,28107,28107,hot,22,train,F:/DMV/Recognizing-sign-language-at-the-word-level/data/datasets/WLASL/pose/rtmw_l/wholebody_133/nslt100/train/28107.npz,F:/DMV/Recognizing-sign-language-at-the-word-level/data/datasets/WLASL/branch_inputs/skeleton/rtmw_l/selected_27/nslt100/train/28107.npz,F:/DMV/Recognizing-sign-language-at-the-word-level/data/datasets/WLASL/branch_inputs/skeleton/rtmw_l/normalized/selected_27/nslt100/train/28107.npz,F:/DMV/Recognizing-sign-language-at-the-word-level/data/datasets/WLASL/branch_inputs/skeleton/rtmw_l/graph_tensors/selected_27/nslt100/train/28107.npz,wholebody_133,selected_27,"[0, 5, 6, 7, 8, 9, 10, 93, 95, 97, 99, 101, 103, 105, 107, 109, 111, 114, 116, 118, 120, 122, 124, 126, 128, 130, 132]",80,150,133,27,3,1,"[3, 150, 27, 1]",8.509001731872559,"clip_to_[0,288]x[0,384]_then_scale_to_[-1,1]",ok,,end_frame_clipped_to_video_end
wlasl:28108,28108,28108,hot,22,train,F:/DMV/Recognizing-sign-language-at-the-word-level/data/datasets/WLASL/pose/rtmw_l/wholebody_133/nslt100/train/28108.npz,F:/DMV/Recognizing-sign-language-at-the-word-level/data/datasets/WLASL/branch_inputs/skeleton/rtmw_l/selected_27/nslt100/train/28108.npz,F:/DMV/Recognizing-sign-language-at-the-word-level/data/datasets/WLASL/branch_inputs/skeleton/rtmw_l/normalized/selected_27/nslt100/train/28108.npz,F:/DMV/Recognizing-sign-language-at-the-word-level/data/datasets/WLASL/branch_inputs/skeleton/rtmw_l/graph_tensors/selected_27/nslt100/train/28108.npz,wholebody_133,selected_27,"[0, 5, 6, 7, 8, 9, 10, 93, 95, 97, 99, 101, 103, 105, 107, 109, 111, 114, 116, 118, 120, 122, 124, 126, 128, 130, 132]",59,150,133,27,3,1,"[3, 150, 27, 1]",8.509001731872559,"clip_to_[0,288]x[0,384]_then_scale_to_[-1,1]",ok,,
wlasl:28109,28109,28109,hot,22,train,F:/DMV/Recognizing-sign-language-at-the-word-level/data/datasets/WLASL/pose/rtmw_l/wholebody_133/nslt100/train/28109.npz,F:/DMV/Recognizing-sign-language-at-the-word-level/data/datasets/WLASL/branch_inputs/skeleton/rtmw_l/selected_27/nslt100/train/28109.npz,F:/DMV/Recognizing-sign-language-at-the-word-level/data/datasets/WLASL/branch_inputs/skeleton/rtmw_l/normalized/selected_27/nslt100/train/28109.npz,F:/DMV/Recognizing-sign-language-at-the-word-level/data/datasets/WLASL/branch_inputs/skeleton/rtmw_l/graph_tensors/selected_27/nslt100/train/28109.npz,wholebody_133,selected_27,"[0, 5, 6, 7, 8, 9, 10, 93, 95, 97, 99, 101, 103, 105, 107, 109, 111, 114, 116, 118, 120, 122, 124, 126, 128, 130, 132]",51,150,133,27,3,1,"[3, 150, 27, 1]",8.509001731872559,"clip_to_[0,288]x[0,384]_then_scale_to_[-1,1]",ok,,
wlasl:28110,28110,28110,hot,22,train,F:/DMV/Recognizing-sign-language-at-the-word-level/data/datasets/WLASL/pose/rtmw_l/wholebody_133/nslt100/train/28110.npz,F:/DMV/Recognizing-sign-language-at-the-word-level/data/datasets/WLASL/branch_inputs/skeleton/rtmw_l/selected_27/nslt100/train/28110.npz,F:/DMV/Recognizing-sign-language-at-the-word-level/data/datasets/WLASL/branch_inputs/skeleton/rtmw_l/normalized/selected_27/nslt100/train/28110.npz,F:/DMV/Recognizing-sign-language-at-the-word-level/data/datasets/WLASL/branch_inputs/skeleton/rtmw_l/graph_tensors/selected_27/nslt100/train/28110.npz,wholebody_133,selected_27,"[0, 5, 6, 7, 8, 9, 10, 93, 95, 97, 99, 101, 103, 105, 107, 109, 111, 114, 116, 118, 120, 122, 124, 126, 128, 130, 132]",31,150,133,27,3,1,"[3, 150, 27, 1]",8.509001731872559,"clip_to_[0,288]x[0,384]_then_scale_to_[-1,1]",ok,,
wlasl:28111,28111,28111,hot,22,train,F:/DMV/Recognizing-sign-language-at-the-word-level/data/datasets/WLASL/pose/rtmw_l/wholebody_133/nslt100/train/28111.npz,F:/DMV/Recognizing-sign-language-at-the-word-level/data/datasets/WLASL/branch_inputs/skeleton/rtmw_l/selected_27/nslt100/train/28111.npz,F:/DMV/Recognizing-sign-language-at-the-word-level/data/datasets/WLASL/branch_inputs/skeleton/rtmw_l/normalized/selected_27/nslt100/train/28111.npz,F:/DMV/Recognizing-sign-language-at-the-word-level/data/datasets/WLASL/branch_inputs/skeleton/rtmw_l/graph_tensors/selected_27/nslt100/train/28111.npz,wholebody_133,selected_27,"[0, 5, 6, 7, 8, 9, 10, 93, 95, 97, 99, 101, 103, 105, 107, 109, 111, 114, 116, 118, 120, 122, 124, 126, 128, 130, 132]",31,150,133,27,3,1,"[3, 150, 27, 1]",8.509001731872559,"clip_to_[0,288]x[0,384]_then_scale_to_[-1,1]",ok,,
wlasl:28115,28115,28115,hot,22,train,F:/DMV/Recognizing-sign-language-at-the-word-level/data/datasets/WLASL/pose/rtmw_l/wholebody_133/nslt100/train/28115.npz,F:/DMV/Recognizing-sign-language-at-the-word-level/data/datasets/WLASL/branch_inputs/skeleton/rtmw_l/selected_27/nslt100/train/28115.npz,F:/DMV/Recognizing-sign-language-at-the-word-level/data/datasets/WLASL/branch_inputs/skeleton/rtmw_l/normalized/selected_27/nslt100/train/28115.npz,F:/DMV/Recognizing-sign-language-at-the-word-level/data/datasets/WLASL/branch_inputs/skeleton/rtmw_l/graph_tensors/selected_27/nslt100/train/28115.npz,wholebody_133,selected_27,"[0, 5, 6, 7, 8, 9, 10, 93, 95, 97, 99, 101, 103, 105, 107, 109, 111, 114, 116, 118, 120, 122, 124, 126, 128, 130, 132]",29,150,133,27,3,1,"[3, 150, 27, 1]",8.509001731872559,"clip_to_[0,288]x[0,384]_then_scale_to_[-1,1]",ok,,
wlasl:28116,28116,28116,hot,22,train,F:/DMV/Recognizing-sign-language-at-the-word-level/data/datasets/WLASL/pose/rtmw_l/wholebody_133/nslt100/train/28116.npz,F:/DMV/Recognizing-sign-language-at-the-word-level/data/datasets/WLASL/branch_inputs/skeleton/rtmw_l/selected_27/nslt100/train/28116.npz,F:/DMV/Recognizing-sign-language-at-the-word-level/data/datasets/WLASL/branch_inputs/skeleton/rtmw_l/normalized/selected_27/nslt100/train/28116.npz,F:/DMV/Recognizing-sign-language-at-the-word-level/data/datasets/WLASL/branch_inputs/skeleton/rtmw_l/graph_tensors/selected_27/nslt100/train/28116.npz,wholebody_133,selected_27,"[0, 5, 6, 7, 8, 9, 10, 93, 95, 97, 99, 101, 103, 105, 107, 109, 111, 114, 116, 118, 120, 122, 124, 126, 128, 130, 132]",38,150,133,27,3,1,"[3, 150, 27, 1]",8.509001731872559,"clip_to_[0,288]x[0,384]_then_scale_to_[-1,1]",ok,,
wlasl:28125,28125,28125,hot,22,train,F:/DMV/Recognizing-sign-language-at-the-word-level/data/datasets/WLASL/pose/rtmw_l/wholebody_133/nslt100/train/28125.npz,F:/DMV/Recognizing-sign-language-at-the-word-level/data/datasets/WLASL/branch_inputs/skeleton/rtmw_l/selected_27/nslt100/train/28125.npz,F:/DMV/Recognizing-sign-language-at-the-word-level/data/datasets/WLASL/branch_inputs/skeleton/rtmw_l/normalized/selected_27/nslt100/train/28125.npz,F:/DMV/Recognizing-sign-language-at-the-word-level/data/datasets/WLASL/branch_inputs/skeleton/rtmw_l/graph_tensors/selected_27/nslt100/train/28125.npz,wholebody_133,selected_27,"[0, 5, 6, 7, 8, 9, 10, 93, 95, 97, 99, 101, 103, 105, 107, 109, 111, 114, 116, 118, 120, 122, 124, 126, 128, 130, 132]",61,150,133,27,3,1,"[3, 150, 27, 1]",8.509001731872559,"clip_to_[0,288]x[0,384]_then_scale_to_[-1,1]",ok,,
wlasl:28202,28202,28202,how,86,train,F:/DMV/Recognizing-sign-language-at-the-word-level/data/datasets/WLASL/pose/rtmw_l/wholebody_133/nslt100/train/28202.npz,F:/DMV/Recognizing-sign-language-at-the-word-level/data/datasets/WLASL/branch_inputs/skeleton/rtmw_l/selected_27/nslt100/train/28202.npz,F:/DMV/Recognizing-sign-language-at-the-word-level/data/datasets/WLASL/branch_inputs/skeleton/rtmw_l/normalized/selected_27/nslt100/train/28202.npz,F:/DMV/Recognizing-sign-language-at-the-word-level/data/datasets/WLASL/branch_inputs/skeleton/rtmw_l/graph_tensors/selected_27/nslt100/train/28202.npz,wholebody_133,selected_27,"[0, 5, 6, 7, 8, 9, 10, 93, 95, 97, 99, 101, 103, 105, 107, 109, 111, 114, 116, 118, 120, 122, 124, 126, 128, 130, 132]",68,150,133,27,3,1,"[3, 150, 27, 1]",8.509001731872559,"clip_to_[0,288]x[0,384]_then_scale_to_[-1,1]",ok,,
wlasl:28204,28204,28204,how,86,train,F:/DMV/Recognizing-sign-language-at-the-word-level/data/datasets/WLASL/pose/rtmw_l/wholebody_133/nslt100/train/28204.npz,F:/DMV/Recognizing-sign-language-at-the-word-level/data/datasets/WLASL/branch_inputs/skeleton/rtmw_l/selected_27/nslt100/train/28204.npz,F:/DMV/Recognizing-sign-language-at-the-word-level/data/datasets/WLASL/branch_inputs/skeleton/rtmw_l/normalized/selected_27/nslt100/train/28204.npz,F:/DMV/Recognizing-sign-language-at-the-word-level/data/datasets/WLASL/branch_inputs/skeleton/rtmw_l/graph_tensors/selected_27/nslt100/train/28204.npz,wholebody_133,selected_27,"[0, 5, 6, 7, 8, 9, 10, 93, 95, 97, 99, 101, 103, 105, 107, 109, 111, 114, 116, 118, 120, 122, 124, 126, 128, 130, 132]",79,150,133,27,3,1,"[3, 150, 27, 1]",8.509001731872559,"clip_to_[0,288]x[0,384]_then_scale_to_[-1,1]",ok,,
wlasl:28205,28205,28205,how,86,train,F:/DMV/Recognizing-sign-language-at-the-word-level/data/datasets/WLASL/pose/rtmw_l/wholebody_133/nslt100/train/28205.npz,F:/DMV/Recognizing-sign-language-at-the-word-level/data/datasets/WLASL/branch_inputs/skeleton/rtmw_l/selected_27/nslt100/train/28205.npz,F:/DMV/Recognizing-sign-language-at-the-word-level/data/datasets/WLASL/branch_inputs/skeleton/rtmw_l/normalized/selected_27/nslt100/train/28205.npz,F:/DMV/Recognizing-sign-language-at-the-word-level/data/datasets/WLASL/branch_inputs/skeleton/rtmw_l/graph_tensors/selected_27/nslt100/train/28205.npz,wholebody_133,selected_27,"[0, 5, 6, 7, 8, 9, 10, 93, 95, 97, 99, 101, 103, 105, 107, 109, 111, 114, 116, 118, 120, 122, 124, 126, 128, 130, 132]",57,150,133,27,3,1,"[3, 150, 27, 1]",8.509001731872559,"clip_to_[0,288]x[0,384]_then_scale_to_[-1,1]",ok,,
wlasl:28210,28210,28210,how,86,train,F:/DMV/Recognizing-sign-language-at-the-word-level/data/datasets/WLASL/pose/rtmw_l/wholebody_133/nslt100/train/28210.npz,F:/DMV/Recognizing-sign-language-at-the-word-level/data/datasets/WLASL/branch_inputs/skeleton/rtmw_l/selected_27/nslt100/train/28210.npz,F:/DMV/Recognizing-sign-language-at-the-word-level/data/datasets/WLASL/branch_inputs/skeleton/rtmw_l/normalized/selected_27/nslt100/train/28210.npz,F:/DMV/Recognizing-sign-language-at-the-word-level/data/datasets/WLASL/branch_inputs/skeleton/rtmw_l/graph_tensors/selected_27/nslt100/train/28210.npz,wholebody_133,selected_27,"[0, 5, 6, 7, 8, 9, 10, 93, 95, 97, 99, 101, 103, 105, 107, 109, 111, 114, 116, 118, 120, 122, 124, 126, 128, 130, 132]",24,150,133,27,3,1,"[3, 150, 27, 1]",8.509001731872559,"clip_to_[0,288]x[0,384]_then_scale_to_[-1,1]",ok,,
wlasl:28211,28211,28211,how,86,train,F:/DMV/Recognizing-sign-language-at-the-word-level/data/datasets/WLASL/pose/rtmw_l/wholebody_133/nslt100/train/28211.npz,F:/DMV/Recognizing-sign-language-at-the-word-level/data/datasets/WLASL/branch_inputs/skeleton/rtmw_l/selected_27/nslt100/train/28211.npz,F:/DMV/Recognizing-sign-language-at-the-word-level/data/datasets/WLASL/branch_inputs/skeleton/rtmw_l/normalized/selected_27/nslt100/train/28211.npz,F:/DMV/Recognizing-sign-language-at-the-word-level/data/datasets/WLASL/branch_inputs/skeleton/rtmw_l/graph_tensors/selected_27/nslt100/train/28211.npz,wholebody_133,selected_27,"[0, 5, 6, 7, 8, 9, 10, 93, 95, 97, 99, 101, 103, 105, 107, 109, 111, 114, 116, 118, 120, 122, 124, 126, 128, 130, 132]",28,150,133,27,3,1,"[3, 150, 27, 1]",8.509001731872559,"clip_to_[0,288]x[0,384]_then_scale_to_[-1,1]",ok,,
wlasl:28214,28214,28214,how,86,train,F:/DMV/Recognizing-sign-language-at-the-word-level/data/datasets/WLASL/pose/rtmw_l/wholebody_133/nslt100/train/28214.npz,F:/DMV/Recognizing-sign-language-at-the-word-level/data/datasets/WLASL/branch_inputs/skeleton/rtmw_l/selected_27/nslt100/train/28214.npz,F:/DMV/Recognizing-sign-language-at-the-word-level/data/datasets/WLASL/branch_inputs/skeleton/rtmw_l/normalized/selected_27/nslt100/train/28214.npz,F:/DMV/Recognizing-sign-language-at-the-word-level/data/datasets/WLASL/branch_inputs/skeleton/rtmw_l/graph_tensors/selected_27/nslt100/train/28214.npz,wholebody_133,selected_27,"[0, 5, 6, 7, 8, 9, 10, 93, 95, 97, 99, 101, 103, 105, 107, 109, 111, 114, 116, 118, 120, 122, 124, 126, 128, 130, 132]",69,150,133,27,3,1,"[3, 150, 27, 1]",8.509001731872559,"clip_to_[0,288]x[0,384]_then_scale_to_[-1,1]",ok,,
wlasl:03000,3000,3000,apple,52,train,F:/DMV/Recognizing-sign-language-at-the-word-level/data/datasets/WLASL/pose/rtmw_l/wholebody_133/nslt100/train/3000.npz,F:/DMV/Recognizing-sign-language-at-the-word-level/data/datasets/WLASL/branch_inputs/skeleton/rtmw_l/selected_27/nslt100/train/3000.npz,F:/DMV/Recognizing-sign-language-at-the-word-level/data/datasets/WLASL/branch_inputs/skeleton/rtmw_l/normalized/selected_27/nslt100/train/3000.npz,F:/DMV/Recognizing-sign-language-at-the-word-level/data/datasets/WLASL/branch_inputs/skeleton/rtmw_l/graph_tensors/selected_27/nslt100/train/3000.npz,wholebody_133,selected_27,"[0, 5, 6, 7, 8, 9, 10, 93, 95, 97, 99, 101, 103, 105, 107, 109, 111, 114, 116, 118, 120, 122, 124, 126, 128, 130, 132]",89,150,133,27,3,1,"[3, 150, 27, 1]",8.509001731872559,"clip_to_[0,288]x[0,384]_then_scale_to_[-1,1]",ok,,
wlasl:03001,3001,3001,apple,52,train,F:/DMV/Recognizing-sign-language-at-the-word-level/data/datasets/WLASL/pose/rtmw_l/wholebody_133/nslt100/train/3001.npz,F:/DMV/Recognizing-sign-language-at-the-word-level/data/datasets/WLASL/branch_inputs/skeleton/rtmw_l/selected_27/nslt100/train/3001.npz,F:/DMV/Recognizing-sign-language-at-the-word-level/data/datasets/WLASL/branch_inputs/skeleton/rtmw_l/normalized/selected_27/nslt100/train/3001.npz,F:/DMV/Recognizing-sign-language-at-the-word-level/data/datasets/WLASL/branch_inputs/skeleton/rtmw_l/graph_tensors/selected_27/nslt100/train/3001.npz,wholebody_133,selected_27,"[0, 5, 6, 7, 8, 9, 10, 93, 95, 97, 99, 101, 103, 105, 107, 109, 111, 114, 116, 118, 120, 122, 124, 126, 128, 130, 132]",78,150,133,27,3,1,"[3, 150, 27, 1]",8.509001731872559,"clip_to_[0,288]x[0,384]_then_scale_to_[-1,1]",ok,,
wlasl:03002,3002,3002,apple,52,train,F:/DMV/Recognizing-sign-language-at-the-word-level/data/datasets/WLASL/pose/rtmw_l/wholebody_133/nslt100/train/3002.npz,F:/DMV/Recognizing-sign-language-at-the-word-level/data/datasets/WLASL/branch_inputs/skeleton/rtmw_l/selected_27/nslt100/train/3002.npz,F:/DMV/Recognizing-sign-language-at-the-word-level/data/datasets/WLASL/branch_inputs/skeleton/rtmw_l/normalized/selected_27/nslt100/train/3002.npz,F:/DMV/Recognizing-sign-language-at-the-word-level/data/datasets/WLASL/branch_inputs/skeleton/rtmw_l/graph_tensors/selected_27/nslt100/train/3002.npz,wholebody_133,selected_27,"[0, 5, 6, 7, 8, 9, 10, 93, 95, 97, 99, 101, 103, 105, 107, 109, 111, 114, 116, 118, 120, 122, 124, 126, 128, 130, 132]",57,150,133,27,3,1,"[3, 150, 27, 1]",8.509001731872559,"clip_to_[0,288]x[0,384]_then_scale_to_[-1,1]",ok,,
wlasl:03003,3003,3003,apple,52,train,F:/DMV/Recognizing-sign-language-at-the-word-level/data/datasets/WLASL/pose/rtmw_l/wholebody_133/nslt100/train/3003.npz,F:/DMV/Recognizing-sign-language-at-the-word-level/data/datasets/WLASL/branch_inputs/skeleton/rtmw_l/selected_27/nslt100/train/3003.npz,F:/DMV/Recognizing-sign-language-at-the-word-level/data/datasets/WLASL/branch_inputs/skeleton/rtmw_l/normalized/selected_27/nslt100/train/3003.npz,F:/DMV/Recognizing-sign-language-at-the-word-level/data/datasets/WLASL/branch_inputs/skeleton/rtmw_l/graph_tensors/selected_27/nslt100/train/3003.npz,wholebody_133,selected_27,"[0, 5, 6, 7, 8, 9, 10, 93, 95, 97, 99, 101, 103, 105, 107, 109, 111, 114, 116, 118, 120, 122, 124, 126, 128, 130, 132]",108,150,133,27,3,1,"[3, 150, 27, 1]",8.509001731872559,"clip_to_[0,288]x[0,384]_then_scale_to_[-1,1]",ok,,
wlasl:03005,3005,3005,apple,52,train,F:/DMV/Recognizing-sign-language-at-the-word-level/data/datasets/WLASL/pose/rtmw_l/wholebody_133/nslt100/train/3005.npz,F:/DMV/Recognizing-sign-language-at-the-word-level/data/datasets/WLASL/branch_inputs/skeleton/rtmw_l/selected_27/nslt100/train/3005.npz,F:/DMV/Recognizing-sign-language-at-the-word-level/data/datasets/WLASL/branch_inputs/skeleton/rtmw_l/normalized/selected_27/nslt100/train/3005.npz,F:/DMV/Recognizing-sign-language-at-the-word-level/data/datasets/WLASL/branch_inputs/skeleton/rtmw_l/graph_tensors/selected_27/nslt100/train/3005.npz,wholebody_133,selected_27,"[0, 5, 6, 7, 8, 9, 10, 93, 95, 97, 99, 101, 103, 105, 107, 109, 111, 114, 116, 118, 120, 122, 124, 126, 128, 130, 132]",38,150,133,27,3,1,"[3, 150, 27, 1]",8.509001731872559,"clip_to_[0,288]x[0,384]_then_scale_to_[-1,1]",ok,,
wlasl:03008,3008,3008,apple,52,train,F:/DMV/Recognizing-sign-language-at-the-word-level/data/datasets/WLASL/pose/rtmw_l/wholebody_133/nslt100/train/3008.npz,F:/DMV/Recognizing-sign-language-at-the-word-level/data/datasets/WLASL/branch_inputs/skeleton/rtmw_l/selected_27/nslt100/train/3008.npz,F:/DMV/Recognizing-sign-language-at-the-word-level/data/datasets/WLASL/branch_inputs/skeleton/rtmw_l/normalized/selected_27/nslt100/train/3008.npz,F:/DMV/Recognizing-sign-language-at-the-word-level/data/datasets/WLASL/branch_inputs/skeleton/rtmw_l/graph_tensors/selected_27/nslt100/train/3008.npz,wholebody_133,selected_27,"[0, 5, 6, 7, 8, 9, 10, 93, 95, 97, 99, 101, 103, 105, 107, 109, 111, 114, 116, 118, 120, 122, 124, 126, 128, 130, 132]",75,150,133,27,3,1,"[3, 150, 27, 1]",8.509001731872559,"clip_to_[0,288]x[0,384]_then_scale_to_[-1,1]",ok,,
wlasl:30831,30831,30831,jacket,87,train,F:/DMV/Recognizing-sign-language-at-the-word-level/data/datasets/WLASL/pose/rtmw_l/wholebody_133/nslt100/train/30831.npz,F:/DMV/Recognizing-sign-language-at-the-word-level/data/datasets/WLASL/branch_inputs/skeleton/rtmw_l/selected_27/nslt100/train/30831.npz,F:/DMV/Recognizing-sign-language-at-the-word-level/data/datasets/WLASL/branch_inputs/skeleton/rtmw_l/normalized/selected_27/nslt100/train/30831.npz,F:/DMV/Recognizing-sign-language-at-the-word-level/data/datasets/WLASL/branch_inputs/skeleton/rtmw_l/graph_tensors/selected_27/nslt100/train/30831.npz,wholebody_133,selected_27,"[0, 5, 6, 7, 8, 9, 10, 93, 95, 97, 99, 101, 103, 105, 107, 109, 111, 114, 116, 118, 120, 122, 124, 126, 128, 130, 132]",66,150,133,27,3,1,"[3, 150, 27, 1]",8.509001731872559,"clip_to_[0,288]x[0,384]_then_scale_to_[-1,1]",ok,,end_frame_clipped_to_video_end
wlasl:30832,30832,30832,jacket,87,train,F:/DMV/Recognizing-sign-language-at-the-word-level/data/datasets/WLASL/pose/rtmw_l/wholebody_133/nslt100/train/30832.npz,F:/DMV/Recognizing-sign-language-at-the-word-level/data/datasets/WLASL/branch_inputs/skeleton/rtmw_l/selected_27/nslt100/train/30832.npz,F:/DMV/Recognizing-sign-language-at-the-word-level/data/datasets/WLASL/branch_inputs/skeleton/rtmw_l/normalized/selected_27/nslt100/train/30832.npz,F:/DMV/Recognizing-sign-language-at-the-word-level/data/datasets/WLASL/branch_inputs/skeleton/rtmw_l/graph_tensors/selected_27/nslt100/train/30832.npz,wholebody_133,selected_27,"[0, 5, 6, 7, 8, 9, 10, 93, 95, 97, 99, 101, 103, 105, 107, 109, 111, 114, 116, 118, 120, 122, 124, 126, 128, 130, 132]",76,150,133,27,3,1,"[3, 150, 27, 1]",8.509001731872559,"clip_to_[0,288]x[0,384]_then_scale_to_[-1,1]",ok,,
wlasl:30834,30834,30834,jacket,87,train,F:/DMV/Recognizing-sign-language-at-the-word-level/data/datasets/WLASL/pose/rtmw_l/wholebody_133/nslt100/train/30834.npz,F:/DMV/Recognizing-sign-language-at-the-word-level/data/datasets/WLASL/branch_inputs/skeleton/rtmw_l/selected_27/nslt100/train/30834.npz,F:/DMV/Recognizing-sign-language-at-the-word-level/data/datasets/WLASL/branch_inputs/skeleton/rtmw_l/normalized/selected_27/nslt100/train/30834.npz,F:/DMV/Recognizing-sign-language-at-the-word-level/data/datasets/WLASL/branch_inputs/skeleton/rtmw_l/graph_tensors/selected_27/nslt100/train/30834.npz,wholebody_133,selected_27,"[0, 5, 6, 7, 8, 9, 10, 93, 95, 97, 99, 101, 103, 105, 107, 109, 111, 114, 116, 118, 120, 122, 124, 126, 128, 130, 132]",45,150,133,27,3,1,"[3, 150, 27, 1]",8.509001731872559,"clip_to_[0,288]x[0,384]_then_scale_to_[-1,1]",ok,,end_frame_clipped_to_video_end
wlasl:30835,30835,30835,jacket,87,train,F:/DMV/Recognizing-sign-language-at-the-word-level/data/datasets/WLASL/pose/rtmw_l/wholebody_133/nslt100/train/30835.npz,F:/DMV/Recognizing-sign-language-at-the-word-level/data/datasets/WLASL/branch_inputs/skeleton/rtmw_l/selected_27/nslt100/train/30835.npz,F:/DMV/Recognizing-sign-language-at-the-word-level/data/datasets/WLASL/branch_inputs/skeleton/rtmw_l/normalized/selected_27/nslt100/train/30835.npz,F:/DMV/Recognizing-sign-language-at-the-word-level/data/datasets/WLASL/branch_inputs/skeleton/rtmw_l/graph_tensors/selected_27/nslt100/train/30835.npz,wholebody_133,selected_27,"[0, 5, 6, 7, 8, 9, 10, 93, 95, 97, 99, 101, 103, 105, 107, 109, 111, 114, 116, 118, 120, 122, 124, 126, 128, 130, 132]",58,150,133,27,3,1,"[3, 150, 27, 1]",8.509001731872559,"clip_to_[0,288]x[0,384]_then_scale_to_[-1,1]",ok,,
wlasl:30840,30840,30840,jacket,87,train,F:/DMV/Recognizing-sign-language-at-the-word-level/data/datasets/WLASL/pose/rtmw_l/wholebody_133/nslt100/train/30840.npz,F:/DMV/Recognizing-sign-language-at-the-word-level/data/datasets/WLASL/branch_inputs/skeleton/rtmw_l/selected_27/nslt100/train/30840.npz,F:/DMV/Recognizing-sign-language-at-the-word-level/data/datasets/WLASL/branch_inputs/skeleton/rtmw_l/normalized/selected_27/nslt100/train/30840.npz,F:/DMV/Recognizing-sign-language-at-the-word-level/data/datasets/WLASL/branch_inputs/skeleton/rtmw_l/graph_tensors/selected_27/nslt100/train/30840.npz,wholebody_133,selected_27,"[0, 5, 6, 7, 8, 9, 10, 93, 95, 97, 99, 101, 103, 105, 107, 109, 111, 114, 116, 118, 120, 122, 124, 126, 128, 130, 132]",38,150,133,27,3,1,"[3, 150, 27, 1]",8.509001731872559,"clip_to_[0,288]x[0,384]_then_scale_to_[-1,1]",ok,,
wlasl:31752,31752,31752,kiss,42,train,F:/DMV/Recognizing-sign-language-at-the-word-level/data/datasets/WLASL/pose/rtmw_l/wholebody_133/nslt100/train/31752.npz,F:/DMV/Recognizing-sign-language-at-the-word-level/data/datasets/WLASL/branch_inputs/skeleton/rtmw_l/selected_27/nslt100/train/31752.npz,F:/DMV/Recognizing-sign-language-at-the-word-level/data/datasets/WLASL/branch_inputs/skeleton/rtmw_l/normalized/selected_27/nslt100/train/31752.npz,F:/DMV/Recognizing-sign-language-at-the-word-level/data/datasets/WLASL/branch_inputs/skeleton/rtmw_l/graph_tensors/selected_27/nslt100/train/31752.npz,wholebody_133,selected_27,"[0, 5, 6, 7, 8, 9, 10, 93, 95, 97, 99, 101, 103, 105, 107, 109, 111, 114, 116, 118, 120, 122, 124, 126, 128, 130, 132]",25,150,133,27,3,1,"[3, 150, 27, 1]",8.509001731872559,"clip_to_[0,288]x[0,384]_then_scale_to_[-1,1]",ok,,end_frame_clipped_to_video_end
wlasl:31753,31753,31753,kiss,42,train,F:/DMV/Recognizing-sign-language-at-the-word-level/data/datasets/WLASL/pose/rtmw_l/wholebody_133/nslt100/train/31753.npz,F:/DMV/Recognizing-sign-language-at-the-word-level/data/datasets/WLASL/branch_inputs/skeleton/rtmw_l/selected_27/nslt100/train/31753.npz,F:/DMV/Recognizing-sign-language-at-the-word-level/data/datasets/WLASL/branch_inputs/skeleton/rtmw_l/normalized/selected_27/nslt100/train/31753.npz,F:/DMV/Recognizing-sign-language-at-the-word-level/data/datasets/WLASL/branch_inputs/skeleton/rtmw_l/graph_tensors/selected_27/nslt100/train/31753.npz,wholebody_133,selected_27,"[0, 5, 6, 7, 8, 9, 10, 93, 95, 97, 99, 101, 103, 105, 107, 109, 111, 114, 116, 118, 120, 122, 124, 126, 128, 130, 132]",50,150,133,27,3,1,"[3, 150, 27, 1]",8.509001731872559,"clip_to_[0,288]x[0,384]_then_scale_to_[-1,1]",ok,,
wlasl:31755,31755,31755,kiss,42,train,F:/DMV/Recognizing-sign-language-at-the-word-level/data/datasets/WLASL/pose/rtmw_l/wholebody_133/nslt100/train/31755.npz,F:/DMV/Recognizing-sign-language-at-the-word-level/data/datasets/WLASL/branch_inputs/skeleton/rtmw_l/selected_27/nslt100/train/31755.npz,F:/DMV/Recognizing-sign-language-at-the-word-level/data/datasets/WLASL/branch_inputs/skeleton/rtmw_l/normalized/selected_27/nslt100/train/31755.npz,F:/DMV/Recognizing-sign-language-at-the-word-level/data/datasets/WLASL/branch_inputs/skeleton/rtmw_l/graph_tensors/selected_27/nslt100/train/31755.npz,wholebody_133,selected_27,"[0, 5, 6, 7, 8, 9, 10, 93, 95, 97, 99, 101, 103, 105, 107, 109, 111, 114, 116, 118, 120, 122, 124, 126, 128, 130, 132]",29,150,133,27,3,1,"[3, 150, 27, 1]",8.509001731872559,"clip_to_[0,288]x[0,384]_then_scale_to_[-1,1]",ok,,
wlasl:31756,31756,31756,kiss,42,train,F:/DMV/Recognizing-sign-language-at-the-word-level/data/datasets/WLASL/pose/rtmw_l/wholebody_133/nslt100/train/31756.npz,F:/DMV/Recognizing-sign-language-at-the-word-level/data/datasets/WLASL/branch_inputs/skeleton/rtmw_l/selected_27/nslt100/train/31756.npz,F:/DMV/Recognizing-sign-language-at-the-word-level/data/datasets/WLASL/branch_inputs/skeleton/rtmw_l/normalized/selected_27/nslt100/train/31756.npz,F:/DMV/Recognizing-sign-language-at-the-word-level/data/datasets/WLASL/branch_inputs/skeleton/rtmw_l/graph_tensors/selected_27/nslt100/train/31756.npz,wholebody_133,selected_27,"[0, 5, 6, 7, 8, 9, 10, 93, 95, 97, 99, 101, 103, 105, 107, 109, 111, 114, 116, 118, 120, 122, 124, 126, 128, 130, 132]",30,150,133,27,3,1,"[3, 150, 27, 1]",8.509001731872559,"clip_to_[0,288]x[0,384]_then_scale_to_[-1,1]",ok,,
wlasl:31767,31767,31767,kiss,42,train,F:/DMV/Recognizing-sign-language-at-the-word-level/data/datasets/WLASL/pose/rtmw_l/wholebody_133/nslt100/train/31767.npz,F:/DMV/Recognizing-sign-language-at-the-word-level/data/datasets/WLASL/branch_inputs/skeleton/rtmw_l/selected_27/nslt100/train/31767.npz,F:/DMV/Recognizing-sign-language-at-the-word-level/data/datasets/WLASL/branch_inputs/skeleton/rtmw_l/normalized/selected_27/nslt100/train/31767.npz,F:/DMV/Recognizing-sign-language-at-the-word-level/data/datasets/WLASL/branch_inputs/skeleton/rtmw_l/graph_tensors/selected_27/nslt100/train/31767.npz,wholebody_133,selected_27,"[0, 5, 6, 7, 8, 9, 10, 93, 95, 97, 99, 101, 103, 105, 107, 109, 111, 114, 116, 118, 120, 122, 124, 126, 128, 130, 132]",93,150,133,27,3,1,"[3, 150, 27, 1]",8.509001731872559,"clip_to_[0,288]x[0,384]_then_scale_to_[-1,1]",ok,,
wlasl:32155,32155,32155,language,43,train,F:/DMV/Recognizing-sign-language-at-the-word-level/data/datasets/WLASL/pose/rtmw_l/wholebody_133/nslt100/train/32155.npz,F:/DMV/Recognizing-sign-language-at-the-word-level/data/datasets/WLASL/branch_inputs/skeleton/rtmw_l/selected_27/nslt100/train/32155.npz,F:/DMV/Recognizing-sign-language-at-the-word-level/data/datasets/WLASL/branch_inputs/skeleton/rtmw_l/normalized/selected_27/nslt100/train/32155.npz,F:/DMV/Recognizing-sign-language-at-the-word-level/data/datasets/WLASL/branch_inputs/skeleton/rtmw_l/graph_tensors/selected_27/nslt100/train/32155.npz,wholebody_133,selected_27,"[0, 5, 6, 7, 8, 9, 10, 93, 95, 97, 99, 101, 103, 105, 107, 109, 111, 114, 116, 118, 120, 122, 124, 126, 128, 130, 132]",40,150,133,27,3,1,"[3, 150, 27, 1]",8.509001731872559,"clip_to_[0,288]x[0,384]_then_scale_to_[-1,1]",ok,,end_frame_clipped_to_video_end
wlasl:32158,32158,32158,language,43,train,F:/DMV/Recognizing-sign-language-at-the-word-level/data/datasets/WLASL/pose/rtmw_l/wholebody_133/nslt100/train/32158.npz,F:/DMV/Recognizing-sign-language-at-the-word-level/data/datasets/WLASL/branch_inputs/skeleton/rtmw_l/selected_27/nslt100/train/32158.npz,F:/DMV/Recognizing-sign-language-at-the-word-level/data/datasets/WLASL/branch_inputs/skeleton/rtmw_l/normalized/selected_27/nslt100/train/32158.npz,F:/DMV/Recognizing-sign-language-at-the-word-level/data/datasets/WLASL/branch_inputs/skeleton/rtmw_l/graph_tensors/selected_27/nslt100/train/32158.npz,wholebody_133,selected_27,"[0, 5, 6, 7, 8, 9, 10, 93, 95, 97, 99, 101, 103, 105, 107, 109, 111, 114, 116, 118, 120, 122, 124, 126, 128, 130, 132]",44,150,133,27,3,1,"[3, 150, 27, 1]",8.509001731872559,"clip_to_[0,288]x[0,384]_then_scale_to_[-1,1]",ok,,end_frame_clipped_to_video_end
wlasl:32160,32160,32160,language,43,train,F:/DMV/Recognizing-sign-language-at-the-word-level/data/datasets/WLASL/pose/rtmw_l/wholebody_133/nslt100/train/32160.npz,F:/DMV/Recognizing-sign-language-at-the-word-level/data/datasets/WLASL/branch_inputs/skeleton/rtmw_l/selected_27/nslt100/train/32160.npz,F:/DMV/Recognizing-sign-language-at-the-word-level/data/datasets/WLASL/branch_inputs/skeleton/rtmw_l/normalized/selected_27/nslt100/train/32160.npz,F:/DMV/Recognizing-sign-language-at-the-word-level/data/datasets/WLASL/branch_inputs/skeleton/rtmw_l/graph_tensors/selected_27/nslt100/train/32160.npz,wholebody_133,selected_27,"[0, 5, 6, 7, 8, 9, 10, 93, 95, 97, 99, 101, 103, 105, 107, 109, 111, 114, 116, 118, 120, 122, 124, 126, 128, 130, 132]",98,150,133,27,3,1,"[3, 150, 27, 1]",8.509001731872559,"clip_to_[0,288]x[0,384]_then_scale_to_[-1,1]",ok,,
wlasl:32163,32163,32163,language,43,train,F:/DMV/Recognizing-sign-language-at-the-word-level/data/datasets/WLASL/pose/rtmw_l/wholebody_133/nslt100/train/32163.npz,F:/DMV/Recognizing-sign-language-at-the-word-level/data/datasets/WLASL/branch_inputs/skeleton/rtmw_l/selected_27/nslt100/train/32163.npz,F:/DMV/Recognizing-sign-language-at-the-word-level/data/datasets/WLASL/branch_inputs/skeleton/rtmw_l/normalized/selected_27/nslt100/train/32163.npz,F:/DMV/Recognizing-sign-language-at-the-word-level/data/datasets/WLASL/branch_inputs/skeleton/rtmw_l/graph_tensors/selected_27/nslt100/train/32163.npz,wholebody_133,selected_27,"[0, 5, 6, 7, 8, 9, 10, 93, 95, 97, 99, 101, 103, 105, 107, 109, 111, 114, 116, 118, 120, 122, 124, 126, 128, 130, 132]",33,150,133,27,3,1,"[3, 150, 27, 1]",8.509001731872559,"clip_to_[0,288]x[0,384]_then_scale_to_[-1,1]",ok,,
wlasl:32248,32248,32248,last,65,train,F:/DMV/Recognizing-sign-language-at-the-word-level/data/datasets/WLASL/pose/rtmw_l/wholebody_133/nslt100/train/32248.npz,F:/DMV/Recognizing-sign-language-at-the-word-level/data/datasets/WLASL/branch_inputs/skeleton/rtmw_l/selected_27/nslt100/train/32248.npz,F:/DMV/Recognizing-sign-language-at-the-word-level/data/datasets/WLASL/branch_inputs/skeleton/rtmw_l/normalized/selected_27/nslt100/train/32248.npz,F:/DMV/Recognizing-sign-language-at-the-word-level/data/datasets/WLASL/branch_inputs/skeleton/rtmw_l/graph_tensors/selected_27/nslt100/train/32248.npz,wholebody_133,selected_27,"[0, 5, 6, 7, 8, 9, 10, 93, 95, 97, 99, 101, 103, 105, 107, 109, 111, 114, 116, 118, 120, 122, 124, 126, 128, 130, 132]",27,150,133,27,3,1,"[3, 150, 27, 1]",8.509001731872559,"clip_to_[0,288]x[0,384]_then_scale_to_[-1,1]",ok,,end_frame_clipped_to_video_end
wlasl:32249,32249,32249,last,65,train,F:/DMV/Recognizing-sign-language-at-the-word-level/data/datasets/WLASL/pose/rtmw_l/wholebody_133/nslt100/train/32249.npz,F:/DMV/Recognizing-sign-language-at-the-word-level/data/datasets/WLASL/branch_inputs/skeleton/rtmw_l/selected_27/nslt100/train/32249.npz,F:/DMV/Recognizing-sign-language-at-the-word-level/data/datasets/WLASL/branch_inputs/skeleton/rtmw_l/normalized/selected_27/nslt100/train/32249.npz,F:/DMV/Recognizing-sign-language-at-the-word-level/data/datasets/WLASL/branch_inputs/skeleton/rtmw_l/graph_tensors/selected_27/nslt100/train/32249.npz,wholebody_133,selected_27,"[0, 5, 6, 7, 8, 9, 10, 93, 95, 97, 99, 101, 103, 105, 107, 109, 111, 114, 116, 118, 120, 122, 124, 126, 128, 130, 132]",77,150,133,27,3,1,"[3, 150, 27, 1]",8.509001731872559,"clip_to_[0,288]x[0,384]_then_scale_to_[-1,1]",ok,,
wlasl:32250,32250,32250,last,65,train,F:/DMV/Recognizing-sign-language-at-the-word-level/data/datasets/WLASL/pose/rtmw_l/wholebody_133/nslt100/train/32250.npz,F:/DMV/Recognizing-sign-language-at-the-word-level/data/datasets/WLASL/branch_inputs/skeleton/rtmw_l/selected_27/nslt100/train/32250.npz,F:/DMV/Recognizing-sign-language-at-the-word-level/data/datasets/WLASL/branch_inputs/skeleton/rtmw_l/normalized/selected_27/nslt100/train/32250.npz,F:/DMV/Recognizing-sign-language-at-the-word-level/data/datasets/WLASL/branch_inputs/skeleton/rtmw_l/graph_tensors/selected_27/nslt100/train/32250.npz,wholebody_133,selected_27,"[0, 5, 6, 7, 8, 9, 10, 93, 95, 97, 99, 101, 103, 105, 107, 109, 111, 114, 116, 118, 120, 122, 124, 126, 128, 130, 132]",50,150,133,27,3,1,"[3, 150, 27, 1]",8.509001731872559,"clip_to_[0,288]x[0,384]_then_scale_to_[-1,1]",ok,,
wlasl:32254,32254,32254,last,65,train,F:/DMV/Recognizing-sign-language-at-the-word-level/data/datasets/WLASL/pose/rtmw_l/wholebody_133/nslt100/train/32254.npz,F:/DMV/Recognizing-sign-language-at-the-word-level/data/datasets/WLASL/branch_inputs/skeleton/rtmw_l/selected_27/nslt100/train/32254.npz,F:/DMV/Recognizing-sign-language-at-the-word-level/data/datasets/WLASL/branch_inputs/skeleton/rtmw_l/normalized/selected_27/nslt100/train/32254.npz,F:/DMV/Recognizing-sign-language-at-the-word-level/data/datasets/WLASL/branch_inputs/skeleton/rtmw_l/graph_tensors/selected_27/nslt100/train/32254.npz,wholebody_133,selected_27,"[0, 5, 6, 7, 8, 9, 10, 93, 95, 97, 99, 101, 103, 105, 107, 109, 111, 114, 116, 118, 120, 122, 124, 126, 128, 130, 132]",29,150,133,27,3,1,"[3, 150, 27, 1]",8.509001731872559,"clip_to_[0,288]x[0,384]_then_scale_to_[-1,1]",ok,,
wlasl:32257,32257,32257,last,65,train,F:/DMV/Recognizing-sign-language-at-the-word-level/data/datasets/WLASL/pose/rtmw_l/wholebody_133/nslt100/train/32257.npz,F:/DMV/Recognizing-sign-language-at-the-word-level/data/datasets/WLASL/branch_inputs/skeleton/rtmw_l/selected_27/nslt100/train/32257.npz,F:/DMV/Recognizing-sign-language-at-the-word-level/data/datasets/WLASL/branch_inputs/skeleton/rtmw_l/normalized/selected_27/nslt100/train/32257.npz,F:/DMV/Recognizing-sign-language-at-the-word-level/data/datasets/WLASL/branch_inputs/skeleton/rtmw_l/graph_tensors/selected_27/nslt100/train/32257.npz,wholebody_133,selected_27,"[0, 5, 6, 7, 8, 9, 10, 93, 95, 97, 99, 101, 103, 105, 107, 109, 111, 114, 116, 118, 120, 122, 124, 126, 128, 130, 132]",41,150,133,27,3,1,"[3, 150, 27, 1]",8.509001731872559,"clip_to_[0,288]x[0,384]_then_scale_to_[-1,1]",ok,,
wlasl:32260,32260,32260,last,65,train,F:/DMV/Recognizing-sign-language-at-the-word-level/data/datasets/WLASL/pose/rtmw_l/wholebody_133/nslt100/train/32260.npz,F:/DMV/Recognizing-sign-language-at-the-word-level/data/datasets/WLASL/branch_inputs/skeleton/rtmw_l/selected_27/nslt100/train/32260.npz,F:/DMV/Recognizing-sign-language-at-the-word-level/data/datasets/WLASL/branch_inputs/skeleton/rtmw_l/normalized/selected_27/nslt100/train/32260.npz,F:/DMV/Recognizing-sign-language-at-the-word-level/data/datasets/WLASL/branch_inputs/skeleton/rtmw_l/graph_tensors/selected_27/nslt100/train/32260.npz,wholebody_133,selected_27,"[0, 5, 6, 7, 8, 9, 10, 93, 95, 97, 99, 101, 103, 105, 107, 109, 111, 114, 116, 118, 120, 122, 124, 126, 128, 130, 132]",80,150,133,27,3,1,"[3, 150, 27, 1]",8.509001731872559,"clip_to_[0,288]x[0,384]_then_scale_to_[-1,1]",ok,,
wlasl:32261,32261,32261,last,65,train,F:/DMV/Recognizing-sign-language-at-the-word-level/data/datasets/WLASL/pose/rtmw_l/wholebody_133/nslt100/train/32261.npz,F:/DMV/Recognizing-sign-language-at-the-word-level/data/datasets/WLASL/branch_inputs/skeleton/rtmw_l/selected_27/nslt100/train/32261.npz,F:/DMV/Recognizing-sign-language-at-the-word-level/data/datasets/WLASL/branch_inputs/skeleton/rtmw_l/normalized/selected_27/nslt100/train/32261.npz,F:/DMV/Recognizing-sign-language-at-the-word-level/data/datasets/WLASL/branch_inputs/skeleton/rtmw_l/graph_tensors/selected_27/nslt100/train/32261.npz,wholebody_133,selected_27,"[0, 5, 6, 7, 8, 9, 10, 93, 95, 97, 99, 101, 103, 105, 107, 109, 111, 114, 116, 118, 120, 122, 124, 126, 128, 130, 132]",78,150,133,27,3,1,"[3, 150, 27, 1]",8.509001731872559,"clip_to_[0,288]x[0,384]_then_scale_to_[-1,1]",ok,,
wlasl:32321,32321,32321,later,44,train,F:/DMV/Recognizing-sign-language-at-the-word-level/data/datasets/WLASL/pose/rtmw_l/wholebody_133/nslt100/train/32321.npz,F:/DMV/Recognizing-sign-language-at-the-word-level/data/datasets/WLASL/branch_inputs/skeleton/rtmw_l/selected_27/nslt100/train/32321.npz,F:/DMV/Recognizing-sign-language-at-the-word-level/data/datasets/WLASL/branch_inputs/skeleton/rtmw_l/normalized/selected_27/nslt100/train/32321.npz,F:/DMV/Recognizing-sign-language-at-the-word-level/data/datasets/WLASL/branch_inputs/skeleton/rtmw_l/graph_tensors/selected_27/nslt100/train/32321.npz,wholebody_133,selected_27,"[0, 5, 6, 7, 8, 9, 10, 93, 95, 97, 99, 101, 103, 105, 107, 109, 111, 114, 116, 118, 120, 122, 124, 126, 128, 130, 132]",28,150,133,27,3,1,"[3, 150, 27, 1]",8.509001731872559,"clip_to_[0,288]x[0,384]_then_scale_to_[-1,1]",ok,,end_frame_clipped_to_video_end
wlasl:32322,32322,32322,later,44,train,F:/DMV/Recognizing-sign-language-at-the-word-level/data/datasets/WLASL/pose/rtmw_l/wholebody_133/nslt100/train/32322.npz,F:/DMV/Recognizing-sign-language-at-the-word-level/data/datasets/WLASL/branch_inputs/skeleton/rtmw_l/selected_27/nslt100/train/32322.npz,F:/DMV/Recognizing-sign-language-at-the-word-level/data/datasets/WLASL/branch_inputs/skeleton/rtmw_l/normalized/selected_27/nslt100/train/32322.npz,F:/DMV/Recognizing-sign-language-at-the-word-level/data/datasets/WLASL/branch_inputs/skeleton/rtmw_l/graph_tensors/selected_27/nslt100/train/32322.npz,wholebody_133,selected_27,"[0, 5, 6, 7, 8, 9, 10, 93, 95, 97, 99, 101, 103, 105, 107, 109, 111, 114, 116, 118, 120, 122, 124, 126, 128, 130, 132]",34,150,133,27,3,1,"[3, 150, 27, 1]",8.509001731872559,"clip_to_[0,288]x[0,384]_then_scale_to_[-1,1]",ok,,end_frame_clipped_to_video_end
wlasl:32324,32324,32324,later,44,train,F:/DMV/Recognizing-sign-language-at-the-word-level/data/datasets/WLASL/pose/rtmw_l/wholebody_133/nslt100/train/32324.npz,F:/DMV/Recognizing-sign-language-at-the-word-level/data/datasets/WLASL/branch_inputs/skeleton/rtmw_l/selected_27/nslt100/train/32324.npz,F:/DMV/Recognizing-sign-language-at-the-word-level/data/datasets/WLASL/branch_inputs/skeleton/rtmw_l/normalized/selected_27/nslt100/train/32324.npz,F:/DMV/Recognizing-sign-language-at-the-word-level/data/datasets/WLASL/branch_inputs/skeleton/rtmw_l/graph_tensors/selected_27/nslt100/train/32324.npz,wholebody_133,selected_27,"[0, 5, 6, 7, 8, 9, 10, 93, 95, 97, 99, 101, 103, 105, 107, 109, 111, 114, 116, 118, 120, 122, 124, 126, 128, 130, 132]",34,150,133,27,3,1,"[3, 150, 27, 1]",8.509001731872559,"clip_to_[0,288]x[0,384]_then_scale_to_[-1,1]",ok,,
wlasl:32326,32326,32326,later,44,train,F:/DMV/Recognizing-sign-language-at-the-word-level/data/datasets/WLASL/pose/rtmw_l/wholebody_133/nslt100/train/32326.npz,F:/DMV/Recognizing-sign-language-at-the-word-level/data/datasets/WLASL/branch_inputs/skeleton/rtmw_l/selected_27/nslt100/train/32326.npz,F:/DMV/Recognizing-sign-language-at-the-word-level/data/datasets/WLASL/branch_inputs/skeleton/rtmw_l/normalized/selected_27/nslt100/train/32326.npz,F:/DMV/Recognizing-sign-language-at-the-word-level/data/datasets/WLASL/branch_inputs/skeleton/rtmw_l/graph_tensors/selected_27/nslt100/train/32326.npz,wholebody_133,selected_27,"[0, 5, 6, 7, 8, 9, 10, 93, 95, 97, 99, 101, 103, 105, 107, 109, 111, 114, 116, 118, 120, 122, 124, 126, 128, 130, 132]",92,150,133,27,3,1,"[3, 150, 27, 1]",8.509001731872559,"clip_to_[0,288]x[0,384]_then_scale_to_[-1,1]",ok,,
wlasl:32333,32333,32333,later,44,train,F:/DMV/Recognizing-sign-language-at-the-word-level/data/datasets/WLASL/pose/rtmw_l/wholebody_133/nslt100/train/32333.npz,F:/DMV/Recognizing-sign-language-at-the-word-level/data/datasets/WLASL/branch_inputs/skeleton/rtmw_l/selected_27/nslt100/train/32333.npz,F:/DMV/Recognizing-sign-language-at-the-word-level/data/datasets/WLASL/branch_inputs/skeleton/rtmw_l/normalized/selected_27/nslt100/train/32333.npz,F:/DMV/Recognizing-sign-language-at-the-word-level/data/datasets/WLASL/branch_inputs/skeleton/rtmw_l/graph_tensors/selected_27/nslt100/train/32333.npz,wholebody_133,selected_27,"[0, 5, 6, 7, 8, 9, 10, 93, 95, 97, 99, 101, 103, 105, 107, 109, 111, 114, 116, 118, 120, 122, 124, 126, 128, 130, 132]",33,150,133,27,3,1,"[3, 150, 27, 1]",8.509001731872559,"clip_to_[0,288]x[0,384]_then_scale_to_[-1,1]",ok,,
wlasl:32337,32337,32337,later,44,train,F:/DMV/Recognizing-sign-language-at-the-word-level/data/datasets/WLASL/pose/rtmw_l/wholebody_133/nslt100/train/32337.npz,F:/DMV/Recognizing-sign-language-at-the-word-level/data/datasets/WLASL/branch_inputs/skeleton/rtmw_l/selected_27/nslt100/train/32337.npz,F:/DMV/Recognizing-sign-language-at-the-word-level/data/datasets/WLASL/branch_inputs/skeleton/rtmw_l/normalized/selected_27/nslt100/train/32337.npz,F:/DMV/Recognizing-sign-language-at-the-word-level/data/datasets/WLASL/branch_inputs/skeleton/rtmw_l/graph_tensors/selected_27/nslt100/train/32337.npz,wholebody_133,selected_27,"[0, 5, 6, 7, 8, 9, 10, 93, 95, 97, 99, 101, 103, 105, 107, 109, 111, 114, 116, 118, 120, 122, 124, 126, 128, 130, 132]",87,150,133,27,3,1,"[3, 150, 27, 1]",8.509001731872559,"clip_to_[0,288]x[0,384]_then_scale_to_[-1,1]",ok,,
wlasl:32338,32338,32338,later,44,train,F:/DMV/Recognizing-sign-language-at-the-word-level/data/datasets/WLASL/pose/rtmw_l/wholebody_133/nslt100/train/32338.npz,F:/DMV/Recognizing-sign-language-at-the-word-level/data/datasets/WLASL/branch_inputs/skeleton/rtmw_l/selected_27/nslt100/train/32338.npz,F:/DMV/Recognizing-sign-language-at-the-word-level/data/datasets/WLASL/branch_inputs/skeleton/rtmw_l/normalized/selected_27/nslt100/train/32338.npz,F:/DMV/Recognizing-sign-language-at-the-word-level/data/datasets/WLASL/branch_inputs/skeleton/rtmw_l/graph_tensors/selected_27/nslt100/train/32338.npz,wholebody_133,selected_27,"[0, 5, 6, 7, 8, 9, 10, 93, 95, 97, 99, 101, 103, 105, 107, 109, 111, 114, 116, 118, 120, 122, 124, 126, 128, 130, 132]",87,150,133,27,3,1,"[3, 150, 27, 1]",8.509001731872559,"clip_to_[0,288]x[0,384]_then_scale_to_[-1,1]",ok,,
wlasl:32945,32945,32945,letter,88,train,F:/DMV/Recognizing-sign-language-at-the-word-level/data/datasets/WLASL/pose/rtmw_l/wholebody_133/nslt100/train/32945.npz,F:/DMV/Recognizing-sign-language-at-the-word-level/data/datasets/WLASL/branch_inputs/skeleton/rtmw_l/selected_27/nslt100/train/32945.npz,F:/DMV/Recognizing-sign-language-at-the-word-level/data/datasets/WLASL/branch_inputs/skeleton/rtmw_l/normalized/selected_27/nslt100/train/32945.npz,F:/DMV/Recognizing-sign-language-at-the-word-level/data/datasets/WLASL/branch_inputs/skeleton/rtmw_l/graph_tensors/selected_27/nslt100/train/32945.npz,wholebody_133,selected_27,"[0, 5, 6, 7, 8, 9, 10, 93, 95, 97, 99, 101, 103, 105, 107, 109, 111, 114, 116, 118, 120, 122, 124, 126, 128, 130, 132]",66,150,133,27,3,1,"[3, 150, 27, 1]",8.509001731872559,"clip_to_[0,288]x[0,384]_then_scale_to_[-1,1]",ok,,end_frame_clipped_to_video_end
wlasl:32946,32946,32946,letter,88,train,F:/DMV/Recognizing-sign-language-at-the-word-level/data/datasets/WLASL/pose/rtmw_l/wholebody_133/nslt100/train/32946.npz,F:/DMV/Recognizing-sign-language-at-the-word-level/data/datasets/WLASL/branch_inputs/skeleton/rtmw_l/selected_27/nslt100/train/32946.npz,F:/DMV/Recognizing-sign-language-at-the-word-level/data/datasets/WLASL/branch_inputs/skeleton/rtmw_l/normalized/selected_27/nslt100/train/32946.npz,F:/DMV/Recognizing-sign-language-at-the-word-level/data/datasets/WLASL/branch_inputs/skeleton/rtmw_l/graph_tensors/selected_27/nslt100/train/32946.npz,wholebody_133,selected_27,"[0, 5, 6, 7, 8, 9, 10, 93, 95, 97, 99, 101, 103, 105, 107, 109, 111, 114, 116, 118, 120, 122, 124, 126, 128, 130, 132]",81,150,133,27,3,1,"[3, 150, 27, 1]",8.509001731872559,"clip_to_[0,288]x[0,384]_then_scale_to_[-1,1]",ok,,end_frame_clipped_to_video_end
wlasl:32947,32947,32947,letter,88,train,F:/DMV/Recognizing-sign-language-at-the-word-level/data/datasets/WLASL/pose/rtmw_l/wholebody_133/nslt100/train/32947.npz,F:/DMV/Recognizing-sign-language-at-the-word-level/data/datasets/WLASL/branch_inputs/skeleton/rtmw_l/selected_27/nslt100/train/32947.npz,F:/DMV/Recognizing-sign-language-at-the-word-level/data/datasets/WLASL/branch_inputs/skeleton/rtmw_l/normalized/selected_27/nslt100/train/32947.npz,F:/DMV/Recognizing-sign-language-at-the-word-level/data/datasets/WLASL/branch_inputs/skeleton/rtmw_l/graph_tensors/selected_27/nslt100/train/32947.npz,wholebody_133,selected_27,"[0, 5, 6, 7, 8, 9, 10, 93, 95, 97, 99, 101, 103, 105, 107, 109, 111, 114, 116, 118, 120, 122, 124, 126, 128, 130, 132]",29,150,133,27,3,1,"[3, 150, 27, 1]",8.509001731872559,"clip_to_[0,288]x[0,384]_then_scale_to_[-1,1]",ok,,end_frame_clipped_to_video_end
wlasl:32949,32949,32949,letter,88,train,F:/DMV/Recognizing-sign-language-at-the-word-level/data/datasets/WLASL/pose/rtmw_l/wholebody_133/nslt100/train/32949.npz,F:/DMV/Recognizing-sign-language-at-the-word-level/data/datasets/WLASL/branch_inputs/skeleton/rtmw_l/selected_27/nslt100/train/32949.npz,F:/DMV/Recognizing-sign-language-at-the-word-level/data/datasets/WLASL/branch_inputs/skeleton/rtmw_l/normalized/selected_27/nslt100/train/32949.npz,F:/DMV/Recognizing-sign-language-at-the-word-level/data/datasets/WLASL/branch_inputs/skeleton/rtmw_l/graph_tensors/selected_27/nslt100/train/32949.npz,wholebody_133,selected_27,"[0, 5, 6, 7, 8, 9, 10, 93, 95, 97, 99, 101, 103, 105, 107, 109, 111, 114, 116, 118, 120, 122, 124, 126, 128, 130, 132]",83,150,133,27,3,1,"[3, 150, 27, 1]",8.509001731872559,"clip_to_[0,288]x[0,384]_then_scale_to_[-1,1]",ok,,
wlasl:32953,32953,32953,letter,88,train,F:/DMV/Recognizing-sign-language-at-the-word-level/data/datasets/WLASL/pose/rtmw_l/wholebody_133/nslt100/train/32953.npz,F:/DMV/Recognizing-sign-language-at-the-word-level/data/datasets/WLASL/branch_inputs/skeleton/rtmw_l/selected_27/nslt100/train/32953.npz,F:/DMV/Recognizing-sign-language-at-the-word-level/data/datasets/WLASL/branch_inputs/skeleton/rtmw_l/normalized/selected_27/nslt100/train/32953.npz,F:/DMV/Recognizing-sign-language-at-the-word-level/data/datasets/WLASL/branch_inputs/skeleton/rtmw_l/graph_tensors/selected_27/nslt100/train/32953.npz,wholebody_133,selected_27,"[0, 5, 6, 7, 8, 9, 10, 93, 95, 97, 99, 101, 103, 105, 107, 109, 111, 114, 116, 118, 120, 122, 124, 126, 128, 130, 132]",29,150,133,27,3,1,"[3, 150, 27, 1]",8.509001731872559,"clip_to_[0,288]x[0,384]_then_scale_to_[-1,1]",ok,,
wlasl:32954,32954,32954,letter,88,train,F:/DMV/Recognizing-sign-language-at-the-word-level/data/datasets/WLASL/pose/rtmw_l/wholebody_133/nslt100/train/32954.npz,F:/DMV/Recognizing-sign-language-at-the-word-level/data/datasets/WLASL/branch_inputs/skeleton/rtmw_l/selected_27/nslt100/train/32954.npz,F:/DMV/Recognizing-sign-language-at-the-word-level/data/datasets/WLASL/branch_inputs/skeleton/rtmw_l/normalized/selected_27/nslt100/train/32954.npz,F:/DMV/Recognizing-sign-language-at-the-word-level/data/datasets/WLASL/branch_inputs/skeleton/rtmw_l/graph_tensors/selected_27/nslt100/train/32954.npz,wholebody_133,selected_27,"[0, 5, 6, 7, 8, 9, 10, 93, 95, 97, 99, 101, 103, 105, 107, 109, 111, 114, 116, 118, 120, 122, 124, 126, 128, 130, 132]",30,150,133,27,3,1,"[3, 150, 27, 1]",8.509001731872559,"clip_to_[0,288]x[0,384]_then_scale_to_[-1,1]",ok,,
wlasl:32955,32955,32955,letter,88,train,F:/DMV/Recognizing-sign-language-at-the-word-level/data/datasets/WLASL/pose/rtmw_l/wholebody_133/nslt100/train/32955.npz,F:/DMV/Recognizing-sign-language-at-the-word-level/data/datasets/WLASL/branch_inputs/skeleton/rtmw_l/selected_27/nslt100/train/32955.npz,F:/DMV/Recognizing-sign-language-at-the-word-level/data/datasets/WLASL/branch_inputs/skeleton/rtmw_l/normalized/selected_27/nslt100/train/32955.npz,F:/DMV/Recognizing-sign-language-at-the-word-level/data/datasets/WLASL/branch_inputs/skeleton/rtmw_l/graph_tensors/selected_27/nslt100/train/32955.npz,wholebody_133,selected_27,"[0, 5, 6, 7, 8, 9, 10, 93, 95, 97, 99, 101, 103, 105, 107, 109, 111, 114, 116, 118, 120, 122, 124, 126, 128, 130, 132]",28,150,133,27,3,1,"[3, 150, 27, 1]",8.509001731872559,"clip_to_[0,288]x[0,384]_then_scale_to_[-1,1]",ok,,
wlasl:32959,32959,32959,letter,88,train,F:/DMV/Recognizing-sign-language-at-the-word-level/data/datasets/WLASL/pose/rtmw_l/wholebody_133/nslt100/train/32959.npz,F:/DMV/Recognizing-sign-language-at-the-word-level/data/datasets/WLASL/branch_inputs/skeleton/rtmw_l/selected_27/nslt100/train/32959.npz,F:/DMV/Recognizing-sign-language-at-the-word-level/data/datasets/WLASL/branch_inputs/skeleton/rtmw_l/normalized/selected_27/nslt100/train/32959.npz,F:/DMV/Recognizing-sign-language-at-the-word-level/data/datasets/WLASL/branch_inputs/skeleton/rtmw_l/graph_tensors/selected_27/nslt100/train/32959.npz,wholebody_133,selected_27,"[0, 5, 6, 7, 8, 9, 10, 93, 95, 97, 99, 101, 103, 105, 107, 109, 111, 114, 116, 118, 120, 122, 124, 126, 128, 130, 132]",70,150,133,27,3,1,"[3, 150, 27, 1]",8.509001731872559,"clip_to_[0,288]x[0,384]_then_scale_to_[-1,1]",ok,,
wlasl:33266,33266,33266,like,23,train,F:/DMV/Recognizing-sign-language-at-the-word-level/data/datasets/WLASL/pose/rtmw_l/wholebody_133/nslt100/train/33266.npz,F:/DMV/Recognizing-sign-language-at-the-word-level/data/datasets/WLASL/branch_inputs/skeleton/rtmw_l/selected_27/nslt100/train/33266.npz,F:/DMV/Recognizing-sign-language-at-the-word-level/data/datasets/WLASL/branch_inputs/skeleton/rtmw_l/normalized/selected_27/nslt100/train/33266.npz,F:/DMV/Recognizing-sign-language-at-the-word-level/data/datasets/WLASL/branch_inputs/skeleton/rtmw_l/graph_tensors/selected_27/nslt100/train/33266.npz,wholebody_133,selected_27,"[0, 5, 6, 7, 8, 9, 10, 93, 95, 97, 99, 101, 103, 105, 107, 109, 111, 114, 116, 118, 120, 122, 124, 126, 128, 130, 132]",63,150,133,27,3,1,"[3, 150, 27, 1]",8.509001731872559,"clip_to_[0,288]x[0,384]_then_scale_to_[-1,1]",ok,,end_frame_clipped_to_video_end
wlasl:33267,33267,33267,like,23,train,F:/DMV/Recognizing-sign-language-at-the-word-level/data/datasets/WLASL/pose/rtmw_l/wholebody_133/nslt100/train/33267.npz,F:/DMV/Recognizing-sign-language-at-the-word-level/data/datasets/WLASL/branch_inputs/skeleton/rtmw_l/selected_27/nslt100/train/33267.npz,F:/DMV/Recognizing-sign-language-at-the-word-level/data/datasets/WLASL/branch_inputs/skeleton/rtmw_l/normalized/selected_27/nslt100/train/33267.npz,F:/DMV/Recognizing-sign-language-at-the-word-level/data/datasets/WLASL/branch_inputs/skeleton/rtmw_l/graph_tensors/selected_27/nslt100/train/33267.npz,wholebody_133,selected_27,"[0, 5, 6, 7, 8, 9, 10, 93, 95, 97, 99, 101, 103, 105, 107, 109, 111, 114, 116, 118, 120, 122, 124, 126, 128, 130, 132]",64,150,133,27,3,1,"[3, 150, 27, 1]",8.509001731872559,"clip_to_[0,288]x[0,384]_then_scale_to_[-1,1]",ok,,
wlasl:33269,33269,33269,like,23,train,F:/DMV/Recognizing-sign-language-at-the-word-level/data/datasets/WLASL/pose/rtmw_l/wholebody_133/nslt100/train/33269.npz,F:/DMV/Recognizing-sign-language-at-the-word-level/data/datasets/WLASL/branch_inputs/skeleton/rtmw_l/selected_27/nslt100/train/33269.npz,F:/DMV/Recognizing-sign-language-at-the-word-level/data/datasets/WLASL/branch_inputs/skeleton/rtmw_l/normalized/selected_27/nslt100/train/33269.npz,F:/DMV/Recognizing-sign-language-at-the-word-level/data/datasets/WLASL/branch_inputs/skeleton/rtmw_l/graph_tensors/selected_27/nslt100/train/33269.npz,wholebody_133,selected_27,"[0, 5, 6, 7, 8, 9, 10, 93, 95, 97, 99, 101, 103, 105, 107, 109, 111, 114, 116, 118, 120, 122, 124, 126, 128, 130, 132]",62,150,133,27,3,1,"[3, 150, 27, 1]",8.509001731872559,"clip_to_[0,288]x[0,384]_then_scale_to_[-1,1]",ok,,
wlasl:33273,33273,33273,like,23,train,F:/DMV/Recognizing-sign-language-at-the-word-level/data/datasets/WLASL/pose/rtmw_l/wholebody_133/nslt100/train/33273.npz,F:/DMV/Recognizing-sign-language-at-the-word-level/data/datasets/WLASL/branch_inputs/skeleton/rtmw_l/selected_27/nslt100/train/33273.npz,F:/DMV/Recognizing-sign-language-at-the-word-level/data/datasets/WLASL/branch_inputs/skeleton/rtmw_l/normalized/selected_27/nslt100/train/33273.npz,F:/DMV/Recognizing-sign-language-at-the-word-level/data/datasets/WLASL/branch_inputs/skeleton/rtmw_l/graph_tensors/selected_27/nslt100/train/33273.npz,wholebody_133,selected_27,"[0, 5, 6, 7, 8, 9, 10, 93, 95, 97, 99, 101, 103, 105, 107, 109, 111, 114, 116, 118, 120, 122, 124, 126, 128, 130, 132]",32,150,133,27,3,1,"[3, 150, 27, 1]",8.509001731872559,"clip_to_[0,288]x[0,384]_then_scale_to_[-1,1]",ok,,
wlasl:33274,33274,33274,like,23,train,F:/DMV/Recognizing-sign-language-at-the-word-level/data/datasets/WLASL/pose/rtmw_l/wholebody_133/nslt100/train/33274.npz,F:/DMV/Recognizing-sign-language-at-the-word-level/data/datasets/WLASL/branch_inputs/skeleton/rtmw_l/selected_27/nslt100/train/33274.npz,F:/DMV/Recognizing-sign-language-at-the-word-level/data/datasets/WLASL/branch_inputs/skeleton/rtmw_l/normalized/selected_27/nslt100/train/33274.npz,F:/DMV/Recognizing-sign-language-at-the-word-level/data/datasets/WLASL/branch_inputs/skeleton/rtmw_l/graph_tensors/selected_27/nslt100/train/33274.npz,wholebody_133,selected_27,"[0, 5, 6, 7, 8, 9, 10, 93, 95, 97, 99, 101, 103, 105, 107, 109, 111, 114, 116, 118, 120, 122, 124, 126, 128, 130, 132]",27,150,133,27,3,1,"[3, 150, 27, 1]",8.509001731872559,"clip_to_[0,288]x[0,384]_then_scale_to_[-1,1]",ok,,
wlasl:33285,33285,33285,like,23,train,F:/DMV/Recognizing-sign-language-at-the-word-level/data/datasets/WLASL/pose/rtmw_l/wholebody_133/nslt100/train/33285.npz,F:/DMV/Recognizing-sign-language-at-the-word-level/data/datasets/WLASL/branch_inputs/skeleton/rtmw_l/selected_27/nslt100/train/33285.npz,F:/DMV/Recognizing-sign-language-at-the-word-level/data/datasets/WLASL/branch_inputs/skeleton/rtmw_l/normalized/selected_27/nslt100/train/33285.npz,F:/DMV/Recognizing-sign-language-at-the-word-level/data/datasets/WLASL/branch_inputs/skeleton/rtmw_l/graph_tensors/selected_27/nslt100/train/33285.npz,wholebody_133,selected_27,"[0, 5, 6, 7, 8, 9, 10, 93, 95, 97, 99, 101, 103, 105, 107, 109, 111, 114, 116, 118, 120, 122, 124, 126, 128, 130, 132]",87,150,133,27,3,1,"[3, 150, 27, 1]",8.509001731872559,"clip_to_[0,288]x[0,384]_then_scale_to_[-1,1]",ok,,
wlasl:34732,34732,34732,man,45,train,F:/DMV/Recognizing-sign-language-at-the-word-level/data/datasets/WLASL/pose/rtmw_l/wholebody_133/nslt100/train/34732.npz,F:/DMV/Recognizing-sign-language-at-the-word-level/data/datasets/WLASL/branch_inputs/skeleton/rtmw_l/selected_27/nslt100/train/34732.npz,F:/DMV/Recognizing-sign-language-at-the-word-level/data/datasets/WLASL/branch_inputs/skeleton/rtmw_l/normalized/selected_27/nslt100/train/34732.npz,F:/DMV/Recognizing-sign-language-at-the-word-level/data/datasets/WLASL/branch_inputs/skeleton/rtmw_l/graph_tensors/selected_27/nslt100/train/34732.npz,wholebody_133,selected_27,"[0, 5, 6, 7, 8, 9, 10, 93, 95, 97, 99, 101, 103, 105, 107, 109, 111, 114, 116, 118, 120, 122, 124, 126, 128, 130, 132]",71,150,133,27,3,1,"[3, 150, 27, 1]",8.509001731872559,"clip_to_[0,288]x[0,384]_then_scale_to_[-1,1]",ok,,end_frame_clipped_to_video_end
wlasl:34733,34733,34733,man,45,train,F:/DMV/Recognizing-sign-language-at-the-word-level/data/datasets/WLASL/pose/rtmw_l/wholebody_133/nslt100/train/34733.npz,F:/DMV/Recognizing-sign-language-at-the-word-level/data/datasets/WLASL/branch_inputs/skeleton/rtmw_l/selected_27/nslt100/train/34733.npz,F:/DMV/Recognizing-sign-language-at-the-word-level/data/datasets/WLASL/branch_inputs/skeleton/rtmw_l/normalized/selected_27/nslt100/train/34733.npz,F:/DMV/Recognizing-sign-language-at-the-word-level/data/datasets/WLASL/branch_inputs/skeleton/rtmw_l/graph_tensors/selected_27/nslt100/train/34733.npz,wholebody_133,selected_27,"[0, 5, 6, 7, 8, 9, 10, 93, 95, 97, 99, 101, 103, 105, 107, 109, 111, 114, 116, 118, 120, 122, 124, 126, 128, 130, 132]",74,150,133,27,3,1,"[3, 150, 27, 1]",8.509001731872559,"clip_to_[0,288]x[0,384]_then_scale_to_[-1,1]",ok,,
wlasl:34734,34734,34734,man,45,train,F:/DMV/Recognizing-sign-language-at-the-word-level/data/datasets/WLASL/pose/rtmw_l/wholebody_133/nslt100/train/34734.npz,F:/DMV/Recognizing-sign-language-at-the-word-level/data/datasets/WLASL/branch_inputs/skeleton/rtmw_l/selected_27/nslt100/train/34734.npz,F:/DMV/Recognizing-sign-language-at-the-word-level/data/datasets/WLASL/branch_inputs/skeleton/rtmw_l/normalized/selected_27/nslt100/train/34734.npz,F:/DMV/Recognizing-sign-language-at-the-word-level/data/datasets/WLASL/branch_inputs/skeleton/rtmw_l/graph_tensors/selected_27/nslt100/train/34734.npz,wholebody_133,selected_27,"[0, 5, 6, 7, 8, 9, 10, 93, 95, 97, 99, 101, 103, 105, 107, 109, 111, 114, 116, 118, 120, 122, 124, 126, 128, 130, 132]",83,150,133,27,3,1,"[3, 150, 27, 1]",8.509001731872559,"clip_to_[0,288]x[0,384]_then_scale_to_[-1,1]",ok,,
wlasl:34736,34736,34736,man,45,train,F:/DMV/Recognizing-sign-language-at-the-word-level/data/datasets/WLASL/pose/rtmw_l/wholebody_133/nslt100/train/34736.npz,F:/DMV/Recognizing-sign-language-at-the-word-level/data/datasets/WLASL/branch_inputs/skeleton/rtmw_l/selected_27/nslt100/train/34736.npz,F:/DMV/Recognizing-sign-language-at-the-word-level/data/datasets/WLASL/branch_inputs/skeleton/rtmw_l/normalized/selected_27/nslt100/train/34736.npz,F:/DMV/Recognizing-sign-language-at-the-word-level/data/datasets/WLASL/branch_inputs/skeleton/rtmw_l/graph_tensors/selected_27/nslt100/train/34736.npz,wholebody_133,selected_27,"[0, 5, 6, 7, 8, 9, 10, 93, 95, 97, 99, 101, 103, 105, 107, 109, 111, 114, 116, 118, 120, 122, 124, 126, 128, 130, 132]",30,150,133,27,3,1,"[3, 150, 27, 1]",8.509001731872559,"clip_to_[0,288]x[0,384]_then_scale_to_[-1,1]",ok,,end_frame_clipped_to_video_end
wlasl:34737,34737,34737,man,45,train,F:/DMV/Recognizing-sign-language-at-the-word-level/data/datasets/WLASL/pose/rtmw_l/wholebody_133/nslt100/train/34737.npz,F:/DMV/Recognizing-sign-language-at-the-word-level/data/datasets/WLASL/branch_inputs/skeleton/rtmw_l/selected_27/nslt100/train/34737.npz,F:/DMV/Recognizing-sign-language-at-the-word-level/data/datasets/WLASL/branch_inputs/skeleton/rtmw_l/normalized/selected_27/nslt100/train/34737.npz,F:/DMV/Recognizing-sign-language-at-the-word-level/data/datasets/WLASL/branch_inputs/skeleton/rtmw_l/graph_tensors/selected_27/nslt100/train/34737.npz,wholebody_133,selected_27,"[0, 5, 6, 7, 8, 9, 10, 93, 95, 97, 99, 101, 103, 105, 107, 109, 111, 114, 116, 118, 120, 122, 124, 126, 128, 130, 132]",30,150,133,27,3,1,"[3, 150, 27, 1]",8.509001731872559,"clip_to_[0,288]x[0,384]_then_scale_to_[-1,1]",ok,,
wlasl:34738,34738,34738,man,45,train,F:/DMV/Recognizing-sign-language-at-the-word-level/data/datasets/WLASL/pose/rtmw_l/wholebody_133/nslt100/train/34738.npz,F:/DMV/Recognizing-sign-language-at-the-word-level/data/datasets/WLASL/branch_inputs/skeleton/rtmw_l/selected_27/nslt100/train/34738.npz,F:/DMV/Recognizing-sign-language-at-the-word-level/data/datasets/WLASL/branch_inputs/skeleton/rtmw_l/normalized/selected_27/nslt100/train/34738.npz,F:/DMV/Recognizing-sign-language-at-the-word-level/data/datasets/WLASL/branch_inputs/skeleton/rtmw_l/graph_tensors/selected_27/nslt100/train/34738.npz,wholebody_133,selected_27,"[0, 5, 6, 7, 8, 9, 10, 93, 95, 97, 99, 101, 103, 105, 107, 109, 111, 114, 116, 118, 120, 122, 124, 126, 128, 130, 132]",131,150,133,27,3,1,"[3, 150, 27, 1]",8.509001731872559,"clip_to_[0,288]x[0,384]_then_scale_to_[-1,1]",ok,,
wlasl:34742,34742,34742,man,45,train,F:/DMV/Recognizing-sign-language-at-the-word-level/data/datasets/WLASL/pose/rtmw_l/wholebody_133/nslt100/train/34742.npz,F:/DMV/Recognizing-sign-language-at-the-word-level/data/datasets/WLASL/branch_inputs/skeleton/rtmw_l/selected_27/nslt100/train/34742.npz,F:/DMV/Recognizing-sign-language-at-the-word-level/data/datasets/WLASL/branch_inputs/skeleton/rtmw_l/normalized/selected_27/nslt100/train/34742.npz,F:/DMV/Recognizing-sign-language-at-the-word-level/data/datasets/WLASL/branch_inputs/skeleton/rtmw_l/graph_tensors/selected_27/nslt100/train/34742.npz,wholebody_133,selected_27,"[0, 5, 6, 7, 8, 9, 10, 93, 95, 97, 99, 101, 103, 105, 107, 109, 111, 114, 116, 118, 120, 122, 124, 126, 128, 130, 132]",23,150,133,27,3,1,"[3, 150, 27, 1]",8.509001731872559,"clip_to_[0,288]x[0,384]_then_scale_to_[-1,1]",ok,,
wlasl:34746,34746,34746,man,45,train,F:/DMV/Recognizing-sign-language-at-the-word-level/data/datasets/WLASL/pose/rtmw_l/wholebody_133/nslt100/train/34746.npz,F:/DMV/Recognizing-sign-language-at-the-word-level/data/datasets/WLASL/branch_inputs/skeleton/rtmw_l/selected_27/nslt100/train/34746.npz,F:/DMV/Recognizing-sign-language-at-the-word-level/data/datasets/WLASL/branch_inputs/skeleton/rtmw_l/normalized/selected_27/nslt100/train/34746.npz,F:/DMV/Recognizing-sign-language-at-the-word-level/data/datasets/WLASL/branch_inputs/skeleton/rtmw_l/graph_tensors/selected_27/nslt100/train/34746.npz,wholebody_133,selected_27,"[0, 5, 6, 7, 8, 9, 10, 93, 95, 97, 99, 101, 103, 105, 107, 109, 111, 114, 116, 118, 120, 122, 124, 126, 128, 130, 132]",69,150,133,27,3,1,"[3, 150, 27, 1]",8.509001731872559,"clip_to_[0,288]x[0,384]_then_scale_to_[-1,1]",ok,,
wlasl:34823,34823,34823,many,24,train,F:/DMV/Recognizing-sign-language-at-the-word-level/data/datasets/WLASL/pose/rtmw_l/wholebody_133/nslt100/train/34823.npz,F:/DMV/Recognizing-sign-language-at-the-word-level/data/datasets/WLASL/branch_inputs/skeleton/rtmw_l/selected_27/nslt100/train/34823.npz,F:/DMV/Recognizing-sign-language-at-the-word-level/data/datasets/WLASL/branch_inputs/skeleton/rtmw_l/normalized/selected_27/nslt100/train/34823.npz,F:/DMV/Recognizing-sign-language-at-the-word-level/data/datasets/WLASL/branch_inputs/skeleton/rtmw_l/graph_tensors/selected_27/nslt100/train/34823.npz,wholebody_133,selected_27,"[0, 5, 6, 7, 8, 9, 10, 93, 95, 97, 99, 101, 103, 105, 107, 109, 111, 114, 116, 118, 120, 122, 124, 126, 128, 130, 132]",70,150,133,27,3,1,"[3, 150, 27, 1]",8.509001731872559,"clip_to_[0,288]x[0,384]_then_scale_to_[-1,1]",ok,,end_frame_clipped_to_video_end
wlasl:34824,34824,34824,many,24,train,F:/DMV/Recognizing-sign-language-at-the-word-level/data/datasets/WLASL/pose/rtmw_l/wholebody_133/nslt100/train/34824.npz,F:/DMV/Recognizing-sign-language-at-the-word-level/data/datasets/WLASL/branch_inputs/skeleton/rtmw_l/selected_27/nslt100/train/34824.npz,F:/DMV/Recognizing-sign-language-at-the-word-level/data/datasets/WLASL/branch_inputs/skeleton/rtmw_l/normalized/selected_27/nslt100/train/34824.npz,F:/DMV/Recognizing-sign-language-at-the-word-level/data/datasets/WLASL/branch_inputs/skeleton/rtmw_l/graph_tensors/selected_27/nslt100/train/34824.npz,wholebody_133,selected_27,"[0, 5, 6, 7, 8, 9, 10, 93, 95, 97, 99, 101, 103, 105, 107, 109, 111, 114, 116, 118, 120, 122, 124, 126, 128, 130, 132]",58,150,133,27,3,1,"[3, 150, 27, 1]",8.509001731872559,"clip_to_[0,288]x[0,384]_then_scale_to_[-1,1]",ok,,
wlasl:34825,34825,34825,many,24,train,F:/DMV/Recognizing-sign-language-at-the-word-level/data/datasets/WLASL/pose/rtmw_l/wholebody_133/nslt100/train/34825.npz,F:/DMV/Recognizing-sign-language-at-the-word-level/data/datasets/WLASL/branch_inputs/skeleton/rtmw_l/selected_27/nslt100/train/34825.npz,F:/DMV/Recognizing-sign-language-at-the-word-level/data/datasets/WLASL/branch_inputs/skeleton/rtmw_l/normalized/selected_27/nslt100/train/34825.npz,F:/DMV/Recognizing-sign-language-at-the-word-level/data/datasets/WLASL/branch_inputs/skeleton/rtmw_l/graph_tensors/selected_27/nslt100/train/34825.npz,wholebody_133,selected_27,"[0, 5, 6, 7, 8, 9, 10, 93, 95, 97, 99, 101, 103, 105, 107, 109, 111, 114, 116, 118, 120, 122, 124, 126, 128, 130, 132]",41,150,133,27,3,1,"[3, 150, 27, 1]",8.509001731872559,"clip_to_[0,288]x[0,384]_then_scale_to_[-1,1]",ok,,end_frame_clipped_to_video_end
wlasl:34826,34826,34826,many,24,train,F:/DMV/Recognizing-sign-language-at-the-word-level/data/datasets/WLASL/pose/rtmw_l/wholebody_133/nslt100/train/34826.npz,F:/DMV/Recognizing-sign-language-at-the-word-level/data/datasets/WLASL/branch_inputs/skeleton/rtmw_l/selected_27/nslt100/train/34826.npz,F:/DMV/Recognizing-sign-language-at-the-word-level/data/datasets/WLASL/branch_inputs/skeleton/rtmw_l/normalized/selected_27/nslt100/train/34826.npz,F:/DMV/Recognizing-sign-language-at-the-word-level/data/datasets/WLASL/branch_inputs/skeleton/rtmw_l/graph_tensors/selected_27/nslt100/train/34826.npz,wholebody_133,selected_27,"[0, 5, 6, 7, 8, 9, 10, 93, 95, 97, 99, 101, 103, 105, 107, 109, 111, 114, 116, 118, 120, 122, 124, 126, 128, 130, 132]",34,150,133,27,3,1,"[3, 150, 27, 1]",8.509001731872559,"clip_to_[0,288]x[0,384]_then_scale_to_[-1,1]",ok,,end_frame_clipped_to_video_end
wlasl:34827,34827,34827,many,24,train,F:/DMV/Recognizing-sign-language-at-the-word-level/data/datasets/WLASL/pose/rtmw_l/wholebody_133/nslt100/train/34827.npz,F:/DMV/Recognizing-sign-language-at-the-word-level/data/datasets/WLASL/branch_inputs/skeleton/rtmw_l/selected_27/nslt100/train/34827.npz,F:/DMV/Recognizing-sign-language-at-the-word-level/data/datasets/WLASL/branch_inputs/skeleton/rtmw_l/normalized/selected_27/nslt100/train/34827.npz,F:/DMV/Recognizing-sign-language-at-the-word-level/data/datasets/WLASL/branch_inputs/skeleton/rtmw_l/graph_tensors/selected_27/nslt100/train/34827.npz,wholebody_133,selected_27,"[0, 5, 6, 7, 8, 9, 10, 93, 95, 97, 99, 101, 103, 105, 107, 109, 111, 114, 116, 118, 120, 122, 124, 126, 128, 130, 132]",69,150,133,27,3,1,"[3, 150, 27, 1]",8.509001731872559,"clip_to_[0,288]x[0,384]_then_scale_to_[-1,1]",ok,,
wlasl:34830,34830,34830,many,24,train,F:/DMV/Recognizing-sign-language-at-the-word-level/data/datasets/WLASL/pose/rtmw_l/wholebody_133/nslt100/train/34830.npz,F:/DMV/Recognizing-sign-language-at-the-word-level/data/datasets/WLASL/branch_inputs/skeleton/rtmw_l/selected_27/nslt100/train/34830.npz,F:/DMV/Recognizing-sign-language-at-the-word-level/data/datasets/WLASL/branch_inputs/skeleton/rtmw_l/normalized/selected_27/nslt100/train/34830.npz,F:/DMV/Recognizing-sign-language-at-the-word-level/data/datasets/WLASL/branch_inputs/skeleton/rtmw_l/graph_tensors/selected_27/nslt100/train/34830.npz,wholebody_133,selected_27,"[0, 5, 6, 7, 8, 9, 10, 93, 95, 97, 99, 101, 103, 105, 107, 109, 111, 114, 116, 118, 120, 122, 124, 126, 128, 130, 132]",26,150,133,27,3,1,"[3, 150, 27, 1]",8.509001731872559,"clip_to_[0,288]x[0,384]_then_scale_to_[-1,1]",ok,,
wlasl:34831,34831,34831,many,24,train,F:/DMV/Recognizing-sign-language-at-the-word-level/data/datasets/WLASL/pose/rtmw_l/wholebody_133/nslt100/train/34831.npz,F:/DMV/Recognizing-sign-language-at-the-word-level/data/datasets/WLASL/branch_inputs/skeleton/rtmw_l/selected_27/nslt100/train/34831.npz,F:/DMV/Recognizing-sign-language-at-the-word-level/data/datasets/WLASL/branch_inputs/skeleton/rtmw_l/normalized/selected_27/nslt100/train/34831.npz,F:/DMV/Recognizing-sign-language-at-the-word-level/data/datasets/WLASL/branch_inputs/skeleton/rtmw_l/graph_tensors/selected_27/nslt100/train/34831.npz,wholebody_133,selected_27,"[0, 5, 6, 7, 8, 9, 10, 93, 95, 97, 99, 101, 103, 105, 107, 109, 111, 114, 116, 118, 120, 122, 124, 126, 128, 130, 132]",40,150,133,27,3,1,"[3, 150, 27, 1]",8.509001731872559,"clip_to_[0,288]x[0,384]_then_scale_to_[-1,1]",ok,,
wlasl:34832,34832,34832,many,24,train,F:/DMV/Recognizing-sign-language-at-the-word-level/data/datasets/WLASL/pose/rtmw_l/wholebody_133/nslt100/train/34832.npz,F:/DMV/Recognizing-sign-language-at-the-word-level/data/datasets/WLASL/branch_inputs/skeleton/rtmw_l/selected_27/nslt100/train/34832.npz,F:/DMV/Recognizing-sign-language-at-the-word-level/data/datasets/WLASL/branch_inputs/skeleton/rtmw_l/normalized/selected_27/nslt100/train/34832.npz,F:/DMV/Recognizing-sign-language-at-the-word-level/data/datasets/WLASL/branch_inputs/skeleton/rtmw_l/graph_tensors/selected_27/nslt100/train/34832.npz,wholebody_133,selected_27,"[0, 5, 6, 7, 8, 9, 10, 93, 95, 97, 99, 101, 103, 105, 107, 109, 111, 114, 116, 118, 120, 122, 124, 126, 128, 130, 132]",36,150,133,27,3,1,"[3, 150, 27, 1]",8.509001731872559,"clip_to_[0,288]x[0,384]_then_scale_to_[-1,1]",ok,,
wlasl:34839,34839,34839,many,24,train,F:/DMV/Recognizing-sign-language-at-the-word-level/data/datasets/WLASL/pose/rtmw_l/wholebody_133/nslt100/train/34839.npz,F:/DMV/Recognizing-sign-language-at-the-word-level/data/datasets/WLASL/branch_inputs/skeleton/rtmw_l/selected_27/nslt100/train/34839.npz,F:/DMV/Recognizing-sign-language-at-the-word-level/data/datasets/WLASL/branch_inputs/skeleton/rtmw_l/normalized/selected_27/nslt100/train/34839.npz,F:/DMV/Recognizing-sign-language-at-the-word-level/data/datasets/WLASL/branch_inputs/skeleton/rtmw_l/graph_tensors/selected_27/nslt100/train/34839.npz,wholebody_133,selected_27,"[0, 5, 6, 7, 8, 9, 10, 93, 95, 97, 99, 101, 103, 105, 107, 109, 111, 114, 116, 118, 120, 122, 124, 126, 128, 130, 132]",74,150,133,27,3,1,"[3, 150, 27, 1]",8.509001731872559,"clip_to_[0,288]x[0,384]_then_scale_to_[-1,1]",ok,,
wlasl:35452,35452,35452,medicine,89,train,F:/DMV/Recognizing-sign-language-at-the-word-level/data/datasets/WLASL/pose/rtmw_l/wholebody_133/nslt100/train/35452.npz,F:/DMV/Recognizing-sign-language-at-the-word-level/data/datasets/WLASL/branch_inputs/skeleton/rtmw_l/selected_27/nslt100/train/35452.npz,F:/DMV/Recognizing-sign-language-at-the-word-level/data/datasets/WLASL/branch_inputs/skeleton/rtmw_l/normalized/selected_27/nslt100/train/35452.npz,F:/DMV/Recognizing-sign-language-at-the-word-level/data/datasets/WLASL/branch_inputs/skeleton/rtmw_l/graph_tensors/selected_27/nslt100/train/35452.npz,wholebody_133,selected_27,"[0, 5, 6, 7, 8, 9, 10, 93, 95, 97, 99, 101, 103, 105, 107, 109, 111, 114, 116, 118, 120, 122, 124, 126, 128, 130, 132]",105,150,133,27,3,1,"[3, 150, 27, 1]",8.509001731872559,"clip_to_[0,288]x[0,384]_then_scale_to_[-1,1]",ok,,end_frame_clipped_to_video_end
wlasl:35453,35453,35453,medicine,89,train,F:/DMV/Recognizing-sign-language-at-the-word-level/data/datasets/WLASL/pose/rtmw_l/wholebody_133/nslt100/train/35453.npz,F:/DMV/Recognizing-sign-language-at-the-word-level/data/datasets/WLASL/branch_inputs/skeleton/rtmw_l/selected_27/nslt100/train/35453.npz,F:/DMV/Recognizing-sign-language-at-the-word-level/data/datasets/WLASL/branch_inputs/skeleton/rtmw_l/normalized/selected_27/nslt100/train/35453.npz,F:/DMV/Recognizing-sign-language-at-the-word-level/data/datasets/WLASL/branch_inputs/skeleton/rtmw_l/graph_tensors/selected_27/nslt100/train/35453.npz,wholebody_133,selected_27,"[0, 5, 6, 7, 8, 9, 10, 93, 95, 97, 99, 101, 103, 105, 107, 109, 111, 114, 116, 118, 120, 122, 124, 126, 128, 130, 132]",75,150,133,27,3,1,"[3, 150, 27, 1]",8.509001731872559,"clip_to_[0,288]x[0,384]_then_scale_to_[-1,1]",ok,,
wlasl:35454,35454,35454,medicine,89,train,F:/DMV/Recognizing-sign-language-at-the-word-level/data/datasets/WLASL/pose/rtmw_l/wholebody_133/nslt100/train/35454.npz,F:/DMV/Recognizing-sign-language-at-the-word-level/data/datasets/WLASL/branch_inputs/skeleton/rtmw_l/selected_27/nslt100/train/35454.npz,F:/DMV/Recognizing-sign-language-at-the-word-level/data/datasets/WLASL/branch_inputs/skeleton/rtmw_l/normalized/selected_27/nslt100/train/35454.npz,F:/DMV/Recognizing-sign-language-at-the-word-level/data/datasets/WLASL/branch_inputs/skeleton/rtmw_l/graph_tensors/selected_27/nslt100/train/35454.npz,wholebody_133,selected_27,"[0, 5, 6, 7, 8, 9, 10, 93, 95, 97, 99, 101, 103, 105, 107, 109, 111, 114, 116, 118, 120, 122, 124, 126, 128, 130, 132]",89,150,133,27,3,1,"[3, 150, 27, 1]",8.509001731872559,"clip_to_[0,288]x[0,384]_then_scale_to_[-1,1]",ok,,
wlasl:35455,35455,35455,medicine,89,train,F:/DMV/Recognizing-sign-language-at-the-word-level/data/datasets/WLASL/pose/rtmw_l/wholebody_133/nslt100/train/35455.npz,F:/DMV/Recognizing-sign-language-at-the-word-level/data/datasets/WLASL/branch_inputs/skeleton/rtmw_l/selected_27/nslt100/train/35455.npz,F:/DMV/Recognizing-sign-language-at-the-word-level/data/datasets/WLASL/branch_inputs/skeleton/rtmw_l/normalized/selected_27/nslt100/train/35455.npz,F:/DMV/Recognizing-sign-language-at-the-word-level/data/datasets/WLASL/branch_inputs/skeleton/rtmw_l/graph_tensors/selected_27/nslt100/train/35455.npz,wholebody_133,selected_27,"[0, 5, 6, 7, 8, 9, 10, 93, 95, 97, 99, 101, 103, 105, 107, 109, 111, 114, 116, 118, 120, 122, 124, 126, 128, 130, 132]",103,150,133,27,3,1,"[3, 150, 27, 1]",8.509001731872559,"clip_to_[0,288]x[0,384]_then_scale_to_[-1,1]",ok,,
wlasl:35456,35456,35456,medicine,89,train,F:/DMV/Recognizing-sign-language-at-the-word-level/data/datasets/WLASL/pose/rtmw_l/wholebody_133/nslt100/train/35456.npz,F:/DMV/Recognizing-sign-language-at-the-word-level/data/datasets/WLASL/branch_inputs/skeleton/rtmw_l/selected_27/nslt100/train/35456.npz,F:/DMV/Recognizing-sign-language-at-the-word-level/data/datasets/WLASL/branch_inputs/skeleton/rtmw_l/normalized/selected_27/nslt100/train/35456.npz,F:/DMV/Recognizing-sign-language-at-the-word-level/data/datasets/WLASL/branch_inputs/skeleton/rtmw_l/graph_tensors/selected_27/nslt100/train/35456.npz,wholebody_133,selected_27,"[0, 5, 6, 7, 8, 9, 10, 93, 95, 97, 99, 101, 103, 105, 107, 109, 111, 114, 116, 118, 120, 122, 124, 126, 128, 130, 132]",100,150,133,27,3,1,"[3, 150, 27, 1]",8.509001731872559,"clip_to_[0,288]x[0,384]_then_scale_to_[-1,1]",ok,,
wlasl:35458,35458,35458,medicine,89,train,F:/DMV/Recognizing-sign-language-at-the-word-level/data/datasets/WLASL/pose/rtmw_l/wholebody_133/nslt100/train/35458.npz,F:/DMV/Recognizing-sign-language-at-the-word-level/data/datasets/WLASL/branch_inputs/skeleton/rtmw_l/selected_27/nslt100/train/35458.npz,F:/DMV/Recognizing-sign-language-at-the-word-level/data/datasets/WLASL/branch_inputs/skeleton/rtmw_l/normalized/selected_27/nslt100/train/35458.npz,F:/DMV/Recognizing-sign-language-at-the-word-level/data/datasets/WLASL/branch_inputs/skeleton/rtmw_l/graph_tensors/selected_27/nslt100/train/35458.npz,wholebody_133,selected_27,"[0, 5, 6, 7, 8, 9, 10, 93, 95, 97, 99, 101, 103, 105, 107, 109, 111, 114, 116, 118, 120, 122, 124, 126, 128, 130, 132]",43,150,133,27,3,1,"[3, 150, 27, 1]",8.509001731872559,"clip_to_[0,288]x[0,384]_then_scale_to_[-1,1]",ok,,
wlasl:35467,35467,35467,medicine,89,train,F:/DMV/Recognizing-sign-language-at-the-word-level/data/datasets/WLASL/pose/rtmw_l/wholebody_133/nslt100/train/35467.npz,F:/DMV/Recognizing-sign-language-at-the-word-level/data/datasets/WLASL/branch_inputs/skeleton/rtmw_l/selected_27/nslt100/train/35467.npz,F:/DMV/Recognizing-sign-language-at-the-word-level/data/datasets/WLASL/branch_inputs/skeleton/rtmw_l/normalized/selected_27/nslt100/train/35467.npz,F:/DMV/Recognizing-sign-language-at-the-word-level/data/datasets/WLASL/branch_inputs/skeleton/rtmw_l/graph_tensors/selected_27/nslt100/train/35467.npz,wholebody_133,selected_27,"[0, 5, 6, 7, 8, 9, 10, 93, 95, 97, 99, 101, 103, 105, 107, 109, 111, 114, 116, 118, 120, 122, 124, 126, 128, 130, 132]",73,150,133,27,3,1,"[3, 150, 27, 1]",8.509001731872559,"clip_to_[0,288]x[0,384]_then_scale_to_[-1,1]",ok,,
wlasl:35509,35509,35509,meet,66,train,F:/DMV/Recognizing-sign-language-at-the-word-level/data/datasets/WLASL/pose/rtmw_l/wholebody_133/nslt100/train/35509.npz,F:/DMV/Recognizing-sign-language-at-the-word-level/data/datasets/WLASL/branch_inputs/skeleton/rtmw_l/selected_27/nslt100/train/35509.npz,F:/DMV/Recognizing-sign-language-at-the-word-level/data/datasets/WLASL/branch_inputs/skeleton/rtmw_l/normalized/selected_27/nslt100/train/35509.npz,F:/DMV/Recognizing-sign-language-at-the-word-level/data/datasets/WLASL/branch_inputs/skeleton/rtmw_l/graph_tensors/selected_27/nslt100/train/35509.npz,wholebody_133,selected_27,"[0, 5, 6, 7, 8, 9, 10, 93, 95, 97, 99, 101, 103, 105, 107, 109, 111, 114, 116, 118, 120, 122, 124, 126, 128, 130, 132]",80,150,133,27,3,1,"[3, 150, 27, 1]",8.509001731872559,"clip_to_[0,288]x[0,384]_then_scale_to_[-1,1]",ok,,
wlasl:35511,35511,35511,meet,66,train,F:/DMV/Recognizing-sign-language-at-the-word-level/data/datasets/WLASL/pose/rtmw_l/wholebody_133/nslt100/train/35511.npz,F:/DMV/Recognizing-sign-language-at-the-word-level/data/datasets/WLASL/branch_inputs/skeleton/rtmw_l/selected_27/nslt100/train/35511.npz,F:/DMV/Recognizing-sign-language-at-the-word-level/data/datasets/WLASL/branch_inputs/skeleton/rtmw_l/normalized/selected_27/nslt100/train/35511.npz,F:/DMV/Recognizing-sign-language-at-the-word-level/data/datasets/WLASL/branch_inputs/skeleton/rtmw_l/graph_tensors/selected_27/nslt100/train/35511.npz,wholebody_133,selected_27,"[0, 5, 6, 7, 8, 9, 10, 93, 95, 97, 99, 101, 103, 105, 107, 109, 111, 114, 116, 118, 120, 122, 124, 126, 128, 130, 132]",50,150,133,27,3,1,"[3, 150, 27, 1]",8.509001731872559,"clip_to_[0,288]x[0,384]_then_scale_to_[-1,1]",ok,,end_frame_clipped_to_video_end
wlasl:35512,35512,35512,meet,66,train,F:/DMV/Recognizing-sign-language-at-the-word-level/data/datasets/WLASL/pose/rtmw_l/wholebody_133/nslt100/train/35512.npz,F:/DMV/Recognizing-sign-language-at-the-word-level/data/datasets/WLASL/branch_inputs/skeleton/rtmw_l/selected_27/nslt100/train/35512.npz,F:/DMV/Recognizing-sign-language-at-the-word-level/data/datasets/WLASL/branch_inputs/skeleton/rtmw_l/normalized/selected_27/nslt100/train/35512.npz,F:/DMV/Recognizing-sign-language-at-the-word-level/data/datasets/WLASL/branch_inputs/skeleton/rtmw_l/graph_tensors/selected_27/nslt100/train/35512.npz,wholebody_133,selected_27,"[0, 5, 6, 7, 8, 9, 10, 93, 95, 97, 99, 101, 103, 105, 107, 109, 111, 114, 116, 118, 120, 122, 124, 126, 128, 130, 132]",47,150,133,27,3,1,"[3, 150, 27, 1]",8.509001731872559,"clip_to_[0,288]x[0,384]_then_scale_to_[-1,1]",ok,,
wlasl:35516,35516,35516,meet,66,train,F:/DMV/Recognizing-sign-language-at-the-word-level/data/datasets/WLASL/pose/rtmw_l/wholebody_133/nslt100/train/35516.npz,F:/DMV/Recognizing-sign-language-at-the-word-level/data/datasets/WLASL/branch_inputs/skeleton/rtmw_l/selected_27/nslt100/train/35516.npz,F:/DMV/Recognizing-sign-language-at-the-word-level/data/datasets/WLASL/branch_inputs/skeleton/rtmw_l/normalized/selected_27/nslt100/train/35516.npz,F:/DMV/Recognizing-sign-language-at-the-word-level/data/datasets/WLASL/branch_inputs/skeleton/rtmw_l/graph_tensors/selected_27/nslt100/train/35516.npz,wholebody_133,selected_27,"[0, 5, 6, 7, 8, 9, 10, 93, 95, 97, 99, 101, 103, 105, 107, 109, 111, 114, 116, 118, 120, 122, 124, 126, 128, 130, 132]",42,150,133,27,3,1,"[3, 150, 27, 1]",8.509001731872559,"clip_to_[0,288]x[0,384]_then_scale_to_[-1,1]",ok,,
wlasl:35517,35517,35517,meet,66,train,F:/DMV/Recognizing-sign-language-at-the-word-level/data/datasets/WLASL/pose/rtmw_l/wholebody_133/nslt100/train/35517.npz,F:/DMV/Recognizing-sign-language-at-the-word-level/data/datasets/WLASL/branch_inputs/skeleton/rtmw_l/selected_27/nslt100/train/35517.npz,F:/DMV/Recognizing-sign-language-at-the-word-level/data/datasets/WLASL/branch_inputs/skeleton/rtmw_l/normalized/selected_27/nslt100/train/35517.npz,F:/DMV/Recognizing-sign-language-at-the-word-level/data/datasets/WLASL/branch_inputs/skeleton/rtmw_l/graph_tensors/selected_27/nslt100/train/35517.npz,wholebody_133,selected_27,"[0, 5, 6, 7, 8, 9, 10, 93, 95, 97, 99, 101, 103, 105, 107, 109, 111, 114, 116, 118, 120, 122, 124, 126, 128, 130, 132]",33,150,133,27,3,1,"[3, 150, 27, 1]",8.509001731872559,"clip_to_[0,288]x[0,384]_then_scale_to_[-1,1]",ok,,
wlasl:35518,35518,35518,meet,66,train,F:/DMV/Recognizing-sign-language-at-the-word-level/data/datasets/WLASL/pose/rtmw_l/wholebody_133/nslt100/train/35518.npz,F:/DMV/Recognizing-sign-language-at-the-word-level/data/datasets/WLASL/branch_inputs/skeleton/rtmw_l/selected_27/nslt100/train/35518.npz,F:/DMV/Recognizing-sign-language-at-the-word-level/data/datasets/WLASL/branch_inputs/skeleton/rtmw_l/normalized/selected_27/nslt100/train/35518.npz,F:/DMV/Recognizing-sign-language-at-the-word-level/data/datasets/WLASL/branch_inputs/skeleton/rtmw_l/graph_tensors/selected_27/nslt100/train/35518.npz,wholebody_133,selected_27,"[0, 5, 6, 7, 8, 9, 10, 93, 95, 97, 99, 101, 103, 105, 107, 109, 111, 114, 116, 118, 120, 122, 124, 126, 128, 130, 132]",35,150,133,27,3,1,"[3, 150, 27, 1]",8.509001731872559,"clip_to_[0,288]x[0,384]_then_scale_to_[-1,1]",ok,,
wlasl:35523,35523,35523,meet,66,train,F:/DMV/Recognizing-sign-language-at-the-word-level/data/datasets/WLASL/pose/rtmw_l/wholebody_133/nslt100/train/35523.npz,F:/DMV/Recognizing-sign-language-at-the-word-level/data/datasets/WLASL/branch_inputs/skeleton/rtmw_l/selected_27/nslt100/train/35523.npz,F:/DMV/Recognizing-sign-language-at-the-word-level/data/datasets/WLASL/branch_inputs/skeleton/rtmw_l/normalized/selected_27/nslt100/train/35523.npz,F:/DMV/Recognizing-sign-language-at-the-word-level/data/datasets/WLASL/branch_inputs/skeleton/rtmw_l/graph_tensors/selected_27/nslt100/train/35523.npz,wholebody_133,selected_27,"[0, 5, 6, 7, 8, 9, 10, 93, 95, 97, 99, 101, 103, 105, 107, 109, 111, 114, 116, 118, 120, 122, 124, 126, 128, 130, 132]",66,150,133,27,3,1,"[3, 150, 27, 1]",8.509001731872559,"clip_to_[0,288]x[0,384]_then_scale_to_[-1,1]",ok,,
wlasl:36929,36929,36929,mother,25,train,F:/DMV/Recognizing-sign-language-at-the-word-level/data/datasets/WLASL/pose/rtmw_l/wholebody_133/nslt100/train/36929.npz,F:/DMV/Recognizing-sign-language-at-the-word-level/data/datasets/WLASL/branch_inputs/skeleton/rtmw_l/selected_27/nslt100/train/36929.npz,F:/DMV/Recognizing-sign-language-at-the-word-level/data/datasets/WLASL/branch_inputs/skeleton/rtmw_l/normalized/selected_27/nslt100/train/36929.npz,F:/DMV/Recognizing-sign-language-at-the-word-level/data/datasets/WLASL/branch_inputs/skeleton/rtmw_l/graph_tensors/selected_27/nslt100/train/36929.npz,wholebody_133,selected_27,"[0, 5, 6, 7, 8, 9, 10, 93, 95, 97, 99, 101, 103, 105, 107, 109, 111, 114, 116, 118, 120, 122, 124, 126, 128, 130, 132]",53,150,133,27,3,1,"[3, 150, 27, 1]",8.509001731872559,"clip_to_[0,288]x[0,384]_then_scale_to_[-1,1]",ok,,
wlasl:36930,36930,36930,mother,25,train,F:/DMV/Recognizing-sign-language-at-the-word-level/data/datasets/WLASL/pose/rtmw_l/wholebody_133/nslt100/train/36930.npz,F:/DMV/Recognizing-sign-language-at-the-word-level/data/datasets/WLASL/branch_inputs/skeleton/rtmw_l/selected_27/nslt100/train/36930.npz,F:/DMV/Recognizing-sign-language-at-the-word-level/data/datasets/WLASL/branch_inputs/skeleton/rtmw_l/normalized/selected_27/nslt100/train/36930.npz,F:/DMV/Recognizing-sign-language-at-the-word-level/data/datasets/WLASL/branch_inputs/skeleton/rtmw_l/graph_tensors/selected_27/nslt100/train/36930.npz,wholebody_133,selected_27,"[0, 5, 6, 7, 8, 9, 10, 93, 95, 97, 99, 101, 103, 105, 107, 109, 111, 114, 116, 118, 120, 122, 124, 126, 128, 130, 132]",58,150,133,27,3,1,"[3, 150, 27, 1]",8.509001731872559,"clip_to_[0,288]x[0,384]_then_scale_to_[-1,1]",ok,,
wlasl:36931,36931,36931,mother,25,train,F:/DMV/Recognizing-sign-language-at-the-word-level/data/datasets/WLASL/pose/rtmw_l/wholebody_133/nslt100/train/36931.npz,F:/DMV/Recognizing-sign-language-at-the-word-level/data/datasets/WLASL/branch_inputs/skeleton/rtmw_l/selected_27/nslt100/train/36931.npz,F:/DMV/Recognizing-sign-language-at-the-word-level/data/datasets/WLASL/branch_inputs/skeleton/rtmw_l/normalized/selected_27/nslt100/train/36931.npz,F:/DMV/Recognizing-sign-language-at-the-word-level/data/datasets/WLASL/branch_inputs/skeleton/rtmw_l/graph_tensors/selected_27/nslt100/train/36931.npz,wholebody_133,selected_27,"[0, 5, 6, 7, 8, 9, 10, 93, 95, 97, 99, 101, 103, 105, 107, 109, 111, 114, 116, 118, 120, 122, 124, 126, 128, 130, 132]",70,150,133,27,3,1,"[3, 150, 27, 1]",8.509001731872559,"clip_to_[0,288]x[0,384]_then_scale_to_[-1,1]",ok,,
wlasl:36932,36932,36932,mother,25,train,F:/DMV/Recognizing-sign-language-at-the-word-level/data/datasets/WLASL/pose/rtmw_l/wholebody_133/nslt100/train/36932.npz,F:/DMV/Recognizing-sign-language-at-the-word-level/data/datasets/WLASL/branch_inputs/skeleton/rtmw_l/selected_27/nslt100/train/36932.npz,F:/DMV/Recognizing-sign-language-at-the-word-level/data/datasets/WLASL/branch_inputs/skeleton/rtmw_l/normalized/selected_27/nslt100/train/36932.npz,F:/DMV/Recognizing-sign-language-at-the-word-level/data/datasets/WLASL/branch_inputs/skeleton/rtmw_l/graph_tensors/selected_27/nslt100/train/36932.npz,wholebody_133,selected_27,"[0, 5, 6, 7, 8, 9, 10, 93, 95, 97, 99, 101, 103, 105, 107, 109, 111, 114, 116, 118, 120, 122, 124, 126, 128, 130, 132]",64,150,133,27,3,1,"[3, 150, 27, 1]",8.509001731872559,"clip_to_[0,288]x[0,384]_then_scale_to_[-1,1]",ok,,
wlasl:36933,36933,36933,mother,25,train,F:/DMV/Recognizing-sign-language-at-the-word-level/data/datasets/WLASL/pose/rtmw_l/wholebody_133/nslt100/train/36933.npz,F:/DMV/Recognizing-sign-language-at-the-word-level/data/datasets/WLASL/branch_inputs/skeleton/rtmw_l/selected_27/nslt100/train/36933.npz,F:/DMV/Recognizing-sign-language-at-the-word-level/data/datasets/WLASL/branch_inputs/skeleton/rtmw_l/normalized/selected_27/nslt100/train/36933.npz,F:/DMV/Recognizing-sign-language-at-the-word-level/data/datasets/WLASL/branch_inputs/skeleton/rtmw_l/graph_tensors/selected_27/nslt100/train/36933.npz,wholebody_133,selected_27,"[0, 5, 6, 7, 8, 9, 10, 93, 95, 97, 99, 101, 103, 105, 107, 109, 111, 114, 116, 118, 120, 122, 124, 126, 128, 130, 132]",63,150,133,27,3,1,"[3, 150, 27, 1]",8.509001731872559,"clip_to_[0,288]x[0,384]_then_scale_to_[-1,1]",ok,,
wlasl:36936,36936,36936,mother,25,train,F:/DMV/Recognizing-sign-language-at-the-word-level/data/datasets/WLASL/pose/rtmw_l/wholebody_133/nslt100/train/36936.npz,F:/DMV/Recognizing-sign-language-at-the-word-level/data/datasets/WLASL/branch_inputs/skeleton/rtmw_l/selected_27/nslt100/train/36936.npz,F:/DMV/Recognizing-sign-language-at-the-word-level/data/datasets/WLASL/branch_inputs/skeleton/rtmw_l/normalized/selected_27/nslt100/train/36936.npz,F:/DMV/Recognizing-sign-language-at-the-word-level/data/datasets/WLASL/branch_inputs/skeleton/rtmw_l/graph_tensors/selected_27/nslt100/train/36936.npz,wholebody_133,selected_27,"[0, 5, 6, 7, 8, 9, 10, 93, 95, 97, 99, 101, 103, 105, 107, 109, 111, 114, 116, 118, 120, 122, 124, 126, 128, 130, 132]",33,150,133,27,3,1,"[3, 150, 27, 1]",8.509001731872559,"clip_to_[0,288]x[0,384]_then_scale_to_[-1,1]",ok,,
wlasl:36937,36937,36937,mother,25,train,F:/DMV/Recognizing-sign-language-at-the-word-level/data/datasets/WLASL/pose/rtmw_l/wholebody_133/nslt100/train/36937.npz,F:/DMV/Recognizing-sign-language-at-the-word-level/data/datasets/WLASL/branch_inputs/skeleton/rtmw_l/selected_27/nslt100/train/36937.npz,F:/DMV/Recognizing-sign-language-at-the-word-level/data/datasets/WLASL/branch_inputs/skeleton/rtmw_l/normalized/selected_27/nslt100/train/36937.npz,F:/DMV/Recognizing-sign-language-at-the-word-level/data/datasets/WLASL/branch_inputs/skeleton/rtmw_l/graph_tensors/selected_27/nslt100/train/36937.npz,wholebody_133,selected_27,"[0, 5, 6, 7, 8, 9, 10, 93, 95, 97, 99, 101, 103, 105, 107, 109, 111, 114, 116, 118, 120, 122, 124, 126, 128, 130, 132]",39,150,133,27,3,1,"[3, 150, 27, 1]",8.509001731872559,"clip_to_[0,288]x[0,384]_then_scale_to_[-1,1]",ok,,
wlasl:36946,36946,36946,mother,25,train,F:/DMV/Recognizing-sign-language-at-the-word-level/data/datasets/WLASL/pose/rtmw_l/wholebody_133/nslt100/train/36946.npz,F:/DMV/Recognizing-sign-language-at-the-word-level/data/datasets/WLASL/branch_inputs/skeleton/rtmw_l/selected_27/nslt100/train/36946.npz,F:/DMV/Recognizing-sign-language-at-the-word-level/data/datasets/WLASL/branch_inputs/skeleton/rtmw_l/normalized/selected_27/nslt100/train/36946.npz,F:/DMV/Recognizing-sign-language-at-the-word-level/data/datasets/WLASL/branch_inputs/skeleton/rtmw_l/graph_tensors/selected_27/nslt100/train/36946.npz,wholebody_133,selected_27,"[0, 5, 6, 7, 8, 9, 10, 93, 95, 97, 99, 101, 103, 105, 107, 109, 111, 114, 116, 118, 120, 122, 124, 126, 128, 130, 132]",80,150,133,27,3,1,"[3, 150, 27, 1]",8.509001731872559,"clip_to_[0,288]x[0,384]_then_scale_to_[-1,1]",ok,,
wlasl:37881,37881,37881,need,90,train,F:/DMV/Recognizing-sign-language-at-the-word-level/data/datasets/WLASL/pose/rtmw_l/wholebody_133/nslt100/train/37881.npz,F:/DMV/Recognizing-sign-language-at-the-word-level/data/datasets/WLASL/branch_inputs/skeleton/rtmw_l/selected_27/nslt100/train/37881.npz,F:/DMV/Recognizing-sign-language-at-the-word-level/data/datasets/WLASL/branch_inputs/skeleton/rtmw_l/normalized/selected_27/nslt100/train/37881.npz,F:/DMV/Recognizing-sign-language-at-the-word-level/data/datasets/WLASL/branch_inputs/skeleton/rtmw_l/graph_tensors/selected_27/nslt100/train/37881.npz,wholebody_133,selected_27,"[0, 5, 6, 7, 8, 9, 10, 93, 95, 97, 99, 101, 103, 105, 107, 109, 111, 114, 116, 118, 120, 122, 124, 126, 128, 130, 132]",102,150,133,27,3,1,"[3, 150, 27, 1]",8.509001731872559,"clip_to_[0,288]x[0,384]_then_scale_to_[-1,1]",ok,,end_frame_clipped_to_video_end
wlasl:37883,37883,37883,need,90,train,F:/DMV/Recognizing-sign-language-at-the-word-level/data/datasets/WLASL/pose/rtmw_l/wholebody_133/nslt100/train/37883.npz,F:/DMV/Recognizing-sign-language-at-the-word-level/data/datasets/WLASL/branch_inputs/skeleton/rtmw_l/selected_27/nslt100/train/37883.npz,F:/DMV/Recognizing-sign-language-at-the-word-level/data/datasets/WLASL/branch_inputs/skeleton/rtmw_l/normalized/selected_27/nslt100/train/37883.npz,F:/DMV/Recognizing-sign-language-at-the-word-level/data/datasets/WLASL/branch_inputs/skeleton/rtmw_l/graph_tensors/selected_27/nslt100/train/37883.npz,wholebody_133,selected_27,"[0, 5, 6, 7, 8, 9, 10, 93, 95, 97, 99, 101, 103, 105, 107, 109, 111, 114, 116, 118, 120, 122, 124, 126, 128, 130, 132]",55,150,133,27,3,1,"[3, 150, 27, 1]",8.509001731872559,"clip_to_[0,288]x[0,384]_then_scale_to_[-1,1]",ok,,end_frame_clipped_to_video_end
wlasl:37884,37884,37884,need,90,train,F:/DMV/Recognizing-sign-language-at-the-word-level/data/datasets/WLASL/pose/rtmw_l/wholebody_133/nslt100/train/37884.npz,F:/DMV/Recognizing-sign-language-at-the-word-level/data/datasets/WLASL/branch_inputs/skeleton/rtmw_l/selected_27/nslt100/train/37884.npz,F:/DMV/Recognizing-sign-language-at-the-word-level/data/datasets/WLASL/branch_inputs/skeleton/rtmw_l/normalized/selected_27/nslt100/train/37884.npz,F:/DMV/Recognizing-sign-language-at-the-word-level/data/datasets/WLASL/branch_inputs/skeleton/rtmw_l/graph_tensors/selected_27/nslt100/train/37884.npz,wholebody_133,selected_27,"[0, 5, 6, 7, 8, 9, 10, 93, 95, 97, 99, 101, 103, 105, 107, 109, 111, 114, 116, 118, 120, 122, 124, 126, 128, 130, 132]",81,150,133,27,3,1,"[3, 150, 27, 1]",8.509001731872559,"clip_to_[0,288]x[0,384]_then_scale_to_[-1,1]",ok,,
wlasl:37886,37886,37886,need,90,train,F:/DMV/Recognizing-sign-language-at-the-word-level/data/datasets/WLASL/pose/rtmw_l/wholebody_133/nslt100/train/37886.npz,F:/DMV/Recognizing-sign-language-at-the-word-level/data/datasets/WLASL/branch_inputs/skeleton/rtmw_l/selected_27/nslt100/train/37886.npz,F:/DMV/Recognizing-sign-language-at-the-word-level/data/datasets/WLASL/branch_inputs/skeleton/rtmw_l/normalized/selected_27/nslt100/train/37886.npz,F:/DMV/Recognizing-sign-language-at-the-word-level/data/datasets/WLASL/branch_inputs/skeleton/rtmw_l/graph_tensors/selected_27/nslt100/train/37886.npz,wholebody_133,selected_27,"[0, 5, 6, 7, 8, 9, 10, 93, 95, 97, 99, 101, 103, 105, 107, 109, 111, 114, 116, 118, 120, 122, 124, 126, 128, 130, 132]",39,150,133,27,3,1,"[3, 150, 27, 1]",8.509001731872559,"clip_to_[0,288]x[0,384]_then_scale_to_[-1,1]",ok,,
wlasl:37894,37894,37894,need,90,train,F:/DMV/Recognizing-sign-language-at-the-word-level/data/datasets/WLASL/pose/rtmw_l/wholebody_133/nslt100/train/37894.npz,F:/DMV/Recognizing-sign-language-at-the-word-level/data/datasets/WLASL/branch_inputs/skeleton/rtmw_l/selected_27/nslt100/train/37894.npz,F:/DMV/Recognizing-sign-language-at-the-word-level/data/datasets/WLASL/branch_inputs/skeleton/rtmw_l/normalized/selected_27/nslt100/train/37894.npz,F:/DMV/Recognizing-sign-language-at-the-word-level/data/datasets/WLASL/branch_inputs/skeleton/rtmw_l/graph_tensors/selected_27/nslt100/train/37894.npz,wholebody_133,selected_27,"[0, 5, 6, 7, 8, 9, 10, 93, 95, 97, 99, 101, 103, 105, 107, 109, 111, 114, 116, 118, 120, 122, 124, 126, 128, 130, 132]",71,150,133,27,3,1,"[3, 150, 27, 1]",8.509001731872559,"clip_to_[0,288]x[0,384]_then_scale_to_[-1,1]",ok,,
wlasl:38524,38524,38524,no,13,train,F:/DMV/Recognizing-sign-language-at-the-word-level/data/datasets/WLASL/pose/rtmw_l/wholebody_133/nslt100/train/38524.npz,F:/DMV/Recognizing-sign-language-at-the-word-level/data/datasets/WLASL/branch_inputs/skeleton/rtmw_l/selected_27/nslt100/train/38524.npz,F:/DMV/Recognizing-sign-language-at-the-word-level/data/datasets/WLASL/branch_inputs/skeleton/rtmw_l/normalized/selected_27/nslt100/train/38524.npz,F:/DMV/Recognizing-sign-language-at-the-word-level/data/datasets/WLASL/branch_inputs/skeleton/rtmw_l/graph_tensors/selected_27/nslt100/train/38524.npz,wholebody_133,selected_27,"[0, 5, 6, 7, 8, 9, 10, 93, 95, 97, 99, 101, 103, 105, 107, 109, 111, 114, 116, 118, 120, 122, 124, 126, 128, 130, 132]",68,150,133,27,3,1,"[3, 150, 27, 1]",8.509001731872559,"clip_to_[0,288]x[0,384]_then_scale_to_[-1,1]",ok,,
wlasl:38527,38527,38527,no,13,train,F:/DMV/Recognizing-sign-language-at-the-word-level/data/datasets/WLASL/pose/rtmw_l/wholebody_133/nslt100/train/38527.npz,F:/DMV/Recognizing-sign-language-at-the-word-level/data/datasets/WLASL/branch_inputs/skeleton/rtmw_l/selected_27/nslt100/train/38527.npz,F:/DMV/Recognizing-sign-language-at-the-word-level/data/datasets/WLASL/branch_inputs/skeleton/rtmw_l/normalized/selected_27/nslt100/train/38527.npz,F:/DMV/Recognizing-sign-language-at-the-word-level/data/datasets/WLASL/branch_inputs/skeleton/rtmw_l/graph_tensors/selected_27/nslt100/train/38527.npz,wholebody_133,selected_27,"[0, 5, 6, 7, 8, 9, 10, 93, 95, 97, 99, 101, 103, 105, 107, 109, 111, 114, 116, 118, 120, 122, 124, 126, 128, 130, 132]",40,150,133,27,3,1,"[3, 150, 27, 1]",8.509001731872559,"clip_to_[0,288]x[0,384]_then_scale_to_[-1,1]",ok,,
wlasl:38529,38529,38529,no,13,train,F:/DMV/Recognizing-sign-language-at-the-word-level/data/datasets/WLASL/pose/rtmw_l/wholebody_133/nslt100/train/38529.npz,F:/DMV/Recognizing-sign-language-at-the-word-level/data/datasets/WLASL/branch_inputs/skeleton/rtmw_l/selected_27/nslt100/train/38529.npz,F:/DMV/Recognizing-sign-language-at-the-word-level/data/datasets/WLASL/branch_inputs/skeleton/rtmw_l/normalized/selected_27/nslt100/train/38529.npz,F:/DMV/Recognizing-sign-language-at-the-word-level/data/datasets/WLASL/branch_inputs/skeleton/rtmw_l/graph_tensors/selected_27/nslt100/train/38529.npz,wholebody_133,selected_27,"[0, 5, 6, 7, 8, 9, 10, 93, 95, 97, 99, 101, 103, 105, 107, 109, 111, 114, 116, 118, 120, 122, 124, 126, 128, 130, 132]",91,150,133,27,3,1,"[3, 150, 27, 1]",8.509001731872559,"clip_to_[0,288]x[0,384]_then_scale_to_[-1,1]",ok,,
wlasl:38530,38530,38530,no,13,train,F:/DMV/Recognizing-sign-language-at-the-word-level/data/datasets/WLASL/pose/rtmw_l/wholebody_133/nslt100/train/38530.npz,F:/DMV/Recognizing-sign-language-at-the-word-level/data/datasets/WLASL/branch_inputs/skeleton/rtmw_l/selected_27/nslt100/train/38530.npz,F:/DMV/Recognizing-sign-language-at-the-word-level/data/datasets/WLASL/branch_inputs/skeleton/rtmw_l/normalized/selected_27/nslt100/train/38530.npz,F:/DMV/Recognizing-sign-language-at-the-word-level/data/datasets/WLASL/branch_inputs/skeleton/rtmw_l/graph_tensors/selected_27/nslt100/train/38530.npz,wholebody_133,selected_27,"[0, 5, 6, 7, 8, 9, 10, 93, 95, 97, 99, 101, 103, 105, 107, 109, 111, 114, 116, 118, 120, 122, 124, 126, 128, 130, 132]",47,150,133,27,3,1,"[3, 150, 27, 1]",8.509001731872559,"clip_to_[0,288]x[0,384]_then_scale_to_[-1,1]",ok,,
wlasl:38532,38532,38532,no,13,train,F:/DMV/Recognizing-sign-language-at-the-word-level/data/datasets/WLASL/pose/rtmw_l/wholebody_133/nslt100/train/38532.npz,F:/DMV/Recognizing-sign-language-at-the-word-level/data/datasets/WLASL/branch_inputs/skeleton/rtmw_l/selected_27/nslt100/train/38532.npz,F:/DMV/Recognizing-sign-language-at-the-word-level/data/datasets/WLASL/branch_inputs/skeleton/rtmw_l/normalized/selected_27/nslt100/train/38532.npz,F:/DMV/Recognizing-sign-language-at-the-word-level/data/datasets/WLASL/branch_inputs/skeleton/rtmw_l/graph_tensors/selected_27/nslt100/train/38532.npz,wholebody_133,selected_27,"[0, 5, 6, 7, 8, 9, 10, 93, 95, 97, 99, 101, 103, 105, 107, 109, 111, 114, 116, 118, 120, 122, 124, 126, 128, 130, 132]",38,150,133,27,3,1,"[3, 150, 27, 1]",8.509001731872559,"clip_to_[0,288]x[0,384]_then_scale_to_[-1,1]",ok,,
wlasl:38534,38534,38534,no,13,train,F:/DMV/Recognizing-sign-language-at-the-word-level/data/datasets/WLASL/pose/rtmw_l/wholebody_133/nslt100/train/38534.npz,F:/DMV/Recognizing-sign-language-at-the-word-level/data/datasets/WLASL/branch_inputs/skeleton/rtmw_l/selected_27/nslt100/train/38534.npz,F:/DMV/Recognizing-sign-language-at-the-word-level/data/datasets/WLASL/branch_inputs/skeleton/rtmw_l/normalized/selected_27/nslt100/train/38534.npz,F:/DMV/Recognizing-sign-language-at-the-word-level/data/datasets/WLASL/branch_inputs/skeleton/rtmw_l/graph_tensors/selected_27/nslt100/train/38534.npz,wholebody_133,selected_27,"[0, 5, 6, 7, 8, 9, 10, 93, 95, 97, 99, 101, 103, 105, 107, 109, 111, 114, 116, 118, 120, 122, 124, 126, 128, 130, 132]",46,150,133,27,3,1,"[3, 150, 27, 1]",8.509001731872559,"clip_to_[0,288]x[0,384]_then_scale_to_[-1,1]",ok,,
wlasl:38544,38544,38544,no,13,train,F:/DMV/Recognizing-sign-language-at-the-word-level/data/datasets/WLASL/pose/rtmw_l/wholebody_133/nslt100/train/38544.npz,F:/DMV/Recognizing-sign-language-at-the-word-level/data/datasets/WLASL/branch_inputs/skeleton/rtmw_l/selected_27/nslt100/train/38544.npz,F:/DMV/Recognizing-sign-language-at-the-word-level/data/datasets/WLASL/branch_inputs/skeleton/rtmw_l/normalized/selected_27/nslt100/train/38544.npz,F:/DMV/Recognizing-sign-language-at-the-word-level/data/datasets/WLASL/branch_inputs/skeleton/rtmw_l/graph_tensors/selected_27/nslt100/train/38544.npz,wholebody_133,selected_27,"[0, 5, 6, 7, 8, 9, 10, 93, 95, 97, 99, 101, 103, 105, 107, 109, 111, 114, 116, 118, 120, 122, 124, 126, 128, 130, 132]",71,150,133,27,3,1,"[3, 150, 27, 1]",8.509001731872559,"clip_to_[0,288]x[0,384]_then_scale_to_[-1,1]",ok,,
wlasl:38990,38990,38990,now,26,train,F:/DMV/Recognizing-sign-language-at-the-word-level/data/datasets/WLASL/pose/rtmw_l/wholebody_133/nslt100/train/38990.npz,F:/DMV/Recognizing-sign-language-at-the-word-level/data/datasets/WLASL/branch_inputs/skeleton/rtmw_l/selected_27/nslt100/train/38990.npz,F:/DMV/Recognizing-sign-language-at-the-word-level/data/datasets/WLASL/branch_inputs/skeleton/rtmw_l/normalized/selected_27/nslt100/train/38990.npz,F:/DMV/Recognizing-sign-language-at-the-word-level/data/datasets/WLASL/branch_inputs/skeleton/rtmw_l/graph_tensors/selected_27/nslt100/train/38990.npz,wholebody_133,selected_27,"[0, 5, 6, 7, 8, 9, 10, 93, 95, 97, 99, 101, 103, 105, 107, 109, 111, 114, 116, 118, 120, 122, 124, 126, 128, 130, 132]",77,150,133,27,3,1,"[3, 150, 27, 1]",8.509001731872559,"clip_to_[0,288]x[0,384]_then_scale_to_[-1,1]",ok,,end_frame_clipped_to_video_end
wlasl:38995,38995,38995,now,26,train,F:/DMV/Recognizing-sign-language-at-the-word-level/data/datasets/WLASL/pose/rtmw_l/wholebody_133/nslt100/train/38995.npz,F:/DMV/Recognizing-sign-language-at-the-word-level/data/datasets/WLASL/branch_inputs/skeleton/rtmw_l/selected_27/nslt100/train/38995.npz,F:/DMV/Recognizing-sign-language-at-the-word-level/data/datasets/WLASL/branch_inputs/skeleton/rtmw_l/normalized/selected_27/nslt100/train/38995.npz,F:/DMV/Recognizing-sign-language-at-the-word-level/data/datasets/WLASL/branch_inputs/skeleton/rtmw_l/graph_tensors/selected_27/nslt100/train/38995.npz,wholebody_133,selected_27,"[0, 5, 6, 7, 8, 9, 10, 93, 95, 97, 99, 101, 103, 105, 107, 109, 111, 114, 116, 118, 120, 122, 124, 126, 128, 130, 132]",71,150,133,27,3,1,"[3, 150, 27, 1]",8.509001731872559,"clip_to_[0,288]x[0,384]_then_scale_to_[-1,1]",ok,,
wlasl:38997,38997,38997,now,26,train,F:/DMV/Recognizing-sign-language-at-the-word-level/data/datasets/WLASL/pose/rtmw_l/wholebody_133/nslt100/train/38997.npz,F:/DMV/Recognizing-sign-language-at-the-word-level/data/datasets/WLASL/branch_inputs/skeleton/rtmw_l/selected_27/nslt100/train/38997.npz,F:/DMV/Recognizing-sign-language-at-the-word-level/data/datasets/WLASL/branch_inputs/skeleton/rtmw_l/normalized/selected_27/nslt100/train/38997.npz,F:/DMV/Recognizing-sign-language-at-the-word-level/data/datasets/WLASL/branch_inputs/skeleton/rtmw_l/graph_tensors/selected_27/nslt100/train/38997.npz,wholebody_133,selected_27,"[0, 5, 6, 7, 8, 9, 10, 93, 95, 97, 99, 101, 103, 105, 107, 109, 111, 114, 116, 118, 120, 122, 124, 126, 128, 130, 132]",36,150,133,27,3,1,"[3, 150, 27, 1]",8.509001731872559,"clip_to_[0,288]x[0,384]_then_scale_to_[-1,1]",ok,,
wlasl:38999,38999,38999,now,26,train,F:/DMV/Recognizing-sign-language-at-the-word-level/data/datasets/WLASL/pose/rtmw_l/wholebody_133/nslt100/train/38999.npz,F:/DMV/Recognizing-sign-language-at-the-word-level/data/datasets/WLASL/branch_inputs/skeleton/rtmw_l/selected_27/nslt100/train/38999.npz,F:/DMV/Recognizing-sign-language-at-the-word-level/data/datasets/WLASL/branch_inputs/skeleton/rtmw_l/normalized/selected_27/nslt100/train/38999.npz,F:/DMV/Recognizing-sign-language-at-the-word-level/data/datasets/WLASL/branch_inputs/skeleton/rtmw_l/graph_tensors/selected_27/nslt100/train/38999.npz,wholebody_133,selected_27,"[0, 5, 6, 7, 8, 9, 10, 93, 95, 97, 99, 101, 103, 105, 107, 109, 111, 114, 116, 118, 120, 122, 124, 126, 128, 130, 132]",27,150,133,27,3,1,"[3, 150, 27, 1]",8.509001731872559,"clip_to_[0,288]x[0,384]_then_scale_to_[-1,1]",ok,,
wlasl:39006,39006,39006,now,26,train,F:/DMV/Recognizing-sign-language-at-the-word-level/data/datasets/WLASL/pose/rtmw_l/wholebody_133/nslt100/train/39006.npz,F:/DMV/Recognizing-sign-language-at-the-word-level/data/datasets/WLASL/branch_inputs/skeleton/rtmw_l/selected_27/nslt100/train/39006.npz,F:/DMV/Recognizing-sign-language-at-the-word-level/data/datasets/WLASL/branch_inputs/skeleton/rtmw_l/normalized/selected_27/nslt100/train/39006.npz,F:/DMV/Recognizing-sign-language-at-the-word-level/data/datasets/WLASL/branch_inputs/skeleton/rtmw_l/graph_tensors/selected_27/nslt100/train/39006.npz,wholebody_133,selected_27,"[0, 5, 6, 7, 8, 9, 10, 93, 95, 97, 99, 101, 103, 105, 107, 109, 111, 114, 116, 118, 120, 122, 124, 126, 128, 130, 132]",69,150,133,27,3,1,"[3, 150, 27, 1]",8.509001731872559,"clip_to_[0,288]x[0,384]_then_scale_to_[-1,1]",ok,,
wlasl:40115,40115,40115,orange,27,train,F:/DMV/Recognizing-sign-language-at-the-word-level/data/datasets/WLASL/pose/rtmw_l/wholebody_133/nslt100/train/40115.npz,F:/DMV/Recognizing-sign-language-at-the-word-level/data/datasets/WLASL/branch_inputs/skeleton/rtmw_l/selected_27/nslt100/train/40115.npz,F:/DMV/Recognizing-sign-language-at-the-word-level/data/datasets/WLASL/branch_inputs/skeleton/rtmw_l/normalized/selected_27/nslt100/train/40115.npz,F:/DMV/Recognizing-sign-language-at-the-word-level/data/datasets/WLASL/branch_inputs/skeleton/rtmw_l/graph_tensors/selected_27/nslt100/train/40115.npz,wholebody_133,selected_27,"[0, 5, 6, 7, 8, 9, 10, 93, 95, 97, 99, 101, 103, 105, 107, 109, 111, 114, 116, 118, 120, 122, 124, 126, 128, 130, 132]",83,150,133,27,3,1,"[3, 150, 27, 1]",8.509001731872559,"clip_to_[0,288]x[0,384]_then_scale_to_[-1,1]",ok,,end_frame_clipped_to_video_end
wlasl:40116,40116,40116,orange,27,train,F:/DMV/Recognizing-sign-language-at-the-word-level/data/datasets/WLASL/pose/rtmw_l/wholebody_133/nslt100/train/40116.npz,F:/DMV/Recognizing-sign-language-at-the-word-level/data/datasets/WLASL/branch_inputs/skeleton/rtmw_l/selected_27/nslt100/train/40116.npz,F:/DMV/Recognizing-sign-language-at-the-word-level/data/datasets/WLASL/branch_inputs/skeleton/rtmw_l/normalized/selected_27/nslt100/train/40116.npz,F:/DMV/Recognizing-sign-language-at-the-word-level/data/datasets/WLASL/branch_inputs/skeleton/rtmw_l/graph_tensors/selected_27/nslt100/train/40116.npz,wholebody_133,selected_27,"[0, 5, 6, 7, 8, 9, 10, 93, 95, 97, 99, 101, 103, 105, 107, 109, 111, 114, 116, 118, 120, 122, 124, 126, 128, 130, 132]",68,150,133,27,3,1,"[3, 150, 27, 1]",8.509001731872559,"clip_to_[0,288]x[0,384]_then_scale_to_[-1,1]",ok,,
wlasl:40117,40117,40117,orange,27,train,F:/DMV/Recognizing-sign-language-at-the-word-level/data/datasets/WLASL/pose/rtmw_l/wholebody_133/nslt100/train/40117.npz,F:/DMV/Recognizing-sign-language-at-the-word-level/data/datasets/WLASL/branch_inputs/skeleton/rtmw_l/selected_27/nslt100/train/40117.npz,F:/DMV/Recognizing-sign-language-at-the-word-level/data/datasets/WLASL/branch_inputs/skeleton/rtmw_l/normalized/selected_27/nslt100/train/40117.npz,F:/DMV/Recognizing-sign-language-at-the-word-level/data/datasets/WLASL/branch_inputs/skeleton/rtmw_l/graph_tensors/selected_27/nslt100/train/40117.npz,wholebody_133,selected_27,"[0, 5, 6, 7, 8, 9, 10, 93, 95, 97, 99, 101, 103, 105, 107, 109, 111, 114, 116, 118, 120, 122, 124, 126, 128, 130, 132]",33,150,133,27,3,1,"[3, 150, 27, 1]",8.509001731872559,"clip_to_[0,288]x[0,384]_then_scale_to_[-1,1]",ok,,
wlasl:40119,40119,40119,orange,27,train,F:/DMV/Recognizing-sign-language-at-the-word-level/data/datasets/WLASL/pose/rtmw_l/wholebody_133/nslt100/train/40119.npz,F:/DMV/Recognizing-sign-language-at-the-word-level/data/datasets/WLASL/branch_inputs/skeleton/rtmw_l/selected_27/nslt100/train/40119.npz,F:/DMV/Recognizing-sign-language-at-the-word-level/data/datasets/WLASL/branch_inputs/skeleton/rtmw_l/normalized/selected_27/nslt100/train/40119.npz,F:/DMV/Recognizing-sign-language-at-the-word-level/data/datasets/WLASL/branch_inputs/skeleton/rtmw_l/graph_tensors/selected_27/nslt100/train/40119.npz,wholebody_133,selected_27,"[0, 5, 6, 7, 8, 9, 10, 93, 95, 97, 99, 101, 103, 105, 107, 109, 111, 114, 116, 118, 120, 122, 124, 126, 128, 130, 132]",75,150,133,27,3,1,"[3, 150, 27, 1]",8.509001731872559,"clip_to_[0,288]x[0,384]_then_scale_to_[-1,1]",ok,,
wlasl:40121,40121,40121,orange,27,train,F:/DMV/Recognizing-sign-language-at-the-word-level/data/datasets/WLASL/pose/rtmw_l/wholebody_133/nslt100/train/40121.npz,F:/DMV/Recognizing-sign-language-at-the-word-level/data/datasets/WLASL/branch_inputs/skeleton/rtmw_l/selected_27/nslt100/train/40121.npz,F:/DMV/Recognizing-sign-language-at-the-word-level/data/datasets/WLASL/branch_inputs/skeleton/rtmw_l/normalized/selected_27/nslt100/train/40121.npz,F:/DMV/Recognizing-sign-language-at-the-word-level/data/datasets/WLASL/branch_inputs/skeleton/rtmw_l/graph_tensors/selected_27/nslt100/train/40121.npz,wholebody_133,selected_27,"[0, 5, 6, 7, 8, 9, 10, 93, 95, 97, 99, 101, 103, 105, 107, 109, 111, 114, 116, 118, 120, 122, 124, 126, 128, 130, 132]",36,150,133,27,3,1,"[3, 150, 27, 1]",8.509001731872559,"clip_to_[0,288]x[0,384]_then_scale_to_[-1,1]",ok,,
wlasl:40129,40129,40129,orange,27,train,F:/DMV/Recognizing-sign-language-at-the-word-level/data/datasets/WLASL/pose/rtmw_l/wholebody_133/nslt100/train/40129.npz,F:/DMV/Recognizing-sign-language-at-the-word-level/data/datasets/WLASL/branch_inputs/skeleton/rtmw_l/selected_27/nslt100/train/40129.npz,F:/DMV/Recognizing-sign-language-at-the-word-level/data/datasets/WLASL/branch_inputs/skeleton/rtmw_l/normalized/selected_27/nslt100/train/40129.npz,F:/DMV/Recognizing-sign-language-at-the-word-level/data/datasets/WLASL/branch_inputs/skeleton/rtmw_l/graph_tensors/selected_27/nslt100/train/40129.npz,wholebody_133,selected_27,"[0, 5, 6, 7, 8, 9, 10, 93, 95, 97, 99, 101, 103, 105, 107, 109, 111, 114, 116, 118, 120, 122, 124, 126, 128, 130, 132]",78,150,133,27,3,1,"[3, 150, 27, 1]",8.509001731872559,"clip_to_[0,288]x[0,384]_then_scale_to_[-1,1]",ok,,
wlasl:40130,40130,40130,orange,27,train,F:/DMV/Recognizing-sign-language-at-the-word-level/data/datasets/WLASL/pose/rtmw_l/wholebody_133/nslt100/train/40130.npz,F:/DMV/Recognizing-sign-language-at-the-word-level/data/datasets/WLASL/branch_inputs/skeleton/rtmw_l/selected_27/nslt100/train/40130.npz,F:/DMV/Recognizing-sign-language-at-the-word-level/data/datasets/WLASL/branch_inputs/skeleton/rtmw_l/normalized/selected_27/nslt100/train/40130.npz,F:/DMV/Recognizing-sign-language-at-the-word-level/data/datasets/WLASL/branch_inputs/skeleton/rtmw_l/graph_tensors/selected_27/nslt100/train/40130.npz,wholebody_133,selected_27,"[0, 5, 6, 7, 8, 9, 10, 93, 95, 97, 99, 101, 103, 105, 107, 109, 111, 114, 116, 118, 120, 122, 124, 126, 128, 130, 132]",78,150,133,27,3,1,"[3, 150, 27, 1]",8.509001731872559,"clip_to_[0,288]x[0,384]_then_scale_to_[-1,1]",ok,,
wlasl:40834,40834,40834,paint,91,train,F:/DMV/Recognizing-sign-language-at-the-word-level/data/datasets/WLASL/pose/rtmw_l/wholebody_133/nslt100/train/40834.npz,F:/DMV/Recognizing-sign-language-at-the-word-level/data/datasets/WLASL/branch_inputs/skeleton/rtmw_l/selected_27/nslt100/train/40834.npz,F:/DMV/Recognizing-sign-language-at-the-word-level/data/datasets/WLASL/branch_inputs/skeleton/rtmw_l/normalized/selected_27/nslt100/train/40834.npz,F:/DMV/Recognizing-sign-language-at-the-word-level/data/datasets/WLASL/branch_inputs/skeleton/rtmw_l/graph_tensors/selected_27/nslt100/train/40834.npz,wholebody_133,selected_27,"[0, 5, 6, 7, 8, 9, 10, 93, 95, 97, 99, 101, 103, 105, 107, 109, 111, 114, 116, 118, 120, 122, 124, 126, 128, 130, 132]",33,150,133,27,3,1,"[3, 150, 27, 1]",8.509001731872559,"clip_to_[0,288]x[0,384]_then_scale_to_[-1,1]",ok,,end_frame_clipped_to_video_end
wlasl:40836,40836,40836,paint,91,train,F:/DMV/Recognizing-sign-language-at-the-word-level/data/datasets/WLASL/pose/rtmw_l/wholebody_133/nslt100/train/40836.npz,F:/DMV/Recognizing-sign-language-at-the-word-level/data/datasets/WLASL/branch_inputs/skeleton/rtmw_l/selected_27/nslt100/train/40836.npz,F:/DMV/Recognizing-sign-language-at-the-word-level/data/datasets/WLASL/branch_inputs/skeleton/rtmw_l/normalized/selected_27/nslt100/train/40836.npz,F:/DMV/Recognizing-sign-language-at-the-word-level/data/datasets/WLASL/branch_inputs/skeleton/rtmw_l/graph_tensors/selected_27/nslt100/train/40836.npz,wholebody_133,selected_27,"[0, 5, 6, 7, 8, 9, 10, 93, 95, 97, 99, 101, 103, 105, 107, 109, 111, 114, 116, 118, 120, 122, 124, 126, 128, 130, 132]",30,150,133,27,3,1,"[3, 150, 27, 1]",8.509001731872559,"clip_to_[0,288]x[0,384]_then_scale_to_[-1,1]",ok,,end_frame_clipped_to_video_end
wlasl:40837,40837,40837,paint,91,train,F:/DMV/Recognizing-sign-language-at-the-word-level/data/datasets/WLASL/pose/rtmw_l/wholebody_133/nslt100/train/40837.npz,F:/DMV/Recognizing-sign-language-at-the-word-level/data/datasets/WLASL/branch_inputs/skeleton/rtmw_l/selected_27/nslt100/train/40837.npz,F:/DMV/Recognizing-sign-language-at-the-word-level/data/datasets/WLASL/branch_inputs/skeleton/rtmw_l/normalized/selected_27/nslt100/train/40837.npz,F:/DMV/Recognizing-sign-language-at-the-word-level/data/datasets/WLASL/branch_inputs/skeleton/rtmw_l/graph_tensors/selected_27/nslt100/train/40837.npz,wholebody_133,selected_27,"[0, 5, 6, 7, 8, 9, 10, 93, 95, 97, 99, 101, 103, 105, 107, 109, 111, 114, 116, 118, 120, 122, 124, 126, 128, 130, 132]",79,150,133,27,3,1,"[3, 150, 27, 1]",8.509001731872559,"clip_to_[0,288]x[0,384]_then_scale_to_[-1,1]",ok,,
wlasl:40841,40841,40841,paint,91,train,F:/DMV/Recognizing-sign-language-at-the-word-level/data/datasets/WLASL/pose/rtmw_l/wholebody_133/nslt100/train/40841.npz,F:/DMV/Recognizing-sign-language-at-the-word-level/data/datasets/WLASL/branch_inputs/skeleton/rtmw_l/selected_27/nslt100/train/40841.npz,F:/DMV/Recognizing-sign-language-at-the-word-level/data/datasets/WLASL/branch_inputs/skeleton/rtmw_l/normalized/selected_27/nslt100/train/40841.npz,F:/DMV/Recognizing-sign-language-at-the-word-level/data/datasets/WLASL/branch_inputs/skeleton/rtmw_l/graph_tensors/selected_27/nslt100/train/40841.npz,wholebody_133,selected_27,"[0, 5, 6, 7, 8, 9, 10, 93, 95, 97, 99, 101, 103, 105, 107, 109, 111, 114, 116, 118, 120, 122, 124, 126, 128, 130, 132]",46,150,133,27,3,1,"[3, 150, 27, 1]",8.509001731872559,"clip_to_[0,288]x[0,384]_then_scale_to_[-1,1]",ok,,
wlasl:40847,40847,40847,paint,91,train,F:/DMV/Recognizing-sign-language-at-the-word-level/data/datasets/WLASL/pose/rtmw_l/wholebody_133/nslt100/train/40847.npz,F:/DMV/Recognizing-sign-language-at-the-word-level/data/datasets/WLASL/branch_inputs/skeleton/rtmw_l/selected_27/nslt100/train/40847.npz,F:/DMV/Recognizing-sign-language-at-the-word-level/data/datasets/WLASL/branch_inputs/skeleton/rtmw_l/normalized/selected_27/nslt100/train/40847.npz,F:/DMV/Recognizing-sign-language-at-the-word-level/data/datasets/WLASL/branch_inputs/skeleton/rtmw_l/graph_tensors/selected_27/nslt100/train/40847.npz,wholebody_133,selected_27,"[0, 5, 6, 7, 8, 9, 10, 93, 95, 97, 99, 101, 103, 105, 107, 109, 111, 114, 116, 118, 120, 122, 124, 126, 128, 130, 132]",71,150,133,27,3,1,"[3, 150, 27, 1]",8.509001731872559,"clip_to_[0,288]x[0,384]_then_scale_to_[-1,1]",ok,,
wlasl:41025,41025,41025,paper,92,train,F:/DMV/Recognizing-sign-language-at-the-word-level/data/datasets/WLASL/pose/rtmw_l/wholebody_133/nslt100/train/41025.npz,F:/DMV/Recognizing-sign-language-at-the-word-level/data/datasets/WLASL/branch_inputs/skeleton/rtmw_l/selected_27/nslt100/train/41025.npz,F:/DMV/Recognizing-sign-language-at-the-word-level/data/datasets/WLASL/branch_inputs/skeleton/rtmw_l/normalized/selected_27/nslt100/train/41025.npz,F:/DMV/Recognizing-sign-language-at-the-word-level/data/datasets/WLASL/branch_inputs/skeleton/rtmw_l/graph_tensors/selected_27/nslt100/train/41025.npz,wholebody_133,selected_27,"[0, 5, 6, 7, 8, 9, 10, 93, 95, 97, 99, 101, 103, 105, 107, 109, 111, 114, 116, 118, 120, 122, 124, 126, 128, 130, 132]",66,150,133,27,3,1,"[3, 150, 27, 1]",8.509001731872559,"clip_to_[0,288]x[0,384]_then_scale_to_[-1,1]",ok,,
wlasl:41026,41026,41026,paper,92,train,F:/DMV/Recognizing-sign-language-at-the-word-level/data/datasets/WLASL/pose/rtmw_l/wholebody_133/nslt100/train/41026.npz,F:/DMV/Recognizing-sign-language-at-the-word-level/data/datasets/WLASL/branch_inputs/skeleton/rtmw_l/selected_27/nslt100/train/41026.npz,F:/DMV/Recognizing-sign-language-at-the-word-level/data/datasets/WLASL/branch_inputs/skeleton/rtmw_l/normalized/selected_27/nslt100/train/41026.npz,F:/DMV/Recognizing-sign-language-at-the-word-level/data/datasets/WLASL/branch_inputs/skeleton/rtmw_l/graph_tensors/selected_27/nslt100/train/41026.npz,wholebody_133,selected_27,"[0, 5, 6, 7, 8, 9, 10, 93, 95, 97, 99, 101, 103, 105, 107, 109, 111, 114, 116, 118, 120, 122, 124, 126, 128, 130, 132]",67,150,133,27,3,1,"[3, 150, 27, 1]",8.509001731872559,"clip_to_[0,288]x[0,384]_then_scale_to_[-1,1]",ok,,
wlasl:41028,41028,41028,paper,92,train,F:/DMV/Recognizing-sign-language-at-the-word-level/data/datasets/WLASL/pose/rtmw_l/wholebody_133/nslt100/train/41028.npz,F:/DMV/Recognizing-sign-language-at-the-word-level/data/datasets/WLASL/branch_inputs/skeleton/rtmw_l/selected_27/nslt100/train/41028.npz,F:/DMV/Recognizing-sign-language-at-the-word-level/data/datasets/WLASL/branch_inputs/skeleton/rtmw_l/normalized/selected_27/nslt100/train/41028.npz,F:/DMV/Recognizing-sign-language-at-the-word-level/data/datasets/WLASL/branch_inputs/skeleton/rtmw_l/graph_tensors/selected_27/nslt100/train/41028.npz,wholebody_133,selected_27,"[0, 5, 6, 7, 8, 9, 10, 93, 95, 97, 99, 101, 103, 105, 107, 109, 111, 114, 116, 118, 120, 122, 124, 126, 128, 130, 132]",36,150,133,27,3,1,"[3, 150, 27, 1]",8.509001731872559,"clip_to_[0,288]x[0,384]_then_scale_to_[-1,1]",ok,,end_frame_clipped_to_video_end
wlasl:41029,41029,41029,paper,92,train,F:/DMV/Recognizing-sign-language-at-the-word-level/data/datasets/WLASL/pose/rtmw_l/wholebody_133/nslt100/train/41029.npz,F:/DMV/Recognizing-sign-language-at-the-word-level/data/datasets/WLASL/branch_inputs/skeleton/rtmw_l/selected_27/nslt100/train/41029.npz,F:/DMV/Recognizing-sign-language-at-the-word-level/data/datasets/WLASL/branch_inputs/skeleton/rtmw_l/normalized/selected_27/nslt100/train/41029.npz,F:/DMV/Recognizing-sign-language-at-the-word-level/data/datasets/WLASL/branch_inputs/skeleton/rtmw_l/graph_tensors/selected_27/nslt100/train/41029.npz,wholebody_133,selected_27,"[0, 5, 6, 7, 8, 9, 10, 93, 95, 97, 99, 101, 103, 105, 107, 109, 111, 114, 116, 118, 120, 122, 124, 126, 128, 130, 132]",72,150,133,27,3,1,"[3, 150, 27, 1]",8.509001731872559,"clip_to_[0,288]x[0,384]_then_scale_to_[-1,1]",ok,,
wlasl:41030,41030,41030,paper,92,train,F:/DMV/Recognizing-sign-language-at-the-word-level/data/datasets/WLASL/pose/rtmw_l/wholebody_133/nslt100/train/41030.npz,F:/DMV/Recognizing-sign-language-at-the-word-level/data/datasets/WLASL/branch_inputs/skeleton/rtmw_l/selected_27/nslt100/train/41030.npz,F:/DMV/Recognizing-sign-language-at-the-word-level/data/datasets/WLASL/branch_inputs/skeleton/rtmw_l/normalized/selected_27/nslt100/train/41030.npz,F:/DMV/Recognizing-sign-language-at-the-word-level/data/datasets/WLASL/branch_inputs/skeleton/rtmw_l/graph_tensors/selected_27/nslt100/train/41030.npz,wholebody_133,selected_27,"[0, 5, 6, 7, 8, 9, 10, 93, 95, 97, 99, 101, 103, 105, 107, 109, 111, 114, 116, 118, 120, 122, 124, 126, 128, 130, 132]",55,150,133,27,3,1,"[3, 150, 27, 1]",8.509001731872559,"clip_to_[0,288]x[0,384]_then_scale_to_[-1,1]",ok,,
wlasl:41032,41032,41032,paper,92,train,F:/DMV/Recognizing-sign-language-at-the-word-level/data/datasets/WLASL/pose/rtmw_l/wholebody_133/nslt100/train/41032.npz,F:/DMV/Recognizing-sign-language-at-the-word-level/data/datasets/WLASL/branch_inputs/skeleton/rtmw_l/selected_27/nslt100/train/41032.npz,F:/DMV/Recognizing-sign-language-at-the-word-level/data/datasets/WLASL/branch_inputs/skeleton/rtmw_l/normalized/selected_27/nslt100/train/41032.npz,F:/DMV/Recognizing-sign-language-at-the-word-level/data/datasets/WLASL/branch_inputs/skeleton/rtmw_l/graph_tensors/selected_27/nslt100/train/41032.npz,wholebody_133,selected_27,"[0, 5, 6, 7, 8, 9, 10, 93, 95, 97, 99, 101, 103, 105, 107, 109, 111, 114, 116, 118, 120, 122, 124, 126, 128, 130, 132]",38,150,133,27,3,1,"[3, 150, 27, 1]",8.509001731872559,"clip_to_[0,288]x[0,384]_then_scale_to_[-1,1]",ok,,
wlasl:41037,41037,41037,paper,92,train,F:/DMV/Recognizing-sign-language-at-the-word-level/data/datasets/WLASL/pose/rtmw_l/wholebody_133/nslt100/train/41037.npz,F:/DMV/Recognizing-sign-language-at-the-word-level/data/datasets/WLASL/branch_inputs/skeleton/rtmw_l/selected_27/nslt100/train/41037.npz,F:/DMV/Recognizing-sign-language-at-the-word-level/data/datasets/WLASL/branch_inputs/skeleton/rtmw_l/normalized/selected_27/nslt100/train/41037.npz,F:/DMV/Recognizing-sign-language-at-the-word-level/data/datasets/WLASL/branch_inputs/skeleton/rtmw_l/graph_tensors/selected_27/nslt100/train/41037.npz,wholebody_133,selected_27,"[0, 5, 6, 7, 8, 9, 10, 93, 95, 97, 99, 101, 103, 105, 107, 109, 111, 114, 116, 118, 120, 122, 124, 126, 128, 130, 132]",74,150,133,27,3,1,"[3, 150, 27, 1]",8.509001731872559,"clip_to_[0,288]x[0,384]_then_scale_to_[-1,1]",ok,,
wlasl:42829,42829,42829,pink,67,train,F:/DMV/Recognizing-sign-language-at-the-word-level/data/datasets/WLASL/pose/rtmw_l/wholebody_133/nslt100/train/42829.npz,F:/DMV/Recognizing-sign-language-at-the-word-level/data/datasets/WLASL/branch_inputs/skeleton/rtmw_l/selected_27/nslt100/train/42829.npz,F:/DMV/Recognizing-sign-language-at-the-word-level/data/datasets/WLASL/branch_inputs/skeleton/rtmw_l/normalized/selected_27/nslt100/train/42829.npz,F:/DMV/Recognizing-sign-language-at-the-word-level/data/datasets/WLASL/branch_inputs/skeleton/rtmw_l/graph_tensors/selected_27/nslt100/train/42829.npz,wholebody_133,selected_27,"[0, 5, 6, 7, 8, 9, 10, 93, 95, 97, 99, 101, 103, 105, 107, 109, 111, 114, 116, 118, 120, 122, 124, 126, 128, 130, 132]",70,150,133,27,3,1,"[3, 150, 27, 1]",8.509001731872559,"clip_to_[0,288]x[0,384]_then_scale_to_[-1,1]",ok,,
wlasl:42830,42830,42830,pink,67,train,F:/DMV/Recognizing-sign-language-at-the-word-level/data/datasets/WLASL/pose/rtmw_l/wholebody_133/nslt100/train/42830.npz,F:/DMV/Recognizing-sign-language-at-the-word-level/data/datasets/WLASL/branch_inputs/skeleton/rtmw_l/selected_27/nslt100/train/42830.npz,F:/DMV/Recognizing-sign-language-at-the-word-level/data/datasets/WLASL/branch_inputs/skeleton/rtmw_l/normalized/selected_27/nslt100/train/42830.npz,F:/DMV/Recognizing-sign-language-at-the-word-level/data/datasets/WLASL/branch_inputs/skeleton/rtmw_l/graph_tensors/selected_27/nslt100/train/42830.npz,wholebody_133,selected_27,"[0, 5, 6, 7, 8, 9, 10, 93, 95, 97, 99, 101, 103, 105, 107, 109, 111, 114, 116, 118, 120, 122, 124, 126, 128, 130, 132]",60,150,133,27,3,1,"[3, 150, 27, 1]",8.509001731872559,"clip_to_[0,288]x[0,384]_then_scale_to_[-1,1]",ok,,
wlasl:42831,42831,42831,pink,67,train,F:/DMV/Recognizing-sign-language-at-the-word-level/data/datasets/WLASL/pose/rtmw_l/wholebody_133/nslt100/train/42831.npz,F:/DMV/Recognizing-sign-language-at-the-word-level/data/datasets/WLASL/branch_inputs/skeleton/rtmw_l/selected_27/nslt100/train/42831.npz,F:/DMV/Recognizing-sign-language-at-the-word-level/data/datasets/WLASL/branch_inputs/skeleton/rtmw_l/normalized/selected_27/nslt100/train/42831.npz,F:/DMV/Recognizing-sign-language-at-the-word-level/data/datasets/WLASL/branch_inputs/skeleton/rtmw_l/graph_tensors/selected_27/nslt100/train/42831.npz,wholebody_133,selected_27,"[0, 5, 6, 7, 8, 9, 10, 93, 95, 97, 99, 101, 103, 105, 107, 109, 111, 114, 116, 118, 120, 122, 124, 126, 128, 130, 132]",40,150,133,27,3,1,"[3, 150, 27, 1]",8.509001731872559,"clip_to_[0,288]x[0,384]_then_scale_to_[-1,1]",ok,,end_frame_clipped_to_video_end
wlasl:42832,42832,42832,pink,67,train,F:/DMV/Recognizing-sign-language-at-the-word-level/data/datasets/WLASL/pose/rtmw_l/wholebody_133/nslt100/train/42832.npz,F:/DMV/Recognizing-sign-language-at-the-word-level/data/datasets/WLASL/branch_inputs/skeleton/rtmw_l/selected_27/nslt100/train/42832.npz,F:/DMV/Recognizing-sign-language-at-the-word-level/data/datasets/WLASL/branch_inputs/skeleton/rtmw_l/normalized/selected_27/nslt100/train/42832.npz,F:/DMV/Recognizing-sign-language-at-the-word-level/data/datasets/WLASL/branch_inputs/skeleton/rtmw_l/graph_tensors/selected_27/nslt100/train/42832.npz,wholebody_133,selected_27,"[0, 5, 6, 7, 8, 9, 10, 93, 95, 97, 99, 101, 103, 105, 107, 109, 111, 114, 116, 118, 120, 122, 124, 126, 128, 130, 132]",39,150,133,27,3,1,"[3, 150, 27, 1]",8.509001731872559,"clip_to_[0,288]x[0,384]_then_scale_to_[-1,1]",ok,,end_frame_clipped_to_video_end
wlasl:42836,42836,42836,pink,67,train,F:/DMV/Recognizing-sign-language-at-the-word-level/data/datasets/WLASL/pose/rtmw_l/wholebody_133/nslt100/train/42836.npz,F:/DMV/Recognizing-sign-language-at-the-word-level/data/datasets/WLASL/branch_inputs/skeleton/rtmw_l/selected_27/nslt100/train/42836.npz,F:/DMV/Recognizing-sign-language-at-the-word-level/data/datasets/WLASL/branch_inputs/skeleton/rtmw_l/normalized/selected_27/nslt100/train/42836.npz,F:/DMV/Recognizing-sign-language-at-the-word-level/data/datasets/WLASL/branch_inputs/skeleton/rtmw_l/graph_tensors/selected_27/nslt100/train/42836.npz,wholebody_133,selected_27,"[0, 5, 6, 7, 8, 9, 10, 93, 95, 97, 99, 101, 103, 105, 107, 109, 111, 114, 116, 118, 120, 122, 124, 126, 128, 130, 132]",46,150,133,27,3,1,"[3, 150, 27, 1]",8.509001731872559,"clip_to_[0,288]x[0,384]_then_scale_to_[-1,1]",ok,,
wlasl:42843,42843,42843,pink,67,train,F:/DMV/Recognizing-sign-language-at-the-word-level/data/datasets/WLASL/pose/rtmw_l/wholebody_133/nslt100/train/42843.npz,F:/DMV/Recognizing-sign-language-at-the-word-level/data/datasets/WLASL/branch_inputs/skeleton/rtmw_l/selected_27/nslt100/train/42843.npz,F:/DMV/Recognizing-sign-language-at-the-word-level/data/datasets/WLASL/branch_inputs/skeleton/rtmw_l/normalized/selected_27/nslt100/train/42843.npz,F:/DMV/Recognizing-sign-language-at-the-word-level/data/datasets/WLASL/branch_inputs/skeleton/rtmw_l/graph_tensors/selected_27/nslt100/train/42843.npz,wholebody_133,selected_27,"[0, 5, 6, 7, 8, 9, 10, 93, 95, 97, 99, 101, 103, 105, 107, 109, 111, 114, 116, 118, 120, 122, 124, 126, 128, 130, 132]",63,150,133,27,3,1,"[3, 150, 27, 1]",8.509001731872559,"clip_to_[0,288]x[0,384]_then_scale_to_[-1,1]",ok,,
wlasl:42956,42956,42956,pizza,68,train,F:/DMV/Recognizing-sign-language-at-the-word-level/data/datasets/WLASL/pose/rtmw_l/wholebody_133/nslt100/train/42956.npz,F:/DMV/Recognizing-sign-language-at-the-word-level/data/datasets/WLASL/branch_inputs/skeleton/rtmw_l/selected_27/nslt100/train/42956.npz,F:/DMV/Recognizing-sign-language-at-the-word-level/data/datasets/WLASL/branch_inputs/skeleton/rtmw_l/normalized/selected_27/nslt100/train/42956.npz,F:/DMV/Recognizing-sign-language-at-the-word-level/data/datasets/WLASL/branch_inputs/skeleton/rtmw_l/graph_tensors/selected_27/nslt100/train/42956.npz,wholebody_133,selected_27,"[0, 5, 6, 7, 8, 9, 10, 93, 95, 97, 99, 101, 103, 105, 107, 109, 111, 114, 116, 118, 120, 122, 124, 126, 128, 130, 132]",63,150,133,27,3,1,"[3, 150, 27, 1]",8.509001731872559,"clip_to_[0,288]x[0,384]_then_scale_to_[-1,1]",ok,,end_frame_clipped_to_video_end
wlasl:42958,42958,42958,pizza,68,train,F:/DMV/Recognizing-sign-language-at-the-word-level/data/datasets/WLASL/pose/rtmw_l/wholebody_133/nslt100/train/42958.npz,F:/DMV/Recognizing-sign-language-at-the-word-level/data/datasets/WLASL/branch_inputs/skeleton/rtmw_l/selected_27/nslt100/train/42958.npz,F:/DMV/Recognizing-sign-language-at-the-word-level/data/datasets/WLASL/branch_inputs/skeleton/rtmw_l/normalized/selected_27/nslt100/train/42958.npz,F:/DMV/Recognizing-sign-language-at-the-word-level/data/datasets/WLASL/branch_inputs/skeleton/rtmw_l/graph_tensors/selected_27/nslt100/train/42958.npz,wholebody_133,selected_27,"[0, 5, 6, 7, 8, 9, 10, 93, 95, 97, 99, 101, 103, 105, 107, 109, 111, 114, 116, 118, 120, 122, 124, 126, 128, 130, 132]",63,150,133,27,3,1,"[3, 150, 27, 1]",8.509001731872559,"clip_to_[0,288]x[0,384]_then_scale_to_[-1,1]",ok,,
wlasl:42959,42959,42959,pizza,68,train,F:/DMV/Recognizing-sign-language-at-the-word-level/data/datasets/WLASL/pose/rtmw_l/wholebody_133/nslt100/train/42959.npz,F:/DMV/Recognizing-sign-language-at-the-word-level/data/datasets/WLASL/branch_inputs/skeleton/rtmw_l/selected_27/nslt100/train/42959.npz,F:/DMV/Recognizing-sign-language-at-the-word-level/data/datasets/WLASL/branch_inputs/skeleton/rtmw_l/normalized/selected_27/nslt100/train/42959.npz,F:/DMV/Recognizing-sign-language-at-the-word-level/data/datasets/WLASL/branch_inputs/skeleton/rtmw_l/graph_tensors/selected_27/nslt100/train/42959.npz,wholebody_133,selected_27,"[0, 5, 6, 7, 8, 9, 10, 93, 95, 97, 99, 101, 103, 105, 107, 109, 111, 114, 116, 118, 120, 122, 124, 126, 128, 130, 132]",88,150,133,27,3,1,"[3, 150, 27, 1]",8.509001731872559,"clip_to_[0,288]x[0,384]_then_scale_to_[-1,1]",ok,,
wlasl:42961,42961,42961,pizza,68,train,F:/DMV/Recognizing-sign-language-at-the-word-level/data/datasets/WLASL/pose/rtmw_l/wholebody_133/nslt100/train/42961.npz,F:/DMV/Recognizing-sign-language-at-the-word-level/data/datasets/WLASL/branch_inputs/skeleton/rtmw_l/selected_27/nslt100/train/42961.npz,F:/DMV/Recognizing-sign-language-at-the-word-level/data/datasets/WLASL/branch_inputs/skeleton/rtmw_l/normalized/selected_27/nslt100/train/42961.npz,F:/DMV/Recognizing-sign-language-at-the-word-level/data/datasets/WLASL/branch_inputs/skeleton/rtmw_l/graph_tensors/selected_27/nslt100/train/42961.npz,wholebody_133,selected_27,"[0, 5, 6, 7, 8, 9, 10, 93, 95, 97, 99, 101, 103, 105, 107, 109, 111, 114, 116, 118, 120, 122, 124, 126, 128, 130, 132]",39,150,133,27,3,1,"[3, 150, 27, 1]",8.509001731872559,"clip_to_[0,288]x[0,384]_then_scale_to_[-1,1]",ok,,end_frame_clipped_to_video_end
wlasl:42966,42966,42966,pizza,68,train,F:/DMV/Recognizing-sign-language-at-the-word-level/data/datasets/WLASL/pose/rtmw_l/wholebody_133/nslt100/train/42966.npz,F:/DMV/Recognizing-sign-language-at-the-word-level/data/datasets/WLASL/branch_inputs/skeleton/rtmw_l/selected_27/nslt100/train/42966.npz,F:/DMV/Recognizing-sign-language-at-the-word-level/data/datasets/WLASL/branch_inputs/skeleton/rtmw_l/normalized/selected_27/nslt100/train/42966.npz,F:/DMV/Recognizing-sign-language-at-the-word-level/data/datasets/WLASL/branch_inputs/skeleton/rtmw_l/graph_tensors/selected_27/nslt100/train/42966.npz,wholebody_133,selected_27,"[0, 5, 6, 7, 8, 9, 10, 93, 95, 97, 99, 101, 103, 105, 107, 109, 111, 114, 116, 118, 120, 122, 124, 126, 128, 130, 132]",64,150,133,27,3,1,"[3, 150, 27, 1]",8.509001731872559,"clip_to_[0,288]x[0,384]_then_scale_to_[-1,1]",ok,,
wlasl:42967,42967,42967,pizza,68,train,F:/DMV/Recognizing-sign-language-at-the-word-level/data/datasets/WLASL/pose/rtmw_l/wholebody_133/nslt100/train/42967.npz,F:/DMV/Recognizing-sign-language-at-the-word-level/data/datasets/WLASL/branch_inputs/skeleton/rtmw_l/selected_27/nslt100/train/42967.npz,F:/DMV/Recognizing-sign-language-at-the-word-level/data/datasets/WLASL/branch_inputs/skeleton/rtmw_l/normalized/selected_27/nslt100/train/42967.npz,F:/DMV/Recognizing-sign-language-at-the-word-level/data/datasets/WLASL/branch_inputs/skeleton/rtmw_l/graph_tensors/selected_27/nslt100/train/42967.npz,wholebody_133,selected_27,"[0, 5, 6, 7, 8, 9, 10, 93, 95, 97, 99, 101, 103, 105, 107, 109, 111, 114, 116, 118, 120, 122, 124, 126, 128, 130, 132]",38,150,133,27,3,1,"[3, 150, 27, 1]",8.509001731872559,"clip_to_[0,288]x[0,384]_then_scale_to_[-1,1]",ok,,
wlasl:42969,42969,42969,pizza,68,train,F:/DMV/Recognizing-sign-language-at-the-word-level/data/datasets/WLASL/pose/rtmw_l/wholebody_133/nslt100/train/42969.npz,F:/DMV/Recognizing-sign-language-at-the-word-level/data/datasets/WLASL/branch_inputs/skeleton/rtmw_l/selected_27/nslt100/train/42969.npz,F:/DMV/Recognizing-sign-language-at-the-word-level/data/datasets/WLASL/branch_inputs/skeleton/rtmw_l/normalized/selected_27/nslt100/train/42969.npz,F:/DMV/Recognizing-sign-language-at-the-word-level/data/datasets/WLASL/branch_inputs/skeleton/rtmw_l/graph_tensors/selected_27/nslt100/train/42969.npz,wholebody_133,selected_27,"[0, 5, 6, 7, 8, 9, 10, 93, 95, 97, 99, 101, 103, 105, 107, 109, 111, 114, 116, 118, 120, 122, 124, 126, 128, 130, 132]",29,150,133,27,3,1,"[3, 150, 27, 1]",8.509001731872559,"clip_to_[0,288]x[0,384]_then_scale_to_[-1,1]",ok,,
wlasl:43167,43167,43167,play,69,train,F:/DMV/Recognizing-sign-language-at-the-word-level/data/datasets/WLASL/pose/rtmw_l/wholebody_133/nslt100/train/43167.npz,F:/DMV/Recognizing-sign-language-at-the-word-level/data/datasets/WLASL/branch_inputs/skeleton/rtmw_l/selected_27/nslt100/train/43167.npz,F:/DMV/Recognizing-sign-language-at-the-word-level/data/datasets/WLASL/branch_inputs/skeleton/rtmw_l/normalized/selected_27/nslt100/train/43167.npz,F:/DMV/Recognizing-sign-language-at-the-word-level/data/datasets/WLASL/branch_inputs/skeleton/rtmw_l/graph_tensors/selected_27/nslt100/train/43167.npz,wholebody_133,selected_27,"[0, 5, 6, 7, 8, 9, 10, 93, 95, 97, 99, 101, 103, 105, 107, 109, 111, 114, 116, 118, 120, 122, 124, 126, 128, 130, 132]",62,150,133,27,3,1,"[3, 150, 27, 1]",8.509001731872559,"clip_to_[0,288]x[0,384]_then_scale_to_[-1,1]",ok,,
wlasl:43168,43168,43168,play,69,train,F:/DMV/Recognizing-sign-language-at-the-word-level/data/datasets/WLASL/pose/rtmw_l/wholebody_133/nslt100/train/43168.npz,F:/DMV/Recognizing-sign-language-at-the-word-level/data/datasets/WLASL/branch_inputs/skeleton/rtmw_l/selected_27/nslt100/train/43168.npz,F:/DMV/Recognizing-sign-language-at-the-word-level/data/datasets/WLASL/branch_inputs/skeleton/rtmw_l/normalized/selected_27/nslt100/train/43168.npz,F:/DMV/Recognizing-sign-language-at-the-word-level/data/datasets/WLASL/branch_inputs/skeleton/rtmw_l/graph_tensors/selected_27/nslt100/train/43168.npz,wholebody_133,selected_27,"[0, 5, 6, 7, 8, 9, 10, 93, 95, 97, 99, 101, 103, 105, 107, 109, 111, 114, 116, 118, 120, 122, 124, 126, 128, 130, 132]",28,150,133,27,3,1,"[3, 150, 27, 1]",8.509001731872559,"clip_to_[0,288]x[0,384]_then_scale_to_[-1,1]",ok,,
wlasl:43169,43169,43169,play,69,train,F:/DMV/Recognizing-sign-language-at-the-word-level/data/datasets/WLASL/pose/rtmw_l/wholebody_133/nslt100/train/43169.npz,F:/DMV/Recognizing-sign-language-at-the-word-level/data/datasets/WLASL/branch_inputs/skeleton/rtmw_l/selected_27/nslt100/train/43169.npz,F:/DMV/Recognizing-sign-language-at-the-word-level/data/datasets/WLASL/branch_inputs/skeleton/rtmw_l/normalized/selected_27/nslt100/train/43169.npz,F:/DMV/Recognizing-sign-language-at-the-word-level/data/datasets/WLASL/branch_inputs/skeleton/rtmw_l/graph_tensors/selected_27/nslt100/train/43169.npz,wholebody_133,selected_27,"[0, 5, 6, 7, 8, 9, 10, 93, 95, 97, 99, 101, 103, 105, 107, 109, 111, 114, 116, 118, 120, 122, 124, 126, 128, 130, 132]",46,150,133,27,3,1,"[3, 150, 27, 1]",8.509001731872559,"clip_to_[0,288]x[0,384]_then_scale_to_[-1,1]",ok,,
wlasl:43170,43170,43170,play,69,train,F:/DMV/Recognizing-sign-language-at-the-word-level/data/datasets/WLASL/pose/rtmw_l/wholebody_133/nslt100/train/43170.npz,F:/DMV/Recognizing-sign-language-at-the-word-level/data/datasets/WLASL/branch_inputs/skeleton/rtmw_l/selected_27/nslt100/train/43170.npz,F:/DMV/Recognizing-sign-language-at-the-word-level/data/datasets/WLASL/branch_inputs/skeleton/rtmw_l/normalized/selected_27/nslt100/train/43170.npz,F:/DMV/Recognizing-sign-language-at-the-word-level/data/datasets/WLASL/branch_inputs/skeleton/rtmw_l/graph_tensors/selected_27/nslt100/train/43170.npz,wholebody_133,selected_27,"[0, 5, 6, 7, 8, 9, 10, 93, 95, 97, 99, 101, 103, 105, 107, 109, 111, 114, 116, 118, 120, 122, 124, 126, 128, 130, 132]",75,150,133,27,3,1,"[3, 150, 27, 1]",8.509001731872559,"clip_to_[0,288]x[0,384]_then_scale_to_[-1,1]",ok,,
wlasl:43173,43173,43173,play,69,train,F:/DMV/Recognizing-sign-language-at-the-word-level/data/datasets/WLASL/pose/rtmw_l/wholebody_133/nslt100/train/43173.npz,F:/DMV/Recognizing-sign-language-at-the-word-level/data/datasets/WLASL/branch_inputs/skeleton/rtmw_l/selected_27/nslt100/train/43173.npz,F:/DMV/Recognizing-sign-language-at-the-word-level/data/datasets/WLASL/branch_inputs/skeleton/rtmw_l/normalized/selected_27/nslt100/train/43173.npz,F:/DMV/Recognizing-sign-language-at-the-word-level/data/datasets/WLASL/branch_inputs/skeleton/rtmw_l/graph_tensors/selected_27/nslt100/train/43173.npz,wholebody_133,selected_27,"[0, 5, 6, 7, 8, 9, 10, 93, 95, 97, 99, 101, 103, 105, 107, 109, 111, 114, 116, 118, 120, 122, 124, 126, 128, 130, 132]",38,150,133,27,3,1,"[3, 150, 27, 1]",8.509001731872559,"clip_to_[0,288]x[0,384]_then_scale_to_[-1,1]",ok,,
wlasl:43174,43174,43174,play,69,train,F:/DMV/Recognizing-sign-language-at-the-word-level/data/datasets/WLASL/pose/rtmw_l/wholebody_133/nslt100/train/43174.npz,F:/DMV/Recognizing-sign-language-at-the-word-level/data/datasets/WLASL/branch_inputs/skeleton/rtmw_l/selected_27/nslt100/train/43174.npz,F:/DMV/Recognizing-sign-language-at-the-word-level/data/datasets/WLASL/branch_inputs/skeleton/rtmw_l/normalized/selected_27/nslt100/train/43174.npz,F:/DMV/Recognizing-sign-language-at-the-word-level/data/datasets/WLASL/branch_inputs/skeleton/rtmw_l/graph_tensors/selected_27/nslt100/train/43174.npz,wholebody_133,selected_27,"[0, 5, 6, 7, 8, 9, 10, 93, 95, 97, 99, 101, 103, 105, 107, 109, 111, 114, 116, 118, 120, 122, 124, 126, 128, 130, 132]",74,150,133,27,3,1,"[3, 150, 27, 1]",8.509001731872559,"clip_to_[0,288]x[0,384]_then_scale_to_[-1,1]",ok,,
wlasl:43179,43179,43179,play,69,train,F:/DMV/Recognizing-sign-language-at-the-word-level/data/datasets/WLASL/pose/rtmw_l/wholebody_133/nslt100/train/43179.npz,F:/DMV/Recognizing-sign-language-at-the-word-level/data/datasets/WLASL/branch_inputs/skeleton/rtmw_l/selected_27/nslt100/train/43179.npz,F:/DMV/Recognizing-sign-language-at-the-word-level/data/datasets/WLASL/branch_inputs/skeleton/rtmw_l/normalized/selected_27/nslt100/train/43179.npz,F:/DMV/Recognizing-sign-language-at-the-word-level/data/datasets/WLASL/branch_inputs/skeleton/rtmw_l/graph_tensors/selected_27/nslt100/train/43179.npz,wholebody_133,selected_27,"[0, 5, 6, 7, 8, 9, 10, 93, 95, 97, 99, 101, 103, 105, 107, 109, 111, 114, 116, 118, 120, 122, 124, 126, 128, 130, 132]",67,150,133,27,3,1,"[3, 150, 27, 1]",8.509001731872559,"clip_to_[0,288]x[0,384]_then_scale_to_[-1,1]",ok,,
wlasl:43180,43180,43180,play,69,train,F:/DMV/Recognizing-sign-language-at-the-word-level/data/datasets/WLASL/pose/rtmw_l/wholebody_133/nslt100/train/43180.npz,F:/DMV/Recognizing-sign-language-at-the-word-level/data/datasets/WLASL/branch_inputs/skeleton/rtmw_l/selected_27/nslt100/train/43180.npz,F:/DMV/Recognizing-sign-language-at-the-word-level/data/datasets/WLASL/branch_inputs/skeleton/rtmw_l/normalized/selected_27/nslt100/train/43180.npz,F:/DMV/Recognizing-sign-language-at-the-word-level/data/datasets/WLASL/branch_inputs/skeleton/rtmw_l/graph_tensors/selected_27/nslt100/train/43180.npz,wholebody_133,selected_27,"[0, 5, 6, 7, 8, 9, 10, 93, 95, 97, 99, 101, 103, 105, 107, 109, 111, 114, 116, 118, 120, 122, 124, 126, 128, 130, 132]",68,150,133,27,3,1,"[3, 150, 27, 1]",8.509001731872559,"clip_to_[0,288]x[0,384]_then_scale_to_[-1,1]",ok,,
wlasl:45261,45261,45261,pull,93,train,F:/DMV/Recognizing-sign-language-at-the-word-level/data/datasets/WLASL/pose/rtmw_l/wholebody_133/nslt100/train/45261.npz,F:/DMV/Recognizing-sign-language-at-the-word-level/data/datasets/WLASL/branch_inputs/skeleton/rtmw_l/selected_27/nslt100/train/45261.npz,F:/DMV/Recognizing-sign-language-at-the-word-level/data/datasets/WLASL/branch_inputs/skeleton/rtmw_l/normalized/selected_27/nslt100/train/45261.npz,F:/DMV/Recognizing-sign-language-at-the-word-level/data/datasets/WLASL/branch_inputs/skeleton/rtmw_l/graph_tensors/selected_27/nslt100/train/45261.npz,wholebody_133,selected_27,"[0, 5, 6, 7, 8, 9, 10, 93, 95, 97, 99, 101, 103, 105, 107, 109, 111, 114, 116, 118, 120, 122, 124, 126, 128, 130, 132]",67,150,133,27,3,1,"[3, 150, 27, 1]",8.509001731872559,"clip_to_[0,288]x[0,384]_then_scale_to_[-1,1]",ok,,
wlasl:45263,45263,45263,pull,93,train,F:/DMV/Recognizing-sign-language-at-the-word-level/data/datasets/WLASL/pose/rtmw_l/wholebody_133/nslt100/train/45263.npz,F:/DMV/Recognizing-sign-language-at-the-word-level/data/datasets/WLASL/branch_inputs/skeleton/rtmw_l/selected_27/nslt100/train/45263.npz,F:/DMV/Recognizing-sign-language-at-the-word-level/data/datasets/WLASL/branch_inputs/skeleton/rtmw_l/normalized/selected_27/nslt100/train/45263.npz,F:/DMV/Recognizing-sign-language-at-the-word-level/data/datasets/WLASL/branch_inputs/skeleton/rtmw_l/graph_tensors/selected_27/nslt100/train/45263.npz,wholebody_133,selected_27,"[0, 5, 6, 7, 8, 9, 10, 93, 95, 97, 99, 101, 103, 105, 107, 109, 111, 114, 116, 118, 120, 122, 124, 126, 128, 130, 132]",32,150,133,27,3,1,"[3, 150, 27, 1]",8.509001731872559,"clip_to_[0,288]x[0,384]_then_scale_to_[-1,1]",ok,,end_frame_clipped_to_video_end
wlasl:45264,45264,45264,pull,93,train,F:/DMV/Recognizing-sign-language-at-the-word-level/data/datasets/WLASL/pose/rtmw_l/wholebody_133/nslt100/train/45264.npz,F:/DMV/Recognizing-sign-language-at-the-word-level/data/datasets/WLASL/branch_inputs/skeleton/rtmw_l/selected_27/nslt100/train/45264.npz,F:/DMV/Recognizing-sign-language-at-the-word-level/data/datasets/WLASL/branch_inputs/skeleton/rtmw_l/normalized/selected_27/nslt100/train/45264.npz,F:/DMV/Recognizing-sign-language-at-the-word-level/data/datasets/WLASL/branch_inputs/skeleton/rtmw_l/graph_tensors/selected_27/nslt100/train/45264.npz,wholebody_133,selected_27,"[0, 5, 6, 7, 8, 9, 10, 93, 95, 97, 99, 101, 103, 105, 107, 109, 111, 114, 116, 118, 120, 122, 124, 126, 128, 130, 132]",39,150,133,27,3,1,"[3, 150, 27, 1]",8.509001731872559,"clip_to_[0,288]x[0,384]_then_scale_to_[-1,1]",ok,,end_frame_clipped_to_video_end
wlasl:45265,45265,45265,pull,93,train,F:/DMV/Recognizing-sign-language-at-the-word-level/data/datasets/WLASL/pose/rtmw_l/wholebody_133/nslt100/train/45265.npz,F:/DMV/Recognizing-sign-language-at-the-word-level/data/datasets/WLASL/branch_inputs/skeleton/rtmw_l/selected_27/nslt100/train/45265.npz,F:/DMV/Recognizing-sign-language-at-the-word-level/data/datasets/WLASL/branch_inputs/skeleton/rtmw_l/normalized/selected_27/nslt100/train/45265.npz,F:/DMV/Recognizing-sign-language-at-the-word-level/data/datasets/WLASL/branch_inputs/skeleton/rtmw_l/graph_tensors/selected_27/nslt100/train/45265.npz,wholebody_133,selected_27,"[0, 5, 6, 7, 8, 9, 10, 93, 95, 97, 99, 101, 103, 105, 107, 109, 111, 114, 116, 118, 120, 122, 124, 126, 128, 130, 132]",73,150,133,27,3,1,"[3, 150, 27, 1]",8.509001731872559,"clip_to_[0,288]x[0,384]_then_scale_to_[-1,1]",ok,,
wlasl:45273,45273,45273,pull,93,train,F:/DMV/Recognizing-sign-language-at-the-word-level/data/datasets/WLASL/pose/rtmw_l/wholebody_133/nslt100/train/45273.npz,F:/DMV/Recognizing-sign-language-at-the-word-level/data/datasets/WLASL/branch_inputs/skeleton/rtmw_l/selected_27/nslt100/train/45273.npz,F:/DMV/Recognizing-sign-language-at-the-word-level/data/datasets/WLASL/branch_inputs/skeleton/rtmw_l/normalized/selected_27/nslt100/train/45273.npz,F:/DMV/Recognizing-sign-language-at-the-word-level/data/datasets/WLASL/branch_inputs/skeleton/rtmw_l/graph_tensors/selected_27/nslt100/train/45273.npz,wholebody_133,selected_27,"[0, 5, 6, 7, 8, 9, 10, 93, 95, 97, 99, 101, 103, 105, 107, 109, 111, 114, 116, 118, 120, 122, 124, 126, 128, 130, 132]",74,150,133,27,3,1,"[3, 150, 27, 1]",8.509001731872559,"clip_to_[0,288]x[0,384]_then_scale_to_[-1,1]",ok,,
wlasl:45433,45433,45433,purple,94,train,F:/DMV/Recognizing-sign-language-at-the-word-level/data/datasets/WLASL/pose/rtmw_l/wholebody_133/nslt100/train/45433.npz,F:/DMV/Recognizing-sign-language-at-the-word-level/data/datasets/WLASL/branch_inputs/skeleton/rtmw_l/selected_27/nslt100/train/45433.npz,F:/DMV/Recognizing-sign-language-at-the-word-level/data/datasets/WLASL/branch_inputs/skeleton/rtmw_l/normalized/selected_27/nslt100/train/45433.npz,F:/DMV/Recognizing-sign-language-at-the-word-level/data/datasets/WLASL/branch_inputs/skeleton/rtmw_l/graph_tensors/selected_27/nslt100/train/45433.npz,wholebody_133,selected_27,"[0, 5, 6, 7, 8, 9, 10, 93, 95, 97, 99, 101, 103, 105, 107, 109, 111, 114, 116, 118, 120, 122, 124, 126, 128, 130, 132]",79,150,133,27,3,1,"[3, 150, 27, 1]",8.509001731872559,"clip_to_[0,288]x[0,384]_then_scale_to_[-1,1]",ok,,
wlasl:45434,45434,45434,purple,94,train,F:/DMV/Recognizing-sign-language-at-the-word-level/data/datasets/WLASL/pose/rtmw_l/wholebody_133/nslt100/train/45434.npz,F:/DMV/Recognizing-sign-language-at-the-word-level/data/datasets/WLASL/branch_inputs/skeleton/rtmw_l/selected_27/nslt100/train/45434.npz,F:/DMV/Recognizing-sign-language-at-the-word-level/data/datasets/WLASL/branch_inputs/skeleton/rtmw_l/normalized/selected_27/nslt100/train/45434.npz,F:/DMV/Recognizing-sign-language-at-the-word-level/data/datasets/WLASL/branch_inputs/skeleton/rtmw_l/graph_tensors/selected_27/nslt100/train/45434.npz,wholebody_133,selected_27,"[0, 5, 6, 7, 8, 9, 10, 93, 95, 97, 99, 101, 103, 105, 107, 109, 111, 114, 116, 118, 120, 122, 124, 126, 128, 130, 132]",66,150,133,27,3,1,"[3, 150, 27, 1]",8.509001731872559,"clip_to_[0,288]x[0,384]_then_scale_to_[-1,1]",ok,,
wlasl:45436,45436,45436,purple,94,train,F:/DMV/Recognizing-sign-language-at-the-word-level/data/datasets/WLASL/pose/rtmw_l/wholebody_133/nslt100/train/45436.npz,F:/DMV/Recognizing-sign-language-at-the-word-level/data/datasets/WLASL/branch_inputs/skeleton/rtmw_l/selected_27/nslt100/train/45436.npz,F:/DMV/Recognizing-sign-language-at-the-word-level/data/datasets/WLASL/branch_inputs/skeleton/rtmw_l/normalized/selected_27/nslt100/train/45436.npz,F:/DMV/Recognizing-sign-language-at-the-word-level/data/datasets/WLASL/branch_inputs/skeleton/rtmw_l/graph_tensors/selected_27/nslt100/train/45436.npz,wholebody_133,selected_27,"[0, 5, 6, 7, 8, 9, 10, 93, 95, 97, 99, 101, 103, 105, 107, 109, 111, 114, 116, 118, 120, 122, 124, 126, 128, 130, 132]",78,150,133,27,3,1,"[3, 150, 27, 1]",8.509001731872559,"clip_to_[0,288]x[0,384]_then_scale_to_[-1,1]",ok,,
wlasl:45443,45443,45443,purple,94,train,F:/DMV/Recognizing-sign-language-at-the-word-level/data/datasets/WLASL/pose/rtmw_l/wholebody_133/nslt100/train/45443.npz,F:/DMV/Recognizing-sign-language-at-the-word-level/data/datasets/WLASL/branch_inputs/skeleton/rtmw_l/selected_27/nslt100/train/45443.npz,F:/DMV/Recognizing-sign-language-at-the-word-level/data/datasets/WLASL/branch_inputs/skeleton/rtmw_l/normalized/selected_27/nslt100/train/45443.npz,F:/DMV/Recognizing-sign-language-at-the-word-level/data/datasets/WLASL/branch_inputs/skeleton/rtmw_l/graph_tensors/selected_27/nslt100/train/45443.npz,wholebody_133,selected_27,"[0, 5, 6, 7, 8, 9, 10, 93, 95, 97, 99, 101, 103, 105, 107, 109, 111, 114, 116, 118, 120, 122, 124, 126, 128, 130, 132]",66,150,133,27,3,1,"[3, 150, 27, 1]",8.509001731872559,"clip_to_[0,288]x[0,384]_then_scale_to_[-1,1]",ok,,
wlasl:48105,48105,48105,right,95,train,F:/DMV/Recognizing-sign-language-at-the-word-level/data/datasets/WLASL/pose/rtmw_l/wholebody_133/nslt100/train/48105.npz,F:/DMV/Recognizing-sign-language-at-the-word-level/data/datasets/WLASL/branch_inputs/skeleton/rtmw_l/selected_27/nslt100/train/48105.npz,F:/DMV/Recognizing-sign-language-at-the-word-level/data/datasets/WLASL/branch_inputs/skeleton/rtmw_l/normalized/selected_27/nslt100/train/48105.npz,F:/DMV/Recognizing-sign-language-at-the-word-level/data/datasets/WLASL/branch_inputs/skeleton/rtmw_l/graph_tensors/selected_27/nslt100/train/48105.npz,wholebody_133,selected_27,"[0, 5, 6, 7, 8, 9, 10, 93, 95, 97, 99, 101, 103, 105, 107, 109, 111, 114, 116, 118, 120, 122, 124, 126, 128, 130, 132]",71,150,133,27,3,1,"[3, 150, 27, 1]",8.509001731872559,"clip_to_[0,288]x[0,384]_then_scale_to_[-1,1]",ok,,
wlasl:48106,48106,48106,right,95,train,F:/DMV/Recognizing-sign-language-at-the-word-level/data/datasets/WLASL/pose/rtmw_l/wholebody_133/nslt100/train/48106.npz,F:/DMV/Recognizing-sign-language-at-the-word-level/data/datasets/WLASL/branch_inputs/skeleton/rtmw_l/selected_27/nslt100/train/48106.npz,F:/DMV/Recognizing-sign-language-at-the-word-level/data/datasets/WLASL/branch_inputs/skeleton/rtmw_l/normalized/selected_27/nslt100/train/48106.npz,F:/DMV/Recognizing-sign-language-at-the-word-level/data/datasets/WLASL/branch_inputs/skeleton/rtmw_l/graph_tensors/selected_27/nslt100/train/48106.npz,wholebody_133,selected_27,"[0, 5, 6, 7, 8, 9, 10, 93, 95, 97, 99, 101, 103, 105, 107, 109, 111, 114, 116, 118, 120, 122, 124, 126, 128, 130, 132]",29,150,133,27,3,1,"[3, 150, 27, 1]",8.509001731872559,"clip_to_[0,288]x[0,384]_then_scale_to_[-1,1]",ok,,end_frame_clipped_to_video_end
wlasl:48107,48107,48107,right,95,train,F:/DMV/Recognizing-sign-language-at-the-word-level/data/datasets/WLASL/pose/rtmw_l/wholebody_133/nslt100/train/48107.npz,F:/DMV/Recognizing-sign-language-at-the-word-level/data/datasets/WLASL/branch_inputs/skeleton/rtmw_l/selected_27/nslt100/train/48107.npz,F:/DMV/Recognizing-sign-language-at-the-word-level/data/datasets/WLASL/branch_inputs/skeleton/rtmw_l/normalized/selected_27/nslt100/train/48107.npz,F:/DMV/Recognizing-sign-language-at-the-word-level/data/datasets/WLASL/branch_inputs/skeleton/rtmw_l/graph_tensors/selected_27/nslt100/train/48107.npz,wholebody_133,selected_27,"[0, 5, 6, 7, 8, 9, 10, 93, 95, 97, 99, 101, 103, 105, 107, 109, 111, 114, 116, 118, 120, 122, 124, 126, 128, 130, 132]",33,150,133,27,3,1,"[3, 150, 27, 1]",8.509001731872559,"clip_to_[0,288]x[0,384]_then_scale_to_[-1,1]",ok,,end_frame_clipped_to_video_end
wlasl:48109,48109,48109,right,95,train,F:/DMV/Recognizing-sign-language-at-the-word-level/data/datasets/WLASL/pose/rtmw_l/wholebody_133/nslt100/train/48109.npz,F:/DMV/Recognizing-sign-language-at-the-word-level/data/datasets/WLASL/branch_inputs/skeleton/rtmw_l/selected_27/nslt100/train/48109.npz,F:/DMV/Recognizing-sign-language-at-the-word-level/data/datasets/WLASL/branch_inputs/skeleton/rtmw_l/normalized/selected_27/nslt100/train/48109.npz,F:/DMV/Recognizing-sign-language-at-the-word-level/data/datasets/WLASL/branch_inputs/skeleton/rtmw_l/graph_tensors/selected_27/nslt100/train/48109.npz,wholebody_133,selected_27,"[0, 5, 6, 7, 8, 9, 10, 93, 95, 97, 99, 101, 103, 105, 107, 109, 111, 114, 116, 118, 120, 122, 124, 126, 128, 130, 132]",66,150,133,27,3,1,"[3, 150, 27, 1]",8.509001731872559,"clip_to_[0,288]x[0,384]_then_scale_to_[-1,1]",ok,,
wlasl:48114,48114,48114,right,95,train,F:/DMV/Recognizing-sign-language-at-the-word-level/data/datasets/WLASL/pose/rtmw_l/wholebody_133/nslt100/train/48114.npz,F:/DMV/Recognizing-sign-language-at-the-word-level/data/datasets/WLASL/branch_inputs/skeleton/rtmw_l/selected_27/nslt100/train/48114.npz,F:/DMV/Recognizing-sign-language-at-the-word-level/data/datasets/WLASL/branch_inputs/skeleton/rtmw_l/normalized/selected_27/nslt100/train/48114.npz,F:/DMV/Recognizing-sign-language-at-the-word-level/data/datasets/WLASL/branch_inputs/skeleton/rtmw_l/graph_tensors/selected_27/nslt100/train/48114.npz,wholebody_133,selected_27,"[0, 5, 6, 7, 8, 9, 10, 93, 95, 97, 99, 101, 103, 105, 107, 109, 111, 114, 116, 118, 120, 122, 124, 126, 128, 130, 132]",43,150,133,27,3,1,"[3, 150, 27, 1]",8.509001731872559,"clip_to_[0,288]x[0,384]_then_scale_to_[-1,1]",ok,,
wlasl:49174,49174,49174,same,96,train,F:/DMV/Recognizing-sign-language-at-the-word-level/data/datasets/WLASL/pose/rtmw_l/wholebody_133/nslt100/train/49174.npz,F:/DMV/Recognizing-sign-language-at-the-word-level/data/datasets/WLASL/branch_inputs/skeleton/rtmw_l/selected_27/nslt100/train/49174.npz,F:/DMV/Recognizing-sign-language-at-the-word-level/data/datasets/WLASL/branch_inputs/skeleton/rtmw_l/normalized/selected_27/nslt100/train/49174.npz,F:/DMV/Recognizing-sign-language-at-the-word-level/data/datasets/WLASL/branch_inputs/skeleton/rtmw_l/graph_tensors/selected_27/nslt100/train/49174.npz,wholebody_133,selected_27,"[0, 5, 6, 7, 8, 9, 10, 93, 95, 97, 99, 101, 103, 105, 107, 109, 111, 114, 116, 118, 120, 122, 124, 126, 128, 130, 132]",32,150,133,27,3,1,"[3, 150, 27, 1]",8.509001731872559,"clip_to_[0,288]x[0,384]_then_scale_to_[-1,1]",ok,,
wlasl:49175,49175,49175,same,96,train,F:/DMV/Recognizing-sign-language-at-the-word-level/data/datasets/WLASL/pose/rtmw_l/wholebody_133/nslt100/train/49175.npz,F:/DMV/Recognizing-sign-language-at-the-word-level/data/datasets/WLASL/branch_inputs/skeleton/rtmw_l/selected_27/nslt100/train/49175.npz,F:/DMV/Recognizing-sign-language-at-the-word-level/data/datasets/WLASL/branch_inputs/skeleton/rtmw_l/normalized/selected_27/nslt100/train/49175.npz,F:/DMV/Recognizing-sign-language-at-the-word-level/data/datasets/WLASL/branch_inputs/skeleton/rtmw_l/graph_tensors/selected_27/nslt100/train/49175.npz,wholebody_133,selected_27,"[0, 5, 6, 7, 8, 9, 10, 93, 95, 97, 99, 101, 103, 105, 107, 109, 111, 114, 116, 118, 120, 122, 124, 126, 128, 130, 132]",36,150,133,27,3,1,"[3, 150, 27, 1]",8.509001731872559,"clip_to_[0,288]x[0,384]_then_scale_to_[-1,1]",ok,,end_frame_clipped_to_video_end
wlasl:49178,49178,49178,same,96,train,F:/DMV/Recognizing-sign-language-at-the-word-level/data/datasets/WLASL/pose/rtmw_l/wholebody_133/nslt100/train/49178.npz,F:/DMV/Recognizing-sign-language-at-the-word-level/data/datasets/WLASL/branch_inputs/skeleton/rtmw_l/selected_27/nslt100/train/49178.npz,F:/DMV/Recognizing-sign-language-at-the-word-level/data/datasets/WLASL/branch_inputs/skeleton/rtmw_l/normalized/selected_27/nslt100/train/49178.npz,F:/DMV/Recognizing-sign-language-at-the-word-level/data/datasets/WLASL/branch_inputs/skeleton/rtmw_l/graph_tensors/selected_27/nslt100/train/49178.npz,wholebody_133,selected_27,"[0, 5, 6, 7, 8, 9, 10, 93, 95, 97, 99, 101, 103, 105, 107, 109, 111, 114, 116, 118, 120, 122, 124, 126, 128, 130, 132]",74,150,133,27,3,1,"[3, 150, 27, 1]",8.509001731872559,"clip_to_[0,288]x[0,384]_then_scale_to_[-1,1]",ok,,
wlasl:49181,49181,49181,same,96,train,F:/DMV/Recognizing-sign-language-at-the-word-level/data/datasets/WLASL/pose/rtmw_l/wholebody_133/nslt100/train/49181.npz,F:/DMV/Recognizing-sign-language-at-the-word-level/data/datasets/WLASL/branch_inputs/skeleton/rtmw_l/selected_27/nslt100/train/49181.npz,F:/DMV/Recognizing-sign-language-at-the-word-level/data/datasets/WLASL/branch_inputs/skeleton/rtmw_l/normalized/selected_27/nslt100/train/49181.npz,F:/DMV/Recognizing-sign-language-at-the-word-level/data/datasets/WLASL/branch_inputs/skeleton/rtmw_l/graph_tensors/selected_27/nslt100/train/49181.npz,wholebody_133,selected_27,"[0, 5, 6, 7, 8, 9, 10, 93, 95, 97, 99, 101, 103, 105, 107, 109, 111, 114, 116, 118, 120, 122, 124, 126, 128, 130, 132]",32,150,133,27,3,1,"[3, 150, 27, 1]",8.509001731872559,"clip_to_[0,288]x[0,384]_then_scale_to_[-1,1]",ok,,
wlasl:49183,49183,49183,same,96,train,F:/DMV/Recognizing-sign-language-at-the-word-level/data/datasets/WLASL/pose/rtmw_l/wholebody_133/nslt100/train/49183.npz,F:/DMV/Recognizing-sign-language-at-the-word-level/data/datasets/WLASL/branch_inputs/skeleton/rtmw_l/selected_27/nslt100/train/49183.npz,F:/DMV/Recognizing-sign-language-at-the-word-level/data/datasets/WLASL/branch_inputs/skeleton/rtmw_l/normalized/selected_27/nslt100/train/49183.npz,F:/DMV/Recognizing-sign-language-at-the-word-level/data/datasets/WLASL/branch_inputs/skeleton/rtmw_l/graph_tensors/selected_27/nslt100/train/49183.npz,wholebody_133,selected_27,"[0, 5, 6, 7, 8, 9, 10, 93, 95, 97, 99, 101, 103, 105, 107, 109, 111, 114, 116, 118, 120, 122, 124, 126, 128, 130, 132]",44,150,133,27,3,1,"[3, 150, 27, 1]",8.509001731872559,"clip_to_[0,288]x[0,384]_then_scale_to_[-1,1]",ok,,
wlasl:49188,49188,49188,same,96,train,F:/DMV/Recognizing-sign-language-at-the-word-level/data/datasets/WLASL/pose/rtmw_l/wholebody_133/nslt100/train/49188.npz,F:/DMV/Recognizing-sign-language-at-the-word-level/data/datasets/WLASL/branch_inputs/skeleton/rtmw_l/selected_27/nslt100/train/49188.npz,F:/DMV/Recognizing-sign-language-at-the-word-level/data/datasets/WLASL/branch_inputs/skeleton/rtmw_l/normalized/selected_27/nslt100/train/49188.npz,F:/DMV/Recognizing-sign-language-at-the-word-level/data/datasets/WLASL/branch_inputs/skeleton/rtmw_l/graph_tensors/selected_27/nslt100/train/49188.npz,wholebody_133,selected_27,"[0, 5, 6, 7, 8, 9, 10, 93, 95, 97, 99, 101, 103, 105, 107, 109, 111, 114, 116, 118, 120, 122, 124, 126, 128, 130, 132]",68,150,133,27,3,1,"[3, 150, 27, 1]",8.509001731872559,"clip_to_[0,288]x[0,384]_then_scale_to_[-1,1]",ok,,
wlasl:49595,49595,49595,school,70,train,F:/DMV/Recognizing-sign-language-at-the-word-level/data/datasets/WLASL/pose/rtmw_l/wholebody_133/nslt100/train/49595.npz,F:/DMV/Recognizing-sign-language-at-the-word-level/data/datasets/WLASL/branch_inputs/skeleton/rtmw_l/selected_27/nslt100/train/49595.npz,F:/DMV/Recognizing-sign-language-at-the-word-level/data/datasets/WLASL/branch_inputs/skeleton/rtmw_l/normalized/selected_27/nslt100/train/49595.npz,F:/DMV/Recognizing-sign-language-at-the-word-level/data/datasets/WLASL/branch_inputs/skeleton/rtmw_l/graph_tensors/selected_27/nslt100/train/49595.npz,wholebody_133,selected_27,"[0, 5, 6, 7, 8, 9, 10, 93, 95, 97, 99, 101, 103, 105, 107, 109, 111, 114, 116, 118, 120, 122, 124, 126, 128, 130, 132]",81,150,133,27,3,1,"[3, 150, 27, 1]",8.509001731872559,"clip_to_[0,288]x[0,384]_then_scale_to_[-1,1]",ok,,
wlasl:49596,49596,49596,school,70,train,F:/DMV/Recognizing-sign-language-at-the-word-level/data/datasets/WLASL/pose/rtmw_l/wholebody_133/nslt100/train/49596.npz,F:/DMV/Recognizing-sign-language-at-the-word-level/data/datasets/WLASL/branch_inputs/skeleton/rtmw_l/selected_27/nslt100/train/49596.npz,F:/DMV/Recognizing-sign-language-at-the-word-level/data/datasets/WLASL/branch_inputs/skeleton/rtmw_l/normalized/selected_27/nslt100/train/49596.npz,F:/DMV/Recognizing-sign-language-at-the-word-level/data/datasets/WLASL/branch_inputs/skeleton/rtmw_l/graph_tensors/selected_27/nslt100/train/49596.npz,wholebody_133,selected_27,"[0, 5, 6, 7, 8, 9, 10, 93, 95, 97, 99, 101, 103, 105, 107, 109, 111, 114, 116, 118, 120, 122, 124, 126, 128, 130, 132]",58,150,133,27,3,1,"[3, 150, 27, 1]",8.509001731872559,"clip_to_[0,288]x[0,384]_then_scale_to_[-1,1]",ok,,
wlasl:49597,49597,49597,school,70,train,F:/DMV/Recognizing-sign-language-at-the-word-level/data/datasets/WLASL/pose/rtmw_l/wholebody_133/nslt100/train/49597.npz,F:/DMV/Recognizing-sign-language-at-the-word-level/data/datasets/WLASL/branch_inputs/skeleton/rtmw_l/selected_27/nslt100/train/49597.npz,F:/DMV/Recognizing-sign-language-at-the-word-level/data/datasets/WLASL/branch_inputs/skeleton/rtmw_l/normalized/selected_27/nslt100/train/49597.npz,F:/DMV/Recognizing-sign-language-at-the-word-level/data/datasets/WLASL/branch_inputs/skeleton/rtmw_l/graph_tensors/selected_27/nslt100/train/49597.npz,wholebody_133,selected_27,"[0, 5, 6, 7, 8, 9, 10, 93, 95, 97, 99, 101, 103, 105, 107, 109, 111, 114, 116, 118, 120, 122, 124, 126, 128, 130, 132]",33,150,133,27,3,1,"[3, 150, 27, 1]",8.509001731872559,"clip_to_[0,288]x[0,384]_then_scale_to_[-1,1]",ok,,end_frame_clipped_to_video_end
wlasl:49598,49598,49598,school,70,train,F:/DMV/Recognizing-sign-language-at-the-word-level/data/datasets/WLASL/pose/rtmw_l/wholebody_133/nslt100/train/49598.npz,F:/DMV/Recognizing-sign-language-at-the-word-level/data/datasets/WLASL/branch_inputs/skeleton/rtmw_l/selected_27/nslt100/train/49598.npz,F:/DMV/Recognizing-sign-language-at-the-word-level/data/datasets/WLASL/branch_inputs/skeleton/rtmw_l/normalized/selected_27/nslt100/train/49598.npz,F:/DMV/Recognizing-sign-language-at-the-word-level/data/datasets/WLASL/branch_inputs/skeleton/rtmw_l/graph_tensors/selected_27/nslt100/train/49598.npz,wholebody_133,selected_27,"[0, 5, 6, 7, 8, 9, 10, 93, 95, 97, 99, 101, 103, 105, 107, 109, 111, 114, 116, 118, 120, 122, 124, 126, 128, 130, 132]",48,150,133,27,3,1,"[3, 150, 27, 1]",8.509001731872559,"clip_to_[0,288]x[0,384]_then_scale_to_[-1,1]",ok,,
wlasl:49599,49599,49599,school,70,train,F:/DMV/Recognizing-sign-language-at-the-word-level/data/datasets/WLASL/pose/rtmw_l/wholebody_133/nslt100/train/49599.npz,F:/DMV/Recognizing-sign-language-at-the-word-level/data/datasets/WLASL/branch_inputs/skeleton/rtmw_l/selected_27/nslt100/train/49599.npz,F:/DMV/Recognizing-sign-language-at-the-word-level/data/datasets/WLASL/branch_inputs/skeleton/rtmw_l/normalized/selected_27/nslt100/train/49599.npz,F:/DMV/Recognizing-sign-language-at-the-word-level/data/datasets/WLASL/branch_inputs/skeleton/rtmw_l/graph_tensors/selected_27/nslt100/train/49599.npz,wholebody_133,selected_27,"[0, 5, 6, 7, 8, 9, 10, 93, 95, 97, 99, 101, 103, 105, 107, 109, 111, 114, 116, 118, 120, 122, 124, 126, 128, 130, 132]",73,150,133,27,3,1,"[3, 150, 27, 1]",8.509001731872559,"clip_to_[0,288]x[0,384]_then_scale_to_[-1,1]",ok,,
wlasl:49600,49600,49600,school,70,train,F:/DMV/Recognizing-sign-language-at-the-word-level/data/datasets/WLASL/pose/rtmw_l/wholebody_133/nslt100/train/49600.npz,F:/DMV/Recognizing-sign-language-at-the-word-level/data/datasets/WLASL/branch_inputs/skeleton/rtmw_l/selected_27/nslt100/train/49600.npz,F:/DMV/Recognizing-sign-language-at-the-word-level/data/datasets/WLASL/branch_inputs/skeleton/rtmw_l/normalized/selected_27/nslt100/train/49600.npz,F:/DMV/Recognizing-sign-language-at-the-word-level/data/datasets/WLASL/branch_inputs/skeleton/rtmw_l/graph_tensors/selected_27/nslt100/train/49600.npz,wholebody_133,selected_27,"[0, 5, 6, 7, 8, 9, 10, 93, 95, 97, 99, 101, 103, 105, 107, 109, 111, 114, 116, 118, 120, 122, 124, 126, 128, 130, 132]",49,150,133,27,3,1,"[3, 150, 27, 1]",8.509001731872559,"clip_to_[0,288]x[0,384]_then_scale_to_[-1,1]",ok,,
wlasl:49602,49602,49602,school,70,train,F:/DMV/Recognizing-sign-language-at-the-word-level/data/datasets/WLASL/pose/rtmw_l/wholebody_133/nslt100/train/49602.npz,F:/DMV/Recognizing-sign-language-at-the-word-level/data/datasets/WLASL/branch_inputs/skeleton/rtmw_l/selected_27/nslt100/train/49602.npz,F:/DMV/Recognizing-sign-language-at-the-word-level/data/datasets/WLASL/branch_inputs/skeleton/rtmw_l/normalized/selected_27/nslt100/train/49602.npz,F:/DMV/Recognizing-sign-language-at-the-word-level/data/datasets/WLASL/branch_inputs/skeleton/rtmw_l/graph_tensors/selected_27/nslt100/train/49602.npz,wholebody_133,selected_27,"[0, 5, 6, 7, 8, 9, 10, 93, 95, 97, 99, 101, 103, 105, 107, 109, 111, 114, 116, 118, 120, 122, 124, 126, 128, 130, 132]",28,150,133,27,3,1,"[3, 150, 27, 1]",8.509001731872559,"clip_to_[0,288]x[0,384]_then_scale_to_[-1,1]",ok,,
wlasl:50037,50037,50037,secretary,71,train,F:/DMV/Recognizing-sign-language-at-the-word-level/data/datasets/WLASL/pose/rtmw_l/wholebody_133/nslt100/train/50037.npz,F:/DMV/Recognizing-sign-language-at-the-word-level/data/datasets/WLASL/branch_inputs/skeleton/rtmw_l/selected_27/nslt100/train/50037.npz,F:/DMV/Recognizing-sign-language-at-the-word-level/data/datasets/WLASL/branch_inputs/skeleton/rtmw_l/normalized/selected_27/nslt100/train/50037.npz,F:/DMV/Recognizing-sign-language-at-the-word-level/data/datasets/WLASL/branch_inputs/skeleton/rtmw_l/graph_tensors/selected_27/nslt100/train/50037.npz,wholebody_133,selected_27,"[0, 5, 6, 7, 8, 9, 10, 93, 95, 97, 99, 101, 103, 105, 107, 109, 111, 114, 116, 118, 120, 122, 124, 126, 128, 130, 132]",101,150,133,27,3,1,"[3, 150, 27, 1]",8.509001731872559,"clip_to_[0,288]x[0,384]_then_scale_to_[-1,1]",ok,,
wlasl:50038,50038,50038,secretary,71,train,F:/DMV/Recognizing-sign-language-at-the-word-level/data/datasets/WLASL/pose/rtmw_l/wholebody_133/nslt100/train/50038.npz,F:/DMV/Recognizing-sign-language-at-the-word-level/data/datasets/WLASL/branch_inputs/skeleton/rtmw_l/selected_27/nslt100/train/50038.npz,F:/DMV/Recognizing-sign-language-at-the-word-level/data/datasets/WLASL/branch_inputs/skeleton/rtmw_l/normalized/selected_27/nslt100/train/50038.npz,F:/DMV/Recognizing-sign-language-at-the-word-level/data/datasets/WLASL/branch_inputs/skeleton/rtmw_l/graph_tensors/selected_27/nslt100/train/50038.npz,wholebody_133,selected_27,"[0, 5, 6, 7, 8, 9, 10, 93, 95, 97, 99, 101, 103, 105, 107, 109, 111, 114, 116, 118, 120, 122, 124, 126, 128, 130, 132]",81,150,133,27,3,1,"[3, 150, 27, 1]",8.509001731872559,"clip_to_[0,288]x[0,384]_then_scale_to_[-1,1]",ok,,
wlasl:50039,50039,50039,secretary,71,train,F:/DMV/Recognizing-sign-language-at-the-word-level/data/datasets/WLASL/pose/rtmw_l/wholebody_133/nslt100/train/50039.npz,F:/DMV/Recognizing-sign-language-at-the-word-level/data/datasets/WLASL/branch_inputs/skeleton/rtmw_l/selected_27/nslt100/train/50039.npz,F:/DMV/Recognizing-sign-language-at-the-word-level/data/datasets/WLASL/branch_inputs/skeleton/rtmw_l/normalized/selected_27/nslt100/train/50039.npz,F:/DMV/Recognizing-sign-language-at-the-word-level/data/datasets/WLASL/branch_inputs/skeleton/rtmw_l/graph_tensors/selected_27/nslt100/train/50039.npz,wholebody_133,selected_27,"[0, 5, 6, 7, 8, 9, 10, 93, 95, 97, 99, 101, 103, 105, 107, 109, 111, 114, 116, 118, 120, 122, 124, 126, 128, 130, 132]",35,150,133,27,3,1,"[3, 150, 27, 1]",8.509001731872559,"clip_to_[0,288]x[0,384]_then_scale_to_[-1,1]",ok,,end_frame_clipped_to_video_end
wlasl:50040,50040,50040,secretary,71,train,F:/DMV/Recognizing-sign-language-at-the-word-level/data/datasets/WLASL/pose/rtmw_l/wholebody_133/nslt100/train/50040.npz,F:/DMV/Recognizing-sign-language-at-the-word-level/data/datasets/WLASL/branch_inputs/skeleton/rtmw_l/selected_27/nslt100/train/50040.npz,F:/DMV/Recognizing-sign-language-at-the-word-level/data/datasets/WLASL/branch_inputs/skeleton/rtmw_l/normalized/selected_27/nslt100/train/50040.npz,F:/DMV/Recognizing-sign-language-at-the-word-level/data/datasets/WLASL/branch_inputs/skeleton/rtmw_l/graph_tensors/selected_27/nslt100/train/50040.npz,wholebody_133,selected_27,"[0, 5, 6, 7, 8, 9, 10, 93, 95, 97, 99, 101, 103, 105, 107, 109, 111, 114, 116, 118, 120, 122, 124, 126, 128, 130, 132]",35,150,133,27,3,1,"[3, 150, 27, 1]",8.509001731872559,"clip_to_[0,288]x[0,384]_then_scale_to_[-1,1]",ok,,end_frame_clipped_to_video_end
wlasl:50044,50044,50044,secretary,71,train,F:/DMV/Recognizing-sign-language-at-the-word-level/data/datasets/WLASL/pose/rtmw_l/wholebody_133/nslt100/train/50044.npz,F:/DMV/Recognizing-sign-language-at-the-word-level/data/datasets/WLASL/branch_inputs/skeleton/rtmw_l/selected_27/nslt100/train/50044.npz,F:/DMV/Recognizing-sign-language-at-the-word-level/data/datasets/WLASL/branch_inputs/skeleton/rtmw_l/normalized/selected_27/nslt100/train/50044.npz,F:/DMV/Recognizing-sign-language-at-the-word-level/data/datasets/WLASL/branch_inputs/skeleton/rtmw_l/graph_tensors/selected_27/nslt100/train/50044.npz,wholebody_133,selected_27,"[0, 5, 6, 7, 8, 9, 10, 93, 95, 97, 99, 101, 103, 105, 107, 109, 111, 114, 116, 118, 120, 122, 124, 126, 128, 130, 132]",23,150,133,27,3,1,"[3, 150, 27, 1]",8.509001731872559,"clip_to_[0,288]x[0,384]_then_scale_to_[-1,1]",ok,,
wlasl:50045,50045,50045,secretary,71,train,F:/DMV/Recognizing-sign-language-at-the-word-level/data/datasets/WLASL/pose/rtmw_l/wholebody_133/nslt100/train/50045.npz,F:/DMV/Recognizing-sign-language-at-the-word-level/data/datasets/WLASL/branch_inputs/skeleton/rtmw_l/selected_27/nslt100/train/50045.npz,F:/DMV/Recognizing-sign-language-at-the-word-level/data/datasets/WLASL/branch_inputs/skeleton/rtmw_l/normalized/selected_27/nslt100/train/50045.npz,F:/DMV/Recognizing-sign-language-at-the-word-level/data/datasets/WLASL/branch_inputs/skeleton/rtmw_l/graph_tensors/selected_27/nslt100/train/50045.npz,wholebody_133,selected_27,"[0, 5, 6, 7, 8, 9, 10, 93, 95, 97, 99, 101, 103, 105, 107, 109, 111, 114, 116, 118, 120, 122, 124, 126, 128, 130, 132]",63,150,133,27,3,1,"[3, 150, 27, 1]",8.509001731872559,"clip_to_[0,288]x[0,384]_then_scale_to_[-1,1]",ok,,
wlasl:50046,50046,50046,secretary,71,train,F:/DMV/Recognizing-sign-language-at-the-word-level/data/datasets/WLASL/pose/rtmw_l/wholebody_133/nslt100/train/50046.npz,F:/DMV/Recognizing-sign-language-at-the-word-level/data/datasets/WLASL/branch_inputs/skeleton/rtmw_l/selected_27/nslt100/train/50046.npz,F:/DMV/Recognizing-sign-language-at-the-word-level/data/datasets/WLASL/branch_inputs/skeleton/rtmw_l/normalized/selected_27/nslt100/train/50046.npz,F:/DMV/Recognizing-sign-language-at-the-word-level/data/datasets/WLASL/branch_inputs/skeleton/rtmw_l/graph_tensors/selected_27/nslt100/train/50046.npz,wholebody_133,selected_27,"[0, 5, 6, 7, 8, 9, 10, 93, 95, 97, 99, 101, 103, 105, 107, 109, 111, 114, 116, 118, 120, 122, 124, 126, 128, 130, 132]",31,150,133,27,3,1,"[3, 150, 27, 1]",8.509001731872559,"clip_to_[0,288]x[0,384]_then_scale_to_[-1,1]",ok,,
wlasl:51056,51056,51056,shirt,46,train,F:/DMV/Recognizing-sign-language-at-the-word-level/data/datasets/WLASL/pose/rtmw_l/wholebody_133/nslt100/train/51056.npz,F:/DMV/Recognizing-sign-language-at-the-word-level/data/datasets/WLASL/branch_inputs/skeleton/rtmw_l/selected_27/nslt100/train/51056.npz,F:/DMV/Recognizing-sign-language-at-the-word-level/data/datasets/WLASL/branch_inputs/skeleton/rtmw_l/normalized/selected_27/nslt100/train/51056.npz,F:/DMV/Recognizing-sign-language-at-the-word-level/data/datasets/WLASL/branch_inputs/skeleton/rtmw_l/graph_tensors/selected_27/nslt100/train/51056.npz,wholebody_133,selected_27,"[0, 5, 6, 7, 8, 9, 10, 93, 95, 97, 99, 101, 103, 105, 107, 109, 111, 114, 116, 118, 120, 122, 124, 126, 128, 130, 132]",84,150,133,27,3,1,"[3, 150, 27, 1]",8.509001731872559,"clip_to_[0,288]x[0,384]_then_scale_to_[-1,1]",ok,,
wlasl:51057,51057,51057,shirt,46,train,F:/DMV/Recognizing-sign-language-at-the-word-level/data/datasets/WLASL/pose/rtmw_l/wholebody_133/nslt100/train/51057.npz,F:/DMV/Recognizing-sign-language-at-the-word-level/data/datasets/WLASL/branch_inputs/skeleton/rtmw_l/selected_27/nslt100/train/51057.npz,F:/DMV/Recognizing-sign-language-at-the-word-level/data/datasets/WLASL/branch_inputs/skeleton/rtmw_l/normalized/selected_27/nslt100/train/51057.npz,F:/DMV/Recognizing-sign-language-at-the-word-level/data/datasets/WLASL/branch_inputs/skeleton/rtmw_l/graph_tensors/selected_27/nslt100/train/51057.npz,wholebody_133,selected_27,"[0, 5, 6, 7, 8, 9, 10, 93, 95, 97, 99, 101, 103, 105, 107, 109, 111, 114, 116, 118, 120, 122, 124, 126, 128, 130, 132]",85,150,133,27,3,1,"[3, 150, 27, 1]",8.509001731872559,"clip_to_[0,288]x[0,384]_then_scale_to_[-1,1]",ok,,
wlasl:51058,51058,51058,shirt,46,train,F:/DMV/Recognizing-sign-language-at-the-word-level/data/datasets/WLASL/pose/rtmw_l/wholebody_133/nslt100/train/51058.npz,F:/DMV/Recognizing-sign-language-at-the-word-level/data/datasets/WLASL/branch_inputs/skeleton/rtmw_l/selected_27/nslt100/train/51058.npz,F:/DMV/Recognizing-sign-language-at-the-word-level/data/datasets/WLASL/branch_inputs/skeleton/rtmw_l/normalized/selected_27/nslt100/train/51058.npz,F:/DMV/Recognizing-sign-language-at-the-word-level/data/datasets/WLASL/branch_inputs/skeleton/rtmw_l/graph_tensors/selected_27/nslt100/train/51058.npz,wholebody_133,selected_27,"[0, 5, 6, 7, 8, 9, 10, 93, 95, 97, 99, 101, 103, 105, 107, 109, 111, 114, 116, 118, 120, 122, 124, 126, 128, 130, 132]",81,150,133,27,3,1,"[3, 150, 27, 1]",8.509001731872559,"clip_to_[0,288]x[0,384]_then_scale_to_[-1,1]",ok,,
wlasl:51059,51059,51059,shirt,46,train,F:/DMV/Recognizing-sign-language-at-the-word-level/data/datasets/WLASL/pose/rtmw_l/wholebody_133/nslt100/train/51059.npz,F:/DMV/Recognizing-sign-language-at-the-word-level/data/datasets/WLASL/branch_inputs/skeleton/rtmw_l/selected_27/nslt100/train/51059.npz,F:/DMV/Recognizing-sign-language-at-the-word-level/data/datasets/WLASL/branch_inputs/skeleton/rtmw_l/normalized/selected_27/nslt100/train/51059.npz,F:/DMV/Recognizing-sign-language-at-the-word-level/data/datasets/WLASL/branch_inputs/skeleton/rtmw_l/graph_tensors/selected_27/nslt100/train/51059.npz,wholebody_133,selected_27,"[0, 5, 6, 7, 8, 9, 10, 93, 95, 97, 99, 101, 103, 105, 107, 109, 111, 114, 116, 118, 120, 122, 124, 126, 128, 130, 132]",98,150,133,27,3,1,"[3, 150, 27, 1]",8.509001731872559,"clip_to_[0,288]x[0,384]_then_scale_to_[-1,1]",ok,,
wlasl:51060,51060,51060,shirt,46,train,F:/DMV/Recognizing-sign-language-at-the-word-level/data/datasets/WLASL/pose/rtmw_l/wholebody_133/nslt100/train/51060.npz,F:/DMV/Recognizing-sign-language-at-the-word-level/data/datasets/WLASL/branch_inputs/skeleton/rtmw_l/selected_27/nslt100/train/51060.npz,F:/DMV/Recognizing-sign-language-at-the-word-level/data/datasets/WLASL/branch_inputs/skeleton/rtmw_l/normalized/selected_27/nslt100/train/51060.npz,F:/DMV/Recognizing-sign-language-at-the-word-level/data/datasets/WLASL/branch_inputs/skeleton/rtmw_l/graph_tensors/selected_27/nslt100/train/51060.npz,wholebody_133,selected_27,"[0, 5, 6, 7, 8, 9, 10, 93, 95, 97, 99, 101, 103, 105, 107, 109, 111, 114, 116, 118, 120, 122, 124, 126, 128, 130, 132]",38,150,133,27,3,1,"[3, 150, 27, 1]",8.509001731872559,"clip_to_[0,288]x[0,384]_then_scale_to_[-1,1]",ok,,end_frame_clipped_to_video_end
wlasl:51061,51061,51061,shirt,46,train,F:/DMV/Recognizing-sign-language-at-the-word-level/data/datasets/WLASL/pose/rtmw_l/wholebody_133/nslt100/train/51061.npz,F:/DMV/Recognizing-sign-language-at-the-word-level/data/datasets/WLASL/branch_inputs/skeleton/rtmw_l/selected_27/nslt100/train/51061.npz,F:/DMV/Recognizing-sign-language-at-the-word-level/data/datasets/WLASL/branch_inputs/skeleton/rtmw_l/normalized/selected_27/nslt100/train/51061.npz,F:/DMV/Recognizing-sign-language-at-the-word-level/data/datasets/WLASL/branch_inputs/skeleton/rtmw_l/graph_tensors/selected_27/nslt100/train/51061.npz,wholebody_133,selected_27,"[0, 5, 6, 7, 8, 9, 10, 93, 95, 97, 99, 101, 103, 105, 107, 109, 111, 114, 116, 118, 120, 122, 124, 126, 128, 130, 132]",66,150,133,27,3,1,"[3, 150, 27, 1]",8.509001731872559,"clip_to_[0,288]x[0,384]_then_scale_to_[-1,1]",ok,,
wlasl:51063,51063,51063,shirt,46,train,F:/DMV/Recognizing-sign-language-at-the-word-level/data/datasets/WLASL/pose/rtmw_l/wholebody_133/nslt100/train/51063.npz,F:/DMV/Recognizing-sign-language-at-the-word-level/data/datasets/WLASL/branch_inputs/skeleton/rtmw_l/selected_27/nslt100/train/51063.npz,F:/DMV/Recognizing-sign-language-at-the-word-level/data/datasets/WLASL/branch_inputs/skeleton/rtmw_l/normalized/selected_27/nslt100/train/51063.npz,F:/DMV/Recognizing-sign-language-at-the-word-level/data/datasets/WLASL/branch_inputs/skeleton/rtmw_l/graph_tensors/selected_27/nslt100/train/51063.npz,wholebody_133,selected_27,"[0, 5, 6, 7, 8, 9, 10, 93, 95, 97, 99, 101, 103, 105, 107, 109, 111, 114, 116, 118, 120, 122, 124, 126, 128, 130, 132]",63,150,133,27,3,1,"[3, 150, 27, 1]",8.509001731872559,"clip_to_[0,288]x[0,384]_then_scale_to_[-1,1]",ok,,
wlasl:51064,51064,51064,shirt,46,train,F:/DMV/Recognizing-sign-language-at-the-word-level/data/datasets/WLASL/pose/rtmw_l/wholebody_133/nslt100/train/51064.npz,F:/DMV/Recognizing-sign-language-at-the-word-level/data/datasets/WLASL/branch_inputs/skeleton/rtmw_l/selected_27/nslt100/train/51064.npz,F:/DMV/Recognizing-sign-language-at-the-word-level/data/datasets/WLASL/branch_inputs/skeleton/rtmw_l/normalized/selected_27/nslt100/train/51064.npz,F:/DMV/Recognizing-sign-language-at-the-word-level/data/datasets/WLASL/branch_inputs/skeleton/rtmw_l/graph_tensors/selected_27/nslt100/train/51064.npz,wholebody_133,selected_27,"[0, 5, 6, 7, 8, 9, 10, 93, 95, 97, 99, 101, 103, 105, 107, 109, 111, 114, 116, 118, 120, 122, 124, 126, 128, 130, 132]",83,150,133,27,3,1,"[3, 150, 27, 1]",8.509001731872559,"clip_to_[0,288]x[0,384]_then_scale_to_[-1,1]",ok,,
wlasl:51221,51221,51221,short,72,train,F:/DMV/Recognizing-sign-language-at-the-word-level/data/datasets/WLASL/pose/rtmw_l/wholebody_133/nslt100/train/51221.npz,F:/DMV/Recognizing-sign-language-at-the-word-level/data/datasets/WLASL/branch_inputs/skeleton/rtmw_l/selected_27/nslt100/train/51221.npz,F:/DMV/Recognizing-sign-language-at-the-word-level/data/datasets/WLASL/branch_inputs/skeleton/rtmw_l/normalized/selected_27/nslt100/train/51221.npz,F:/DMV/Recognizing-sign-language-at-the-word-level/data/datasets/WLASL/branch_inputs/skeleton/rtmw_l/graph_tensors/selected_27/nslt100/train/51221.npz,wholebody_133,selected_27,"[0, 5, 6, 7, 8, 9, 10, 93, 95, 97, 99, 101, 103, 105, 107, 109, 111, 114, 116, 118, 120, 122, 124, 126, 128, 130, 132]",85,150,133,27,3,1,"[3, 150, 27, 1]",8.509001731872559,"clip_to_[0,288]x[0,384]_then_scale_to_[-1,1]",ok,,
wlasl:51223,51223,51223,short,72,train,F:/DMV/Recognizing-sign-language-at-the-word-level/data/datasets/WLASL/pose/rtmw_l/wholebody_133/nslt100/train/51223.npz,F:/DMV/Recognizing-sign-language-at-the-word-level/data/datasets/WLASL/branch_inputs/skeleton/rtmw_l/selected_27/nslt100/train/51223.npz,F:/DMV/Recognizing-sign-language-at-the-word-level/data/datasets/WLASL/branch_inputs/skeleton/rtmw_l/normalized/selected_27/nslt100/train/51223.npz,F:/DMV/Recognizing-sign-language-at-the-word-level/data/datasets/WLASL/branch_inputs/skeleton/rtmw_l/graph_tensors/selected_27/nslt100/train/51223.npz,wholebody_133,selected_27,"[0, 5, 6, 7, 8, 9, 10, 93, 95, 97, 99, 101, 103, 105, 107, 109, 111, 114, 116, 118, 120, 122, 124, 126, 128, 130, 132]",32,150,133,27,3,1,"[3, 150, 27, 1]",8.509001731872559,"clip_to_[0,288]x[0,384]_then_scale_to_[-1,1]",ok,,end_frame_clipped_to_video_end
wlasl:51225,51225,51225,short,72,train,F:/DMV/Recognizing-sign-language-at-the-word-level/data/datasets/WLASL/pose/rtmw_l/wholebody_133/nslt100/train/51225.npz,F:/DMV/Recognizing-sign-language-at-the-word-level/data/datasets/WLASL/branch_inputs/skeleton/rtmw_l/selected_27/nslt100/train/51225.npz,F:/DMV/Recognizing-sign-language-at-the-word-level/data/datasets/WLASL/branch_inputs/skeleton/rtmw_l/normalized/selected_27/nslt100/train/51225.npz,F:/DMV/Recognizing-sign-language-at-the-word-level/data/datasets/WLASL/branch_inputs/skeleton/rtmw_l/graph_tensors/selected_27/nslt100/train/51225.npz,wholebody_133,selected_27,"[0, 5, 6, 7, 8, 9, 10, 93, 95, 97, 99, 101, 103, 105, 107, 109, 111, 114, 116, 118, 120, 122, 124, 126, 128, 130, 132]",81,150,133,27,3,1,"[3, 150, 27, 1]",8.509001731872559,"clip_to_[0,288]x[0,384]_then_scale_to_[-1,1]",ok,,
wlasl:51226,51226,51226,short,72,train,F:/DMV/Recognizing-sign-language-at-the-word-level/data/datasets/WLASL/pose/rtmw_l/wholebody_133/nslt100/train/51226.npz,F:/DMV/Recognizing-sign-language-at-the-word-level/data/datasets/WLASL/branch_inputs/skeleton/rtmw_l/selected_27/nslt100/train/51226.npz,F:/DMV/Recognizing-sign-language-at-the-word-level/data/datasets/WLASL/branch_inputs/skeleton/rtmw_l/normalized/selected_27/nslt100/train/51226.npz,F:/DMV/Recognizing-sign-language-at-the-word-level/data/datasets/WLASL/branch_inputs/skeleton/rtmw_l/graph_tensors/selected_27/nslt100/train/51226.npz,wholebody_133,selected_27,"[0, 5, 6, 7, 8, 9, 10, 93, 95, 97, 99, 101, 103, 105, 107, 109, 111, 114, 116, 118, 120, 122, 124, 126, 128, 130, 132]",66,150,133,27,3,1,"[3, 150, 27, 1]",8.509001731872559,"clip_to_[0,288]x[0,384]_then_scale_to_[-1,1]",ok,,
wlasl:51231,51231,51231,short,72,train,F:/DMV/Recognizing-sign-language-at-the-word-level/data/datasets/WLASL/pose/rtmw_l/wholebody_133/nslt100/train/51231.npz,F:/DMV/Recognizing-sign-language-at-the-word-level/data/datasets/WLASL/branch_inputs/skeleton/rtmw_l/selected_27/nslt100/train/51231.npz,F:/DMV/Recognizing-sign-language-at-the-word-level/data/datasets/WLASL/branch_inputs/skeleton/rtmw_l/normalized/selected_27/nslt100/train/51231.npz,F:/DMV/Recognizing-sign-language-at-the-word-level/data/datasets/WLASL/branch_inputs/skeleton/rtmw_l/graph_tensors/selected_27/nslt100/train/51231.npz,wholebody_133,selected_27,"[0, 5, 6, 7, 8, 9, 10, 93, 95, 97, 99, 101, 103, 105, 107, 109, 111, 114, 116, 118, 120, 122, 124, 126, 128, 130, 132]",38,150,133,27,3,1,"[3, 150, 27, 1]",8.509001731872559,"clip_to_[0,288]x[0,384]_then_scale_to_[-1,1]",ok,,
wlasl:51232,51232,51232,short,72,train,F:/DMV/Recognizing-sign-language-at-the-word-level/data/datasets/WLASL/pose/rtmw_l/wholebody_133/nslt100/train/51232.npz,F:/DMV/Recognizing-sign-language-at-the-word-level/data/datasets/WLASL/branch_inputs/skeleton/rtmw_l/selected_27/nslt100/train/51232.npz,F:/DMV/Recognizing-sign-language-at-the-word-level/data/datasets/WLASL/branch_inputs/skeleton/rtmw_l/normalized/selected_27/nslt100/train/51232.npz,F:/DMV/Recognizing-sign-language-at-the-word-level/data/datasets/WLASL/branch_inputs/skeleton/rtmw_l/graph_tensors/selected_27/nslt100/train/51232.npz,wholebody_133,selected_27,"[0, 5, 6, 7, 8, 9, 10, 93, 95, 97, 99, 101, 103, 105, 107, 109, 111, 114, 116, 118, 120, 122, 124, 126, 128, 130, 132]",29,150,133,27,3,1,"[3, 150, 27, 1]",8.509001731872559,"clip_to_[0,288]x[0,384]_then_scale_to_[-1,1]",ok,,
wlasl:51235,51235,51235,short,72,train,F:/DMV/Recognizing-sign-language-at-the-word-level/data/datasets/WLASL/pose/rtmw_l/wholebody_133/nslt100/train/51235.npz,F:/DMV/Recognizing-sign-language-at-the-word-level/data/datasets/WLASL/branch_inputs/skeleton/rtmw_l/selected_27/nslt100/train/51235.npz,F:/DMV/Recognizing-sign-language-at-the-word-level/data/datasets/WLASL/branch_inputs/skeleton/rtmw_l/normalized/selected_27/nslt100/train/51235.npz,F:/DMV/Recognizing-sign-language-at-the-word-level/data/datasets/WLASL/branch_inputs/skeleton/rtmw_l/graph_tensors/selected_27/nslt100/train/51235.npz,wholebody_133,selected_27,"[0, 5, 6, 7, 8, 9, 10, 93, 95, 97, 99, 101, 103, 105, 107, 109, 111, 114, 116, 118, 120, 122, 124, 126, 128, 130, 132]",78,150,133,27,3,1,"[3, 150, 27, 1]",8.509001731872559,"clip_to_[0,288]x[0,384]_then_scale_to_[-1,1]",ok,,
wlasl:51236,51236,51236,short,72,train,F:/DMV/Recognizing-sign-language-at-the-word-level/data/datasets/WLASL/pose/rtmw_l/wholebody_133/nslt100/train/51236.npz,F:/DMV/Recognizing-sign-language-at-the-word-level/data/datasets/WLASL/branch_inputs/skeleton/rtmw_l/selected_27/nslt100/train/51236.npz,F:/DMV/Recognizing-sign-language-at-the-word-level/data/datasets/WLASL/branch_inputs/skeleton/rtmw_l/normalized/selected_27/nslt100/train/51236.npz,F:/DMV/Recognizing-sign-language-at-the-word-level/data/datasets/WLASL/branch_inputs/skeleton/rtmw_l/graph_tensors/selected_27/nslt100/train/51236.npz,wholebody_133,selected_27,"[0, 5, 6, 7, 8, 9, 10, 93, 95, 97, 99, 101, 103, 105, 107, 109, 111, 114, 116, 118, 120, 122, 124, 126, 128, 130, 132]",82,150,133,27,3,1,"[3, 150, 27, 1]",8.509001731872559,"clip_to_[0,288]x[0,384]_then_scale_to_[-1,1]",ok,,
wlasl:05229,5229,5229,basketball,77,train,F:/DMV/Recognizing-sign-language-at-the-word-level/data/datasets/WLASL/pose/rtmw_l/wholebody_133/nslt100/train/5229.npz,F:/DMV/Recognizing-sign-language-at-the-word-level/data/datasets/WLASL/branch_inputs/skeleton/rtmw_l/selected_27/nslt100/train/5229.npz,F:/DMV/Recognizing-sign-language-at-the-word-level/data/datasets/WLASL/branch_inputs/skeleton/rtmw_l/normalized/selected_27/nslt100/train/5229.npz,F:/DMV/Recognizing-sign-language-at-the-word-level/data/datasets/WLASL/branch_inputs/skeleton/rtmw_l/graph_tensors/selected_27/nslt100/train/5229.npz,wholebody_133,selected_27,"[0, 5, 6, 7, 8, 9, 10, 93, 95, 97, 99, 101, 103, 105, 107, 109, 111, 114, 116, 118, 120, 122, 124, 126, 128, 130, 132]",71,150,133,27,3,1,"[3, 150, 27, 1]",8.509001731872559,"clip_to_[0,288]x[0,384]_then_scale_to_[-1,1]",ok,,end_frame_clipped_to_video_end
wlasl:05230,5230,5230,basketball,77,train,F:/DMV/Recognizing-sign-language-at-the-word-level/data/datasets/WLASL/pose/rtmw_l/wholebody_133/nslt100/train/5230.npz,F:/DMV/Recognizing-sign-language-at-the-word-level/data/datasets/WLASL/branch_inputs/skeleton/rtmw_l/selected_27/nslt100/train/5230.npz,F:/DMV/Recognizing-sign-language-at-the-word-level/data/datasets/WLASL/branch_inputs/skeleton/rtmw_l/normalized/selected_27/nslt100/train/5230.npz,F:/DMV/Recognizing-sign-language-at-the-word-level/data/datasets/WLASL/branch_inputs/skeleton/rtmw_l/graph_tensors/selected_27/nslt100/train/5230.npz,wholebody_133,selected_27,"[0, 5, 6, 7, 8, 9, 10, 93, 95, 97, 99, 101, 103, 105, 107, 109, 111, 114, 116, 118, 120, 122, 124, 126, 128, 130, 132]",83,150,133,27,3,1,"[3, 150, 27, 1]",8.509001731872559,"clip_to_[0,288]x[0,384]_then_scale_to_[-1,1]",ok,,
wlasl:05231,5231,5231,basketball,77,train,F:/DMV/Recognizing-sign-language-at-the-word-level/data/datasets/WLASL/pose/rtmw_l/wholebody_133/nslt100/train/5231.npz,F:/DMV/Recognizing-sign-language-at-the-word-level/data/datasets/WLASL/branch_inputs/skeleton/rtmw_l/selected_27/nslt100/train/5231.npz,F:/DMV/Recognizing-sign-language-at-the-word-level/data/datasets/WLASL/branch_inputs/skeleton/rtmw_l/normalized/selected_27/nslt100/train/5231.npz,F:/DMV/Recognizing-sign-language-at-the-word-level/data/datasets/WLASL/branch_inputs/skeleton/rtmw_l/graph_tensors/selected_27/nslt100/train/5231.npz,wholebody_133,selected_27,"[0, 5, 6, 7, 8, 9, 10, 93, 95, 97, 99, 101, 103, 105, 107, 109, 111, 114, 116, 118, 120, 122, 124, 126, 128, 130, 132]",32,150,133,27,3,1,"[3, 150, 27, 1]",8.509001731872559,"clip_to_[0,288]x[0,384]_then_scale_to_[-1,1]",ok,,end_frame_clipped_to_video_end
wlasl:05233,5233,5233,basketball,77,train,F:/DMV/Recognizing-sign-language-at-the-word-level/data/datasets/WLASL/pose/rtmw_l/wholebody_133/nslt100/train/5233.npz,F:/DMV/Recognizing-sign-language-at-the-word-level/data/datasets/WLASL/branch_inputs/skeleton/rtmw_l/selected_27/nslt100/train/5233.npz,F:/DMV/Recognizing-sign-language-at-the-word-level/data/datasets/WLASL/branch_inputs/skeleton/rtmw_l/normalized/selected_27/nslt100/train/5233.npz,F:/DMV/Recognizing-sign-language-at-the-word-level/data/datasets/WLASL/branch_inputs/skeleton/rtmw_l/graph_tensors/selected_27/nslt100/train/5233.npz,wholebody_133,selected_27,"[0, 5, 6, 7, 8, 9, 10, 93, 95, 97, 99, 101, 103, 105, 107, 109, 111, 114, 116, 118, 120, 122, 124, 126, 128, 130, 132]",101,150,133,27,3,1,"[3, 150, 27, 1]",8.509001731872559,"clip_to_[0,288]x[0,384]_then_scale_to_[-1,1]",ok,,
wlasl:05234,5234,5234,basketball,77,train,F:/DMV/Recognizing-sign-language-at-the-word-level/data/datasets/WLASL/pose/rtmw_l/wholebody_133/nslt100/train/5234.npz,F:/DMV/Recognizing-sign-language-at-the-word-level/data/datasets/WLASL/branch_inputs/skeleton/rtmw_l/selected_27/nslt100/train/5234.npz,F:/DMV/Recognizing-sign-language-at-the-word-level/data/datasets/WLASL/branch_inputs/skeleton/rtmw_l/normalized/selected_27/nslt100/train/5234.npz,F:/DMV/Recognizing-sign-language-at-the-word-level/data/datasets/WLASL/branch_inputs/skeleton/rtmw_l/graph_tensors/selected_27/nslt100/train/5234.npz,wholebody_133,selected_27,"[0, 5, 6, 7, 8, 9, 10, 93, 95, 97, 99, 101, 103, 105, 107, 109, 111, 114, 116, 118, 120, 122, 124, 126, 128, 130, 132]",80,150,133,27,3,1,"[3, 150, 27, 1]",8.509001731872559,"clip_to_[0,288]x[0,384]_then_scale_to_[-1,1]",ok,,
wlasl:05238,5238,5238,basketball,77,train,F:/DMV/Recognizing-sign-language-at-the-word-level/data/datasets/WLASL/pose/rtmw_l/wholebody_133/nslt100/train/5238.npz,F:/DMV/Recognizing-sign-language-at-the-word-level/data/datasets/WLASL/branch_inputs/skeleton/rtmw_l/selected_27/nslt100/train/5238.npz,F:/DMV/Recognizing-sign-language-at-the-word-level/data/datasets/WLASL/branch_inputs/skeleton/rtmw_l/normalized/selected_27/nslt100/train/5238.npz,F:/DMV/Recognizing-sign-language-at-the-word-level/data/datasets/WLASL/branch_inputs/skeleton/rtmw_l/graph_tensors/selected_27/nslt100/train/5238.npz,wholebody_133,selected_27,"[0, 5, 6, 7, 8, 9, 10, 93, 95, 97, 99, 101, 103, 105, 107, 109, 111, 114, 116, 118, 120, 122, 124, 126, 128, 130, 132]",36,150,133,27,3,1,"[3, 150, 27, 1]",8.509001731872559,"clip_to_[0,288]x[0,384]_then_scale_to_[-1,1]",ok,,
wlasl:05243,5243,5243,basketball,77,train,F:/DMV/Recognizing-sign-language-at-the-word-level/data/datasets/WLASL/pose/rtmw_l/wholebody_133/nslt100/train/5243.npz,F:/DMV/Recognizing-sign-language-at-the-word-level/data/datasets/WLASL/branch_inputs/skeleton/rtmw_l/selected_27/nslt100/train/5243.npz,F:/DMV/Recognizing-sign-language-at-the-word-level/data/datasets/WLASL/branch_inputs/skeleton/rtmw_l/normalized/selected_27/nslt100/train/5243.npz,F:/DMV/Recognizing-sign-language-at-the-word-level/data/datasets/WLASL/branch_inputs/skeleton/rtmw_l/graph_tensors/selected_27/nslt100/train/5243.npz,wholebody_133,selected_27,"[0, 5, 6, 7, 8, 9, 10, 93, 95, 97, 99, 101, 103, 105, 107, 109, 111, 114, 116, 118, 120, 122, 124, 126, 128, 130, 132]",68,150,133,27,3,1,"[3, 150, 27, 1]",8.509001731872559,"clip_to_[0,288]x[0,384]_then_scale_to_[-1,1]",ok,,
wlasl:53268,53268,53268,son,97,train,F:/DMV/Recognizing-sign-language-at-the-word-level/data/datasets/WLASL/pose/rtmw_l/wholebody_133/nslt100/train/53268.npz,F:/DMV/Recognizing-sign-language-at-the-word-level/data/datasets/WLASL/branch_inputs/skeleton/rtmw_l/selected_27/nslt100/train/53268.npz,F:/DMV/Recognizing-sign-language-at-the-word-level/data/datasets/WLASL/branch_inputs/skeleton/rtmw_l/normalized/selected_27/nslt100/train/53268.npz,F:/DMV/Recognizing-sign-language-at-the-word-level/data/datasets/WLASL/branch_inputs/skeleton/rtmw_l/graph_tensors/selected_27/nslt100/train/53268.npz,wholebody_133,selected_27,"[0, 5, 6, 7, 8, 9, 10, 93, 95, 97, 99, 101, 103, 105, 107, 109, 111, 114, 116, 118, 120, 122, 124, 126, 128, 130, 132]",64,150,133,27,3,1,"[3, 150, 27, 1]",8.509001731872559,"clip_to_[0,288]x[0,384]_then_scale_to_[-1,1]",ok,,
wlasl:53270,53270,53270,son,97,train,F:/DMV/Recognizing-sign-language-at-the-word-level/data/datasets/WLASL/pose/rtmw_l/wholebody_133/nslt100/train/53270.npz,F:/DMV/Recognizing-sign-language-at-the-word-level/data/datasets/WLASL/branch_inputs/skeleton/rtmw_l/selected_27/nslt100/train/53270.npz,F:/DMV/Recognizing-sign-language-at-the-word-level/data/datasets/WLASL/branch_inputs/skeleton/rtmw_l/normalized/selected_27/nslt100/train/53270.npz,F:/DMV/Recognizing-sign-language-at-the-word-level/data/datasets/WLASL/branch_inputs/skeleton/rtmw_l/graph_tensors/selected_27/nslt100/train/53270.npz,wholebody_133,selected_27,"[0, 5, 6, 7, 8, 9, 10, 93, 95, 97, 99, 101, 103, 105, 107, 109, 111, 114, 116, 118, 120, 122, 124, 126, 128, 130, 132]",40,150,133,27,3,1,"[3, 150, 27, 1]",8.509001731872559,"clip_to_[0,288]x[0,384]_then_scale_to_[-1,1]",ok,,
wlasl:53271,53271,53271,son,97,train,F:/DMV/Recognizing-sign-language-at-the-word-level/data/datasets/WLASL/pose/rtmw_l/wholebody_133/nslt100/train/53271.npz,F:/DMV/Recognizing-sign-language-at-the-word-level/data/datasets/WLASL/branch_inputs/skeleton/rtmw_l/selected_27/nslt100/train/53271.npz,F:/DMV/Recognizing-sign-language-at-the-word-level/data/datasets/WLASL/branch_inputs/skeleton/rtmw_l/normalized/selected_27/nslt100/train/53271.npz,F:/DMV/Recognizing-sign-language-at-the-word-level/data/datasets/WLASL/branch_inputs/skeleton/rtmw_l/graph_tensors/selected_27/nslt100/train/53271.npz,wholebody_133,selected_27,"[0, 5, 6, 7, 8, 9, 10, 93, 95, 97, 99, 101, 103, 105, 107, 109, 111, 114, 116, 118, 120, 122, 124, 126, 128, 130, 132]",73,150,133,27,3,1,"[3, 150, 27, 1]",8.509001731872559,"clip_to_[0,288]x[0,384]_then_scale_to_[-1,1]",ok,,
wlasl:53273,53273,53273,son,97,train,F:/DMV/Recognizing-sign-language-at-the-word-level/data/datasets/WLASL/pose/rtmw_l/wholebody_133/nslt100/train/53273.npz,F:/DMV/Recognizing-sign-language-at-the-word-level/data/datasets/WLASL/branch_inputs/skeleton/rtmw_l/selected_27/nslt100/train/53273.npz,F:/DMV/Recognizing-sign-language-at-the-word-level/data/datasets/WLASL/branch_inputs/skeleton/rtmw_l/normalized/selected_27/nslt100/train/53273.npz,F:/DMV/Recognizing-sign-language-at-the-word-level/data/datasets/WLASL/branch_inputs/skeleton/rtmw_l/graph_tensors/selected_27/nslt100/train/53273.npz,wholebody_133,selected_27,"[0, 5, 6, 7, 8, 9, 10, 93, 95, 97, 99, 101, 103, 105, 107, 109, 111, 114, 116, 118, 120, 122, 124, 126, 128, 130, 132]",29,150,133,27,3,1,"[3, 150, 27, 1]",8.509001731872559,"clip_to_[0,288]x[0,384]_then_scale_to_[-1,1]",ok,,
wlasl:53275,53275,53275,son,97,train,F:/DMV/Recognizing-sign-language-at-the-word-level/data/datasets/WLASL/pose/rtmw_l/wholebody_133/nslt100/train/53275.npz,F:/DMV/Recognizing-sign-language-at-the-word-level/data/datasets/WLASL/branch_inputs/skeleton/rtmw_l/selected_27/nslt100/train/53275.npz,F:/DMV/Recognizing-sign-language-at-the-word-level/data/datasets/WLASL/branch_inputs/skeleton/rtmw_l/normalized/selected_27/nslt100/train/53275.npz,F:/DMV/Recognizing-sign-language-at-the-word-level/data/datasets/WLASL/branch_inputs/skeleton/rtmw_l/graph_tensors/selected_27/nslt100/train/53275.npz,wholebody_133,selected_27,"[0, 5, 6, 7, 8, 9, 10, 93, 95, 97, 99, 101, 103, 105, 107, 109, 111, 114, 116, 118, 120, 122, 124, 126, 128, 130, 132]",36,150,133,27,3,1,"[3, 150, 27, 1]",8.509001731872559,"clip_to_[0,288]x[0,384]_then_scale_to_[-1,1]",ok,,
wlasl:53279,53279,53279,son,97,train,F:/DMV/Recognizing-sign-language-at-the-word-level/data/datasets/WLASL/pose/rtmw_l/wholebody_133/nslt100/train/53279.npz,F:/DMV/Recognizing-sign-language-at-the-word-level/data/datasets/WLASL/branch_inputs/skeleton/rtmw_l/selected_27/nslt100/train/53279.npz,F:/DMV/Recognizing-sign-language-at-the-word-level/data/datasets/WLASL/branch_inputs/skeleton/rtmw_l/normalized/selected_27/nslt100/train/53279.npz,F:/DMV/Recognizing-sign-language-at-the-word-level/data/datasets/WLASL/branch_inputs/skeleton/rtmw_l/graph_tensors/selected_27/nslt100/train/53279.npz,wholebody_133,selected_27,"[0, 5, 6, 7, 8, 9, 10, 93, 95, 97, 99, 101, 103, 105, 107, 109, 111, 114, 116, 118, 120, 122, 124, 126, 128, 130, 132]",68,150,133,27,3,1,"[3, 150, 27, 1]",8.509001731872559,"clip_to_[0,288]x[0,384]_then_scale_to_[-1,1]",ok,,
wlasl:55361,55361,55361,study,47,train,F:/DMV/Recognizing-sign-language-at-the-word-level/data/datasets/WLASL/pose/rtmw_l/wholebody_133/nslt100/train/55361.npz,F:/DMV/Recognizing-sign-language-at-the-word-level/data/datasets/WLASL/branch_inputs/skeleton/rtmw_l/selected_27/nslt100/train/55361.npz,F:/DMV/Recognizing-sign-language-at-the-word-level/data/datasets/WLASL/branch_inputs/skeleton/rtmw_l/normalized/selected_27/nslt100/train/55361.npz,F:/DMV/Recognizing-sign-language-at-the-word-level/data/datasets/WLASL/branch_inputs/skeleton/rtmw_l/graph_tensors/selected_27/nslt100/train/55361.npz,wholebody_133,selected_27,"[0, 5, 6, 7, 8, 9, 10, 93, 95, 97, 99, 101, 103, 105, 107, 109, 111, 114, 116, 118, 120, 122, 124, 126, 128, 130, 132]",147,150,133,27,3,1,"[3, 150, 27, 1]",8.509001731872559,"clip_to_[0,288]x[0,384]_then_scale_to_[-1,1]",ok,,end_frame_clipped_to_video_end
wlasl:55362,55362,55362,study,47,train,F:/DMV/Recognizing-sign-language-at-the-word-level/data/datasets/WLASL/pose/rtmw_l/wholebody_133/nslt100/train/55362.npz,F:/DMV/Recognizing-sign-language-at-the-word-level/data/datasets/WLASL/branch_inputs/skeleton/rtmw_l/selected_27/nslt100/train/55362.npz,F:/DMV/Recognizing-sign-language-at-the-word-level/data/datasets/WLASL/branch_inputs/skeleton/rtmw_l/normalized/selected_27/nslt100/train/55362.npz,F:/DMV/Recognizing-sign-language-at-the-word-level/data/datasets/WLASL/branch_inputs/skeleton/rtmw_l/graph_tensors/selected_27/nslt100/train/55362.npz,wholebody_133,selected_27,"[0, 5, 6, 7, 8, 9, 10, 93, 95, 97, 99, 101, 103, 105, 107, 109, 111, 114, 116, 118, 120, 122, 124, 126, 128, 130, 132]",93,150,133,27,3,1,"[3, 150, 27, 1]",8.509001731872559,"clip_to_[0,288]x[0,384]_then_scale_to_[-1,1]",ok,,
wlasl:55363,55363,55363,study,47,train,F:/DMV/Recognizing-sign-language-at-the-word-level/data/datasets/WLASL/pose/rtmw_l/wholebody_133/nslt100/train/55363.npz,F:/DMV/Recognizing-sign-language-at-the-word-level/data/datasets/WLASL/branch_inputs/skeleton/rtmw_l/selected_27/nslt100/train/55363.npz,F:/DMV/Recognizing-sign-language-at-the-word-level/data/datasets/WLASL/branch_inputs/skeleton/rtmw_l/normalized/selected_27/nslt100/train/55363.npz,F:/DMV/Recognizing-sign-language-at-the-word-level/data/datasets/WLASL/branch_inputs/skeleton/rtmw_l/graph_tensors/selected_27/nslt100/train/55363.npz,wholebody_133,selected_27,"[0, 5, 6, 7, 8, 9, 10, 93, 95, 97, 99, 101, 103, 105, 107, 109, 111, 114, 116, 118, 120, 122, 124, 126, 128, 130, 132]",68,150,133,27,3,1,"[3, 150, 27, 1]",8.509001731872559,"clip_to_[0,288]x[0,384]_then_scale_to_[-1,1]",ok,,
wlasl:55364,55364,55364,study,47,train,F:/DMV/Recognizing-sign-language-at-the-word-level/data/datasets/WLASL/pose/rtmw_l/wholebody_133/nslt100/train/55364.npz,F:/DMV/Recognizing-sign-language-at-the-word-level/data/datasets/WLASL/branch_inputs/skeleton/rtmw_l/selected_27/nslt100/train/55364.npz,F:/DMV/Recognizing-sign-language-at-the-word-level/data/datasets/WLASL/branch_inputs/skeleton/rtmw_l/normalized/selected_27/nslt100/train/55364.npz,F:/DMV/Recognizing-sign-language-at-the-word-level/data/datasets/WLASL/branch_inputs/skeleton/rtmw_l/graph_tensors/selected_27/nslt100/train/55364.npz,wholebody_133,selected_27,"[0, 5, 6, 7, 8, 9, 10, 93, 95, 97, 99, 101, 103, 105, 107, 109, 111, 114, 116, 118, 120, 122, 124, 126, 128, 130, 132]",34,150,133,27,3,1,"[3, 150, 27, 1]",8.509001731872559,"clip_to_[0,288]x[0,384]_then_scale_to_[-1,1]",ok,,end_frame_clipped_to_video_end
wlasl:55365,55365,55365,study,47,train,F:/DMV/Recognizing-sign-language-at-the-word-level/data/datasets/WLASL/pose/rtmw_l/wholebody_133/nslt100/train/55365.npz,F:/DMV/Recognizing-sign-language-at-the-word-level/data/datasets/WLASL/branch_inputs/skeleton/rtmw_l/selected_27/nslt100/train/55365.npz,F:/DMV/Recognizing-sign-language-at-the-word-level/data/datasets/WLASL/branch_inputs/skeleton/rtmw_l/normalized/selected_27/nslt100/train/55365.npz,F:/DMV/Recognizing-sign-language-at-the-word-level/data/datasets/WLASL/branch_inputs/skeleton/rtmw_l/graph_tensors/selected_27/nslt100/train/55365.npz,wholebody_133,selected_27,"[0, 5, 6, 7, 8, 9, 10, 93, 95, 97, 99, 101, 103, 105, 107, 109, 111, 114, 116, 118, 120, 122, 124, 126, 128, 130, 132]",87,150,133,27,3,1,"[3, 150, 27, 1]",8.509001731872559,"clip_to_[0,288]x[0,384]_then_scale_to_[-1,1]",ok,,
wlasl:55366,55366,55366,study,47,train,F:/DMV/Recognizing-sign-language-at-the-word-level/data/datasets/WLASL/pose/rtmw_l/wholebody_133/nslt100/train/55366.npz,F:/DMV/Recognizing-sign-language-at-the-word-level/data/datasets/WLASL/branch_inputs/skeleton/rtmw_l/selected_27/nslt100/train/55366.npz,F:/DMV/Recognizing-sign-language-at-the-word-level/data/datasets/WLASL/branch_inputs/skeleton/rtmw_l/normalized/selected_27/nslt100/train/55366.npz,F:/DMV/Recognizing-sign-language-at-the-word-level/data/datasets/WLASL/branch_inputs/skeleton/rtmw_l/graph_tensors/selected_27/nslt100/train/55366.npz,wholebody_133,selected_27,"[0, 5, 6, 7, 8, 9, 10, 93, 95, 97, 99, 101, 103, 105, 107, 109, 111, 114, 116, 118, 120, 122, 124, 126, 128, 130, 132]",63,150,133,27,3,1,"[3, 150, 27, 1]",8.509001731872559,"clip_to_[0,288]x[0,384]_then_scale_to_[-1,1]",ok,,
wlasl:55368,55368,55368,study,47,train,F:/DMV/Recognizing-sign-language-at-the-word-level/data/datasets/WLASL/pose/rtmw_l/wholebody_133/nslt100/train/55368.npz,F:/DMV/Recognizing-sign-language-at-the-word-level/data/datasets/WLASL/branch_inputs/skeleton/rtmw_l/selected_27/nslt100/train/55368.npz,F:/DMV/Recognizing-sign-language-at-the-word-level/data/datasets/WLASL/branch_inputs/skeleton/rtmw_l/normalized/selected_27/nslt100/train/55368.npz,F:/DMV/Recognizing-sign-language-at-the-word-level/data/datasets/WLASL/branch_inputs/skeleton/rtmw_l/graph_tensors/selected_27/nslt100/train/55368.npz,wholebody_133,selected_27,"[0, 5, 6, 7, 8, 9, 10, 93, 95, 97, 99, 101, 103, 105, 107, 109, 111, 114, 116, 118, 120, 122, 124, 126, 128, 130, 132]",33,150,133,27,3,1,"[3, 150, 27, 1]",8.509001731872559,"clip_to_[0,288]x[0,384]_then_scale_to_[-1,1]",ok,,
wlasl:55369,55369,55369,study,47,train,F:/DMV/Recognizing-sign-language-at-the-word-level/data/datasets/WLASL/pose/rtmw_l/wholebody_133/nslt100/train/55369.npz,F:/DMV/Recognizing-sign-language-at-the-word-level/data/datasets/WLASL/branch_inputs/skeleton/rtmw_l/selected_27/nslt100/train/55369.npz,F:/DMV/Recognizing-sign-language-at-the-word-level/data/datasets/WLASL/branch_inputs/skeleton/rtmw_l/normalized/selected_27/nslt100/train/55369.npz,F:/DMV/Recognizing-sign-language-at-the-word-level/data/datasets/WLASL/branch_inputs/skeleton/rtmw_l/graph_tensors/selected_27/nslt100/train/55369.npz,wholebody_133,selected_27,"[0, 5, 6, 7, 8, 9, 10, 93, 95, 97, 99, 101, 103, 105, 107, 109, 111, 114, 116, 118, 120, 122, 124, 126, 128, 130, 132]",86,150,133,27,3,1,"[3, 150, 27, 1]",8.509001731872559,"clip_to_[0,288]x[0,384]_then_scale_to_[-1,1]",ok,,
wlasl:05629,5629,5629,bed,32,train,F:/DMV/Recognizing-sign-language-at-the-word-level/data/datasets/WLASL/pose/rtmw_l/wholebody_133/nslt100/train/5629.npz,F:/DMV/Recognizing-sign-language-at-the-word-level/data/datasets/WLASL/branch_inputs/skeleton/rtmw_l/selected_27/nslt100/train/5629.npz,F:/DMV/Recognizing-sign-language-at-the-word-level/data/datasets/WLASL/branch_inputs/skeleton/rtmw_l/normalized/selected_27/nslt100/train/5629.npz,F:/DMV/Recognizing-sign-language-at-the-word-level/data/datasets/WLASL/branch_inputs/skeleton/rtmw_l/graph_tensors/selected_27/nslt100/train/5629.npz,wholebody_133,selected_27,"[0, 5, 6, 7, 8, 9, 10, 93, 95, 97, 99, 101, 103, 105, 107, 109, 111, 114, 116, 118, 120, 122, 124, 126, 128, 130, 132]",68,150,133,27,3,1,"[3, 150, 27, 1]",8.509001731872559,"clip_to_[0,288]x[0,384]_then_scale_to_[-1,1]",ok,,end_frame_clipped_to_video_end
wlasl:05630,5630,5630,bed,32,train,F:/DMV/Recognizing-sign-language-at-the-word-level/data/datasets/WLASL/pose/rtmw_l/wholebody_133/nslt100/train/5630.npz,F:/DMV/Recognizing-sign-language-at-the-word-level/data/datasets/WLASL/branch_inputs/skeleton/rtmw_l/selected_27/nslt100/train/5630.npz,F:/DMV/Recognizing-sign-language-at-the-word-level/data/datasets/WLASL/branch_inputs/skeleton/rtmw_l/normalized/selected_27/nslt100/train/5630.npz,F:/DMV/Recognizing-sign-language-at-the-word-level/data/datasets/WLASL/branch_inputs/skeleton/rtmw_l/graph_tensors/selected_27/nslt100/train/5630.npz,wholebody_133,selected_27,"[0, 5, 6, 7, 8, 9, 10, 93, 95, 97, 99, 101, 103, 105, 107, 109, 111, 114, 116, 118, 120, 122, 124, 126, 128, 130, 132]",74,150,133,27,3,1,"[3, 150, 27, 1]",8.509001731872559,"clip_to_[0,288]x[0,384]_then_scale_to_[-1,1]",ok,,
wlasl:05631,5631,5631,bed,32,train,F:/DMV/Recognizing-sign-language-at-the-word-level/data/datasets/WLASL/pose/rtmw_l/wholebody_133/nslt100/train/5631.npz,F:/DMV/Recognizing-sign-language-at-the-word-level/data/datasets/WLASL/branch_inputs/skeleton/rtmw_l/selected_27/nslt100/train/5631.npz,F:/DMV/Recognizing-sign-language-at-the-word-level/data/datasets/WLASL/branch_inputs/skeleton/rtmw_l/normalized/selected_27/nslt100/train/5631.npz,F:/DMV/Recognizing-sign-language-at-the-word-level/data/datasets/WLASL/branch_inputs/skeleton/rtmw_l/graph_tensors/selected_27/nslt100/train/5631.npz,wholebody_133,selected_27,"[0, 5, 6, 7, 8, 9, 10, 93, 95, 97, 99, 101, 103, 105, 107, 109, 111, 114, 116, 118, 120, 122, 124, 126, 128, 130, 132]",23,150,133,27,3,1,"[3, 150, 27, 1]",8.509001731872559,"clip_to_[0,288]x[0,384]_then_scale_to_[-1,1]",ok,,end_frame_clipped_to_video_end
wlasl:05632,5632,5632,bed,32,train,F:/DMV/Recognizing-sign-language-at-the-word-level/data/datasets/WLASL/pose/rtmw_l/wholebody_133/nslt100/train/5632.npz,F:/DMV/Recognizing-sign-language-at-the-word-level/data/datasets/WLASL/branch_inputs/skeleton/rtmw_l/selected_27/nslt100/train/5632.npz,F:/DMV/Recognizing-sign-language-at-the-word-level/data/datasets/WLASL/branch_inputs/skeleton/rtmw_l/normalized/selected_27/nslt100/train/5632.npz,F:/DMV/Recognizing-sign-language-at-the-word-level/data/datasets/WLASL/branch_inputs/skeleton/rtmw_l/graph_tensors/selected_27/nslt100/train/5632.npz,wholebody_133,selected_27,"[0, 5, 6, 7, 8, 9, 10, 93, 95, 97, 99, 101, 103, 105, 107, 109, 111, 114, 116, 118, 120, 122, 124, 126, 128, 130, 132]",32,150,133,27,3,1,"[3, 150, 27, 1]",8.509001731872559,"clip_to_[0,288]x[0,384]_then_scale_to_[-1,1]",ok,,end_frame_clipped_to_video_end
wlasl:05633,5633,5633,bed,32,train,F:/DMV/Recognizing-sign-language-at-the-word-level/data/datasets/WLASL/pose/rtmw_l/wholebody_133/nslt100/train/5633.npz,F:/DMV/Recognizing-sign-language-at-the-word-level/data/datasets/WLASL/branch_inputs/skeleton/rtmw_l/selected_27/nslt100/train/5633.npz,F:/DMV/Recognizing-sign-language-at-the-word-level/data/datasets/WLASL/branch_inputs/skeleton/rtmw_l/normalized/selected_27/nslt100/train/5633.npz,F:/DMV/Recognizing-sign-language-at-the-word-level/data/datasets/WLASL/branch_inputs/skeleton/rtmw_l/graph_tensors/selected_27/nslt100/train/5633.npz,wholebody_133,selected_27,"[0, 5, 6, 7, 8, 9, 10, 93, 95, 97, 99, 101, 103, 105, 107, 109, 111, 114, 116, 118, 120, 122, 124, 126, 128, 130, 132]",26,150,133,27,3,1,"[3, 150, 27, 1]",8.509001731872559,"clip_to_[0,288]x[0,384]_then_scale_to_[-1,1]",ok,,end_frame_clipped_to_video_end
wlasl:05634,5634,5634,bed,32,train,F:/DMV/Recognizing-sign-language-at-the-word-level/data/datasets/WLASL/pose/rtmw_l/wholebody_133/nslt100/train/5634.npz,F:/DMV/Recognizing-sign-language-at-the-word-level/data/datasets/WLASL/branch_inputs/skeleton/rtmw_l/selected_27/nslt100/train/5634.npz,F:/DMV/Recognizing-sign-language-at-the-word-level/data/datasets/WLASL/branch_inputs/skeleton/rtmw_l/normalized/selected_27/nslt100/train/5634.npz,F:/DMV/Recognizing-sign-language-at-the-word-level/data/datasets/WLASL/branch_inputs/skeleton/rtmw_l/graph_tensors/selected_27/nslt100/train/5634.npz,wholebody_133,selected_27,"[0, 5, 6, 7, 8, 9, 10, 93, 95, 97, 99, 101, 103, 105, 107, 109, 111, 114, 116, 118, 120, 122, 124, 126, 128, 130, 132]",88,150,133,27,3,1,"[3, 150, 27, 1]",8.509001731872559,"clip_to_[0,288]x[0,384]_then_scale_to_[-1,1]",ok,,
wlasl:05636,5636,5636,bed,32,train,F:/DMV/Recognizing-sign-language-at-the-word-level/data/datasets/WLASL/pose/rtmw_l/wholebody_133/nslt100/train/5636.npz,F:/DMV/Recognizing-sign-language-at-the-word-level/data/datasets/WLASL/branch_inputs/skeleton/rtmw_l/selected_27/nslt100/train/5636.npz,F:/DMV/Recognizing-sign-language-at-the-word-level/data/datasets/WLASL/branch_inputs/skeleton/rtmw_l/normalized/selected_27/nslt100/train/5636.npz,F:/DMV/Recognizing-sign-language-at-the-word-level/data/datasets/WLASL/branch_inputs/skeleton/rtmw_l/graph_tensors/selected_27/nslt100/train/5636.npz,wholebody_133,selected_27,"[0, 5, 6, 7, 8, 9, 10, 93, 95, 97, 99, 101, 103, 105, 107, 109, 111, 114, 116, 118, 120, 122, 124, 126, 128, 130, 132]",57,150,133,27,3,1,"[3, 150, 27, 1]",8.509001731872559,"clip_to_[0,288]x[0,384]_then_scale_to_[-1,1]",ok,,
wlasl:05637,5637,5637,bed,32,train,F:/DMV/Recognizing-sign-language-at-the-word-level/data/datasets/WLASL/pose/rtmw_l/wholebody_133/nslt100/train/5637.npz,F:/DMV/Recognizing-sign-language-at-the-word-level/data/datasets/WLASL/branch_inputs/skeleton/rtmw_l/selected_27/nslt100/train/5637.npz,F:/DMV/Recognizing-sign-language-at-the-word-level/data/datasets/WLASL/branch_inputs/skeleton/rtmw_l/normalized/selected_27/nslt100/train/5637.npz,F:/DMV/Recognizing-sign-language-at-the-word-level/data/datasets/WLASL/branch_inputs/skeleton/rtmw_l/graph_tensors/selected_27/nslt100/train/5637.npz,wholebody_133,selected_27,"[0, 5, 6, 7, 8, 9, 10, 93, 95, 97, 99, 101, 103, 105, 107, 109, 111, 114, 116, 118, 120, 122, 124, 126, 128, 130, 132]",43,150,133,27,3,1,"[3, 150, 27, 1]",8.509001731872559,"clip_to_[0,288]x[0,384]_then_scale_to_[-1,1]",ok,,
wlasl:05638,5638,5638,bed,32,train,F:/DMV/Recognizing-sign-language-at-the-word-level/data/datasets/WLASL/pose/rtmw_l/wholebody_133/nslt100/train/5638.npz,F:/DMV/Recognizing-sign-language-at-the-word-level/data/datasets/WLASL/branch_inputs/skeleton/rtmw_l/selected_27/nslt100/train/5638.npz,F:/DMV/Recognizing-sign-language-at-the-word-level/data/datasets/WLASL/branch_inputs/skeleton/rtmw_l/normalized/selected_27/nslt100/train/5638.npz,F:/DMV/Recognizing-sign-language-at-the-word-level/data/datasets/WLASL/branch_inputs/skeleton/rtmw_l/graph_tensors/selected_27/nslt100/train/5638.npz,wholebody_133,selected_27,"[0, 5, 6, 7, 8, 9, 10, 93, 95, 97, 99, 101, 103, 105, 107, 109, 111, 114, 116, 118, 120, 122, 124, 126, 128, 130, 132]",32,150,133,27,3,1,"[3, 150, 27, 1]",8.509001731872559,"clip_to_[0,288]x[0,384]_then_scale_to_[-1,1]",ok,,
wlasl:05644,5644,5644,bed,32,train,F:/DMV/Recognizing-sign-language-at-the-word-level/data/datasets/WLASL/pose/rtmw_l/wholebody_133/nslt100/train/5644.npz,F:/DMV/Recognizing-sign-language-at-the-word-level/data/datasets/WLASL/branch_inputs/skeleton/rtmw_l/selected_27/nslt100/train/5644.npz,F:/DMV/Recognizing-sign-language-at-the-word-level/data/datasets/WLASL/branch_inputs/skeleton/rtmw_l/normalized/selected_27/nslt100/train/5644.npz,F:/DMV/Recognizing-sign-language-at-the-word-level/data/datasets/WLASL/branch_inputs/skeleton/rtmw_l/graph_tensors/selected_27/nslt100/train/5644.npz,wholebody_133,selected_27,"[0, 5, 6, 7, 8, 9, 10, 93, 95, 97, 99, 101, 103, 105, 107, 109, 111, 114, 116, 118, 120, 122, 124, 126, 128, 130, 132]",72,150,133,27,3,1,"[3, 150, 27, 1]",8.509001731872559,"clip_to_[0,288]x[0,384]_then_scale_to_[-1,1]",ok,,
wlasl:56556,56556,56556,table,28,train,F:/DMV/Recognizing-sign-language-at-the-word-level/data/datasets/WLASL/pose/rtmw_l/wholebody_133/nslt100/train/56556.npz,F:/DMV/Recognizing-sign-language-at-the-word-level/data/datasets/WLASL/branch_inputs/skeleton/rtmw_l/selected_27/nslt100/train/56556.npz,F:/DMV/Recognizing-sign-language-at-the-word-level/data/datasets/WLASL/branch_inputs/skeleton/rtmw_l/normalized/selected_27/nslt100/train/56556.npz,F:/DMV/Recognizing-sign-language-at-the-word-level/data/datasets/WLASL/branch_inputs/skeleton/rtmw_l/graph_tensors/selected_27/nslt100/train/56556.npz,wholebody_133,selected_27,"[0, 5, 6, 7, 8, 9, 10, 93, 95, 97, 99, 101, 103, 105, 107, 109, 111, 114, 116, 118, 120, 122, 124, 126, 128, 130, 132]",62,150,133,27,3,1,"[3, 150, 27, 1]",8.509001731872559,"clip_to_[0,288]x[0,384]_then_scale_to_[-1,1]",ok,,
wlasl:56557,56557,56557,table,28,train,F:/DMV/Recognizing-sign-language-at-the-word-level/data/datasets/WLASL/pose/rtmw_l/wholebody_133/nslt100/train/56557.npz,F:/DMV/Recognizing-sign-language-at-the-word-level/data/datasets/WLASL/branch_inputs/skeleton/rtmw_l/selected_27/nslt100/train/56557.npz,F:/DMV/Recognizing-sign-language-at-the-word-level/data/datasets/WLASL/branch_inputs/skeleton/rtmw_l/normalized/selected_27/nslt100/train/56557.npz,F:/DMV/Recognizing-sign-language-at-the-word-level/data/datasets/WLASL/branch_inputs/skeleton/rtmw_l/graph_tensors/selected_27/nslt100/train/56557.npz,wholebody_133,selected_27,"[0, 5, 6, 7, 8, 9, 10, 93, 95, 97, 99, 101, 103, 105, 107, 109, 111, 114, 116, 118, 120, 122, 124, 126, 128, 130, 132]",38,150,133,27,3,1,"[3, 150, 27, 1]",8.509001731872559,"clip_to_[0,288]x[0,384]_then_scale_to_[-1,1]",ok,,end_frame_clipped_to_video_end
wlasl:56558,56558,56558,table,28,train,F:/DMV/Recognizing-sign-language-at-the-word-level/data/datasets/WLASL/pose/rtmw_l/wholebody_133/nslt100/train/56558.npz,F:/DMV/Recognizing-sign-language-at-the-word-level/data/datasets/WLASL/branch_inputs/skeleton/rtmw_l/selected_27/nslt100/train/56558.npz,F:/DMV/Recognizing-sign-language-at-the-word-level/data/datasets/WLASL/branch_inputs/skeleton/rtmw_l/normalized/selected_27/nslt100/train/56558.npz,F:/DMV/Recognizing-sign-language-at-the-word-level/data/datasets/WLASL/branch_inputs/skeleton/rtmw_l/graph_tensors/selected_27/nslt100/train/56558.npz,wholebody_133,selected_27,"[0, 5, 6, 7, 8, 9, 10, 93, 95, 97, 99, 101, 103, 105, 107, 109, 111, 114, 116, 118, 120, 122, 124, 126, 128, 130, 132]",87,150,133,27,3,1,"[3, 150, 27, 1]",8.509001731872559,"clip_to_[0,288]x[0,384]_then_scale_to_[-1,1]",ok,,
wlasl:56563,56563,56563,table,28,train,F:/DMV/Recognizing-sign-language-at-the-word-level/data/datasets/WLASL/pose/rtmw_l/wholebody_133/nslt100/train/56563.npz,F:/DMV/Recognizing-sign-language-at-the-word-level/data/datasets/WLASL/branch_inputs/skeleton/rtmw_l/selected_27/nslt100/train/56563.npz,F:/DMV/Recognizing-sign-language-at-the-word-level/data/datasets/WLASL/branch_inputs/skeleton/rtmw_l/normalized/selected_27/nslt100/train/56563.npz,F:/DMV/Recognizing-sign-language-at-the-word-level/data/datasets/WLASL/branch_inputs/skeleton/rtmw_l/graph_tensors/selected_27/nslt100/train/56563.npz,wholebody_133,selected_27,"[0, 5, 6, 7, 8, 9, 10, 93, 95, 97, 99, 101, 103, 105, 107, 109, 111, 114, 116, 118, 120, 122, 124, 126, 128, 130, 132]",35,150,133,27,3,1,"[3, 150, 27, 1]",8.509001731872559,"clip_to_[0,288]x[0,384]_then_scale_to_[-1,1]",ok,,
wlasl:56579,56579,56579,table,28,train,F:/DMV/Recognizing-sign-language-at-the-word-level/data/datasets/WLASL/pose/rtmw_l/wholebody_133/nslt100/train/56579.npz,F:/DMV/Recognizing-sign-language-at-the-word-level/data/datasets/WLASL/branch_inputs/skeleton/rtmw_l/selected_27/nslt100/train/56579.npz,F:/DMV/Recognizing-sign-language-at-the-word-level/data/datasets/WLASL/branch_inputs/skeleton/rtmw_l/normalized/selected_27/nslt100/train/56579.npz,F:/DMV/Recognizing-sign-language-at-the-word-level/data/datasets/WLASL/branch_inputs/skeleton/rtmw_l/graph_tensors/selected_27/nslt100/train/56579.npz,wholebody_133,selected_27,"[0, 5, 6, 7, 8, 9, 10, 93, 95, 97, 99, 101, 103, 105, 107, 109, 111, 114, 116, 118, 120, 122, 124, 126, 128, 130, 132]",61,150,133,27,3,1,"[3, 150, 27, 1]",8.509001731872559,"clip_to_[0,288]x[0,384]_then_scale_to_[-1,1]",ok,,
wlasl:56837,56837,56837,tall,48,train,F:/DMV/Recognizing-sign-language-at-the-word-level/data/datasets/WLASL/pose/rtmw_l/wholebody_133/nslt100/train/56837.npz,F:/DMV/Recognizing-sign-language-at-the-word-level/data/datasets/WLASL/branch_inputs/skeleton/rtmw_l/selected_27/nslt100/train/56837.npz,F:/DMV/Recognizing-sign-language-at-the-word-level/data/datasets/WLASL/branch_inputs/skeleton/rtmw_l/normalized/selected_27/nslt100/train/56837.npz,F:/DMV/Recognizing-sign-language-at-the-word-level/data/datasets/WLASL/branch_inputs/skeleton/rtmw_l/graph_tensors/selected_27/nslt100/train/56837.npz,wholebody_133,selected_27,"[0, 5, 6, 7, 8, 9, 10, 93, 95, 97, 99, 101, 103, 105, 107, 109, 111, 114, 116, 118, 120, 122, 124, 126, 128, 130, 132]",92,150,133,27,3,1,"[3, 150, 27, 1]",8.509001731872559,"clip_to_[0,288]x[0,384]_then_scale_to_[-1,1]",ok,,
wlasl:56838,56838,56838,tall,48,train,F:/DMV/Recognizing-sign-language-at-the-word-level/data/datasets/WLASL/pose/rtmw_l/wholebody_133/nslt100/train/56838.npz,F:/DMV/Recognizing-sign-language-at-the-word-level/data/datasets/WLASL/branch_inputs/skeleton/rtmw_l/selected_27/nslt100/train/56838.npz,F:/DMV/Recognizing-sign-language-at-the-word-level/data/datasets/WLASL/branch_inputs/skeleton/rtmw_l/normalized/selected_27/nslt100/train/56838.npz,F:/DMV/Recognizing-sign-language-at-the-word-level/data/datasets/WLASL/branch_inputs/skeleton/rtmw_l/graph_tensors/selected_27/nslt100/train/56838.npz,wholebody_133,selected_27,"[0, 5, 6, 7, 8, 9, 10, 93, 95, 97, 99, 101, 103, 105, 107, 109, 111, 114, 116, 118, 120, 122, 124, 126, 128, 130, 132]",82,150,133,27,3,1,"[3, 150, 27, 1]",8.509001731872559,"clip_to_[0,288]x[0,384]_then_scale_to_[-1,1]",ok,,
wlasl:56839,56839,56839,tall,48,train,F:/DMV/Recognizing-sign-language-at-the-word-level/data/datasets/WLASL/pose/rtmw_l/wholebody_133/nslt100/train/56839.npz,F:/DMV/Recognizing-sign-language-at-the-word-level/data/datasets/WLASL/branch_inputs/skeleton/rtmw_l/selected_27/nslt100/train/56839.npz,F:/DMV/Recognizing-sign-language-at-the-word-level/data/datasets/WLASL/branch_inputs/skeleton/rtmw_l/normalized/selected_27/nslt100/train/56839.npz,F:/DMV/Recognizing-sign-language-at-the-word-level/data/datasets/WLASL/branch_inputs/skeleton/rtmw_l/graph_tensors/selected_27/nslt100/train/56839.npz,wholebody_133,selected_27,"[0, 5, 6, 7, 8, 9, 10, 93, 95, 97, 99, 101, 103, 105, 107, 109, 111, 114, 116, 118, 120, 122, 124, 126, 128, 130, 132]",38,150,133,27,3,1,"[3, 150, 27, 1]",8.509001731872559,"clip_to_[0,288]x[0,384]_then_scale_to_[-1,1]",ok,,end_frame_clipped_to_video_end
wlasl:56841,56841,56841,tall,48,train,F:/DMV/Recognizing-sign-language-at-the-word-level/data/datasets/WLASL/pose/rtmw_l/wholebody_133/nslt100/train/56841.npz,F:/DMV/Recognizing-sign-language-at-the-word-level/data/datasets/WLASL/branch_inputs/skeleton/rtmw_l/selected_27/nslt100/train/56841.npz,F:/DMV/Recognizing-sign-language-at-the-word-level/data/datasets/WLASL/branch_inputs/skeleton/rtmw_l/normalized/selected_27/nslt100/train/56841.npz,F:/DMV/Recognizing-sign-language-at-the-word-level/data/datasets/WLASL/branch_inputs/skeleton/rtmw_l/graph_tensors/selected_27/nslt100/train/56841.npz,wholebody_133,selected_27,"[0, 5, 6, 7, 8, 9, 10, 93, 95, 97, 99, 101, 103, 105, 107, 109, 111, 114, 116, 118, 120, 122, 124, 126, 128, 130, 132]",40,150,133,27,3,1,"[3, 150, 27, 1]",8.509001731872559,"clip_to_[0,288]x[0,384]_then_scale_to_[-1,1]",ok,,
wlasl:56842,56842,56842,tall,48,train,F:/DMV/Recognizing-sign-language-at-the-word-level/data/datasets/WLASL/pose/rtmw_l/wholebody_133/nslt100/train/56842.npz,F:/DMV/Recognizing-sign-language-at-the-word-level/data/datasets/WLASL/branch_inputs/skeleton/rtmw_l/selected_27/nslt100/train/56842.npz,F:/DMV/Recognizing-sign-language-at-the-word-level/data/datasets/WLASL/branch_inputs/skeleton/rtmw_l/normalized/selected_27/nslt100/train/56842.npz,F:/DMV/Recognizing-sign-language-at-the-word-level/data/datasets/WLASL/branch_inputs/skeleton/rtmw_l/graph_tensors/selected_27/nslt100/train/56842.npz,wholebody_133,selected_27,"[0, 5, 6, 7, 8, 9, 10, 93, 95, 97, 99, 101, 103, 105, 107, 109, 111, 114, 116, 118, 120, 122, 124, 126, 128, 130, 132]",42,150,133,27,3,1,"[3, 150, 27, 1]",8.509001731872559,"clip_to_[0,288]x[0,384]_then_scale_to_[-1,1]",ok,,end_frame_clipped_to_video_end
wlasl:56844,56844,56844,tall,48,train,F:/DMV/Recognizing-sign-language-at-the-word-level/data/datasets/WLASL/pose/rtmw_l/wholebody_133/nslt100/train/56844.npz,F:/DMV/Recognizing-sign-language-at-the-word-level/data/datasets/WLASL/branch_inputs/skeleton/rtmw_l/selected_27/nslt100/train/56844.npz,F:/DMV/Recognizing-sign-language-at-the-word-level/data/datasets/WLASL/branch_inputs/skeleton/rtmw_l/normalized/selected_27/nslt100/train/56844.npz,F:/DMV/Recognizing-sign-language-at-the-word-level/data/datasets/WLASL/branch_inputs/skeleton/rtmw_l/graph_tensors/selected_27/nslt100/train/56844.npz,wholebody_133,selected_27,"[0, 5, 6, 7, 8, 9, 10, 93, 95, 97, 99, 101, 103, 105, 107, 109, 111, 114, 116, 118, 120, 122, 124, 126, 128, 130, 132]",93,150,133,27,3,1,"[3, 150, 27, 1]",8.509001731872559,"clip_to_[0,288]x[0,384]_then_scale_to_[-1,1]",ok,,
wlasl:56846,56846,56846,tall,48,train,F:/DMV/Recognizing-sign-language-at-the-word-level/data/datasets/WLASL/pose/rtmw_l/wholebody_133/nslt100/train/56846.npz,F:/DMV/Recognizing-sign-language-at-the-word-level/data/datasets/WLASL/branch_inputs/skeleton/rtmw_l/selected_27/nslt100/train/56846.npz,F:/DMV/Recognizing-sign-language-at-the-word-level/data/datasets/WLASL/branch_inputs/skeleton/rtmw_l/normalized/selected_27/nslt100/train/56846.npz,F:/DMV/Recognizing-sign-language-at-the-word-level/data/datasets/WLASL/branch_inputs/skeleton/rtmw_l/graph_tensors/selected_27/nslt100/train/56846.npz,wholebody_133,selected_27,"[0, 5, 6, 7, 8, 9, 10, 93, 95, 97, 99, 101, 103, 105, 107, 109, 111, 114, 116, 118, 120, 122, 124, 126, 128, 130, 132]",36,150,133,27,3,1,"[3, 150, 27, 1]",8.509001731872559,"clip_to_[0,288]x[0,384]_then_scale_to_[-1,1]",ok,,
wlasl:56848,56848,56848,tall,48,train,F:/DMV/Recognizing-sign-language-at-the-word-level/data/datasets/WLASL/pose/rtmw_l/wholebody_133/nslt100/train/56848.npz,F:/DMV/Recognizing-sign-language-at-the-word-level/data/datasets/WLASL/branch_inputs/skeleton/rtmw_l/selected_27/nslt100/train/56848.npz,F:/DMV/Recognizing-sign-language-at-the-word-level/data/datasets/WLASL/branch_inputs/skeleton/rtmw_l/normalized/selected_27/nslt100/train/56848.npz,F:/DMV/Recognizing-sign-language-at-the-word-level/data/datasets/WLASL/branch_inputs/skeleton/rtmw_l/graph_tensors/selected_27/nslt100/train/56848.npz,wholebody_133,selected_27,"[0, 5, 6, 7, 8, 9, 10, 93, 95, 97, 99, 101, 103, 105, 107, 109, 111, 114, 116, 118, 120, 122, 124, 126, 128, 130, 132]",31,150,133,27,3,1,"[3, 150, 27, 1]",8.509001731872559,"clip_to_[0,288]x[0,384]_then_scale_to_[-1,1]",ok,,
wlasl:56852,56852,56852,tall,48,train,F:/DMV/Recognizing-sign-language-at-the-word-level/data/datasets/WLASL/pose/rtmw_l/wholebody_133/nslt100/train/56852.npz,F:/DMV/Recognizing-sign-language-at-the-word-level/data/datasets/WLASL/branch_inputs/skeleton/rtmw_l/selected_27/nslt100/train/56852.npz,F:/DMV/Recognizing-sign-language-at-the-word-level/data/datasets/WLASL/branch_inputs/skeleton/rtmw_l/normalized/selected_27/nslt100/train/56852.npz,F:/DMV/Recognizing-sign-language-at-the-word-level/data/datasets/WLASL/branch_inputs/skeleton/rtmw_l/graph_tensors/selected_27/nslt100/train/56852.npz,wholebody_133,selected_27,"[0, 5, 6, 7, 8, 9, 10, 93, 95, 97, 99, 101, 103, 105, 107, 109, 111, 114, 116, 118, 120, 122, 124, 126, 128, 130, 132]",72,150,133,27,3,1,"[3, 150, 27, 1]",8.509001731872559,"clip_to_[0,288]x[0,384]_then_scale_to_[-1,1]",ok,,
wlasl:57276,57276,57276,tell,98,train,F:/DMV/Recognizing-sign-language-at-the-word-level/data/datasets/WLASL/pose/rtmw_l/wholebody_133/nslt100/train/57276.npz,F:/DMV/Recognizing-sign-language-at-the-word-level/data/datasets/WLASL/branch_inputs/skeleton/rtmw_l/selected_27/nslt100/train/57276.npz,F:/DMV/Recognizing-sign-language-at-the-word-level/data/datasets/WLASL/branch_inputs/skeleton/rtmw_l/normalized/selected_27/nslt100/train/57276.npz,F:/DMV/Recognizing-sign-language-at-the-word-level/data/datasets/WLASL/branch_inputs/skeleton/rtmw_l/graph_tensors/selected_27/nslt100/train/57276.npz,wholebody_133,selected_27,"[0, 5, 6, 7, 8, 9, 10, 93, 95, 97, 99, 101, 103, 105, 107, 109, 111, 114, 116, 118, 120, 122, 124, 126, 128, 130, 132]",93,150,133,27,3,1,"[3, 150, 27, 1]",8.509001731872559,"clip_to_[0,288]x[0,384]_then_scale_to_[-1,1]",ok,,end_frame_clipped_to_video_end
wlasl:57277,57277,57277,tell,98,train,F:/DMV/Recognizing-sign-language-at-the-word-level/data/datasets/WLASL/pose/rtmw_l/wholebody_133/nslt100/train/57277.npz,F:/DMV/Recognizing-sign-language-at-the-word-level/data/datasets/WLASL/branch_inputs/skeleton/rtmw_l/selected_27/nslt100/train/57277.npz,F:/DMV/Recognizing-sign-language-at-the-word-level/data/datasets/WLASL/branch_inputs/skeleton/rtmw_l/normalized/selected_27/nslt100/train/57277.npz,F:/DMV/Recognizing-sign-language-at-the-word-level/data/datasets/WLASL/branch_inputs/skeleton/rtmw_l/graph_tensors/selected_27/nslt100/train/57277.npz,wholebody_133,selected_27,"[0, 5, 6, 7, 8, 9, 10, 93, 95, 97, 99, 101, 103, 105, 107, 109, 111, 114, 116, 118, 120, 122, 124, 126, 128, 130, 132]",37,150,133,27,3,1,"[3, 150, 27, 1]",8.509001731872559,"clip_to_[0,288]x[0,384]_then_scale_to_[-1,1]",ok,,end_frame_clipped_to_video_end
wlasl:05728,5728,5728,before,3,train,F:/DMV/Recognizing-sign-language-at-the-word-level/data/datasets/WLASL/pose/rtmw_l/wholebody_133/nslt100/train/5728.npz,F:/DMV/Recognizing-sign-language-at-the-word-level/data/datasets/WLASL/branch_inputs/skeleton/rtmw_l/selected_27/nslt100/train/5728.npz,F:/DMV/Recognizing-sign-language-at-the-word-level/data/datasets/WLASL/branch_inputs/skeleton/rtmw_l/normalized/selected_27/nslt100/train/5728.npz,F:/DMV/Recognizing-sign-language-at-the-word-level/data/datasets/WLASL/branch_inputs/skeleton/rtmw_l/graph_tensors/selected_27/nslt100/train/5728.npz,wholebody_133,selected_27,"[0, 5, 6, 7, 8, 9, 10, 93, 95, 97, 99, 101, 103, 105, 107, 109, 111, 114, 116, 118, 120, 122, 124, 126, 128, 130, 132]",25,150,133,27,3,1,"[3, 150, 27, 1]",8.509001731872559,"clip_to_[0,288]x[0,384]_then_scale_to_[-1,1]",ok,,end_frame_clipped_to_video_end
wlasl:57283,57283,57283,tell,98,train,F:/DMV/Recognizing-sign-language-at-the-word-level/data/datasets/WLASL/pose/rtmw_l/wholebody_133/nslt100/train/57283.npz,F:/DMV/Recognizing-sign-language-at-the-word-level/data/datasets/WLASL/branch_inputs/skeleton/rtmw_l/selected_27/nslt100/train/57283.npz,F:/DMV/Recognizing-sign-language-at-the-word-level/data/datasets/WLASL/branch_inputs/skeleton/rtmw_l/normalized/selected_27/nslt100/train/57283.npz,F:/DMV/Recognizing-sign-language-at-the-word-level/data/datasets/WLASL/branch_inputs/skeleton/rtmw_l/graph_tensors/selected_27/nslt100/train/57283.npz,wholebody_133,selected_27,"[0, 5, 6, 7, 8, 9, 10, 93, 95, 97, 99, 101, 103, 105, 107, 109, 111, 114, 116, 118, 120, 122, 124, 126, 128, 130, 132]",48,150,133,27,3,1,"[3, 150, 27, 1]",8.509001731872559,"clip_to_[0,288]x[0,384]_then_scale_to_[-1,1]",ok,,
wlasl:57284,57284,57284,tell,98,train,F:/DMV/Recognizing-sign-language-at-the-word-level/data/datasets/WLASL/pose/rtmw_l/wholebody_133/nslt100/train/57284.npz,F:/DMV/Recognizing-sign-language-at-the-word-level/data/datasets/WLASL/branch_inputs/skeleton/rtmw_l/selected_27/nslt100/train/57284.npz,F:/DMV/Recognizing-sign-language-at-the-word-level/data/datasets/WLASL/branch_inputs/skeleton/rtmw_l/normalized/selected_27/nslt100/train/57284.npz,F:/DMV/Recognizing-sign-language-at-the-word-level/data/datasets/WLASL/branch_inputs/skeleton/rtmw_l/graph_tensors/selected_27/nslt100/train/57284.npz,wholebody_133,selected_27,"[0, 5, 6, 7, 8, 9, 10, 93, 95, 97, 99, 101, 103, 105, 107, 109, 111, 114, 116, 118, 120, 122, 124, 126, 128, 130, 132]",38,150,133,27,3,1,"[3, 150, 27, 1]",8.509001731872559,"clip_to_[0,288]x[0,384]_then_scale_to_[-1,1]",ok,,
wlasl:57286,57286,57286,tell,98,train,F:/DMV/Recognizing-sign-language-at-the-word-level/data/datasets/WLASL/pose/rtmw_l/wholebody_133/nslt100/train/57286.npz,F:/DMV/Recognizing-sign-language-at-the-word-level/data/datasets/WLASL/branch_inputs/skeleton/rtmw_l/selected_27/nslt100/train/57286.npz,F:/DMV/Recognizing-sign-language-at-the-word-level/data/datasets/WLASL/branch_inputs/skeleton/rtmw_l/normalized/selected_27/nslt100/train/57286.npz,F:/DMV/Recognizing-sign-language-at-the-word-level/data/datasets/WLASL/branch_inputs/skeleton/rtmw_l/graph_tensors/selected_27/nslt100/train/57286.npz,wholebody_133,selected_27,"[0, 5, 6, 7, 8, 9, 10, 93, 95, 97, 99, 101, 103, 105, 107, 109, 111, 114, 116, 118, 120, 122, 124, 126, 128, 130, 132]",35,150,133,27,3,1,"[3, 150, 27, 1]",8.509001731872559,"clip_to_[0,288]x[0,384]_then_scale_to_[-1,1]",ok,,
wlasl:57287,57287,57287,tell,98,train,F:/DMV/Recognizing-sign-language-at-the-word-level/data/datasets/WLASL/pose/rtmw_l/wholebody_133/nslt100/train/57287.npz,F:/DMV/Recognizing-sign-language-at-the-word-level/data/datasets/WLASL/branch_inputs/skeleton/rtmw_l/selected_27/nslt100/train/57287.npz,F:/DMV/Recognizing-sign-language-at-the-word-level/data/datasets/WLASL/branch_inputs/skeleton/rtmw_l/normalized/selected_27/nslt100/train/57287.npz,F:/DMV/Recognizing-sign-language-at-the-word-level/data/datasets/WLASL/branch_inputs/skeleton/rtmw_l/graph_tensors/selected_27/nslt100/train/57287.npz,wholebody_133,selected_27,"[0, 5, 6, 7, 8, 9, 10, 93, 95, 97, 99, 101, 103, 105, 107, 109, 111, 114, 116, 118, 120, 122, 124, 126, 128, 130, 132]",35,150,133,27,3,1,"[3, 150, 27, 1]",8.509001731872559,"clip_to_[0,288]x[0,384]_then_scale_to_[-1,1]",ok,,
wlasl:05729,5729,5729,before,3,train,F:/DMV/Recognizing-sign-language-at-the-word-level/data/datasets/WLASL/pose/rtmw_l/wholebody_133/nslt100/train/5729.npz,F:/DMV/Recognizing-sign-language-at-the-word-level/data/datasets/WLASL/branch_inputs/skeleton/rtmw_l/selected_27/nslt100/train/5729.npz,F:/DMV/Recognizing-sign-language-at-the-word-level/data/datasets/WLASL/branch_inputs/skeleton/rtmw_l/normalized/selected_27/nslt100/train/5729.npz,F:/DMV/Recognizing-sign-language-at-the-word-level/data/datasets/WLASL/branch_inputs/skeleton/rtmw_l/graph_tensors/selected_27/nslt100/train/5729.npz,wholebody_133,selected_27,"[0, 5, 6, 7, 8, 9, 10, 93, 95, 97, 99, 101, 103, 105, 107, 109, 111, 114, 116, 118, 120, 122, 124, 126, 128, 130, 132]",45,150,133,27,3,1,"[3, 150, 27, 1]",8.509001731872559,"clip_to_[0,288]x[0,384]_then_scale_to_[-1,1]",ok,,
wlasl:57291,57291,57291,tell,98,train,F:/DMV/Recognizing-sign-language-at-the-word-level/data/datasets/WLASL/pose/rtmw_l/wholebody_133/nslt100/train/57291.npz,F:/DMV/Recognizing-sign-language-at-the-word-level/data/datasets/WLASL/branch_inputs/skeleton/rtmw_l/selected_27/nslt100/train/57291.npz,F:/DMV/Recognizing-sign-language-at-the-word-level/data/datasets/WLASL/branch_inputs/skeleton/rtmw_l/normalized/selected_27/nslt100/train/57291.npz,F:/DMV/Recognizing-sign-language-at-the-word-level/data/datasets/WLASL/branch_inputs/skeleton/rtmw_l/graph_tensors/selected_27/nslt100/train/57291.npz,wholebody_133,selected_27,"[0, 5, 6, 7, 8, 9, 10, 93, 95, 97, 99, 101, 103, 105, 107, 109, 111, 114, 116, 118, 120, 122, 124, 126, 128, 130, 132]",70,150,133,27,3,1,"[3, 150, 27, 1]",8.509001731872559,"clip_to_[0,288]x[0,384]_then_scale_to_[-1,1]",ok,,
wlasl:05730,5730,5730,before,3,train,F:/DMV/Recognizing-sign-language-at-the-word-level/data/datasets/WLASL/pose/rtmw_l/wholebody_133/nslt100/train/5730.npz,F:/DMV/Recognizing-sign-language-at-the-word-level/data/datasets/WLASL/branch_inputs/skeleton/rtmw_l/selected_27/nslt100/train/5730.npz,F:/DMV/Recognizing-sign-language-at-the-word-level/data/datasets/WLASL/branch_inputs/skeleton/rtmw_l/normalized/selected_27/nslt100/train/5730.npz,F:/DMV/Recognizing-sign-language-at-the-word-level/data/datasets/WLASL/branch_inputs/skeleton/rtmw_l/graph_tensors/selected_27/nslt100/train/5730.npz,wholebody_133,selected_27,"[0, 5, 6, 7, 8, 9, 10, 93, 95, 97, 99, 101, 103, 105, 107, 109, 111, 114, 116, 118, 120, 122, 124, 126, 128, 130, 132]",30,150,133,27,3,1,"[3, 150, 27, 1]",8.509001731872559,"clip_to_[0,288]x[0,384]_then_scale_to_[-1,1]",ok,,end_frame_clipped_to_video_end
wlasl:05731,5731,5731,before,3,train,F:/DMV/Recognizing-sign-language-at-the-word-level/data/datasets/WLASL/pose/rtmw_l/wholebody_133/nslt100/train/5731.npz,F:/DMV/Recognizing-sign-language-at-the-word-level/data/datasets/WLASL/branch_inputs/skeleton/rtmw_l/selected_27/nslt100/train/5731.npz,F:/DMV/Recognizing-sign-language-at-the-word-level/data/datasets/WLASL/branch_inputs/skeleton/rtmw_l/normalized/selected_27/nslt100/train/5731.npz,F:/DMV/Recognizing-sign-language-at-the-word-level/data/datasets/WLASL/branch_inputs/skeleton/rtmw_l/graph_tensors/selected_27/nslt100/train/5731.npz,wholebody_133,selected_27,"[0, 5, 6, 7, 8, 9, 10, 93, 95, 97, 99, 101, 103, 105, 107, 109, 111, 114, 116, 118, 120, 122, 124, 126, 128, 130, 132]",44,150,133,27,3,1,"[3, 150, 27, 1]",8.509001731872559,"clip_to_[0,288]x[0,384]_then_scale_to_[-1,1]",ok,,end_frame_clipped_to_video_end
wlasl:05732,5732,5732,before,3,train,F:/DMV/Recognizing-sign-language-at-the-word-level/data/datasets/WLASL/pose/rtmw_l/wholebody_133/nslt100/train/5732.npz,F:/DMV/Recognizing-sign-language-at-the-word-level/data/datasets/WLASL/branch_inputs/skeleton/rtmw_l/selected_27/nslt100/train/5732.npz,F:/DMV/Recognizing-sign-language-at-the-word-level/data/datasets/WLASL/branch_inputs/skeleton/rtmw_l/normalized/selected_27/nslt100/train/5732.npz,F:/DMV/Recognizing-sign-language-at-the-word-level/data/datasets/WLASL/branch_inputs/skeleton/rtmw_l/graph_tensors/selected_27/nslt100/train/5732.npz,wholebody_133,selected_27,"[0, 5, 6, 7, 8, 9, 10, 93, 95, 97, 99, 101, 103, 105, 107, 109, 111, 114, 116, 118, 120, 122, 124, 126, 128, 130, 132]",73,150,133,27,3,1,"[3, 150, 27, 1]",8.509001731872559,"clip_to_[0,288]x[0,384]_then_scale_to_[-1,1]",ok,,
wlasl:05733,5733,5733,before,3,train,F:/DMV/Recognizing-sign-language-at-the-word-level/data/datasets/WLASL/pose/rtmw_l/wholebody_133/nslt100/train/5733.npz,F:/DMV/Recognizing-sign-language-at-the-word-level/data/datasets/WLASL/branch_inputs/skeleton/rtmw_l/selected_27/nslt100/train/5733.npz,F:/DMV/Recognizing-sign-language-at-the-word-level/data/datasets/WLASL/branch_inputs/skeleton/rtmw_l/normalized/selected_27/nslt100/train/5733.npz,F:/DMV/Recognizing-sign-language-at-the-word-level/data/datasets/WLASL/branch_inputs/skeleton/rtmw_l/graph_tensors/selected_27/nslt100/train/5733.npz,wholebody_133,selected_27,"[0, 5, 6, 7, 8, 9, 10, 93, 95, 97, 99, 101, 103, 105, 107, 109, 111, 114, 116, 118, 120, 122, 124, 126, 128, 130, 132]",92,150,133,27,3,1,"[3, 150, 27, 1]",8.509001731872559,"clip_to_[0,288]x[0,384]_then_scale_to_[-1,1]",ok,,
wlasl:05734,5734,5734,before,3,train,F:/DMV/Recognizing-sign-language-at-the-word-level/data/datasets/WLASL/pose/rtmw_l/wholebody_133/nslt100/train/5734.npz,F:/DMV/Recognizing-sign-language-at-the-word-level/data/datasets/WLASL/branch_inputs/skeleton/rtmw_l/selected_27/nslt100/train/5734.npz,F:/DMV/Recognizing-sign-language-at-the-word-level/data/datasets/WLASL/branch_inputs/skeleton/rtmw_l/normalized/selected_27/nslt100/train/5734.npz,F:/DMV/Recognizing-sign-language-at-the-word-level/data/datasets/WLASL/branch_inputs/skeleton/rtmw_l/graph_tensors/selected_27/nslt100/train/5734.npz,wholebody_133,selected_27,"[0, 5, 6, 7, 8, 9, 10, 93, 95, 97, 99, 101, 103, 105, 107, 109, 111, 114, 116, 118, 120, 122, 124, 126, 128, 130, 132]",69,150,133,27,3,1,"[3, 150, 27, 1]",8.509001731872559,"clip_to_[0,288]x[0,384]_then_scale_to_[-1,1]",ok,,
wlasl:05740,5740,5740,before,3,train,F:/DMV/Recognizing-sign-language-at-the-word-level/data/datasets/WLASL/pose/rtmw_l/wholebody_133/nslt100/train/5740.npz,F:/DMV/Recognizing-sign-language-at-the-word-level/data/datasets/WLASL/branch_inputs/skeleton/rtmw_l/selected_27/nslt100/train/5740.npz,F:/DMV/Recognizing-sign-language-at-the-word-level/data/datasets/WLASL/branch_inputs/skeleton/rtmw_l/normalized/selected_27/nslt100/train/5740.npz,F:/DMV/Recognizing-sign-language-at-the-word-level/data/datasets/WLASL/branch_inputs/skeleton/rtmw_l/graph_tensors/selected_27/nslt100/train/5740.npz,wholebody_133,selected_27,"[0, 5, 6, 7, 8, 9, 10, 93, 95, 97, 99, 101, 103, 105, 107, 109, 111, 114, 116, 118, 120, 122, 124, 126, 128, 130, 132]",42,150,133,27,3,1,"[3, 150, 27, 1]",8.509001731872559,"clip_to_[0,288]x[0,384]_then_scale_to_[-1,1]",ok,,
wlasl:05742,5742,5742,before,3,train,F:/DMV/Recognizing-sign-language-at-the-word-level/data/datasets/WLASL/pose/rtmw_l/wholebody_133/nslt100/train/5742.npz,F:/DMV/Recognizing-sign-language-at-the-word-level/data/datasets/WLASL/branch_inputs/skeleton/rtmw_l/selected_27/nslt100/train/5742.npz,F:/DMV/Recognizing-sign-language-at-the-word-level/data/datasets/WLASL/branch_inputs/skeleton/rtmw_l/normalized/selected_27/nslt100/train/5742.npz,F:/DMV/Recognizing-sign-language-at-the-word-level/data/datasets/WLASL/branch_inputs/skeleton/rtmw_l/graph_tensors/selected_27/nslt100/train/5742.npz,wholebody_133,selected_27,"[0, 5, 6, 7, 8, 9, 10, 93, 95, 97, 99, 101, 103, 105, 107, 109, 111, 114, 116, 118, 120, 122, 124, 126, 128, 130, 132]",25,150,133,27,3,1,"[3, 150, 27, 1]",8.509001731872559,"clip_to_[0,288]x[0,384]_then_scale_to_[-1,1]",ok,,
wlasl:05743,5743,5743,before,3,train,F:/DMV/Recognizing-sign-language-at-the-word-level/data/datasets/WLASL/pose/rtmw_l/wholebody_133/nslt100/train/5743.npz,F:/DMV/Recognizing-sign-language-at-the-word-level/data/datasets/WLASL/branch_inputs/skeleton/rtmw_l/selected_27/nslt100/train/5743.npz,F:/DMV/Recognizing-sign-language-at-the-word-level/data/datasets/WLASL/branch_inputs/skeleton/rtmw_l/normalized/selected_27/nslt100/train/5743.npz,F:/DMV/Recognizing-sign-language-at-the-word-level/data/datasets/WLASL/branch_inputs/skeleton/rtmw_l/graph_tensors/selected_27/nslt100/train/5743.npz,wholebody_133,selected_27,"[0, 5, 6, 7, 8, 9, 10, 93, 95, 97, 99, 101, 103, 105, 107, 109, 111, 114, 116, 118, 120, 122, 124, 126, 128, 130, 132]",41,150,133,27,3,1,"[3, 150, 27, 1]",8.509001731872559,"clip_to_[0,288]x[0,384]_then_scale_to_[-1,1]",ok,,
wlasl:05749,5749,5749,before,3,train,F:/DMV/Recognizing-sign-language-at-the-word-level/data/datasets/WLASL/pose/rtmw_l/wholebody_133/nslt100/train/5749.npz,F:/DMV/Recognizing-sign-language-at-the-word-level/data/datasets/WLASL/branch_inputs/skeleton/rtmw_l/selected_27/nslt100/train/5749.npz,F:/DMV/Recognizing-sign-language-at-the-word-level/data/datasets/WLASL/branch_inputs/skeleton/rtmw_l/normalized/selected_27/nslt100/train/5749.npz,F:/DMV/Recognizing-sign-language-at-the-word-level/data/datasets/WLASL/branch_inputs/skeleton/rtmw_l/graph_tensors/selected_27/nslt100/train/5749.npz,wholebody_133,selected_27,"[0, 5, 6, 7, 8, 9, 10, 93, 95, 97, 99, 101, 103, 105, 107, 109, 111, 114, 116, 118, 120, 122, 124, 126, 128, 130, 132]",77,150,133,27,3,1,"[3, 150, 27, 1]",8.509001731872559,"clip_to_[0,288]x[0,384]_then_scale_to_[-1,1]",ok,,
wlasl:57630,57630,57630,thanksgiving,29,train,F:/DMV/Recognizing-sign-language-at-the-word-level/data/datasets/WLASL/pose/rtmw_l/wholebody_133/nslt100/train/57630.npz,F:/DMV/Recognizing-sign-language-at-the-word-level/data/datasets/WLASL/branch_inputs/skeleton/rtmw_l/selected_27/nslt100/train/57630.npz,F:/DMV/Recognizing-sign-language-at-the-word-level/data/datasets/WLASL/branch_inputs/skeleton/rtmw_l/normalized/selected_27/nslt100/train/57630.npz,F:/DMV/Recognizing-sign-language-at-the-word-level/data/datasets/WLASL/branch_inputs/skeleton/rtmw_l/graph_tensors/selected_27/nslt100/train/57630.npz,wholebody_133,selected_27,"[0, 5, 6, 7, 8, 9, 10, 93, 95, 97, 99, 101, 103, 105, 107, 109, 111, 114, 116, 118, 120, 122, 124, 126, 128, 130, 132]",58,150,133,27,3,1,"[3, 150, 27, 1]",8.509001731872559,"clip_to_[0,288]x[0,384]_then_scale_to_[-1,1]",ok,,
wlasl:57631,57631,57631,thanksgiving,29,train,F:/DMV/Recognizing-sign-language-at-the-word-level/data/datasets/WLASL/pose/rtmw_l/wholebody_133/nslt100/train/57631.npz,F:/DMV/Recognizing-sign-language-at-the-word-level/data/datasets/WLASL/branch_inputs/skeleton/rtmw_l/selected_27/nslt100/train/57631.npz,F:/DMV/Recognizing-sign-language-at-the-word-level/data/datasets/WLASL/branch_inputs/skeleton/rtmw_l/normalized/selected_27/nslt100/train/57631.npz,F:/DMV/Recognizing-sign-language-at-the-word-level/data/datasets/WLASL/branch_inputs/skeleton/rtmw_l/graph_tensors/selected_27/nslt100/train/57631.npz,wholebody_133,selected_27,"[0, 5, 6, 7, 8, 9, 10, 93, 95, 97, 99, 101, 103, 105, 107, 109, 111, 114, 116, 118, 120, 122, 124, 126, 128, 130, 132]",58,150,133,27,3,1,"[3, 150, 27, 1]",8.509001731872559,"clip_to_[0,288]x[0,384]_then_scale_to_[-1,1]",ok,,
wlasl:57632,57632,57632,thanksgiving,29,train,F:/DMV/Recognizing-sign-language-at-the-word-level/data/datasets/WLASL/pose/rtmw_l/wholebody_133/nslt100/train/57632.npz,F:/DMV/Recognizing-sign-language-at-the-word-level/data/datasets/WLASL/branch_inputs/skeleton/rtmw_l/selected_27/nslt100/train/57632.npz,F:/DMV/Recognizing-sign-language-at-the-word-level/data/datasets/WLASL/branch_inputs/skeleton/rtmw_l/normalized/selected_27/nslt100/train/57632.npz,F:/DMV/Recognizing-sign-language-at-the-word-level/data/datasets/WLASL/branch_inputs/skeleton/rtmw_l/graph_tensors/selected_27/nslt100/train/57632.npz,wholebody_133,selected_27,"[0, 5, 6, 7, 8, 9, 10, 93, 95, 97, 99, 101, 103, 105, 107, 109, 111, 114, 116, 118, 120, 122, 124, 126, 128, 130, 132]",19,150,133,27,3,1,"[3, 150, 27, 1]",8.509001731872559,"clip_to_[0,288]x[0,384]_then_scale_to_[-1,1]",ok,,end_frame_clipped_to_video_end
wlasl:57633,57633,57633,thanksgiving,29,train,F:/DMV/Recognizing-sign-language-at-the-word-level/data/datasets/WLASL/pose/rtmw_l/wholebody_133/nslt100/train/57633.npz,F:/DMV/Recognizing-sign-language-at-the-word-level/data/datasets/WLASL/branch_inputs/skeleton/rtmw_l/selected_27/nslt100/train/57633.npz,F:/DMV/Recognizing-sign-language-at-the-word-level/data/datasets/WLASL/branch_inputs/skeleton/rtmw_l/normalized/selected_27/nslt100/train/57633.npz,F:/DMV/Recognizing-sign-language-at-the-word-level/data/datasets/WLASL/branch_inputs/skeleton/rtmw_l/graph_tensors/selected_27/nslt100/train/57633.npz,wholebody_133,selected_27,"[0, 5, 6, 7, 8, 9, 10, 93, 95, 97, 99, 101, 103, 105, 107, 109, 111, 114, 116, 118, 120, 122, 124, 126, 128, 130, 132]",74,150,133,27,3,1,"[3, 150, 27, 1]",8.509001731872559,"clip_to_[0,288]x[0,384]_then_scale_to_[-1,1]",ok,,
wlasl:57634,57634,57634,thanksgiving,29,train,F:/DMV/Recognizing-sign-language-at-the-word-level/data/datasets/WLASL/pose/rtmw_l/wholebody_133/nslt100/train/57634.npz,F:/DMV/Recognizing-sign-language-at-the-word-level/data/datasets/WLASL/branch_inputs/skeleton/rtmw_l/selected_27/nslt100/train/57634.npz,F:/DMV/Recognizing-sign-language-at-the-word-level/data/datasets/WLASL/branch_inputs/skeleton/rtmw_l/normalized/selected_27/nslt100/train/57634.npz,F:/DMV/Recognizing-sign-language-at-the-word-level/data/datasets/WLASL/branch_inputs/skeleton/rtmw_l/graph_tensors/selected_27/nslt100/train/57634.npz,wholebody_133,selected_27,"[0, 5, 6, 7, 8, 9, 10, 93, 95, 97, 99, 101, 103, 105, 107, 109, 111, 114, 116, 118, 120, 122, 124, 126, 128, 130, 132]",51,150,133,27,3,1,"[3, 150, 27, 1]",8.509001731872559,"clip_to_[0,288]x[0,384]_then_scale_to_[-1,1]",ok,,
wlasl:57635,57635,57635,thanksgiving,29,train,F:/DMV/Recognizing-sign-language-at-the-word-level/data/datasets/WLASL/pose/rtmw_l/wholebody_133/nslt100/train/57635.npz,F:/DMV/Recognizing-sign-language-at-the-word-level/data/datasets/WLASL/branch_inputs/skeleton/rtmw_l/selected_27/nslt100/train/57635.npz,F:/DMV/Recognizing-sign-language-at-the-word-level/data/datasets/WLASL/branch_inputs/skeleton/rtmw_l/normalized/selected_27/nslt100/train/57635.npz,F:/DMV/Recognizing-sign-language-at-the-word-level/data/datasets/WLASL/branch_inputs/skeleton/rtmw_l/graph_tensors/selected_27/nslt100/train/57635.npz,wholebody_133,selected_27,"[0, 5, 6, 7, 8, 9, 10, 93, 95, 97, 99, 101, 103, 105, 107, 109, 111, 114, 116, 118, 120, 122, 124, 126, 128, 130, 132]",72,150,133,27,3,1,"[3, 150, 27, 1]",8.509001731872559,"clip_to_[0,288]x[0,384]_then_scale_to_[-1,1]",ok,,
wlasl:57638,57638,57638,thanksgiving,29,train,F:/DMV/Recognizing-sign-language-at-the-word-level/data/datasets/WLASL/pose/rtmw_l/wholebody_133/nslt100/train/57638.npz,F:/DMV/Recognizing-sign-language-at-the-word-level/data/datasets/WLASL/branch_inputs/skeleton/rtmw_l/selected_27/nslt100/train/57638.npz,F:/DMV/Recognizing-sign-language-at-the-word-level/data/datasets/WLASL/branch_inputs/skeleton/rtmw_l/normalized/selected_27/nslt100/train/57638.npz,F:/DMV/Recognizing-sign-language-at-the-word-level/data/datasets/WLASL/branch_inputs/skeleton/rtmw_l/graph_tensors/selected_27/nslt100/train/57638.npz,wholebody_133,selected_27,"[0, 5, 6, 7, 8, 9, 10, 93, 95, 97, 99, 101, 103, 105, 107, 109, 111, 114, 116, 118, 120, 122, 124, 126, 128, 130, 132]",50,150,133,27,3,1,"[3, 150, 27, 1]",8.509001731872559,"clip_to_[0,288]x[0,384]_then_scale_to_[-1,1]",ok,,
wlasl:57641,57641,57641,thanksgiving,29,train,F:/DMV/Recognizing-sign-language-at-the-word-level/data/datasets/WLASL/pose/rtmw_l/wholebody_133/nslt100/train/57641.npz,F:/DMV/Recognizing-sign-language-at-the-word-level/data/datasets/WLASL/branch_inputs/skeleton/rtmw_l/selected_27/nslt100/train/57641.npz,F:/DMV/Recognizing-sign-language-at-the-word-level/data/datasets/WLASL/branch_inputs/skeleton/rtmw_l/normalized/selected_27/nslt100/train/57641.npz,F:/DMV/Recognizing-sign-language-at-the-word-level/data/datasets/WLASL/branch_inputs/skeleton/rtmw_l/graph_tensors/selected_27/nslt100/train/57641.npz,wholebody_133,selected_27,"[0, 5, 6, 7, 8, 9, 10, 93, 95, 97, 99, 101, 103, 105, 107, 109, 111, 114, 116, 118, 120, 122, 124, 126, 128, 130, 132]",26,150,133,27,3,1,"[3, 150, 27, 1]",8.509001731872559,"clip_to_[0,288]x[0,384]_then_scale_to_[-1,1]",ok,,
wlasl:57647,57647,57647,thanksgiving,29,train,F:/DMV/Recognizing-sign-language-at-the-word-level/data/datasets/WLASL/pose/rtmw_l/wholebody_133/nslt100/train/57647.npz,F:/DMV/Recognizing-sign-language-at-the-word-level/data/datasets/WLASL/branch_inputs/skeleton/rtmw_l/selected_27/nslt100/train/57647.npz,F:/DMV/Recognizing-sign-language-at-the-word-level/data/datasets/WLASL/branch_inputs/skeleton/rtmw_l/normalized/selected_27/nslt100/train/57647.npz,F:/DMV/Recognizing-sign-language-at-the-word-level/data/datasets/WLASL/branch_inputs/skeleton/rtmw_l/graph_tensors/selected_27/nslt100/train/57647.npz,wholebody_133,selected_27,"[0, 5, 6, 7, 8, 9, 10, 93, 95, 97, 99, 101, 103, 105, 107, 109, 111, 114, 116, 118, 120, 122, 124, 126, 128, 130, 132]",71,150,133,27,3,1,"[3, 150, 27, 1]",8.509001731872559,"clip_to_[0,288]x[0,384]_then_scale_to_[-1,1]",ok,,
wlasl:57934,57934,57934,thin,14,train,F:/DMV/Recognizing-sign-language-at-the-word-level/data/datasets/WLASL/pose/rtmw_l/wholebody_133/nslt100/train/57934.npz,F:/DMV/Recognizing-sign-language-at-the-word-level/data/datasets/WLASL/branch_inputs/skeleton/rtmw_l/selected_27/nslt100/train/57934.npz,F:/DMV/Recognizing-sign-language-at-the-word-level/data/datasets/WLASL/branch_inputs/skeleton/rtmw_l/normalized/selected_27/nslt100/train/57934.npz,F:/DMV/Recognizing-sign-language-at-the-word-level/data/datasets/WLASL/branch_inputs/skeleton/rtmw_l/graph_tensors/selected_27/nslt100/train/57934.npz,wholebody_133,selected_27,"[0, 5, 6, 7, 8, 9, 10, 93, 95, 97, 99, 101, 103, 105, 107, 109, 111, 114, 116, 118, 120, 122, 124, 126, 128, 130, 132]",77,150,133,27,3,1,"[3, 150, 27, 1]",8.509001731872559,"clip_to_[0,288]x[0,384]_then_scale_to_[-1,1]",ok,,
wlasl:57935,57935,57935,thin,14,train,F:/DMV/Recognizing-sign-language-at-the-word-level/data/datasets/WLASL/pose/rtmw_l/wholebody_133/nslt100/train/57935.npz,F:/DMV/Recognizing-sign-language-at-the-word-level/data/datasets/WLASL/branch_inputs/skeleton/rtmw_l/selected_27/nslt100/train/57935.npz,F:/DMV/Recognizing-sign-language-at-the-word-level/data/datasets/WLASL/branch_inputs/skeleton/rtmw_l/normalized/selected_27/nslt100/train/57935.npz,F:/DMV/Recognizing-sign-language-at-the-word-level/data/datasets/WLASL/branch_inputs/skeleton/rtmw_l/graph_tensors/selected_27/nslt100/train/57935.npz,wholebody_133,selected_27,"[0, 5, 6, 7, 8, 9, 10, 93, 95, 97, 99, 101, 103, 105, 107, 109, 111, 114, 116, 118, 120, 122, 124, 126, 128, 130, 132]",77,150,133,27,3,1,"[3, 150, 27, 1]",8.509001731872559,"clip_to_[0,288]x[0,384]_then_scale_to_[-1,1]",ok,,
wlasl:57936,57936,57936,thin,14,train,F:/DMV/Recognizing-sign-language-at-the-word-level/data/datasets/WLASL/pose/rtmw_l/wholebody_133/nslt100/train/57936.npz,F:/DMV/Recognizing-sign-language-at-the-word-level/data/datasets/WLASL/branch_inputs/skeleton/rtmw_l/selected_27/nslt100/train/57936.npz,F:/DMV/Recognizing-sign-language-at-the-word-level/data/datasets/WLASL/branch_inputs/skeleton/rtmw_l/normalized/selected_27/nslt100/train/57936.npz,F:/DMV/Recognizing-sign-language-at-the-word-level/data/datasets/WLASL/branch_inputs/skeleton/rtmw_l/graph_tensors/selected_27/nslt100/train/57936.npz,wholebody_133,selected_27,"[0, 5, 6, 7, 8, 9, 10, 93, 95, 97, 99, 101, 103, 105, 107, 109, 111, 114, 116, 118, 120, 122, 124, 126, 128, 130, 132]",28,150,133,27,3,1,"[3, 150, 27, 1]",8.509001731872559,"clip_to_[0,288]x[0,384]_then_scale_to_[-1,1]",ok,,end_frame_clipped_to_video_end
wlasl:57937,57937,57937,thin,14,train,F:/DMV/Recognizing-sign-language-at-the-word-level/data/datasets/WLASL/pose/rtmw_l/wholebody_133/nslt100/train/57937.npz,F:/DMV/Recognizing-sign-language-at-the-word-level/data/datasets/WLASL/branch_inputs/skeleton/rtmw_l/selected_27/nslt100/train/57937.npz,F:/DMV/Recognizing-sign-language-at-the-word-level/data/datasets/WLASL/branch_inputs/skeleton/rtmw_l/normalized/selected_27/nslt100/train/57937.npz,F:/DMV/Recognizing-sign-language-at-the-word-level/data/datasets/WLASL/branch_inputs/skeleton/rtmw_l/graph_tensors/selected_27/nslt100/train/57937.npz,wholebody_133,selected_27,"[0, 5, 6, 7, 8, 9, 10, 93, 95, 97, 99, 101, 103, 105, 107, 109, 111, 114, 116, 118, 120, 122, 124, 126, 128, 130, 132]",28,150,133,27,3,1,"[3, 150, 27, 1]",8.509001731872559,"clip_to_[0,288]x[0,384]_then_scale_to_[-1,1]",ok,,
wlasl:57939,57939,57939,thin,14,train,F:/DMV/Recognizing-sign-language-at-the-word-level/data/datasets/WLASL/pose/rtmw_l/wholebody_133/nslt100/train/57939.npz,F:/DMV/Recognizing-sign-language-at-the-word-level/data/datasets/WLASL/branch_inputs/skeleton/rtmw_l/selected_27/nslt100/train/57939.npz,F:/DMV/Recognizing-sign-language-at-the-word-level/data/datasets/WLASL/branch_inputs/skeleton/rtmw_l/normalized/selected_27/nslt100/train/57939.npz,F:/DMV/Recognizing-sign-language-at-the-word-level/data/datasets/WLASL/branch_inputs/skeleton/rtmw_l/graph_tensors/selected_27/nslt100/train/57939.npz,wholebody_133,selected_27,"[0, 5, 6, 7, 8, 9, 10, 93, 95, 97, 99, 101, 103, 105, 107, 109, 111, 114, 116, 118, 120, 122, 124, 126, 128, 130, 132]",33,150,133,27,3,1,"[3, 150, 27, 1]",8.509001731872559,"clip_to_[0,288]x[0,384]_then_scale_to_[-1,1]",ok,,
wlasl:57940,57940,57940,thin,14,train,F:/DMV/Recognizing-sign-language-at-the-word-level/data/datasets/WLASL/pose/rtmw_l/wholebody_133/nslt100/train/57940.npz,F:/DMV/Recognizing-sign-language-at-the-word-level/data/datasets/WLASL/branch_inputs/skeleton/rtmw_l/selected_27/nslt100/train/57940.npz,F:/DMV/Recognizing-sign-language-at-the-word-level/data/datasets/WLASL/branch_inputs/skeleton/rtmw_l/normalized/selected_27/nslt100/train/57940.npz,F:/DMV/Recognizing-sign-language-at-the-word-level/data/datasets/WLASL/branch_inputs/skeleton/rtmw_l/graph_tensors/selected_27/nslt100/train/57940.npz,wholebody_133,selected_27,"[0, 5, 6, 7, 8, 9, 10, 93, 95, 97, 99, 101, 103, 105, 107, 109, 111, 114, 116, 118, 120, 122, 124, 126, 128, 130, 132]",27,150,133,27,3,1,"[3, 150, 27, 1]",8.509001731872559,"clip_to_[0,288]x[0,384]_then_scale_to_[-1,1]",ok,,
wlasl:57942,57942,57942,thin,14,train,F:/DMV/Recognizing-sign-language-at-the-word-level/data/datasets/WLASL/pose/rtmw_l/wholebody_133/nslt100/train/57942.npz,F:/DMV/Recognizing-sign-language-at-the-word-level/data/datasets/WLASL/branch_inputs/skeleton/rtmw_l/selected_27/nslt100/train/57942.npz,F:/DMV/Recognizing-sign-language-at-the-word-level/data/datasets/WLASL/branch_inputs/skeleton/rtmw_l/normalized/selected_27/nslt100/train/57942.npz,F:/DMV/Recognizing-sign-language-at-the-word-level/data/datasets/WLASL/branch_inputs/skeleton/rtmw_l/graph_tensors/selected_27/nslt100/train/57942.npz,wholebody_133,selected_27,"[0, 5, 6, 7, 8, 9, 10, 93, 95, 97, 99, 101, 103, 105, 107, 109, 111, 114, 116, 118, 120, 122, 124, 126, 128, 130, 132]",63,150,133,27,3,1,"[3, 150, 27, 1]",8.509001731872559,"clip_to_[0,288]x[0,384]_then_scale_to_[-1,1]",ok,,
wlasl:57947,57947,57947,thin,14,train,F:/DMV/Recognizing-sign-language-at-the-word-level/data/datasets/WLASL/pose/rtmw_l/wholebody_133/nslt100/train/57947.npz,F:/DMV/Recognizing-sign-language-at-the-word-level/data/datasets/WLASL/branch_inputs/skeleton/rtmw_l/selected_27/nslt100/train/57947.npz,F:/DMV/Recognizing-sign-language-at-the-word-level/data/datasets/WLASL/branch_inputs/skeleton/rtmw_l/normalized/selected_27/nslt100/train/57947.npz,F:/DMV/Recognizing-sign-language-at-the-word-level/data/datasets/WLASL/branch_inputs/skeleton/rtmw_l/graph_tensors/selected_27/nslt100/train/57947.npz,wholebody_133,selected_27,"[0, 5, 6, 7, 8, 9, 10, 93, 95, 97, 99, 101, 103, 105, 107, 109, 111, 114, 116, 118, 120, 122, 124, 126, 128, 130, 132]",40,150,133,27,3,1,"[3, 150, 27, 1]",8.509001731872559,"clip_to_[0,288]x[0,384]_then_scale_to_[-1,1]",ok,,
wlasl:57949,57949,57949,thin,14,train,F:/DMV/Recognizing-sign-language-at-the-word-level/data/datasets/WLASL/pose/rtmw_l/wholebody_133/nslt100/train/57949.npz,F:/DMV/Recognizing-sign-language-at-the-word-level/data/datasets/WLASL/branch_inputs/skeleton/rtmw_l/selected_27/nslt100/train/57949.npz,F:/DMV/Recognizing-sign-language-at-the-word-level/data/datasets/WLASL/branch_inputs/skeleton/rtmw_l/normalized/selected_27/nslt100/train/57949.npz,F:/DMV/Recognizing-sign-language-at-the-word-level/data/datasets/WLASL/branch_inputs/skeleton/rtmw_l/graph_tensors/selected_27/nslt100/train/57949.npz,wholebody_133,selected_27,"[0, 5, 6, 7, 8, 9, 10, 93, 95, 97, 99, 101, 103, 105, 107, 109, 111, 114, 116, 118, 120, 122, 124, 126, 128, 130, 132]",46,150,133,27,3,1,"[3, 150, 27, 1]",8.509001731872559,"clip_to_[0,288]x[0,384]_then_scale_to_[-1,1]",ok,,
wlasl:57953,57953,57953,thin,14,train,F:/DMV/Recognizing-sign-language-at-the-word-level/data/datasets/WLASL/pose/rtmw_l/wholebody_133/nslt100/train/57953.npz,F:/DMV/Recognizing-sign-language-at-the-word-level/data/datasets/WLASL/branch_inputs/skeleton/rtmw_l/selected_27/nslt100/train/57953.npz,F:/DMV/Recognizing-sign-language-at-the-word-level/data/datasets/WLASL/branch_inputs/skeleton/rtmw_l/normalized/selected_27/nslt100/train/57953.npz,F:/DMV/Recognizing-sign-language-at-the-word-level/data/datasets/WLASL/branch_inputs/skeleton/rtmw_l/graph_tensors/selected_27/nslt100/train/57953.npz,wholebody_133,selected_27,"[0, 5, 6, 7, 8, 9, 10, 93, 95, 97, 99, 101, 103, 105, 107, 109, 111, 114, 116, 118, 120, 122, 124, 126, 128, 130, 132]",74,150,133,27,3,1,"[3, 150, 27, 1]",8.509001731872559,"clip_to_[0,288]x[0,384]_then_scale_to_[-1,1]",ok,,
wlasl:58360,58360,58360,thursday,99,train,F:/DMV/Recognizing-sign-language-at-the-word-level/data/datasets/WLASL/pose/rtmw_l/wholebody_133/nslt100/train/58360.npz,F:/DMV/Recognizing-sign-language-at-the-word-level/data/datasets/WLASL/branch_inputs/skeleton/rtmw_l/selected_27/nslt100/train/58360.npz,F:/DMV/Recognizing-sign-language-at-the-word-level/data/datasets/WLASL/branch_inputs/skeleton/rtmw_l/normalized/selected_27/nslt100/train/58360.npz,F:/DMV/Recognizing-sign-language-at-the-word-level/data/datasets/WLASL/branch_inputs/skeleton/rtmw_l/graph_tensors/selected_27/nslt100/train/58360.npz,wholebody_133,selected_27,"[0, 5, 6, 7, 8, 9, 10, 93, 95, 97, 99, 101, 103, 105, 107, 109, 111, 114, 116, 118, 120, 122, 124, 126, 128, 130, 132]",71,150,133,27,3,1,"[3, 150, 27, 1]",8.509001731872559,"clip_to_[0,288]x[0,384]_then_scale_to_[-1,1]",ok,,
wlasl:58361,58361,58361,thursday,99,train,F:/DMV/Recognizing-sign-language-at-the-word-level/data/datasets/WLASL/pose/rtmw_l/wholebody_133/nslt100/train/58361.npz,F:/DMV/Recognizing-sign-language-at-the-word-level/data/datasets/WLASL/branch_inputs/skeleton/rtmw_l/selected_27/nslt100/train/58361.npz,F:/DMV/Recognizing-sign-language-at-the-word-level/data/datasets/WLASL/branch_inputs/skeleton/rtmw_l/normalized/selected_27/nslt100/train/58361.npz,F:/DMV/Recognizing-sign-language-at-the-word-level/data/datasets/WLASL/branch_inputs/skeleton/rtmw_l/graph_tensors/selected_27/nslt100/train/58361.npz,wholebody_133,selected_27,"[0, 5, 6, 7, 8, 9, 10, 93, 95, 97, 99, 101, 103, 105, 107, 109, 111, 114, 116, 118, 120, 122, 124, 126, 128, 130, 132]",74,150,133,27,3,1,"[3, 150, 27, 1]",8.509001731872559,"clip_to_[0,288]x[0,384]_then_scale_to_[-1,1]",ok,,
wlasl:58362,58362,58362,thursday,99,train,F:/DMV/Recognizing-sign-language-at-the-word-level/data/datasets/WLASL/pose/rtmw_l/wholebody_133/nslt100/train/58362.npz,F:/DMV/Recognizing-sign-language-at-the-word-level/data/datasets/WLASL/branch_inputs/skeleton/rtmw_l/selected_27/nslt100/train/58362.npz,F:/DMV/Recognizing-sign-language-at-the-word-level/data/datasets/WLASL/branch_inputs/skeleton/rtmw_l/normalized/selected_27/nslt100/train/58362.npz,F:/DMV/Recognizing-sign-language-at-the-word-level/data/datasets/WLASL/branch_inputs/skeleton/rtmw_l/graph_tensors/selected_27/nslt100/train/58362.npz,wholebody_133,selected_27,"[0, 5, 6, 7, 8, 9, 10, 93, 95, 97, 99, 101, 103, 105, 107, 109, 111, 114, 116, 118, 120, 122, 124, 126, 128, 130, 132]",50,150,133,27,3,1,"[3, 150, 27, 1]",8.509001731872559,"clip_to_[0,288]x[0,384]_then_scale_to_[-1,1]",ok,,
wlasl:58363,58363,58363,thursday,99,train,F:/DMV/Recognizing-sign-language-at-the-word-level/data/datasets/WLASL/pose/rtmw_l/wholebody_133/nslt100/train/58363.npz,F:/DMV/Recognizing-sign-language-at-the-word-level/data/datasets/WLASL/branch_inputs/skeleton/rtmw_l/selected_27/nslt100/train/58363.npz,F:/DMV/Recognizing-sign-language-at-the-word-level/data/datasets/WLASL/branch_inputs/skeleton/rtmw_l/normalized/selected_27/nslt100/train/58363.npz,F:/DMV/Recognizing-sign-language-at-the-word-level/data/datasets/WLASL/branch_inputs/skeleton/rtmw_l/graph_tensors/selected_27/nslt100/train/58363.npz,wholebody_133,selected_27,"[0, 5, 6, 7, 8, 9, 10, 93, 95, 97, 99, 101, 103, 105, 107, 109, 111, 114, 116, 118, 120, 122, 124, 126, 128, 130, 132]",58,150,133,27,3,1,"[3, 150, 27, 1]",8.509001731872559,"clip_to_[0,288]x[0,384]_then_scale_to_[-1,1]",ok,,
wlasl:58366,58366,58366,thursday,99,train,F:/DMV/Recognizing-sign-language-at-the-word-level/data/datasets/WLASL/pose/rtmw_l/wholebody_133/nslt100/train/58366.npz,F:/DMV/Recognizing-sign-language-at-the-word-level/data/datasets/WLASL/branch_inputs/skeleton/rtmw_l/selected_27/nslt100/train/58366.npz,F:/DMV/Recognizing-sign-language-at-the-word-level/data/datasets/WLASL/branch_inputs/skeleton/rtmw_l/normalized/selected_27/nslt100/train/58366.npz,F:/DMV/Recognizing-sign-language-at-the-word-level/data/datasets/WLASL/branch_inputs/skeleton/rtmw_l/graph_tensors/selected_27/nslt100/train/58366.npz,wholebody_133,selected_27,"[0, 5, 6, 7, 8, 9, 10, 93, 95, 97, 99, 101, 103, 105, 107, 109, 111, 114, 116, 118, 120, 122, 124, 126, 128, 130, 132]",33,150,133,27,3,1,"[3, 150, 27, 1]",8.509001731872559,"clip_to_[0,288]x[0,384]_then_scale_to_[-1,1]",ok,,
wlasl:58498,58498,58498,time,73,train,F:/DMV/Recognizing-sign-language-at-the-word-level/data/datasets/WLASL/pose/rtmw_l/wholebody_133/nslt100/train/58498.npz,F:/DMV/Recognizing-sign-language-at-the-word-level/data/datasets/WLASL/branch_inputs/skeleton/rtmw_l/selected_27/nslt100/train/58498.npz,F:/DMV/Recognizing-sign-language-at-the-word-level/data/datasets/WLASL/branch_inputs/skeleton/rtmw_l/normalized/selected_27/nslt100/train/58498.npz,F:/DMV/Recognizing-sign-language-at-the-word-level/data/datasets/WLASL/branch_inputs/skeleton/rtmw_l/graph_tensors/selected_27/nslt100/train/58498.npz,wholebody_133,selected_27,"[0, 5, 6, 7, 8, 9, 10, 93, 95, 97, 99, 101, 103, 105, 107, 109, 111, 114, 116, 118, 120, 122, 124, 126, 128, 130, 132]",64,150,133,27,3,1,"[3, 150, 27, 1]",8.509001731872559,"clip_to_[0,288]x[0,384]_then_scale_to_[-1,1]",ok,,
wlasl:58499,58499,58499,time,73,train,F:/DMV/Recognizing-sign-language-at-the-word-level/data/datasets/WLASL/pose/rtmw_l/wholebody_133/nslt100/train/58499.npz,F:/DMV/Recognizing-sign-language-at-the-word-level/data/datasets/WLASL/branch_inputs/skeleton/rtmw_l/selected_27/nslt100/train/58499.npz,F:/DMV/Recognizing-sign-language-at-the-word-level/data/datasets/WLASL/branch_inputs/skeleton/rtmw_l/normalized/selected_27/nslt100/train/58499.npz,F:/DMV/Recognizing-sign-language-at-the-word-level/data/datasets/WLASL/branch_inputs/skeleton/rtmw_l/graph_tensors/selected_27/nslt100/train/58499.npz,wholebody_133,selected_27,"[0, 5, 6, 7, 8, 9, 10, 93, 95, 97, 99, 101, 103, 105, 107, 109, 111, 114, 116, 118, 120, 122, 124, 126, 128, 130, 132]",66,150,133,27,3,1,"[3, 150, 27, 1]",8.509001731872559,"clip_to_[0,288]x[0,384]_then_scale_to_[-1,1]",ok,,
wlasl:58503,58503,58503,time,73,train,F:/DMV/Recognizing-sign-language-at-the-word-level/data/datasets/WLASL/pose/rtmw_l/wholebody_133/nslt100/train/58503.npz,F:/DMV/Recognizing-sign-language-at-the-word-level/data/datasets/WLASL/branch_inputs/skeleton/rtmw_l/selected_27/nslt100/train/58503.npz,F:/DMV/Recognizing-sign-language-at-the-word-level/data/datasets/WLASL/branch_inputs/skeleton/rtmw_l/normalized/selected_27/nslt100/train/58503.npz,F:/DMV/Recognizing-sign-language-at-the-word-level/data/datasets/WLASL/branch_inputs/skeleton/rtmw_l/graph_tensors/selected_27/nslt100/train/58503.npz,wholebody_133,selected_27,"[0, 5, 6, 7, 8, 9, 10, 93, 95, 97, 99, 101, 103, 105, 107, 109, 111, 114, 116, 118, 120, 122, 124, 126, 128, 130, 132]",25,150,133,27,3,1,"[3, 150, 27, 1]",8.509001731872559,"clip_to_[0,288]x[0,384]_then_scale_to_[-1,1]",ok,,
wlasl:58508,58508,58508,time,73,train,F:/DMV/Recognizing-sign-language-at-the-word-level/data/datasets/WLASL/pose/rtmw_l/wholebody_133/nslt100/train/58508.npz,F:/DMV/Recognizing-sign-language-at-the-word-level/data/datasets/WLASL/branch_inputs/skeleton/rtmw_l/selected_27/nslt100/train/58508.npz,F:/DMV/Recognizing-sign-language-at-the-word-level/data/datasets/WLASL/branch_inputs/skeleton/rtmw_l/normalized/selected_27/nslt100/train/58508.npz,F:/DMV/Recognizing-sign-language-at-the-word-level/data/datasets/WLASL/branch_inputs/skeleton/rtmw_l/graph_tensors/selected_27/nslt100/train/58508.npz,wholebody_133,selected_27,"[0, 5, 6, 7, 8, 9, 10, 93, 95, 97, 99, 101, 103, 105, 107, 109, 111, 114, 116, 118, 120, 122, 124, 126, 128, 130, 132]",65,150,133,27,3,1,"[3, 150, 27, 1]",8.509001731872559,"clip_to_[0,288]x[0,384]_then_scale_to_[-1,1]",ok,,
wlasl:62159,62159,62159,walk,15,train,F:/DMV/Recognizing-sign-language-at-the-word-level/data/datasets/WLASL/pose/rtmw_l/wholebody_133/nslt100/train/62159.npz,F:/DMV/Recognizing-sign-language-at-the-word-level/data/datasets/WLASL/branch_inputs/skeleton/rtmw_l/selected_27/nslt100/train/62159.npz,F:/DMV/Recognizing-sign-language-at-the-word-level/data/datasets/WLASL/branch_inputs/skeleton/rtmw_l/normalized/selected_27/nslt100/train/62159.npz,F:/DMV/Recognizing-sign-language-at-the-word-level/data/datasets/WLASL/branch_inputs/skeleton/rtmw_l/graph_tensors/selected_27/nslt100/train/62159.npz,wholebody_133,selected_27,"[0, 5, 6, 7, 8, 9, 10, 93, 95, 97, 99, 101, 103, 105, 107, 109, 111, 114, 116, 118, 120, 122, 124, 126, 128, 130, 132]",74,150,133,27,3,1,"[3, 150, 27, 1]",8.509001731872559,"clip_to_[0,288]x[0,384]_then_scale_to_[-1,1]",ok,,
wlasl:62163,62163,62163,walk,15,train,F:/DMV/Recognizing-sign-language-at-the-word-level/data/datasets/WLASL/pose/rtmw_l/wholebody_133/nslt100/train/62163.npz,F:/DMV/Recognizing-sign-language-at-the-word-level/data/datasets/WLASL/branch_inputs/skeleton/rtmw_l/selected_27/nslt100/train/62163.npz,F:/DMV/Recognizing-sign-language-at-the-word-level/data/datasets/WLASL/branch_inputs/skeleton/rtmw_l/normalized/selected_27/nslt100/train/62163.npz,F:/DMV/Recognizing-sign-language-at-the-word-level/data/datasets/WLASL/branch_inputs/skeleton/rtmw_l/graph_tensors/selected_27/nslt100/train/62163.npz,wholebody_133,selected_27,"[0, 5, 6, 7, 8, 9, 10, 93, 95, 97, 99, 101, 103, 105, 107, 109, 111, 114, 116, 118, 120, 122, 124, 126, 128, 130, 132]",30,150,133,27,3,1,"[3, 150, 27, 1]",8.509001731872559,"clip_to_[0,288]x[0,384]_then_scale_to_[-1,1]",ok,,
wlasl:62164,62164,62164,walk,15,train,F:/DMV/Recognizing-sign-language-at-the-word-level/data/datasets/WLASL/pose/rtmw_l/wholebody_133/nslt100/train/62164.npz,F:/DMV/Recognizing-sign-language-at-the-word-level/data/datasets/WLASL/branch_inputs/skeleton/rtmw_l/selected_27/nslt100/train/62164.npz,F:/DMV/Recognizing-sign-language-at-the-word-level/data/datasets/WLASL/branch_inputs/skeleton/rtmw_l/normalized/selected_27/nslt100/train/62164.npz,F:/DMV/Recognizing-sign-language-at-the-word-level/data/datasets/WLASL/branch_inputs/skeleton/rtmw_l/graph_tensors/selected_27/nslt100/train/62164.npz,wholebody_133,selected_27,"[0, 5, 6, 7, 8, 9, 10, 93, 95, 97, 99, 101, 103, 105, 107, 109, 111, 114, 116, 118, 120, 122, 124, 126, 128, 130, 132]",69,150,133,27,3,1,"[3, 150, 27, 1]",8.509001731872559,"clip_to_[0,288]x[0,384]_then_scale_to_[-1,1]",ok,,
wlasl:62168,62168,62168,walk,15,train,F:/DMV/Recognizing-sign-language-at-the-word-level/data/datasets/WLASL/pose/rtmw_l/wholebody_133/nslt100/train/62168.npz,F:/DMV/Recognizing-sign-language-at-the-word-level/data/datasets/WLASL/branch_inputs/skeleton/rtmw_l/selected_27/nslt100/train/62168.npz,F:/DMV/Recognizing-sign-language-at-the-word-level/data/datasets/WLASL/branch_inputs/skeleton/rtmw_l/normalized/selected_27/nslt100/train/62168.npz,F:/DMV/Recognizing-sign-language-at-the-word-level/data/datasets/WLASL/branch_inputs/skeleton/rtmw_l/graph_tensors/selected_27/nslt100/train/62168.npz,wholebody_133,selected_27,"[0, 5, 6, 7, 8, 9, 10, 93, 95, 97, 99, 101, 103, 105, 107, 109, 111, 114, 116, 118, 120, 122, 124, 126, 128, 130, 132]",60,150,133,27,3,1,"[3, 150, 27, 1]",8.509001731872559,"clip_to_[0,288]x[0,384]_then_scale_to_[-1,1]",ok,,
wlasl:62169,62169,62169,walk,15,train,F:/DMV/Recognizing-sign-language-at-the-word-level/data/datasets/WLASL/pose/rtmw_l/wholebody_133/nslt100/train/62169.npz,F:/DMV/Recognizing-sign-language-at-the-word-level/data/datasets/WLASL/branch_inputs/skeleton/rtmw_l/selected_27/nslt100/train/62169.npz,F:/DMV/Recognizing-sign-language-at-the-word-level/data/datasets/WLASL/branch_inputs/skeleton/rtmw_l/normalized/selected_27/nslt100/train/62169.npz,F:/DMV/Recognizing-sign-language-at-the-word-level/data/datasets/WLASL/branch_inputs/skeleton/rtmw_l/graph_tensors/selected_27/nslt100/train/62169.npz,wholebody_133,selected_27,"[0, 5, 6, 7, 8, 9, 10, 93, 95, 97, 99, 101, 103, 105, 107, 109, 111, 114, 116, 118, 120, 122, 124, 126, 128, 130, 132]",54,150,133,27,3,1,"[3, 150, 27, 1]",8.509001731872559,"clip_to_[0,288]x[0,384]_then_scale_to_[-1,1]",ok,,
wlasl:62170,62170,62170,walk,15,train,F:/DMV/Recognizing-sign-language-at-the-word-level/data/datasets/WLASL/pose/rtmw_l/wholebody_133/nslt100/train/62170.npz,F:/DMV/Recognizing-sign-language-at-the-word-level/data/datasets/WLASL/branch_inputs/skeleton/rtmw_l/selected_27/nslt100/train/62170.npz,F:/DMV/Recognizing-sign-language-at-the-word-level/data/datasets/WLASL/branch_inputs/skeleton/rtmw_l/normalized/selected_27/nslt100/train/62170.npz,F:/DMV/Recognizing-sign-language-at-the-word-level/data/datasets/WLASL/branch_inputs/skeleton/rtmw_l/graph_tensors/selected_27/nslt100/train/62170.npz,wholebody_133,selected_27,"[0, 5, 6, 7, 8, 9, 10, 93, 95, 97, 99, 101, 103, 105, 107, 109, 111, 114, 116, 118, 120, 122, 124, 126, 128, 130, 132]",36,150,133,27,3,1,"[3, 150, 27, 1]",8.509001731872559,"clip_to_[0,288]x[0,384]_then_scale_to_[-1,1]",ok,,
wlasl:62175,62175,62175,walk,15,train,F:/DMV/Recognizing-sign-language-at-the-word-level/data/datasets/WLASL/pose/rtmw_l/wholebody_133/nslt100/train/62175.npz,F:/DMV/Recognizing-sign-language-at-the-word-level/data/datasets/WLASL/branch_inputs/skeleton/rtmw_l/selected_27/nslt100/train/62175.npz,F:/DMV/Recognizing-sign-language-at-the-word-level/data/datasets/WLASL/branch_inputs/skeleton/rtmw_l/normalized/selected_27/nslt100/train/62175.npz,F:/DMV/Recognizing-sign-language-at-the-word-level/data/datasets/WLASL/branch_inputs/skeleton/rtmw_l/graph_tensors/selected_27/nslt100/train/62175.npz,wholebody_133,selected_27,"[0, 5, 6, 7, 8, 9, 10, 93, 95, 97, 99, 101, 103, 105, 107, 109, 111, 114, 116, 118, 120, 122, 124, 126, 128, 130, 132]",82,150,133,27,3,1,"[3, 150, 27, 1]",8.509001731872559,"clip_to_[0,288]x[0,384]_then_scale_to_[-1,1]",ok,,
wlasl:62245,62245,62245,want,74,train,F:/DMV/Recognizing-sign-language-at-the-word-level/data/datasets/WLASL/pose/rtmw_l/wholebody_133/nslt100/train/62245.npz,F:/DMV/Recognizing-sign-language-at-the-word-level/data/datasets/WLASL/branch_inputs/skeleton/rtmw_l/selected_27/nslt100/train/62245.npz,F:/DMV/Recognizing-sign-language-at-the-word-level/data/datasets/WLASL/branch_inputs/skeleton/rtmw_l/normalized/selected_27/nslt100/train/62245.npz,F:/DMV/Recognizing-sign-language-at-the-word-level/data/datasets/WLASL/branch_inputs/skeleton/rtmw_l/graph_tensors/selected_27/nslt100/train/62245.npz,wholebody_133,selected_27,"[0, 5, 6, 7, 8, 9, 10, 93, 95, 97, 99, 101, 103, 105, 107, 109, 111, 114, 116, 118, 120, 122, 124, 126, 128, 130, 132]",62,150,133,27,3,1,"[3, 150, 27, 1]",8.509001731872559,"clip_to_[0,288]x[0,384]_then_scale_to_[-1,1]",ok,,
wlasl:62246,62246,62246,want,74,train,F:/DMV/Recognizing-sign-language-at-the-word-level/data/datasets/WLASL/pose/rtmw_l/wholebody_133/nslt100/train/62246.npz,F:/DMV/Recognizing-sign-language-at-the-word-level/data/datasets/WLASL/branch_inputs/skeleton/rtmw_l/selected_27/nslt100/train/62246.npz,F:/DMV/Recognizing-sign-language-at-the-word-level/data/datasets/WLASL/branch_inputs/skeleton/rtmw_l/normalized/selected_27/nslt100/train/62246.npz,F:/DMV/Recognizing-sign-language-at-the-word-level/data/datasets/WLASL/branch_inputs/skeleton/rtmw_l/graph_tensors/selected_27/nslt100/train/62246.npz,wholebody_133,selected_27,"[0, 5, 6, 7, 8, 9, 10, 93, 95, 97, 99, 101, 103, 105, 107, 109, 111, 114, 116, 118, 120, 122, 124, 126, 128, 130, 132]",64,150,133,27,3,1,"[3, 150, 27, 1]",8.509001731872559,"clip_to_[0,288]x[0,384]_then_scale_to_[-1,1]",ok,,
wlasl:62248,62248,62248,want,74,train,F:/DMV/Recognizing-sign-language-at-the-word-level/data/datasets/WLASL/pose/rtmw_l/wholebody_133/nslt100/train/62248.npz,F:/DMV/Recognizing-sign-language-at-the-word-level/data/datasets/WLASL/branch_inputs/skeleton/rtmw_l/selected_27/nslt100/train/62248.npz,F:/DMV/Recognizing-sign-language-at-the-word-level/data/datasets/WLASL/branch_inputs/skeleton/rtmw_l/normalized/selected_27/nslt100/train/62248.npz,F:/DMV/Recognizing-sign-language-at-the-word-level/data/datasets/WLASL/branch_inputs/skeleton/rtmw_l/graph_tensors/selected_27/nslt100/train/62248.npz,wholebody_133,selected_27,"[0, 5, 6, 7, 8, 9, 10, 93, 95, 97, 99, 101, 103, 105, 107, 109, 111, 114, 116, 118, 120, 122, 124, 126, 128, 130, 132]",44,150,133,27,3,1,"[3, 150, 27, 1]",8.509001731872559,"clip_to_[0,288]x[0,384]_then_scale_to_[-1,1]",ok,,
wlasl:62250,62250,62250,want,74,train,F:/DMV/Recognizing-sign-language-at-the-word-level/data/datasets/WLASL/pose/rtmw_l/wholebody_133/nslt100/train/62250.npz,F:/DMV/Recognizing-sign-language-at-the-word-level/data/datasets/WLASL/branch_inputs/skeleton/rtmw_l/selected_27/nslt100/train/62250.npz,F:/DMV/Recognizing-sign-language-at-the-word-level/data/datasets/WLASL/branch_inputs/skeleton/rtmw_l/normalized/selected_27/nslt100/train/62250.npz,F:/DMV/Recognizing-sign-language-at-the-word-level/data/datasets/WLASL/branch_inputs/skeleton/rtmw_l/graph_tensors/selected_27/nslt100/train/62250.npz,wholebody_133,selected_27,"[0, 5, 6, 7, 8, 9, 10, 93, 95, 97, 99, 101, 103, 105, 107, 109, 111, 114, 116, 118, 120, 122, 124, 126, 128, 130, 132]",23,150,133,27,3,1,"[3, 150, 27, 1]",8.509001731872559,"clip_to_[0,288]x[0,384]_then_scale_to_[-1,1]",ok,,
wlasl:62251,62251,62251,want,74,train,F:/DMV/Recognizing-sign-language-at-the-word-level/data/datasets/WLASL/pose/rtmw_l/wholebody_133/nslt100/train/62251.npz,F:/DMV/Recognizing-sign-language-at-the-word-level/data/datasets/WLASL/branch_inputs/skeleton/rtmw_l/selected_27/nslt100/train/62251.npz,F:/DMV/Recognizing-sign-language-at-the-word-level/data/datasets/WLASL/branch_inputs/skeleton/rtmw_l/normalized/selected_27/nslt100/train/62251.npz,F:/DMV/Recognizing-sign-language-at-the-word-level/data/datasets/WLASL/branch_inputs/skeleton/rtmw_l/graph_tensors/selected_27/nslt100/train/62251.npz,wholebody_133,selected_27,"[0, 5, 6, 7, 8, 9, 10, 93, 95, 97, 99, 101, 103, 105, 107, 109, 111, 114, 116, 118, 120, 122, 124, 126, 128, 130, 132]",33,150,133,27,3,1,"[3, 150, 27, 1]",8.509001731872559,"clip_to_[0,288]x[0,384]_then_scale_to_[-1,1]",ok,,
wlasl:62259,62259,62259,want,74,train,F:/DMV/Recognizing-sign-language-at-the-word-level/data/datasets/WLASL/pose/rtmw_l/wholebody_133/nslt100/train/62259.npz,F:/DMV/Recognizing-sign-language-at-the-word-level/data/datasets/WLASL/branch_inputs/skeleton/rtmw_l/selected_27/nslt100/train/62259.npz,F:/DMV/Recognizing-sign-language-at-the-word-level/data/datasets/WLASL/branch_inputs/skeleton/rtmw_l/normalized/selected_27/nslt100/train/62259.npz,F:/DMV/Recognizing-sign-language-at-the-word-level/data/datasets/WLASL/branch_inputs/skeleton/rtmw_l/graph_tensors/selected_27/nslt100/train/62259.npz,wholebody_133,selected_27,"[0, 5, 6, 7, 8, 9, 10, 93, 95, 97, 99, 101, 103, 105, 107, 109, 111, 114, 116, 118, 120, 122, 124, 126, 128, 130, 132]",72,150,133,27,3,1,"[3, 150, 27, 1]",8.509001731872559,"clip_to_[0,288]x[0,384]_then_scale_to_[-1,1]",ok,,
wlasl:00623,623,623,accident,51,train,F:/DMV/Recognizing-sign-language-at-the-word-level/data/datasets/WLASL/pose/rtmw_l/wholebody_133/nslt100/train/623.npz,F:/DMV/Recognizing-sign-language-at-the-word-level/data/datasets/WLASL/branch_inputs/skeleton/rtmw_l/selected_27/nslt100/train/623.npz,F:/DMV/Recognizing-sign-language-at-the-word-level/data/datasets/WLASL/branch_inputs/skeleton/rtmw_l/normalized/selected_27/nslt100/train/623.npz,F:/DMV/Recognizing-sign-language-at-the-word-level/data/datasets/WLASL/branch_inputs/skeleton/rtmw_l/graph_tensors/selected_27/nslt100/train/623.npz,wholebody_133,selected_27,"[0, 5, 6, 7, 8, 9, 10, 93, 95, 97, 99, 101, 103, 105, 107, 109, 111, 114, 116, 118, 120, 122, 124, 126, 128, 130, 132]",103,150,133,27,3,1,"[3, 150, 27, 1]",8.509001731872559,"clip_to_[0,288]x[0,384]_then_scale_to_[-1,1]",ok,,end_frame_clipped_to_video_end
wlasl:00624,624,624,accident,51,train,F:/DMV/Recognizing-sign-language-at-the-word-level/data/datasets/WLASL/pose/rtmw_l/wholebody_133/nslt100/train/624.npz,F:/DMV/Recognizing-sign-language-at-the-word-level/data/datasets/WLASL/branch_inputs/skeleton/rtmw_l/selected_27/nslt100/train/624.npz,F:/DMV/Recognizing-sign-language-at-the-word-level/data/datasets/WLASL/branch_inputs/skeleton/rtmw_l/normalized/selected_27/nslt100/train/624.npz,F:/DMV/Recognizing-sign-language-at-the-word-level/data/datasets/WLASL/branch_inputs/skeleton/rtmw_l/graph_tensors/selected_27/nslt100/train/624.npz,wholebody_133,selected_27,"[0, 5, 6, 7, 8, 9, 10, 93, 95, 97, 99, 101, 103, 105, 107, 109, 111, 114, 116, 118, 120, 122, 124, 126, 128, 130, 132]",93,150,133,27,3,1,"[3, 150, 27, 1]",8.509001731872559,"clip_to_[0,288]x[0,384]_then_scale_to_[-1,1]",ok,,
wlasl:00628,628,628,accident,51,train,F:/DMV/Recognizing-sign-language-at-the-word-level/data/datasets/WLASL/pose/rtmw_l/wholebody_133/nslt100/train/628.npz,F:/DMV/Recognizing-sign-language-at-the-word-level/data/datasets/WLASL/branch_inputs/skeleton/rtmw_l/selected_27/nslt100/train/628.npz,F:/DMV/Recognizing-sign-language-at-the-word-level/data/datasets/WLASL/branch_inputs/skeleton/rtmw_l/normalized/selected_27/nslt100/train/628.npz,F:/DMV/Recognizing-sign-language-at-the-word-level/data/datasets/WLASL/branch_inputs/skeleton/rtmw_l/graph_tensors/selected_27/nslt100/train/628.npz,wholebody_133,selected_27,"[0, 5, 6, 7, 8, 9, 10, 93, 95, 97, 99, 101, 103, 105, 107, 109, 111, 114, 116, 118, 120, 122, 124, 126, 128, 130, 132]",31,150,133,27,3,1,"[3, 150, 27, 1]",8.509001731872559,"clip_to_[0,288]x[0,384]_then_scale_to_[-1,1]",ok,,
wlasl:00629,629,629,accident,51,train,F:/DMV/Recognizing-sign-language-at-the-word-level/data/datasets/WLASL/pose/rtmw_l/wholebody_133/nslt100/train/629.npz,F:/DMV/Recognizing-sign-language-at-the-word-level/data/datasets/WLASL/branch_inputs/skeleton/rtmw_l/selected_27/nslt100/train/629.npz,F:/DMV/Recognizing-sign-language-at-the-word-level/data/datasets/WLASL/branch_inputs/skeleton/rtmw_l/normalized/selected_27/nslt100/train/629.npz,F:/DMV/Recognizing-sign-language-at-the-word-level/data/datasets/WLASL/branch_inputs/skeleton/rtmw_l/graph_tensors/selected_27/nslt100/train/629.npz,wholebody_133,selected_27,"[0, 5, 6, 7, 8, 9, 10, 93, 95, 97, 99, 101, 103, 105, 107, 109, 111, 114, 116, 118, 120, 122, 124, 126, 128, 130, 132]",126,150,133,27,3,1,"[3, 150, 27, 1]",8.509001731872559,"clip_to_[0,288]x[0,384]_then_scale_to_[-1,1]",ok,,
wlasl:62964,62964,62964,what,30,train,F:/DMV/Recognizing-sign-language-at-the-word-level/data/datasets/WLASL/pose/rtmw_l/wholebody_133/nslt100/train/62964.npz,F:/DMV/Recognizing-sign-language-at-the-word-level/data/datasets/WLASL/branch_inputs/skeleton/rtmw_l/selected_27/nslt100/train/62964.npz,F:/DMV/Recognizing-sign-language-at-the-word-level/data/datasets/WLASL/branch_inputs/skeleton/rtmw_l/normalized/selected_27/nslt100/train/62964.npz,F:/DMV/Recognizing-sign-language-at-the-word-level/data/datasets/WLASL/branch_inputs/skeleton/rtmw_l/graph_tensors/selected_27/nslt100/train/62964.npz,wholebody_133,selected_27,"[0, 5, 6, 7, 8, 9, 10, 93, 95, 97, 99, 101, 103, 105, 107, 109, 111, 114, 116, 118, 120, 122, 124, 126, 128, 130, 132]",78,150,133,27,3,1,"[3, 150, 27, 1]",8.509001731872559,"clip_to_[0,288]x[0,384]_then_scale_to_[-1,1]",ok,,
wlasl:62966,62966,62966,what,30,train,F:/DMV/Recognizing-sign-language-at-the-word-level/data/datasets/WLASL/pose/rtmw_l/wholebody_133/nslt100/train/62966.npz,F:/DMV/Recognizing-sign-language-at-the-word-level/data/datasets/WLASL/branch_inputs/skeleton/rtmw_l/selected_27/nslt100/train/62966.npz,F:/DMV/Recognizing-sign-language-at-the-word-level/data/datasets/WLASL/branch_inputs/skeleton/rtmw_l/normalized/selected_27/nslt100/train/62966.npz,F:/DMV/Recognizing-sign-language-at-the-word-level/data/datasets/WLASL/branch_inputs/skeleton/rtmw_l/graph_tensors/selected_27/nslt100/train/62966.npz,wholebody_133,selected_27,"[0, 5, 6, 7, 8, 9, 10, 93, 95, 97, 99, 101, 103, 105, 107, 109, 111, 114, 116, 118, 120, 122, 124, 126, 128, 130, 132]",24,150,133,27,3,1,"[3, 150, 27, 1]",8.509001731872559,"clip_to_[0,288]x[0,384]_then_scale_to_[-1,1]",ok,,end_frame_clipped_to_video_end
wlasl:62968,62968,62968,what,30,train,F:/DMV/Recognizing-sign-language-at-the-word-level/data/datasets/WLASL/pose/rtmw_l/wholebody_133/nslt100/train/62968.npz,F:/DMV/Recognizing-sign-language-at-the-word-level/data/datasets/WLASL/branch_inputs/skeleton/rtmw_l/selected_27/nslt100/train/62968.npz,F:/DMV/Recognizing-sign-language-at-the-word-level/data/datasets/WLASL/branch_inputs/skeleton/rtmw_l/normalized/selected_27/nslt100/train/62968.npz,F:/DMV/Recognizing-sign-language-at-the-word-level/data/datasets/WLASL/branch_inputs/skeleton/rtmw_l/graph_tensors/selected_27/nslt100/train/62968.npz,wholebody_133,selected_27,"[0, 5, 6, 7, 8, 9, 10, 93, 95, 97, 99, 101, 103, 105, 107, 109, 111, 114, 116, 118, 120, 122, 124, 126, 128, 130, 132]",42,150,133,27,3,1,"[3, 150, 27, 1]",8.509001731872559,"clip_to_[0,288]x[0,384]_then_scale_to_[-1,1]",ok,,end_frame_clipped_to_video_end
wlasl:62970,62970,62970,what,30,train,F:/DMV/Recognizing-sign-language-at-the-word-level/data/datasets/WLASL/pose/rtmw_l/wholebody_133/nslt100/train/62970.npz,F:/DMV/Recognizing-sign-language-at-the-word-level/data/datasets/WLASL/branch_inputs/skeleton/rtmw_l/selected_27/nslt100/train/62970.npz,F:/DMV/Recognizing-sign-language-at-the-word-level/data/datasets/WLASL/branch_inputs/skeleton/rtmw_l/normalized/selected_27/nslt100/train/62970.npz,F:/DMV/Recognizing-sign-language-at-the-word-level/data/datasets/WLASL/branch_inputs/skeleton/rtmw_l/graph_tensors/selected_27/nslt100/train/62970.npz,wholebody_133,selected_27,"[0, 5, 6, 7, 8, 9, 10, 93, 95, 97, 99, 101, 103, 105, 107, 109, 111, 114, 116, 118, 120, 122, 124, 126, 128, 130, 132]",75,150,133,27,3,1,"[3, 150, 27, 1]",8.509001731872559,"clip_to_[0,288]x[0,384]_then_scale_to_[-1,1]",ok,,
wlasl:62979,62979,62979,what,30,train,F:/DMV/Recognizing-sign-language-at-the-word-level/data/datasets/WLASL/pose/rtmw_l/wholebody_133/nslt100/train/62979.npz,F:/DMV/Recognizing-sign-language-at-the-word-level/data/datasets/WLASL/branch_inputs/skeleton/rtmw_l/selected_27/nslt100/train/62979.npz,F:/DMV/Recognizing-sign-language-at-the-word-level/data/datasets/WLASL/branch_inputs/skeleton/rtmw_l/normalized/selected_27/nslt100/train/62979.npz,F:/DMV/Recognizing-sign-language-at-the-word-level/data/datasets/WLASL/branch_inputs/skeleton/rtmw_l/graph_tensors/selected_27/nslt100/train/62979.npz,wholebody_133,selected_27,"[0, 5, 6, 7, 8, 9, 10, 93, 95, 97, 99, 101, 103, 105, 107, 109, 111, 114, 116, 118, 120, 122, 124, 126, 128, 130, 132]",33,150,133,27,3,1,"[3, 150, 27, 1]",8.509001731872559,"clip_to_[0,288]x[0,384]_then_scale_to_[-1,1]",ok,,
wlasl:00631,631,631,accident,51,train,F:/DMV/Recognizing-sign-language-at-the-word-level/data/datasets/WLASL/pose/rtmw_l/wholebody_133/nslt100/train/631.npz,F:/DMV/Recognizing-sign-language-at-the-word-level/data/datasets/WLASL/branch_inputs/skeleton/rtmw_l/selected_27/nslt100/train/631.npz,F:/DMV/Recognizing-sign-language-at-the-word-level/data/datasets/WLASL/branch_inputs/skeleton/rtmw_l/normalized/selected_27/nslt100/train/631.npz,F:/DMV/Recognizing-sign-language-at-the-word-level/data/datasets/WLASL/branch_inputs/skeleton/rtmw_l/graph_tensors/selected_27/nslt100/train/631.npz,wholebody_133,selected_27,"[0, 5, 6, 7, 8, 9, 10, 93, 95, 97, 99, 101, 103, 105, 107, 109, 111, 114, 116, 118, 120, 122, 124, 126, 128, 130, 132]",64,150,133,27,3,1,"[3, 150, 27, 1]",8.509001731872559,"clip_to_[0,288]x[0,384]_then_scale_to_[-1,1]",ok,,
wlasl:00632,632,632,accident,51,train,F:/DMV/Recognizing-sign-language-at-the-word-level/data/datasets/WLASL/pose/rtmw_l/wholebody_133/nslt100/train/632.npz,F:/DMV/Recognizing-sign-language-at-the-word-level/data/datasets/WLASL/branch_inputs/skeleton/rtmw_l/selected_27/nslt100/train/632.npz,F:/DMV/Recognizing-sign-language-at-the-word-level/data/datasets/WLASL/branch_inputs/skeleton/rtmw_l/normalized/selected_27/nslt100/train/632.npz,F:/DMV/Recognizing-sign-language-at-the-word-level/data/datasets/WLASL/branch_inputs/skeleton/rtmw_l/graph_tensors/selected_27/nslt100/train/632.npz,wholebody_133,selected_27,"[0, 5, 6, 7, 8, 9, 10, 93, 95, 97, 99, 101, 103, 105, 107, 109, 111, 114, 116, 118, 120, 122, 124, 126, 128, 130, 132]",48,150,133,27,3,1,"[3, 150, 27, 1]",8.509001731872559,"clip_to_[0,288]x[0,384]_then_scale_to_[-1,1]",ok,,
wlasl:63200,63200,63200,white,49,train,F:/DMV/Recognizing-sign-language-at-the-word-level/data/datasets/WLASL/pose/rtmw_l/wholebody_133/nslt100/train/63200.npz,F:/DMV/Recognizing-sign-language-at-the-word-level/data/datasets/WLASL/branch_inputs/skeleton/rtmw_l/selected_27/nslt100/train/63200.npz,F:/DMV/Recognizing-sign-language-at-the-word-level/data/datasets/WLASL/branch_inputs/skeleton/rtmw_l/normalized/selected_27/nslt100/train/63200.npz,F:/DMV/Recognizing-sign-language-at-the-word-level/data/datasets/WLASL/branch_inputs/skeleton/rtmw_l/graph_tensors/selected_27/nslt100/train/63200.npz,wholebody_133,selected_27,"[0, 5, 6, 7, 8, 9, 10, 93, 95, 97, 99, 101, 103, 105, 107, 109, 111, 114, 116, 118, 120, 122, 124, 126, 128, 130, 132]",93,150,133,27,3,1,"[3, 150, 27, 1]",8.509001731872559,"clip_to_[0,288]x[0,384]_then_scale_to_[-1,1]",ok,,
wlasl:63202,63202,63202,white,49,train,F:/DMV/Recognizing-sign-language-at-the-word-level/data/datasets/WLASL/pose/rtmw_l/wholebody_133/nslt100/train/63202.npz,F:/DMV/Recognizing-sign-language-at-the-word-level/data/datasets/WLASL/branch_inputs/skeleton/rtmw_l/selected_27/nslt100/train/63202.npz,F:/DMV/Recognizing-sign-language-at-the-word-level/data/datasets/WLASL/branch_inputs/skeleton/rtmw_l/normalized/selected_27/nslt100/train/63202.npz,F:/DMV/Recognizing-sign-language-at-the-word-level/data/datasets/WLASL/branch_inputs/skeleton/rtmw_l/graph_tensors/selected_27/nslt100/train/63202.npz,wholebody_133,selected_27,"[0, 5, 6, 7, 8, 9, 10, 93, 95, 97, 99, 101, 103, 105, 107, 109, 111, 114, 116, 118, 120, 122, 124, 126, 128, 130, 132]",62,150,133,27,3,1,"[3, 150, 27, 1]",8.509001731872559,"clip_to_[0,288]x[0,384]_then_scale_to_[-1,1]",ok,,
wlasl:63203,63203,63203,white,49,train,F:/DMV/Recognizing-sign-language-at-the-word-level/data/datasets/WLASL/pose/rtmw_l/wholebody_133/nslt100/train/63203.npz,F:/DMV/Recognizing-sign-language-at-the-word-level/data/datasets/WLASL/branch_inputs/skeleton/rtmw_l/selected_27/nslt100/train/63203.npz,F:/DMV/Recognizing-sign-language-at-the-word-level/data/datasets/WLASL/branch_inputs/skeleton/rtmw_l/normalized/selected_27/nslt100/train/63203.npz,F:/DMV/Recognizing-sign-language-at-the-word-level/data/datasets/WLASL/branch_inputs/skeleton/rtmw_l/graph_tensors/selected_27/nslt100/train/63203.npz,wholebody_133,selected_27,"[0, 5, 6, 7, 8, 9, 10, 93, 95, 97, 99, 101, 103, 105, 107, 109, 111, 114, 116, 118, 120, 122, 124, 126, 128, 130, 132]",31,150,133,27,3,1,"[3, 150, 27, 1]",8.509001731872559,"clip_to_[0,288]x[0,384]_then_scale_to_[-1,1]",ok,,
wlasl:63204,63204,63204,white,49,train,F:/DMV/Recognizing-sign-language-at-the-word-level/data/datasets/WLASL/pose/rtmw_l/wholebody_133/nslt100/train/63204.npz,F:/DMV/Recognizing-sign-language-at-the-word-level/data/datasets/WLASL/branch_inputs/skeleton/rtmw_l/selected_27/nslt100/train/63204.npz,F:/DMV/Recognizing-sign-language-at-the-word-level/data/datasets/WLASL/branch_inputs/skeleton/rtmw_l/normalized/selected_27/nslt100/train/63204.npz,F:/DMV/Recognizing-sign-language-at-the-word-level/data/datasets/WLASL/branch_inputs/skeleton/rtmw_l/graph_tensors/selected_27/nslt100/train/63204.npz,wholebody_133,selected_27,"[0, 5, 6, 7, 8, 9, 10, 93, 95, 97, 99, 101, 103, 105, 107, 109, 111, 114, 116, 118, 120, 122, 124, 126, 128, 130, 132]",36,150,133,27,3,1,"[3, 150, 27, 1]",8.509001731872559,"clip_to_[0,288]x[0,384]_then_scale_to_[-1,1]",ok,,end_frame_clipped_to_video_end
wlasl:63205,63205,63205,white,49,train,F:/DMV/Recognizing-sign-language-at-the-word-level/data/datasets/WLASL/pose/rtmw_l/wholebody_133/nslt100/train/63205.npz,F:/DMV/Recognizing-sign-language-at-the-word-level/data/datasets/WLASL/branch_inputs/skeleton/rtmw_l/selected_27/nslt100/train/63205.npz,F:/DMV/Recognizing-sign-language-at-the-word-level/data/datasets/WLASL/branch_inputs/skeleton/rtmw_l/normalized/selected_27/nslt100/train/63205.npz,F:/DMV/Recognizing-sign-language-at-the-word-level/data/datasets/WLASL/branch_inputs/skeleton/rtmw_l/graph_tensors/selected_27/nslt100/train/63205.npz,wholebody_133,selected_27,"[0, 5, 6, 7, 8, 9, 10, 93, 95, 97, 99, 101, 103, 105, 107, 109, 111, 114, 116, 118, 120, 122, 124, 126, 128, 130, 132]",68,150,133,27,3,1,"[3, 150, 27, 1]",8.509001731872559,"clip_to_[0,288]x[0,384]_then_scale_to_[-1,1]",ok,,
wlasl:63207,63207,63207,white,49,train,F:/DMV/Recognizing-sign-language-at-the-word-level/data/datasets/WLASL/pose/rtmw_l/wholebody_133/nslt100/train/63207.npz,F:/DMV/Recognizing-sign-language-at-the-word-level/data/datasets/WLASL/branch_inputs/skeleton/rtmw_l/selected_27/nslt100/train/63207.npz,F:/DMV/Recognizing-sign-language-at-the-word-level/data/datasets/WLASL/branch_inputs/skeleton/rtmw_l/normalized/selected_27/nslt100/train/63207.npz,F:/DMV/Recognizing-sign-language-at-the-word-level/data/datasets/WLASL/branch_inputs/skeleton/rtmw_l/graph_tensors/selected_27/nslt100/train/63207.npz,wholebody_133,selected_27,"[0, 5, 6, 7, 8, 9, 10, 93, 95, 97, 99, 101, 103, 105, 107, 109, 111, 114, 116, 118, 120, 122, 124, 126, 128, 130, 132]",21,150,133,27,3,1,"[3, 150, 27, 1]",8.509001731872559,"clip_to_[0,288]x[0,384]_then_scale_to_[-1,1]",ok,,
wlasl:63208,63208,63208,white,49,train,F:/DMV/Recognizing-sign-language-at-the-word-level/data/datasets/WLASL/pose/rtmw_l/wholebody_133/nslt100/train/63208.npz,F:/DMV/Recognizing-sign-language-at-the-word-level/data/datasets/WLASL/branch_inputs/skeleton/rtmw_l/selected_27/nslt100/train/63208.npz,F:/DMV/Recognizing-sign-language-at-the-word-level/data/datasets/WLASL/branch_inputs/skeleton/rtmw_l/normalized/selected_27/nslt100/train/63208.npz,F:/DMV/Recognizing-sign-language-at-the-word-level/data/datasets/WLASL/branch_inputs/skeleton/rtmw_l/graph_tensors/selected_27/nslt100/train/63208.npz,wholebody_133,selected_27,"[0, 5, 6, 7, 8, 9, 10, 93, 95, 97, 99, 101, 103, 105, 107, 109, 111, 114, 116, 118, 120, 122, 124, 126, 128, 130, 132]",33,150,133,27,3,1,"[3, 150, 27, 1]",8.509001731872559,"clip_to_[0,288]x[0,384]_then_scale_to_[-1,1]",ok,,
wlasl:63214,63214,63214,white,49,train,F:/DMV/Recognizing-sign-language-at-the-word-level/data/datasets/WLASL/pose/rtmw_l/wholebody_133/nslt100/train/63214.npz,F:/DMV/Recognizing-sign-language-at-the-word-level/data/datasets/WLASL/branch_inputs/skeleton/rtmw_l/selected_27/nslt100/train/63214.npz,F:/DMV/Recognizing-sign-language-at-the-word-level/data/datasets/WLASL/branch_inputs/skeleton/rtmw_l/normalized/selected_27/nslt100/train/63214.npz,F:/DMV/Recognizing-sign-language-at-the-word-level/data/datasets/WLASL/branch_inputs/skeleton/rtmw_l/graph_tensors/selected_27/nslt100/train/63214.npz,wholebody_133,selected_27,"[0, 5, 6, 7, 8, 9, 10, 93, 95, 97, 99, 101, 103, 105, 107, 109, 111, 114, 116, 118, 120, 122, 124, 126, 128, 130, 132]",62,150,133,27,3,1,"[3, 150, 27, 1]",8.509001731872559,"clip_to_[0,288]x[0,384]_then_scale_to_[-1,1]",ok,,
wlasl:63225,63225,63225,who,7,train,F:/DMV/Recognizing-sign-language-at-the-word-level/data/datasets/WLASL/pose/rtmw_l/wholebody_133/nslt100/train/63225.npz,F:/DMV/Recognizing-sign-language-at-the-word-level/data/datasets/WLASL/branch_inputs/skeleton/rtmw_l/selected_27/nslt100/train/63225.npz,F:/DMV/Recognizing-sign-language-at-the-word-level/data/datasets/WLASL/branch_inputs/skeleton/rtmw_l/normalized/selected_27/nslt100/train/63225.npz,F:/DMV/Recognizing-sign-language-at-the-word-level/data/datasets/WLASL/branch_inputs/skeleton/rtmw_l/graph_tensors/selected_27/nslt100/train/63225.npz,wholebody_133,selected_27,"[0, 5, 6, 7, 8, 9, 10, 93, 95, 97, 99, 101, 103, 105, 107, 109, 111, 114, 116, 118, 120, 122, 124, 126, 128, 130, 132]",94,150,133,27,3,1,"[3, 150, 27, 1]",8.509001731872559,"clip_to_[0,288]x[0,384]_then_scale_to_[-1,1]",ok,,
wlasl:63227,63227,63227,who,7,train,F:/DMV/Recognizing-sign-language-at-the-word-level/data/datasets/WLASL/pose/rtmw_l/wholebody_133/nslt100/train/63227.npz,F:/DMV/Recognizing-sign-language-at-the-word-level/data/datasets/WLASL/branch_inputs/skeleton/rtmw_l/selected_27/nslt100/train/63227.npz,F:/DMV/Recognizing-sign-language-at-the-word-level/data/datasets/WLASL/branch_inputs/skeleton/rtmw_l/normalized/selected_27/nslt100/train/63227.npz,F:/DMV/Recognizing-sign-language-at-the-word-level/data/datasets/WLASL/branch_inputs/skeleton/rtmw_l/graph_tensors/selected_27/nslt100/train/63227.npz,wholebody_133,selected_27,"[0, 5, 6, 7, 8, 9, 10, 93, 95, 97, 99, 101, 103, 105, 107, 109, 111, 114, 116, 118, 120, 122, 124, 126, 128, 130, 132]",32,150,133,27,3,1,"[3, 150, 27, 1]",8.509001731872559,"clip_to_[0,288]x[0,384]_then_scale_to_[-1,1]",ok,,
wlasl:63228,63228,63228,who,7,train,F:/DMV/Recognizing-sign-language-at-the-word-level/data/datasets/WLASL/pose/rtmw_l/wholebody_133/nslt100/train/63228.npz,F:/DMV/Recognizing-sign-language-at-the-word-level/data/datasets/WLASL/branch_inputs/skeleton/rtmw_l/selected_27/nslt100/train/63228.npz,F:/DMV/Recognizing-sign-language-at-the-word-level/data/datasets/WLASL/branch_inputs/skeleton/rtmw_l/normalized/selected_27/nslt100/train/63228.npz,F:/DMV/Recognizing-sign-language-at-the-word-level/data/datasets/WLASL/branch_inputs/skeleton/rtmw_l/graph_tensors/selected_27/nslt100/train/63228.npz,wholebody_133,selected_27,"[0, 5, 6, 7, 8, 9, 10, 93, 95, 97, 99, 101, 103, 105, 107, 109, 111, 114, 116, 118, 120, 122, 124, 126, 128, 130, 132]",35,150,133,27,3,1,"[3, 150, 27, 1]",8.509001731872559,"clip_to_[0,288]x[0,384]_then_scale_to_[-1,1]",ok,,
wlasl:63231,63231,63231,who,7,train,F:/DMV/Recognizing-sign-language-at-the-word-level/data/datasets/WLASL/pose/rtmw_l/wholebody_133/nslt100/train/63231.npz,F:/DMV/Recognizing-sign-language-at-the-word-level/data/datasets/WLASL/branch_inputs/skeleton/rtmw_l/selected_27/nslt100/train/63231.npz,F:/DMV/Recognizing-sign-language-at-the-word-level/data/datasets/WLASL/branch_inputs/skeleton/rtmw_l/normalized/selected_27/nslt100/train/63231.npz,F:/DMV/Recognizing-sign-language-at-the-word-level/data/datasets/WLASL/branch_inputs/skeleton/rtmw_l/graph_tensors/selected_27/nslt100/train/63231.npz,wholebody_133,selected_27,"[0, 5, 6, 7, 8, 9, 10, 93, 95, 97, 99, 101, 103, 105, 107, 109, 111, 114, 116, 118, 120, 122, 124, 126, 128, 130, 132]",79,150,133,27,3,1,"[3, 150, 27, 1]",8.509001731872559,"clip_to_[0,288]x[0,384]_then_scale_to_[-1,1]",ok,,
wlasl:63232,63232,63232,who,7,train,F:/DMV/Recognizing-sign-language-at-the-word-level/data/datasets/WLASL/pose/rtmw_l/wholebody_133/nslt100/train/63232.npz,F:/DMV/Recognizing-sign-language-at-the-word-level/data/datasets/WLASL/branch_inputs/skeleton/rtmw_l/selected_27/nslt100/train/63232.npz,F:/DMV/Recognizing-sign-language-at-the-word-level/data/datasets/WLASL/branch_inputs/skeleton/rtmw_l/normalized/selected_27/nslt100/train/63232.npz,F:/DMV/Recognizing-sign-language-at-the-word-level/data/datasets/WLASL/branch_inputs/skeleton/rtmw_l/graph_tensors/selected_27/nslt100/train/63232.npz,wholebody_133,selected_27,"[0, 5, 6, 7, 8, 9, 10, 93, 95, 97, 99, 101, 103, 105, 107, 109, 111, 114, 116, 118, 120, 122, 124, 126, 128, 130, 132]",132,150,133,27,3,1,"[3, 150, 27, 1]",8.509001731872559,"clip_to_[0,288]x[0,384]_then_scale_to_[-1,1]",ok,,
wlasl:63236,63236,63236,who,7,train,F:/DMV/Recognizing-sign-language-at-the-word-level/data/datasets/WLASL/pose/rtmw_l/wholebody_133/nslt100/train/63236.npz,F:/DMV/Recognizing-sign-language-at-the-word-level/data/datasets/WLASL/branch_inputs/skeleton/rtmw_l/selected_27/nslt100/train/63236.npz,F:/DMV/Recognizing-sign-language-at-the-word-level/data/datasets/WLASL/branch_inputs/skeleton/rtmw_l/normalized/selected_27/nslt100/train/63236.npz,F:/DMV/Recognizing-sign-language-at-the-word-level/data/datasets/WLASL/branch_inputs/skeleton/rtmw_l/graph_tensors/selected_27/nslt100/train/63236.npz,wholebody_133,selected_27,"[0, 5, 6, 7, 8, 9, 10, 93, 95, 97, 99, 101, 103, 105, 107, 109, 111, 114, 116, 118, 120, 122, 124, 126, 128, 130, 132]",39,150,133,27,3,1,"[3, 150, 27, 1]",8.509001731872559,"clip_to_[0,288]x[0,384]_then_scale_to_[-1,1]",ok,,
wlasl:63242,63242,63242,who,7,train,F:/DMV/Recognizing-sign-language-at-the-word-level/data/datasets/WLASL/pose/rtmw_l/wholebody_133/nslt100/train/63242.npz,F:/DMV/Recognizing-sign-language-at-the-word-level/data/datasets/WLASL/branch_inputs/skeleton/rtmw_l/selected_27/nslt100/train/63242.npz,F:/DMV/Recognizing-sign-language-at-the-word-level/data/datasets/WLASL/branch_inputs/skeleton/rtmw_l/normalized/selected_27/nslt100/train/63242.npz,F:/DMV/Recognizing-sign-language-at-the-word-level/data/datasets/WLASL/branch_inputs/skeleton/rtmw_l/graph_tensors/selected_27/nslt100/train/63242.npz,wholebody_133,selected_27,"[0, 5, 6, 7, 8, 9, 10, 93, 95, 97, 99, 101, 103, 105, 107, 109, 111, 114, 116, 118, 120, 122, 124, 126, 128, 130, 132]",74,150,133,27,3,1,"[3, 150, 27, 1]",8.509001731872559,"clip_to_[0,288]x[0,384]_then_scale_to_[-1,1]",ok,,
wlasl:00633,633,633,accident,51,train,F:/DMV/Recognizing-sign-language-at-the-word-level/data/datasets/WLASL/pose/rtmw_l/wholebody_133/nslt100/train/633.npz,F:/DMV/Recognizing-sign-language-at-the-word-level/data/datasets/WLASL/branch_inputs/skeleton/rtmw_l/selected_27/nslt100/train/633.npz,F:/DMV/Recognizing-sign-language-at-the-word-level/data/datasets/WLASL/branch_inputs/skeleton/rtmw_l/normalized/selected_27/nslt100/train/633.npz,F:/DMV/Recognizing-sign-language-at-the-word-level/data/datasets/WLASL/branch_inputs/skeleton/rtmw_l/graph_tensors/selected_27/nslt100/train/633.npz,wholebody_133,selected_27,"[0, 5, 6, 7, 8, 9, 10, 93, 95, 97, 99, 101, 103, 105, 107, 109, 111, 114, 116, 118, 120, 122, 124, 126, 128, 130, 132]",23,150,133,27,3,1,"[3, 150, 27, 1]",8.509001731872559,"clip_to_[0,288]x[0,384]_then_scale_to_[-1,1]",ok,,
wlasl:06331,6331,6331,bird,53,train,F:/DMV/Recognizing-sign-language-at-the-word-level/data/datasets/WLASL/pose/rtmw_l/wholebody_133/nslt100/train/6331.npz,F:/DMV/Recognizing-sign-language-at-the-word-level/data/datasets/WLASL/branch_inputs/skeleton/rtmw_l/selected_27/nslt100/train/6331.npz,F:/DMV/Recognizing-sign-language-at-the-word-level/data/datasets/WLASL/branch_inputs/skeleton/rtmw_l/normalized/selected_27/nslt100/train/6331.npz,F:/DMV/Recognizing-sign-language-at-the-word-level/data/datasets/WLASL/branch_inputs/skeleton/rtmw_l/graph_tensors/selected_27/nslt100/train/6331.npz,wholebody_133,selected_27,"[0, 5, 6, 7, 8, 9, 10, 93, 95, 97, 99, 101, 103, 105, 107, 109, 111, 114, 116, 118, 120, 122, 124, 126, 128, 130, 132]",62,150,133,27,3,1,"[3, 150, 27, 1]",8.509001731872559,"clip_to_[0,288]x[0,384]_then_scale_to_[-1,1]",ok,,end_frame_clipped_to_video_end
wlasl:06332,6332,6332,bird,53,train,F:/DMV/Recognizing-sign-language-at-the-word-level/data/datasets/WLASL/pose/rtmw_l/wholebody_133/nslt100/train/6332.npz,F:/DMV/Recognizing-sign-language-at-the-word-level/data/datasets/WLASL/branch_inputs/skeleton/rtmw_l/selected_27/nslt100/train/6332.npz,F:/DMV/Recognizing-sign-language-at-the-word-level/data/datasets/WLASL/branch_inputs/skeleton/rtmw_l/normalized/selected_27/nslt100/train/6332.npz,F:/DMV/Recognizing-sign-language-at-the-word-level/data/datasets/WLASL/branch_inputs/skeleton/rtmw_l/graph_tensors/selected_27/nslt100/train/6332.npz,wholebody_133,selected_27,"[0, 5, 6, 7, 8, 9, 10, 93, 95, 97, 99, 101, 103, 105, 107, 109, 111, 114, 116, 118, 120, 122, 124, 126, 128, 130, 132]",78,150,133,27,3,1,"[3, 150, 27, 1]",8.509001731872559,"clip_to_[0,288]x[0,384]_then_scale_to_[-1,1]",ok,,
wlasl:06333,6333,6333,bird,53,train,F:/DMV/Recognizing-sign-language-at-the-word-level/data/datasets/WLASL/pose/rtmw_l/wholebody_133/nslt100/train/6333.npz,F:/DMV/Recognizing-sign-language-at-the-word-level/data/datasets/WLASL/branch_inputs/skeleton/rtmw_l/selected_27/nslt100/train/6333.npz,F:/DMV/Recognizing-sign-language-at-the-word-level/data/datasets/WLASL/branch_inputs/skeleton/rtmw_l/normalized/selected_27/nslt100/train/6333.npz,F:/DMV/Recognizing-sign-language-at-the-word-level/data/datasets/WLASL/branch_inputs/skeleton/rtmw_l/graph_tensors/selected_27/nslt100/train/6333.npz,wholebody_133,selected_27,"[0, 5, 6, 7, 8, 9, 10, 93, 95, 97, 99, 101, 103, 105, 107, 109, 111, 114, 116, 118, 120, 122, 124, 126, 128, 130, 132]",35,150,133,27,3,1,"[3, 150, 27, 1]",8.509001731872559,"clip_to_[0,288]x[0,384]_then_scale_to_[-1,1]",ok,,end_frame_clipped_to_video_end
wlasl:06334,6334,6334,bird,53,train,F:/DMV/Recognizing-sign-language-at-the-word-level/data/datasets/WLASL/pose/rtmw_l/wholebody_133/nslt100/train/6334.npz,F:/DMV/Recognizing-sign-language-at-the-word-level/data/datasets/WLASL/branch_inputs/skeleton/rtmw_l/selected_27/nslt100/train/6334.npz,F:/DMV/Recognizing-sign-language-at-the-word-level/data/datasets/WLASL/branch_inputs/skeleton/rtmw_l/normalized/selected_27/nslt100/train/6334.npz,F:/DMV/Recognizing-sign-language-at-the-word-level/data/datasets/WLASL/branch_inputs/skeleton/rtmw_l/graph_tensors/selected_27/nslt100/train/6334.npz,wholebody_133,selected_27,"[0, 5, 6, 7, 8, 9, 10, 93, 95, 97, 99, 101, 103, 105, 107, 109, 111, 114, 116, 118, 120, 122, 124, 126, 128, 130, 132]",18,150,133,27,3,1,"[3, 150, 27, 1]",8.509001731872559,"clip_to_[0,288]x[0,384]_then_scale_to_[-1,1]",ok,,end_frame_clipped_to_video_end
wlasl:06337,6337,6337,bird,53,train,F:/DMV/Recognizing-sign-language-at-the-word-level/data/datasets/WLASL/pose/rtmw_l/wholebody_133/nslt100/train/6337.npz,F:/DMV/Recognizing-sign-language-at-the-word-level/data/datasets/WLASL/branch_inputs/skeleton/rtmw_l/selected_27/nslt100/train/6337.npz,F:/DMV/Recognizing-sign-language-at-the-word-level/data/datasets/WLASL/branch_inputs/skeleton/rtmw_l/normalized/selected_27/nslt100/train/6337.npz,F:/DMV/Recognizing-sign-language-at-the-word-level/data/datasets/WLASL/branch_inputs/skeleton/rtmw_l/graph_tensors/selected_27/nslt100/train/6337.npz,wholebody_133,selected_27,"[0, 5, 6, 7, 8, 9, 10, 93, 95, 97, 99, 101, 103, 105, 107, 109, 111, 114, 116, 118, 120, 122, 124, 126, 128, 130, 132]",55,150,133,27,3,1,"[3, 150, 27, 1]",8.509001731872559,"clip_to_[0,288]x[0,384]_then_scale_to_[-1,1]",ok,,
wlasl:06343,6343,6343,bird,53,train,F:/DMV/Recognizing-sign-language-at-the-word-level/data/datasets/WLASL/pose/rtmw_l/wholebody_133/nslt100/train/6343.npz,F:/DMV/Recognizing-sign-language-at-the-word-level/data/datasets/WLASL/branch_inputs/skeleton/rtmw_l/selected_27/nslt100/train/6343.npz,F:/DMV/Recognizing-sign-language-at-the-word-level/data/datasets/WLASL/branch_inputs/skeleton/rtmw_l/normalized/selected_27/nslt100/train/6343.npz,F:/DMV/Recognizing-sign-language-at-the-word-level/data/datasets/WLASL/branch_inputs/skeleton/rtmw_l/graph_tensors/selected_27/nslt100/train/6343.npz,wholebody_133,selected_27,"[0, 5, 6, 7, 8, 9, 10, 93, 95, 97, 99, 101, 103, 105, 107, 109, 111, 114, 116, 118, 120, 122, 124, 126, 128, 130, 132]",70,150,133,27,3,1,"[3, 150, 27, 1]",8.509001731872559,"clip_to_[0,288]x[0,384]_then_scale_to_[-1,1]",ok,,
wlasl:06359,6359,6359,birthday,78,train,F:/DMV/Recognizing-sign-language-at-the-word-level/data/datasets/WLASL/pose/rtmw_l/wholebody_133/nslt100/train/6359.npz,F:/DMV/Recognizing-sign-language-at-the-word-level/data/datasets/WLASL/branch_inputs/skeleton/rtmw_l/selected_27/nslt100/train/6359.npz,F:/DMV/Recognizing-sign-language-at-the-word-level/data/datasets/WLASL/branch_inputs/skeleton/rtmw_l/normalized/selected_27/nslt100/train/6359.npz,F:/DMV/Recognizing-sign-language-at-the-word-level/data/datasets/WLASL/branch_inputs/skeleton/rtmw_l/graph_tensors/selected_27/nslt100/train/6359.npz,wholebody_133,selected_27,"[0, 5, 6, 7, 8, 9, 10, 93, 95, 97, 99, 101, 103, 105, 107, 109, 111, 114, 116, 118, 120, 122, 124, 126, 128, 130, 132]",50,150,133,27,3,1,"[3, 150, 27, 1]",8.509001731872559,"clip_to_[0,288]x[0,384]_then_scale_to_[-1,1]",ok,,
wlasl:06363,6363,6363,birthday,78,train,F:/DMV/Recognizing-sign-language-at-the-word-level/data/datasets/WLASL/pose/rtmw_l/wholebody_133/nslt100/train/6363.npz,F:/DMV/Recognizing-sign-language-at-the-word-level/data/datasets/WLASL/branch_inputs/skeleton/rtmw_l/selected_27/nslt100/train/6363.npz,F:/DMV/Recognizing-sign-language-at-the-word-level/data/datasets/WLASL/branch_inputs/skeleton/rtmw_l/normalized/selected_27/nslt100/train/6363.npz,F:/DMV/Recognizing-sign-language-at-the-word-level/data/datasets/WLASL/branch_inputs/skeleton/rtmw_l/graph_tensors/selected_27/nslt100/train/6363.npz,wholebody_133,selected_27,"[0, 5, 6, 7, 8, 9, 10, 93, 95, 97, 99, 101, 103, 105, 107, 109, 111, 114, 116, 118, 120, 122, 124, 126, 128, 130, 132]",56,150,133,27,3,1,"[3, 150, 27, 1]",8.509001731872559,"clip_to_[0,288]x[0,384]_then_scale_to_[-1,1]",ok,,
wlasl:06365,6365,6365,birthday,78,train,F:/DMV/Recognizing-sign-language-at-the-word-level/data/datasets/WLASL/pose/rtmw_l/wholebody_133/nslt100/train/6365.npz,F:/DMV/Recognizing-sign-language-at-the-word-level/data/datasets/WLASL/branch_inputs/skeleton/rtmw_l/selected_27/nslt100/train/6365.npz,F:/DMV/Recognizing-sign-language-at-the-word-level/data/datasets/WLASL/branch_inputs/skeleton/rtmw_l/normalized/selected_27/nslt100/train/6365.npz,F:/DMV/Recognizing-sign-language-at-the-word-level/data/datasets/WLASL/branch_inputs/skeleton/rtmw_l/graph_tensors/selected_27/nslt100/train/6365.npz,wholebody_133,selected_27,"[0, 5, 6, 7, 8, 9, 10, 93, 95, 97, 99, 101, 103, 105, 107, 109, 111, 114, 116, 118, 120, 122, 124, 126, 128, 130, 132]",64,150,133,27,3,1,"[3, 150, 27, 1]",8.509001731872559,"clip_to_[0,288]x[0,384]_then_scale_to_[-1,1]",ok,,
wlasl:63665,63665,63665,woman,31,train,F:/DMV/Recognizing-sign-language-at-the-word-level/data/datasets/WLASL/pose/rtmw_l/wholebody_133/nslt100/train/63665.npz,F:/DMV/Recognizing-sign-language-at-the-word-level/data/datasets/WLASL/branch_inputs/skeleton/rtmw_l/selected_27/nslt100/train/63665.npz,F:/DMV/Recognizing-sign-language-at-the-word-level/data/datasets/WLASL/branch_inputs/skeleton/rtmw_l/normalized/selected_27/nslt100/train/63665.npz,F:/DMV/Recognizing-sign-language-at-the-word-level/data/datasets/WLASL/branch_inputs/skeleton/rtmw_l/graph_tensors/selected_27/nslt100/train/63665.npz,wholebody_133,selected_27,"[0, 5, 6, 7, 8, 9, 10, 93, 95, 97, 99, 101, 103, 105, 107, 109, 111, 114, 116, 118, 120, 122, 124, 126, 128, 130, 132]",62,150,133,27,3,1,"[3, 150, 27, 1]",8.509001731872559,"clip_to_[0,288]x[0,384]_then_scale_to_[-1,1]",ok,,
wlasl:63666,63666,63666,woman,31,train,F:/DMV/Recognizing-sign-language-at-the-word-level/data/datasets/WLASL/pose/rtmw_l/wholebody_133/nslt100/train/63666.npz,F:/DMV/Recognizing-sign-language-at-the-word-level/data/datasets/WLASL/branch_inputs/skeleton/rtmw_l/selected_27/nslt100/train/63666.npz,F:/DMV/Recognizing-sign-language-at-the-word-level/data/datasets/WLASL/branch_inputs/skeleton/rtmw_l/normalized/selected_27/nslt100/train/63666.npz,F:/DMV/Recognizing-sign-language-at-the-word-level/data/datasets/WLASL/branch_inputs/skeleton/rtmw_l/graph_tensors/selected_27/nslt100/train/63666.npz,wholebody_133,selected_27,"[0, 5, 6, 7, 8, 9, 10, 93, 95, 97, 99, 101, 103, 105, 107, 109, 111, 114, 116, 118, 120, 122, 124, 126, 128, 130, 132]",60,150,133,27,3,1,"[3, 150, 27, 1]",8.509001731872559,"clip_to_[0,288]x[0,384]_then_scale_to_[-1,1]",ok,,
wlasl:63667,63667,63667,woman,31,train,F:/DMV/Recognizing-sign-language-at-the-word-level/data/datasets/WLASL/pose/rtmw_l/wholebody_133/nslt100/train/63667.npz,F:/DMV/Recognizing-sign-language-at-the-word-level/data/datasets/WLASL/branch_inputs/skeleton/rtmw_l/selected_27/nslt100/train/63667.npz,F:/DMV/Recognizing-sign-language-at-the-word-level/data/datasets/WLASL/branch_inputs/skeleton/rtmw_l/normalized/selected_27/nslt100/train/63667.npz,F:/DMV/Recognizing-sign-language-at-the-word-level/data/datasets/WLASL/branch_inputs/skeleton/rtmw_l/graph_tensors/selected_27/nslt100/train/63667.npz,wholebody_133,selected_27,"[0, 5, 6, 7, 8, 9, 10, 93, 95, 97, 99, 101, 103, 105, 107, 109, 111, 114, 116, 118, 120, 122, 124, 126, 128, 130, 132]",25,150,133,27,3,1,"[3, 150, 27, 1]",8.509001731872559,"clip_to_[0,288]x[0,384]_then_scale_to_[-1,1]",ok,,end_frame_clipped_to_video_end
wlasl:63668,63668,63668,woman,31,train,F:/DMV/Recognizing-sign-language-at-the-word-level/data/datasets/WLASL/pose/rtmw_l/wholebody_133/nslt100/train/63668.npz,F:/DMV/Recognizing-sign-language-at-the-word-level/data/datasets/WLASL/branch_inputs/skeleton/rtmw_l/selected_27/nslt100/train/63668.npz,F:/DMV/Recognizing-sign-language-at-the-word-level/data/datasets/WLASL/branch_inputs/skeleton/rtmw_l/normalized/selected_27/nslt100/train/63668.npz,F:/DMV/Recognizing-sign-language-at-the-word-level/data/datasets/WLASL/branch_inputs/skeleton/rtmw_l/graph_tensors/selected_27/nslt100/train/63668.npz,wholebody_133,selected_27,"[0, 5, 6, 7, 8, 9, 10, 93, 95, 97, 99, 101, 103, 105, 107, 109, 111, 114, 116, 118, 120, 122, 124, 126, 128, 130, 132]",28,150,133,27,3,1,"[3, 150, 27, 1]",8.509001731872559,"clip_to_[0,288]x[0,384]_then_scale_to_[-1,1]",ok,,
wlasl:63672,63672,63672,woman,31,train,F:/DMV/Recognizing-sign-language-at-the-word-level/data/datasets/WLASL/pose/rtmw_l/wholebody_133/nslt100/train/63672.npz,F:/DMV/Recognizing-sign-language-at-the-word-level/data/datasets/WLASL/branch_inputs/skeleton/rtmw_l/selected_27/nslt100/train/63672.npz,F:/DMV/Recognizing-sign-language-at-the-word-level/data/datasets/WLASL/branch_inputs/skeleton/rtmw_l/normalized/selected_27/nslt100/train/63672.npz,F:/DMV/Recognizing-sign-language-at-the-word-level/data/datasets/WLASL/branch_inputs/skeleton/rtmw_l/graph_tensors/selected_27/nslt100/train/63672.npz,wholebody_133,selected_27,"[0, 5, 6, 7, 8, 9, 10, 93, 95, 97, 99, 101, 103, 105, 107, 109, 111, 114, 116, 118, 120, 122, 124, 126, 128, 130, 132]",26,150,133,27,3,1,"[3, 150, 27, 1]",8.509001731872559,"clip_to_[0,288]x[0,384]_then_scale_to_[-1,1]",ok,,
wlasl:63673,63673,63673,woman,31,train,F:/DMV/Recognizing-sign-language-at-the-word-level/data/datasets/WLASL/pose/rtmw_l/wholebody_133/nslt100/train/63673.npz,F:/DMV/Recognizing-sign-language-at-the-word-level/data/datasets/WLASL/branch_inputs/skeleton/rtmw_l/selected_27/nslt100/train/63673.npz,F:/DMV/Recognizing-sign-language-at-the-word-level/data/datasets/WLASL/branch_inputs/skeleton/rtmw_l/normalized/selected_27/nslt100/train/63673.npz,F:/DMV/Recognizing-sign-language-at-the-word-level/data/datasets/WLASL/branch_inputs/skeleton/rtmw_l/graph_tensors/selected_27/nslt100/train/63673.npz,wholebody_133,selected_27,"[0, 5, 6, 7, 8, 9, 10, 93, 95, 97, 99, 101, 103, 105, 107, 109, 111, 114, 116, 118, 120, 122, 124, 126, 128, 130, 132]",37,150,133,27,3,1,"[3, 150, 27, 1]",8.509001731872559,"clip_to_[0,288]x[0,384]_then_scale_to_[-1,1]",ok,,
wlasl:63679,63679,63679,woman,31,train,F:/DMV/Recognizing-sign-language-at-the-word-level/data/datasets/WLASL/pose/rtmw_l/wholebody_133/nslt100/train/63679.npz,F:/DMV/Recognizing-sign-language-at-the-word-level/data/datasets/WLASL/branch_inputs/skeleton/rtmw_l/selected_27/nslt100/train/63679.npz,F:/DMV/Recognizing-sign-language-at-the-word-level/data/datasets/WLASL/branch_inputs/skeleton/rtmw_l/normalized/selected_27/nslt100/train/63679.npz,F:/DMV/Recognizing-sign-language-at-the-word-level/data/datasets/WLASL/branch_inputs/skeleton/rtmw_l/graph_tensors/selected_27/nslt100/train/63679.npz,wholebody_133,selected_27,"[0, 5, 6, 7, 8, 9, 10, 93, 95, 97, 99, 101, 103, 105, 107, 109, 111, 114, 116, 118, 120, 122, 124, 126, 128, 130, 132]",59,150,133,27,3,1,"[3, 150, 27, 1]",8.509001731872559,"clip_to_[0,288]x[0,384]_then_scale_to_[-1,1]",ok,,
wlasl:06371,6371,6371,birthday,78,train,F:/DMV/Recognizing-sign-language-at-the-word-level/data/datasets/WLASL/pose/rtmw_l/wholebody_133/nslt100/train/6371.npz,F:/DMV/Recognizing-sign-language-at-the-word-level/data/datasets/WLASL/branch_inputs/skeleton/rtmw_l/selected_27/nslt100/train/6371.npz,F:/DMV/Recognizing-sign-language-at-the-word-level/data/datasets/WLASL/branch_inputs/skeleton/rtmw_l/normalized/selected_27/nslt100/train/6371.npz,F:/DMV/Recognizing-sign-language-at-the-word-level/data/datasets/WLASL/branch_inputs/skeleton/rtmw_l/graph_tensors/selected_27/nslt100/train/6371.npz,wholebody_133,selected_27,"[0, 5, 6, 7, 8, 9, 10, 93, 95, 97, 99, 101, 103, 105, 107, 109, 111, 114, 116, 118, 120, 122, 124, 126, 128, 130, 132]",66,150,133,27,3,1,"[3, 150, 27, 1]",8.509001731872559,"clip_to_[0,288]x[0,384]_then_scale_to_[-1,1]",ok,,
wlasl:63790,63790,63790,work,75,train,F:/DMV/Recognizing-sign-language-at-the-word-level/data/datasets/WLASL/pose/rtmw_l/wholebody_133/nslt100/train/63790.npz,F:/DMV/Recognizing-sign-language-at-the-word-level/data/datasets/WLASL/branch_inputs/skeleton/rtmw_l/selected_27/nslt100/train/63790.npz,F:/DMV/Recognizing-sign-language-at-the-word-level/data/datasets/WLASL/branch_inputs/skeleton/rtmw_l/normalized/selected_27/nslt100/train/63790.npz,F:/DMV/Recognizing-sign-language-at-the-word-level/data/datasets/WLASL/branch_inputs/skeleton/rtmw_l/graph_tensors/selected_27/nslt100/train/63790.npz,wholebody_133,selected_27,"[0, 5, 6, 7, 8, 9, 10, 93, 95, 97, 99, 101, 103, 105, 107, 109, 111, 114, 116, 118, 120, 122, 124, 126, 128, 130, 132]",68,150,133,27,3,1,"[3, 150, 27, 1]",8.509001731872559,"clip_to_[0,288]x[0,384]_then_scale_to_[-1,1]",ok,,
wlasl:63791,63791,63791,work,75,train,F:/DMV/Recognizing-sign-language-at-the-word-level/data/datasets/WLASL/pose/rtmw_l/wholebody_133/nslt100/train/63791.npz,F:/DMV/Recognizing-sign-language-at-the-word-level/data/datasets/WLASL/branch_inputs/skeleton/rtmw_l/selected_27/nslt100/train/63791.npz,F:/DMV/Recognizing-sign-language-at-the-word-level/data/datasets/WLASL/branch_inputs/skeleton/rtmw_l/normalized/selected_27/nslt100/train/63791.npz,F:/DMV/Recognizing-sign-language-at-the-word-level/data/datasets/WLASL/branch_inputs/skeleton/rtmw_l/graph_tensors/selected_27/nslt100/train/63791.npz,wholebody_133,selected_27,"[0, 5, 6, 7, 8, 9, 10, 93, 95, 97, 99, 101, 103, 105, 107, 109, 111, 114, 116, 118, 120, 122, 124, 126, 128, 130, 132]",37,150,133,27,3,1,"[3, 150, 27, 1]",8.509001731872559,"clip_to_[0,288]x[0,384]_then_scale_to_[-1,1]",ok,,
wlasl:63792,63792,63792,work,75,train,F:/DMV/Recognizing-sign-language-at-the-word-level/data/datasets/WLASL/pose/rtmw_l/wholebody_133/nslt100/train/63792.npz,F:/DMV/Recognizing-sign-language-at-the-word-level/data/datasets/WLASL/branch_inputs/skeleton/rtmw_l/selected_27/nslt100/train/63792.npz,F:/DMV/Recognizing-sign-language-at-the-word-level/data/datasets/WLASL/branch_inputs/skeleton/rtmw_l/normalized/selected_27/nslt100/train/63792.npz,F:/DMV/Recognizing-sign-language-at-the-word-level/data/datasets/WLASL/branch_inputs/skeleton/rtmw_l/graph_tensors/selected_27/nslt100/train/63792.npz,wholebody_133,selected_27,"[0, 5, 6, 7, 8, 9, 10, 93, 95, 97, 99, 101, 103, 105, 107, 109, 111, 114, 116, 118, 120, 122, 124, 126, 128, 130, 132]",44,150,133,27,3,1,"[3, 150, 27, 1]",8.509001731872559,"clip_to_[0,288]x[0,384]_then_scale_to_[-1,1]",ok,,
wlasl:63793,63793,63793,work,75,train,F:/DMV/Recognizing-sign-language-at-the-word-level/data/datasets/WLASL/pose/rtmw_l/wholebody_133/nslt100/train/63793.npz,F:/DMV/Recognizing-sign-language-at-the-word-level/data/datasets/WLASL/branch_inputs/skeleton/rtmw_l/selected_27/nslt100/train/63793.npz,F:/DMV/Recognizing-sign-language-at-the-word-level/data/datasets/WLASL/branch_inputs/skeleton/rtmw_l/normalized/selected_27/nslt100/train/63793.npz,F:/DMV/Recognizing-sign-language-at-the-word-level/data/datasets/WLASL/branch_inputs/skeleton/rtmw_l/graph_tensors/selected_27/nslt100/train/63793.npz,wholebody_133,selected_27,"[0, 5, 6, 7, 8, 9, 10, 93, 95, 97, 99, 101, 103, 105, 107, 109, 111, 114, 116, 118, 120, 122, 124, 126, 128, 130, 132]",66,150,133,27,3,1,"[3, 150, 27, 1]",8.509001731872559,"clip_to_[0,288]x[0,384]_then_scale_to_[-1,1]",ok,,
wlasl:63799,63799,63799,work,75,train,F:/DMV/Recognizing-sign-language-at-the-word-level/data/datasets/WLASL/pose/rtmw_l/wholebody_133/nslt100/train/63799.npz,F:/DMV/Recognizing-sign-language-at-the-word-level/data/datasets/WLASL/branch_inputs/skeleton/rtmw_l/selected_27/nslt100/train/63799.npz,F:/DMV/Recognizing-sign-language-at-the-word-level/data/datasets/WLASL/branch_inputs/skeleton/rtmw_l/normalized/selected_27/nslt100/train/63799.npz,F:/DMV/Recognizing-sign-language-at-the-word-level/data/datasets/WLASL/branch_inputs/skeleton/rtmw_l/graph_tensors/selected_27/nslt100/train/63799.npz,wholebody_133,selected_27,"[0, 5, 6, 7, 8, 9, 10, 93, 95, 97, 99, 101, 103, 105, 107, 109, 111, 114, 116, 118, 120, 122, 124, 126, 128, 130, 132]",43,150,133,27,3,1,"[3, 150, 27, 1]",8.509001731872559,"clip_to_[0,288]x[0,384]_then_scale_to_[-1,1]",ok,,
wlasl:63806,63806,63806,work,75,train,F:/DMV/Recognizing-sign-language-at-the-word-level/data/datasets/WLASL/pose/rtmw_l/wholebody_133/nslt100/train/63806.npz,F:/DMV/Recognizing-sign-language-at-the-word-level/data/datasets/WLASL/branch_inputs/skeleton/rtmw_l/selected_27/nslt100/train/63806.npz,F:/DMV/Recognizing-sign-language-at-the-word-level/data/datasets/WLASL/branch_inputs/skeleton/rtmw_l/normalized/selected_27/nslt100/train/63806.npz,F:/DMV/Recognizing-sign-language-at-the-word-level/data/datasets/WLASL/branch_inputs/skeleton/rtmw_l/graph_tensors/selected_27/nslt100/train/63806.npz,wholebody_133,selected_27,"[0, 5, 6, 7, 8, 9, 10, 93, 95, 97, 99, 101, 103, 105, 107, 109, 111, 114, 116, 118, 120, 122, 124, 126, 128, 130, 132]",62,150,133,27,3,1,"[3, 150, 27, 1]",8.509001731872559,"clip_to_[0,288]x[0,384]_then_scale_to_[-1,1]",ok,,
wlasl:00639,639,639,accident,51,train,F:/DMV/Recognizing-sign-language-at-the-word-level/data/datasets/WLASL/pose/rtmw_l/wholebody_133/nslt100/train/639.npz,F:/DMV/Recognizing-sign-language-at-the-word-level/data/datasets/WLASL/branch_inputs/skeleton/rtmw_l/selected_27/nslt100/train/639.npz,F:/DMV/Recognizing-sign-language-at-the-word-level/data/datasets/WLASL/branch_inputs/skeleton/rtmw_l/normalized/selected_27/nslt100/train/639.npz,F:/DMV/Recognizing-sign-language-at-the-word-level/data/datasets/WLASL/branch_inputs/skeleton/rtmw_l/graph_tensors/selected_27/nslt100/train/639.npz,wholebody_133,selected_27,"[0, 5, 6, 7, 8, 9, 10, 93, 95, 97, 99, 101, 103, 105, 107, 109, 111, 114, 116, 118, 120, 122, 124, 126, 128, 130, 132]",89,150,133,27,3,1,"[3, 150, 27, 1]",8.509001731872559,"clip_to_[0,288]x[0,384]_then_scale_to_[-1,1]",ok,,
wlasl:64084,64084,64084,wrong,50,train,F:/DMV/Recognizing-sign-language-at-the-word-level/data/datasets/WLASL/pose/rtmw_l/wholebody_133/nslt100/train/64084.npz,F:/DMV/Recognizing-sign-language-at-the-word-level/data/datasets/WLASL/branch_inputs/skeleton/rtmw_l/selected_27/nslt100/train/64084.npz,F:/DMV/Recognizing-sign-language-at-the-word-level/data/datasets/WLASL/branch_inputs/skeleton/rtmw_l/normalized/selected_27/nslt100/train/64084.npz,F:/DMV/Recognizing-sign-language-at-the-word-level/data/datasets/WLASL/branch_inputs/skeleton/rtmw_l/graph_tensors/selected_27/nslt100/train/64084.npz,wholebody_133,selected_27,"[0, 5, 6, 7, 8, 9, 10, 93, 95, 97, 99, 101, 103, 105, 107, 109, 111, 114, 116, 118, 120, 122, 124, 126, 128, 130, 132]",77,150,133,27,3,1,"[3, 150, 27, 1]",8.509001731872559,"clip_to_[0,288]x[0,384]_then_scale_to_[-1,1]",ok,,
wlasl:64085,64085,64085,wrong,50,train,F:/DMV/Recognizing-sign-language-at-the-word-level/data/datasets/WLASL/pose/rtmw_l/wholebody_133/nslt100/train/64085.npz,F:/DMV/Recognizing-sign-language-at-the-word-level/data/datasets/WLASL/branch_inputs/skeleton/rtmw_l/selected_27/nslt100/train/64085.npz,F:/DMV/Recognizing-sign-language-at-the-word-level/data/datasets/WLASL/branch_inputs/skeleton/rtmw_l/normalized/selected_27/nslt100/train/64085.npz,F:/DMV/Recognizing-sign-language-at-the-word-level/data/datasets/WLASL/branch_inputs/skeleton/rtmw_l/graph_tensors/selected_27/nslt100/train/64085.npz,wholebody_133,selected_27,"[0, 5, 6, 7, 8, 9, 10, 93, 95, 97, 99, 101, 103, 105, 107, 109, 111, 114, 116, 118, 120, 122, 124, 126, 128, 130, 132]",52,150,133,27,3,1,"[3, 150, 27, 1]",8.509001731872559,"clip_to_[0,288]x[0,384]_then_scale_to_[-1,1]",ok,,
wlasl:64086,64086,64086,wrong,50,train,F:/DMV/Recognizing-sign-language-at-the-word-level/data/datasets/WLASL/pose/rtmw_l/wholebody_133/nslt100/train/64086.npz,F:/DMV/Recognizing-sign-language-at-the-word-level/data/datasets/WLASL/branch_inputs/skeleton/rtmw_l/selected_27/nslt100/train/64086.npz,F:/DMV/Recognizing-sign-language-at-the-word-level/data/datasets/WLASL/branch_inputs/skeleton/rtmw_l/normalized/selected_27/nslt100/train/64086.npz,F:/DMV/Recognizing-sign-language-at-the-word-level/data/datasets/WLASL/branch_inputs/skeleton/rtmw_l/graph_tensors/selected_27/nslt100/train/64086.npz,wholebody_133,selected_27,"[0, 5, 6, 7, 8, 9, 10, 93, 95, 97, 99, 101, 103, 105, 107, 109, 111, 114, 116, 118, 120, 122, 124, 126, 128, 130, 132]",32,150,133,27,3,1,"[3, 150, 27, 1]",8.509001731872559,"clip_to_[0,288]x[0,384]_then_scale_to_[-1,1]",ok,,end_frame_clipped_to_video_end
wlasl:64087,64087,64087,wrong,50,train,F:/DMV/Recognizing-sign-language-at-the-word-level/data/datasets/WLASL/pose/rtmw_l/wholebody_133/nslt100/train/64087.npz,F:/DMV/Recognizing-sign-language-at-the-word-level/data/datasets/WLASL/branch_inputs/skeleton/rtmw_l/selected_27/nslt100/train/64087.npz,F:/DMV/Recognizing-sign-language-at-the-word-level/data/datasets/WLASL/branch_inputs/skeleton/rtmw_l/normalized/selected_27/nslt100/train/64087.npz,F:/DMV/Recognizing-sign-language-at-the-word-level/data/datasets/WLASL/branch_inputs/skeleton/rtmw_l/graph_tensors/selected_27/nslt100/train/64087.npz,wholebody_133,selected_27,"[0, 5, 6, 7, 8, 9, 10, 93, 95, 97, 99, 101, 103, 105, 107, 109, 111, 114, 116, 118, 120, 122, 124, 126, 128, 130, 132]",67,150,133,27,3,1,"[3, 150, 27, 1]",8.509001731872559,"clip_to_[0,288]x[0,384]_then_scale_to_[-1,1]",ok,,
wlasl:64088,64088,64088,wrong,50,train,F:/DMV/Recognizing-sign-language-at-the-word-level/data/datasets/WLASL/pose/rtmw_l/wholebody_133/nslt100/train/64088.npz,F:/DMV/Recognizing-sign-language-at-the-word-level/data/datasets/WLASL/branch_inputs/skeleton/rtmw_l/selected_27/nslt100/train/64088.npz,F:/DMV/Recognizing-sign-language-at-the-word-level/data/datasets/WLASL/branch_inputs/skeleton/rtmw_l/normalized/selected_27/nslt100/train/64088.npz,F:/DMV/Recognizing-sign-language-at-the-word-level/data/datasets/WLASL/branch_inputs/skeleton/rtmw_l/graph_tensors/selected_27/nslt100/train/64088.npz,wholebody_133,selected_27,"[0, 5, 6, 7, 8, 9, 10, 93, 95, 97, 99, 101, 103, 105, 107, 109, 111, 114, 116, 118, 120, 122, 124, 126, 128, 130, 132]",57,150,133,27,3,1,"[3, 150, 27, 1]",8.509001731872559,"clip_to_[0,288]x[0,384]_then_scale_to_[-1,1]",ok,,
wlasl:64090,64090,64090,wrong,50,train,F:/DMV/Recognizing-sign-language-at-the-word-level/data/datasets/WLASL/pose/rtmw_l/wholebody_133/nslt100/train/64090.npz,F:/DMV/Recognizing-sign-language-at-the-word-level/data/datasets/WLASL/branch_inputs/skeleton/rtmw_l/selected_27/nslt100/train/64090.npz,F:/DMV/Recognizing-sign-language-at-the-word-level/data/datasets/WLASL/branch_inputs/skeleton/rtmw_l/normalized/selected_27/nslt100/train/64090.npz,F:/DMV/Recognizing-sign-language-at-the-word-level/data/datasets/WLASL/branch_inputs/skeleton/rtmw_l/graph_tensors/selected_27/nslt100/train/64090.npz,wholebody_133,selected_27,"[0, 5, 6, 7, 8, 9, 10, 93, 95, 97, 99, 101, 103, 105, 107, 109, 111, 114, 116, 118, 120, 122, 124, 126, 128, 130, 132]",23,150,133,27,3,1,"[3, 150, 27, 1]",8.509001731872559,"clip_to_[0,288]x[0,384]_then_scale_to_[-1,1]",ok,,
wlasl:64091,64091,64091,wrong,50,train,F:/DMV/Recognizing-sign-language-at-the-word-level/data/datasets/WLASL/pose/rtmw_l/wholebody_133/nslt100/train/64091.npz,F:/DMV/Recognizing-sign-language-at-the-word-level/data/datasets/WLASL/branch_inputs/skeleton/rtmw_l/selected_27/nslt100/train/64091.npz,F:/DMV/Recognizing-sign-language-at-the-word-level/data/datasets/WLASL/branch_inputs/skeleton/rtmw_l/normalized/selected_27/nslt100/train/64091.npz,F:/DMV/Recognizing-sign-language-at-the-word-level/data/datasets/WLASL/branch_inputs/skeleton/rtmw_l/graph_tensors/selected_27/nslt100/train/64091.npz,wholebody_133,selected_27,"[0, 5, 6, 7, 8, 9, 10, 93, 95, 97, 99, 101, 103, 105, 107, 109, 111, 114, 116, 118, 120, 122, 124, 126, 128, 130, 132]",31,150,133,27,3,1,"[3, 150, 27, 1]",8.509001731872559,"clip_to_[0,288]x[0,384]_then_scale_to_[-1,1]",ok,,
wlasl:64212,64212,64212,year,16,train,F:/DMV/Recognizing-sign-language-at-the-word-level/data/datasets/WLASL/pose/rtmw_l/wholebody_133/nslt100/train/64212.npz,F:/DMV/Recognizing-sign-language-at-the-word-level/data/datasets/WLASL/branch_inputs/skeleton/rtmw_l/selected_27/nslt100/train/64212.npz,F:/DMV/Recognizing-sign-language-at-the-word-level/data/datasets/WLASL/branch_inputs/skeleton/rtmw_l/normalized/selected_27/nslt100/train/64212.npz,F:/DMV/Recognizing-sign-language-at-the-word-level/data/datasets/WLASL/branch_inputs/skeleton/rtmw_l/graph_tensors/selected_27/nslt100/train/64212.npz,wholebody_133,selected_27,"[0, 5, 6, 7, 8, 9, 10, 93, 95, 97, 99, 101, 103, 105, 107, 109, 111, 114, 116, 118, 120, 122, 124, 126, 128, 130, 132]",45,150,133,27,3,1,"[3, 150, 27, 1]",8.509001731872559,"clip_to_[0,288]x[0,384]_then_scale_to_[-1,1]",ok,,
wlasl:64213,64213,64213,year,16,train,F:/DMV/Recognizing-sign-language-at-the-word-level/data/datasets/WLASL/pose/rtmw_l/wholebody_133/nslt100/train/64213.npz,F:/DMV/Recognizing-sign-language-at-the-word-level/data/datasets/WLASL/branch_inputs/skeleton/rtmw_l/selected_27/nslt100/train/64213.npz,F:/DMV/Recognizing-sign-language-at-the-word-level/data/datasets/WLASL/branch_inputs/skeleton/rtmw_l/normalized/selected_27/nslt100/train/64213.npz,F:/DMV/Recognizing-sign-language-at-the-word-level/data/datasets/WLASL/branch_inputs/skeleton/rtmw_l/graph_tensors/selected_27/nslt100/train/64213.npz,wholebody_133,selected_27,"[0, 5, 6, 7, 8, 9, 10, 93, 95, 97, 99, 101, 103, 105, 107, 109, 111, 114, 116, 118, 120, 122, 124, 126, 128, 130, 132]",83,150,133,27,3,1,"[3, 150, 27, 1]",8.509001731872559,"clip_to_[0,288]x[0,384]_then_scale_to_[-1,1]",ok,,
wlasl:64218,64218,64218,year,16,train,F:/DMV/Recognizing-sign-language-at-the-word-level/data/datasets/WLASL/pose/rtmw_l/wholebody_133/nslt100/train/64218.npz,F:/DMV/Recognizing-sign-language-at-the-word-level/data/datasets/WLASL/branch_inputs/skeleton/rtmw_l/selected_27/nslt100/train/64218.npz,F:/DMV/Recognizing-sign-language-at-the-word-level/data/datasets/WLASL/branch_inputs/skeleton/rtmw_l/normalized/selected_27/nslt100/train/64218.npz,F:/DMV/Recognizing-sign-language-at-the-word-level/data/datasets/WLASL/branch_inputs/skeleton/rtmw_l/graph_tensors/selected_27/nslt100/train/64218.npz,wholebody_133,selected_27,"[0, 5, 6, 7, 8, 9, 10, 93, 95, 97, 99, 101, 103, 105, 107, 109, 111, 114, 116, 118, 120, 122, 124, 126, 128, 130, 132]",50,150,133,27,3,1,"[3, 150, 27, 1]",8.509001731872559,"clip_to_[0,288]x[0,384]_then_scale_to_[-1,1]",ok,,
wlasl:64219,64219,64219,year,16,train,F:/DMV/Recognizing-sign-language-at-the-word-level/data/datasets/WLASL/pose/rtmw_l/wholebody_133/nslt100/train/64219.npz,F:/DMV/Recognizing-sign-language-at-the-word-level/data/datasets/WLASL/branch_inputs/skeleton/rtmw_l/selected_27/nslt100/train/64219.npz,F:/DMV/Recognizing-sign-language-at-the-word-level/data/datasets/WLASL/branch_inputs/skeleton/rtmw_l/normalized/selected_27/nslt100/train/64219.npz,F:/DMV/Recognizing-sign-language-at-the-word-level/data/datasets/WLASL/branch_inputs/skeleton/rtmw_l/graph_tensors/selected_27/nslt100/train/64219.npz,wholebody_133,selected_27,"[0, 5, 6, 7, 8, 9, 10, 93, 95, 97, 99, 101, 103, 105, 107, 109, 111, 114, 116, 118, 120, 122, 124, 126, 128, 130, 132]",24,150,133,27,3,1,"[3, 150, 27, 1]",8.509001731872559,"clip_to_[0,288]x[0,384]_then_scale_to_[-1,1]",ok,,
wlasl:64224,64224,64224,year,16,train,F:/DMV/Recognizing-sign-language-at-the-word-level/data/datasets/WLASL/pose/rtmw_l/wholebody_133/nslt100/train/64224.npz,F:/DMV/Recognizing-sign-language-at-the-word-level/data/datasets/WLASL/branch_inputs/skeleton/rtmw_l/selected_27/nslt100/train/64224.npz,F:/DMV/Recognizing-sign-language-at-the-word-level/data/datasets/WLASL/branch_inputs/skeleton/rtmw_l/normalized/selected_27/nslt100/train/64224.npz,F:/DMV/Recognizing-sign-language-at-the-word-level/data/datasets/WLASL/branch_inputs/skeleton/rtmw_l/graph_tensors/selected_27/nslt100/train/64224.npz,wholebody_133,selected_27,"[0, 5, 6, 7, 8, 9, 10, 93, 95, 97, 99, 101, 103, 105, 107, 109, 111, 114, 116, 118, 120, 122, 124, 126, 128, 130, 132]",80,150,133,27,3,1,"[3, 150, 27, 1]",8.509001731872559,"clip_to_[0,288]x[0,384]_then_scale_to_[-1,1]",ok,,
wlasl:64280,64280,64280,yes,17,train,F:/DMV/Recognizing-sign-language-at-the-word-level/data/datasets/WLASL/pose/rtmw_l/wholebody_133/nslt100/train/64280.npz,F:/DMV/Recognizing-sign-language-at-the-word-level/data/datasets/WLASL/branch_inputs/skeleton/rtmw_l/selected_27/nslt100/train/64280.npz,F:/DMV/Recognizing-sign-language-at-the-word-level/data/datasets/WLASL/branch_inputs/skeleton/rtmw_l/normalized/selected_27/nslt100/train/64280.npz,F:/DMV/Recognizing-sign-language-at-the-word-level/data/datasets/WLASL/branch_inputs/skeleton/rtmw_l/graph_tensors/selected_27/nslt100/train/64280.npz,wholebody_133,selected_27,"[0, 5, 6, 7, 8, 9, 10, 93, 95, 97, 99, 101, 103, 105, 107, 109, 111, 114, 116, 118, 120, 122, 124, 126, 128, 130, 132]",54,150,133,27,3,1,"[3, 150, 27, 1]",8.509001731872559,"clip_to_[0,288]x[0,384]_then_scale_to_[-1,1]",ok,,
wlasl:64281,64281,64281,yes,17,train,F:/DMV/Recognizing-sign-language-at-the-word-level/data/datasets/WLASL/pose/rtmw_l/wholebody_133/nslt100/train/64281.npz,F:/DMV/Recognizing-sign-language-at-the-word-level/data/datasets/WLASL/branch_inputs/skeleton/rtmw_l/selected_27/nslt100/train/64281.npz,F:/DMV/Recognizing-sign-language-at-the-word-level/data/datasets/WLASL/branch_inputs/skeleton/rtmw_l/normalized/selected_27/nslt100/train/64281.npz,F:/DMV/Recognizing-sign-language-at-the-word-level/data/datasets/WLASL/branch_inputs/skeleton/rtmw_l/graph_tensors/selected_27/nslt100/train/64281.npz,wholebody_133,selected_27,"[0, 5, 6, 7, 8, 9, 10, 93, 95, 97, 99, 101, 103, 105, 107, 109, 111, 114, 116, 118, 120, 122, 124, 126, 128, 130, 132]",61,150,133,27,3,1,"[3, 150, 27, 1]",8.509001731872559,"clip_to_[0,288]x[0,384]_then_scale_to_[-1,1]",ok,,
wlasl:64283,64283,64283,yes,17,train,F:/DMV/Recognizing-sign-language-at-the-word-level/data/datasets/WLASL/pose/rtmw_l/wholebody_133/nslt100/train/64283.npz,F:/DMV/Recognizing-sign-language-at-the-word-level/data/datasets/WLASL/branch_inputs/skeleton/rtmw_l/selected_27/nslt100/train/64283.npz,F:/DMV/Recognizing-sign-language-at-the-word-level/data/datasets/WLASL/branch_inputs/skeleton/rtmw_l/normalized/selected_27/nslt100/train/64283.npz,F:/DMV/Recognizing-sign-language-at-the-word-level/data/datasets/WLASL/branch_inputs/skeleton/rtmw_l/graph_tensors/selected_27/nslt100/train/64283.npz,wholebody_133,selected_27,"[0, 5, 6, 7, 8, 9, 10, 93, 95, 97, 99, 101, 103, 105, 107, 109, 111, 114, 116, 118, 120, 122, 124, 126, 128, 130, 132]",21,150,133,27,3,1,"[3, 150, 27, 1]",8.509001731872559,"clip_to_[0,288]x[0,384]_then_scale_to_[-1,1]",ok,,end_frame_clipped_to_video_end
wlasl:64284,64284,64284,yes,17,train,F:/DMV/Recognizing-sign-language-at-the-word-level/data/datasets/WLASL/pose/rtmw_l/wholebody_133/nslt100/train/64284.npz,F:/DMV/Recognizing-sign-language-at-the-word-level/data/datasets/WLASL/branch_inputs/skeleton/rtmw_l/selected_27/nslt100/train/64284.npz,F:/DMV/Recognizing-sign-language-at-the-word-level/data/datasets/WLASL/branch_inputs/skeleton/rtmw_l/normalized/selected_27/nslt100/train/64284.npz,F:/DMV/Recognizing-sign-language-at-the-word-level/data/datasets/WLASL/branch_inputs/skeleton/rtmw_l/graph_tensors/selected_27/nslt100/train/64284.npz,wholebody_133,selected_27,"[0, 5, 6, 7, 8, 9, 10, 93, 95, 97, 99, 101, 103, 105, 107, 109, 111, 114, 116, 118, 120, 122, 124, 126, 128, 130, 132]",48,150,133,27,3,1,"[3, 150, 27, 1]",8.509001731872559,"clip_to_[0,288]x[0,384]_then_scale_to_[-1,1]",ok,,
wlasl:64288,64288,64288,yes,17,train,F:/DMV/Recognizing-sign-language-at-the-word-level/data/datasets/WLASL/pose/rtmw_l/wholebody_133/nslt100/train/64288.npz,F:/DMV/Recognizing-sign-language-at-the-word-level/data/datasets/WLASL/branch_inputs/skeleton/rtmw_l/selected_27/nslt100/train/64288.npz,F:/DMV/Recognizing-sign-language-at-the-word-level/data/datasets/WLASL/branch_inputs/skeleton/rtmw_l/normalized/selected_27/nslt100/train/64288.npz,F:/DMV/Recognizing-sign-language-at-the-word-level/data/datasets/WLASL/branch_inputs/skeleton/rtmw_l/graph_tensors/selected_27/nslt100/train/64288.npz,wholebody_133,selected_27,"[0, 5, 6, 7, 8, 9, 10, 93, 95, 97, 99, 101, 103, 105, 107, 109, 111, 114, 116, 118, 120, 122, 124, 126, 128, 130, 132]",47,150,133,27,3,1,"[3, 150, 27, 1]",8.509001731872559,"clip_to_[0,288]x[0,384]_then_scale_to_[-1,1]",ok,,
wlasl:64291,64291,64291,yes,17,train,F:/DMV/Recognizing-sign-language-at-the-word-level/data/datasets/WLASL/pose/rtmw_l/wholebody_133/nslt100/train/64291.npz,F:/DMV/Recognizing-sign-language-at-the-word-level/data/datasets/WLASL/branch_inputs/skeleton/rtmw_l/selected_27/nslt100/train/64291.npz,F:/DMV/Recognizing-sign-language-at-the-word-level/data/datasets/WLASL/branch_inputs/skeleton/rtmw_l/normalized/selected_27/nslt100/train/64291.npz,F:/DMV/Recognizing-sign-language-at-the-word-level/data/datasets/WLASL/branch_inputs/skeleton/rtmw_l/graph_tensors/selected_27/nslt100/train/64291.npz,wholebody_133,selected_27,"[0, 5, 6, 7, 8, 9, 10, 93, 95, 97, 99, 101, 103, 105, 107, 109, 111, 114, 116, 118, 120, 122, 124, 126, 128, 130, 132]",48,150,133,27,3,1,"[3, 150, 27, 1]",8.509001731872559,"clip_to_[0,288]x[0,384]_then_scale_to_[-1,1]",ok,,
wlasl:64292,64292,64292,yes,17,train,F:/DMV/Recognizing-sign-language-at-the-word-level/data/datasets/WLASL/pose/rtmw_l/wholebody_133/nslt100/train/64292.npz,F:/DMV/Recognizing-sign-language-at-the-word-level/data/datasets/WLASL/branch_inputs/skeleton/rtmw_l/selected_27/nslt100/train/64292.npz,F:/DMV/Recognizing-sign-language-at-the-word-level/data/datasets/WLASL/branch_inputs/skeleton/rtmw_l/normalized/selected_27/nslt100/train/64292.npz,F:/DMV/Recognizing-sign-language-at-the-word-level/data/datasets/WLASL/branch_inputs/skeleton/rtmw_l/graph_tensors/selected_27/nslt100/train/64292.npz,wholebody_133,selected_27,"[0, 5, 6, 7, 8, 9, 10, 93, 95, 97, 99, 101, 103, 105, 107, 109, 111, 114, 116, 118, 120, 122, 124, 126, 128, 130, 132]",41,150,133,27,3,1,"[3, 150, 27, 1]",8.509001731872559,"clip_to_[0,288]x[0,384]_then_scale_to_[-1,1]",ok,,
wlasl:64300,64300,64300,yes,17,train,F:/DMV/Recognizing-sign-language-at-the-word-level/data/datasets/WLASL/pose/rtmw_l/wholebody_133/nslt100/train/64300.npz,F:/DMV/Recognizing-sign-language-at-the-word-level/data/datasets/WLASL/branch_inputs/skeleton/rtmw_l/selected_27/nslt100/train/64300.npz,F:/DMV/Recognizing-sign-language-at-the-word-level/data/datasets/WLASL/branch_inputs/skeleton/rtmw_l/normalized/selected_27/nslt100/train/64300.npz,F:/DMV/Recognizing-sign-language-at-the-word-level/data/datasets/WLASL/branch_inputs/skeleton/rtmw_l/graph_tensors/selected_27/nslt100/train/64300.npz,wholebody_133,selected_27,"[0, 5, 6, 7, 8, 9, 10, 93, 95, 97, 99, 101, 103, 105, 107, 109, 111, 114, 116, 118, 120, 122, 124, 126, 128, 130, 132]",77,150,133,27,3,1,"[3, 150, 27, 1]",8.509001731872559,"clip_to_[0,288]x[0,384]_then_scale_to_[-1,1]",ok,,
wlasl:06471,6471,6471,black,19,train,F:/DMV/Recognizing-sign-language-at-the-word-level/data/datasets/WLASL/pose/rtmw_l/wholebody_133/nslt100/train/6471.npz,F:/DMV/Recognizing-sign-language-at-the-word-level/data/datasets/WLASL/branch_inputs/skeleton/rtmw_l/selected_27/nslt100/train/6471.npz,F:/DMV/Recognizing-sign-language-at-the-word-level/data/datasets/WLASL/branch_inputs/skeleton/rtmw_l/normalized/selected_27/nslt100/train/6471.npz,F:/DMV/Recognizing-sign-language-at-the-word-level/data/datasets/WLASL/branch_inputs/skeleton/rtmw_l/graph_tensors/selected_27/nslt100/train/6471.npz,wholebody_133,selected_27,"[0, 5, 6, 7, 8, 9, 10, 93, 95, 97, 99, 101, 103, 105, 107, 109, 111, 114, 116, 118, 120, 122, 124, 126, 128, 130, 132]",66,150,133,27,3,1,"[3, 150, 27, 1]",8.509001731872559,"clip_to_[0,288]x[0,384]_then_scale_to_[-1,1]",ok,,
wlasl:06472,6472,6472,black,19,train,F:/DMV/Recognizing-sign-language-at-the-word-level/data/datasets/WLASL/pose/rtmw_l/wholebody_133/nslt100/train/6472.npz,F:/DMV/Recognizing-sign-language-at-the-word-level/data/datasets/WLASL/branch_inputs/skeleton/rtmw_l/selected_27/nslt100/train/6472.npz,F:/DMV/Recognizing-sign-language-at-the-word-level/data/datasets/WLASL/branch_inputs/skeleton/rtmw_l/normalized/selected_27/nslt100/train/6472.npz,F:/DMV/Recognizing-sign-language-at-the-word-level/data/datasets/WLASL/branch_inputs/skeleton/rtmw_l/graph_tensors/selected_27/nslt100/train/6472.npz,wholebody_133,selected_27,"[0, 5, 6, 7, 8, 9, 10, 93, 95, 97, 99, 101, 103, 105, 107, 109, 111, 114, 116, 118, 120, 122, 124, 126, 128, 130, 132]",78,150,133,27,3,1,"[3, 150, 27, 1]",8.509001731872559,"clip_to_[0,288]x[0,384]_then_scale_to_[-1,1]",ok,,
wlasl:06473,6473,6473,black,19,train,F:/DMV/Recognizing-sign-language-at-the-word-level/data/datasets/WLASL/pose/rtmw_l/wholebody_133/nslt100/train/6473.npz,F:/DMV/Recognizing-sign-language-at-the-word-level/data/datasets/WLASL/branch_inputs/skeleton/rtmw_l/selected_27/nslt100/train/6473.npz,F:/DMV/Recognizing-sign-language-at-the-word-level/data/datasets/WLASL/branch_inputs/skeleton/rtmw_l/normalized/selected_27/nslt100/train/6473.npz,F:/DMV/Recognizing-sign-language-at-the-word-level/data/datasets/WLASL/branch_inputs/skeleton/rtmw_l/graph_tensors/selected_27/nslt100/train/6473.npz,wholebody_133,selected_27,"[0, 5, 6, 7, 8, 9, 10, 93, 95, 97, 99, 101, 103, 105, 107, 109, 111, 114, 116, 118, 120, 122, 124, 126, 128, 130, 132]",55,150,133,27,3,1,"[3, 150, 27, 1]",8.509001731872559,"clip_to_[0,288]x[0,384]_then_scale_to_[-1,1]",ok,,end_frame_clipped_to_video_end
wlasl:06474,6474,6474,black,19,train,F:/DMV/Recognizing-sign-language-at-the-word-level/data/datasets/WLASL/pose/rtmw_l/wholebody_133/nslt100/train/6474.npz,F:/DMV/Recognizing-sign-language-at-the-word-level/data/datasets/WLASL/branch_inputs/skeleton/rtmw_l/selected_27/nslt100/train/6474.npz,F:/DMV/Recognizing-sign-language-at-the-word-level/data/datasets/WLASL/branch_inputs/skeleton/rtmw_l/normalized/selected_27/nslt100/train/6474.npz,F:/DMV/Recognizing-sign-language-at-the-word-level/data/datasets/WLASL/branch_inputs/skeleton/rtmw_l/graph_tensors/selected_27/nslt100/train/6474.npz,wholebody_133,selected_27,"[0, 5, 6, 7, 8, 9, 10, 93, 95, 97, 99, 101, 103, 105, 107, 109, 111, 114, 116, 118, 120, 122, 124, 126, 128, 130, 132]",68,150,133,27,3,1,"[3, 150, 27, 1]",8.509001731872559,"clip_to_[0,288]x[0,384]_then_scale_to_[-1,1]",ok,,
wlasl:06477,6477,6477,black,19,train,F:/DMV/Recognizing-sign-language-at-the-word-level/data/datasets/WLASL/pose/rtmw_l/wholebody_133/nslt100/train/6477.npz,F:/DMV/Recognizing-sign-language-at-the-word-level/data/datasets/WLASL/branch_inputs/skeleton/rtmw_l/selected_27/nslt100/train/6477.npz,F:/DMV/Recognizing-sign-language-at-the-word-level/data/datasets/WLASL/branch_inputs/skeleton/rtmw_l/normalized/selected_27/nslt100/train/6477.npz,F:/DMV/Recognizing-sign-language-at-the-word-level/data/datasets/WLASL/branch_inputs/skeleton/rtmw_l/graph_tensors/selected_27/nslt100/train/6477.npz,wholebody_133,selected_27,"[0, 5, 6, 7, 8, 9, 10, 93, 95, 97, 99, 101, 103, 105, 107, 109, 111, 114, 116, 118, 120, 122, 124, 126, 128, 130, 132]",21,150,133,27,3,1,"[3, 150, 27, 1]",8.509001731872559,"clip_to_[0,288]x[0,384]_then_scale_to_[-1,1]",ok,,
wlasl:06478,6478,6478,black,19,train,F:/DMV/Recognizing-sign-language-at-the-word-level/data/datasets/WLASL/pose/rtmw_l/wholebody_133/nslt100/train/6478.npz,F:/DMV/Recognizing-sign-language-at-the-word-level/data/datasets/WLASL/branch_inputs/skeleton/rtmw_l/selected_27/nslt100/train/6478.npz,F:/DMV/Recognizing-sign-language-at-the-word-level/data/datasets/WLASL/branch_inputs/skeleton/rtmw_l/normalized/selected_27/nslt100/train/6478.npz,F:/DMV/Recognizing-sign-language-at-the-word-level/data/datasets/WLASL/branch_inputs/skeleton/rtmw_l/graph_tensors/selected_27/nslt100/train/6478.npz,wholebody_133,selected_27,"[0, 5, 6, 7, 8, 9, 10, 93, 95, 97, 99, 101, 103, 105, 107, 109, 111, 114, 116, 118, 120, 122, 124, 126, 128, 130, 132]",38,150,133,27,3,1,"[3, 150, 27, 1]",8.509001731872559,"clip_to_[0,288]x[0,384]_then_scale_to_[-1,1]",ok,,
wlasl:06486,6486,6486,black,19,train,F:/DMV/Recognizing-sign-language-at-the-word-level/data/datasets/WLASL/pose/rtmw_l/wholebody_133/nslt100/train/6486.npz,F:/DMV/Recognizing-sign-language-at-the-word-level/data/datasets/WLASL/branch_inputs/skeleton/rtmw_l/selected_27/nslt100/train/6486.npz,F:/DMV/Recognizing-sign-language-at-the-word-level/data/datasets/WLASL/branch_inputs/skeleton/rtmw_l/normalized/selected_27/nslt100/train/6486.npz,F:/DMV/Recognizing-sign-language-at-the-word-level/data/datasets/WLASL/branch_inputs/skeleton/rtmw_l/graph_tensors/selected_27/nslt100/train/6486.npz,wholebody_133,selected_27,"[0, 5, 6, 7, 8, 9, 10, 93, 95, 97, 99, 101, 103, 105, 107, 109, 111, 114, 116, 118, 120, 122, 124, 126, 128, 130, 132]",94,150,133,27,3,1,"[3, 150, 27, 1]",8.509001731872559,"clip_to_[0,288]x[0,384]_then_scale_to_[-1,1]",ok,,
wlasl:65009,65009,65009,accident,51,train,F:/DMV/Recognizing-sign-language-at-the-word-level/data/datasets/WLASL/pose/rtmw_l/wholebody_133/nslt100/train/65009.npz,F:/DMV/Recognizing-sign-language-at-the-word-level/data/datasets/WLASL/branch_inputs/skeleton/rtmw_l/selected_27/nslt100/train/65009.npz,F:/DMV/Recognizing-sign-language-at-the-word-level/data/datasets/WLASL/branch_inputs/skeleton/rtmw_l/normalized/selected_27/nslt100/train/65009.npz,F:/DMV/Recognizing-sign-language-at-the-word-level/data/datasets/WLASL/branch_inputs/skeleton/rtmw_l/graph_tensors/selected_27/nslt100/train/65009.npz,wholebody_133,selected_27,"[0, 5, 6, 7, 8, 9, 10, 93, 95, 97, 99, 101, 103, 105, 107, 109, 111, 114, 116, 118, 120, 122, 124, 126, 128, 130, 132]",55,150,133,27,3,1,"[3, 150, 27, 1]",8.509001731872559,"clip_to_[0,288]x[0,384]_then_scale_to_[-1,1]",ok,,end_frame_clipped_to_video_end
wlasl:65029,65029,65029,africa,76,train,F:/DMV/Recognizing-sign-language-at-the-word-level/data/datasets/WLASL/pose/rtmw_l/wholebody_133/nslt100/train/65029.npz,F:/DMV/Recognizing-sign-language-at-the-word-level/data/datasets/WLASL/branch_inputs/skeleton/rtmw_l/selected_27/nslt100/train/65029.npz,F:/DMV/Recognizing-sign-language-at-the-word-level/data/datasets/WLASL/branch_inputs/skeleton/rtmw_l/normalized/selected_27/nslt100/train/65029.npz,F:/DMV/Recognizing-sign-language-at-the-word-level/data/datasets/WLASL/branch_inputs/skeleton/rtmw_l/graph_tensors/selected_27/nslt100/train/65029.npz,wholebody_133,selected_27,"[0, 5, 6, 7, 8, 9, 10, 93, 95, 97, 99, 101, 103, 105, 107, 109, 111, 114, 116, 118, 120, 122, 124, 126, 128, 130, 132]",65,150,133,27,3,1,"[3, 150, 27, 1]",8.509001731872559,"clip_to_[0,288]x[0,384]_then_scale_to_[-1,1]",ok,,end_frame_clipped_to_video_end
wlasl:65043,65043,65043,all,18,train,F:/DMV/Recognizing-sign-language-at-the-word-level/data/datasets/WLASL/pose/rtmw_l/wholebody_133/nslt100/train/65043.npz,F:/DMV/Recognizing-sign-language-at-the-word-level/data/datasets/WLASL/branch_inputs/skeleton/rtmw_l/selected_27/nslt100/train/65043.npz,F:/DMV/Recognizing-sign-language-at-the-word-level/data/datasets/WLASL/branch_inputs/skeleton/rtmw_l/normalized/selected_27/nslt100/train/65043.npz,F:/DMV/Recognizing-sign-language-at-the-word-level/data/datasets/WLASL/branch_inputs/skeleton/rtmw_l/graph_tensors/selected_27/nslt100/train/65043.npz,wholebody_133,selected_27,"[0, 5, 6, 7, 8, 9, 10, 93, 95, 97, 99, 101, 103, 105, 107, 109, 111, 114, 116, 118, 120, 122, 124, 126, 128, 130, 132]",60,150,133,27,3,1,"[3, 150, 27, 1]",8.509001731872559,"clip_to_[0,288]x[0,384]_then_scale_to_[-1,1]",ok,,end_frame_clipped_to_video_end
wlasl:65084,65084,65084,apple,52,train,F:/DMV/Recognizing-sign-language-at-the-word-level/data/datasets/WLASL/pose/rtmw_l/wholebody_133/nslt100/train/65084.npz,F:/DMV/Recognizing-sign-language-at-the-word-level/data/datasets/WLASL/branch_inputs/skeleton/rtmw_l/selected_27/nslt100/train/65084.npz,F:/DMV/Recognizing-sign-language-at-the-word-level/data/datasets/WLASL/branch_inputs/skeleton/rtmw_l/normalized/selected_27/nslt100/train/65084.npz,F:/DMV/Recognizing-sign-language-at-the-word-level/data/datasets/WLASL/branch_inputs/skeleton/rtmw_l/graph_tensors/selected_27/nslt100/train/65084.npz,wholebody_133,selected_27,"[0, 5, 6, 7, 8, 9, 10, 93, 95, 97, 99, 101, 103, 105, 107, 109, 111, 114, 116, 118, 120, 122, 124, 126, 128, 130, 132]",61,150,133,27,3,1,"[3, 150, 27, 1]",8.509001731872559,"clip_to_[0,288]x[0,384]_then_scale_to_[-1,1]",ok,,end_frame_clipped_to_video_end
wlasl:65085,65085,65085,apple,52,train,F:/DMV/Recognizing-sign-language-at-the-word-level/data/datasets/WLASL/pose/rtmw_l/wholebody_133/nslt100/train/65085.npz,F:/DMV/Recognizing-sign-language-at-the-word-level/data/datasets/WLASL/branch_inputs/skeleton/rtmw_l/selected_27/nslt100/train/65085.npz,F:/DMV/Recognizing-sign-language-at-the-word-level/data/datasets/WLASL/branch_inputs/skeleton/rtmw_l/normalized/selected_27/nslt100/train/65085.npz,F:/DMV/Recognizing-sign-language-at-the-word-level/data/datasets/WLASL/branch_inputs/skeleton/rtmw_l/graph_tensors/selected_27/nslt100/train/65085.npz,wholebody_133,selected_27,"[0, 5, 6, 7, 8, 9, 10, 93, 95, 97, 99, 101, 103, 105, 107, 109, 111, 114, 116, 118, 120, 122, 124, 126, 128, 130, 132]",60,150,133,27,3,1,"[3, 150, 27, 1]",8.509001731872559,"clip_to_[0,288]x[0,384]_then_scale_to_[-1,1]",ok,,
wlasl:65144,65144,65144,basketball,77,train,F:/DMV/Recognizing-sign-language-at-the-word-level/data/datasets/WLASL/pose/rtmw_l/wholebody_133/nslt100/train/65144.npz,F:/DMV/Recognizing-sign-language-at-the-word-level/data/datasets/WLASL/branch_inputs/skeleton/rtmw_l/selected_27/nslt100/train/65144.npz,F:/DMV/Recognizing-sign-language-at-the-word-level/data/datasets/WLASL/branch_inputs/skeleton/rtmw_l/normalized/selected_27/nslt100/train/65144.npz,F:/DMV/Recognizing-sign-language-at-the-word-level/data/datasets/WLASL/branch_inputs/skeleton/rtmw_l/graph_tensors/selected_27/nslt100/train/65144.npz,wholebody_133,selected_27,"[0, 5, 6, 7, 8, 9, 10, 93, 95, 97, 99, 101, 103, 105, 107, 109, 111, 114, 116, 118, 120, 122, 124, 126, 128, 130, 132]",52,150,133,27,3,1,"[3, 150, 27, 1]",8.509001731872559,"clip_to_[0,288]x[0,384]_then_scale_to_[-1,1]",ok,,end_frame_clipped_to_video_end
wlasl:65145,65145,65145,basketball,77,train,F:/DMV/Recognizing-sign-language-at-the-word-level/data/datasets/WLASL/pose/rtmw_l/wholebody_133/nslt100/train/65145.npz,F:/DMV/Recognizing-sign-language-at-the-word-level/data/datasets/WLASL/branch_inputs/skeleton/rtmw_l/selected_27/nslt100/train/65145.npz,F:/DMV/Recognizing-sign-language-at-the-word-level/data/datasets/WLASL/branch_inputs/skeleton/rtmw_l/normalized/selected_27/nslt100/train/65145.npz,F:/DMV/Recognizing-sign-language-at-the-word-level/data/datasets/WLASL/branch_inputs/skeleton/rtmw_l/graph_tensors/selected_27/nslt100/train/65145.npz,wholebody_133,selected_27,"[0, 5, 6, 7, 8, 9, 10, 93, 95, 97, 99, 101, 103, 105, 107, 109, 111, 114, 116, 118, 120, 122, 124, 126, 128, 130, 132]",46,150,133,27,3,1,"[3, 150, 27, 1]",8.509001731872559,"clip_to_[0,288]x[0,384]_then_scale_to_[-1,1]",ok,,end_frame_clipped_to_video_end
wlasl:65161,65161,65161,bed,32,train,F:/DMV/Recognizing-sign-language-at-the-word-level/data/datasets/WLASL/pose/rtmw_l/wholebody_133/nslt100/train/65161.npz,F:/DMV/Recognizing-sign-language-at-the-word-level/data/datasets/WLASL/branch_inputs/skeleton/rtmw_l/selected_27/nslt100/train/65161.npz,F:/DMV/Recognizing-sign-language-at-the-word-level/data/datasets/WLASL/branch_inputs/skeleton/rtmw_l/normalized/selected_27/nslt100/train/65161.npz,F:/DMV/Recognizing-sign-language-at-the-word-level/data/datasets/WLASL/branch_inputs/skeleton/rtmw_l/graph_tensors/selected_27/nslt100/train/65161.npz,wholebody_133,selected_27,"[0, 5, 6, 7, 8, 9, 10, 93, 95, 97, 99, 101, 103, 105, 107, 109, 111, 114, 116, 118, 120, 122, 124, 126, 128, 130, 132]",57,150,133,27,3,1,"[3, 150, 27, 1]",8.509001731872559,"clip_to_[0,288]x[0,384]_then_scale_to_[-1,1]",ok,,end_frame_clipped_to_video_end
wlasl:65162,65162,65162,bed,32,train,F:/DMV/Recognizing-sign-language-at-the-word-level/data/datasets/WLASL/pose/rtmw_l/wholebody_133/nslt100/train/65162.npz,F:/DMV/Recognizing-sign-language-at-the-word-level/data/datasets/WLASL/branch_inputs/skeleton/rtmw_l/selected_27/nslt100/train/65162.npz,F:/DMV/Recognizing-sign-language-at-the-word-level/data/datasets/WLASL/branch_inputs/skeleton/rtmw_l/normalized/selected_27/nslt100/train/65162.npz,F:/DMV/Recognizing-sign-language-at-the-word-level/data/datasets/WLASL/branch_inputs/skeleton/rtmw_l/graph_tensors/selected_27/nslt100/train/65162.npz,wholebody_133,selected_27,"[0, 5, 6, 7, 8, 9, 10, 93, 95, 97, 99, 101, 103, 105, 107, 109, 111, 114, 116, 118, 120, 122, 124, 126, 128, 130, 132]",52,150,133,27,3,1,"[3, 150, 27, 1]",8.509001731872559,"clip_to_[0,288]x[0,384]_then_scale_to_[-1,1]",ok,,end_frame_clipped_to_video_end
wlasl:65167,65167,65167,before,3,train,F:/DMV/Recognizing-sign-language-at-the-word-level/data/datasets/WLASL/pose/rtmw_l/wholebody_133/nslt100/train/65167.npz,F:/DMV/Recognizing-sign-language-at-the-word-level/data/datasets/WLASL/branch_inputs/skeleton/rtmw_l/selected_27/nslt100/train/65167.npz,F:/DMV/Recognizing-sign-language-at-the-word-level/data/datasets/WLASL/branch_inputs/skeleton/rtmw_l/normalized/selected_27/nslt100/train/65167.npz,F:/DMV/Recognizing-sign-language-at-the-word-level/data/datasets/WLASL/branch_inputs/skeleton/rtmw_l/graph_tensors/selected_27/nslt100/train/65167.npz,wholebody_133,selected_27,"[0, 5, 6, 7, 8, 9, 10, 93, 95, 97, 99, 101, 103, 105, 107, 109, 111, 114, 116, 118, 120, 122, 124, 126, 128, 130, 132]",57,150,133,27,3,1,"[3, 150, 27, 1]",8.509001731872559,"clip_to_[0,288]x[0,384]_then_scale_to_[-1,1]",ok,,end_frame_clipped_to_video_end
wlasl:65187,65187,65187,bird,53,train,F:/DMV/Recognizing-sign-language-at-the-word-level/data/datasets/WLASL/pose/rtmw_l/wholebody_133/nslt100/train/65187.npz,F:/DMV/Recognizing-sign-language-at-the-word-level/data/datasets/WLASL/branch_inputs/skeleton/rtmw_l/selected_27/nslt100/train/65187.npz,F:/DMV/Recognizing-sign-language-at-the-word-level/data/datasets/WLASL/branch_inputs/skeleton/rtmw_l/normalized/selected_27/nslt100/train/65187.npz,F:/DMV/Recognizing-sign-language-at-the-word-level/data/datasets/WLASL/branch_inputs/skeleton/rtmw_l/graph_tensors/selected_27/nslt100/train/65187.npz,wholebody_133,selected_27,"[0, 5, 6, 7, 8, 9, 10, 93, 95, 97, 99, 101, 103, 105, 107, 109, 111, 114, 116, 118, 120, 122, 124, 126, 128, 130, 132]",65,150,133,27,3,1,"[3, 150, 27, 1]",8.509001731872559,"clip_to_[0,288]x[0,384]_then_scale_to_[-1,1]",ok,,end_frame_clipped_to_video_end
wlasl:65192,65192,65192,birthday,78,train,F:/DMV/Recognizing-sign-language-at-the-word-level/data/datasets/WLASL/pose/rtmw_l/wholebody_133/nslt100/train/65192.npz,F:/DMV/Recognizing-sign-language-at-the-word-level/data/datasets/WLASL/branch_inputs/skeleton/rtmw_l/selected_27/nslt100/train/65192.npz,F:/DMV/Recognizing-sign-language-at-the-word-level/data/datasets/WLASL/branch_inputs/skeleton/rtmw_l/normalized/selected_27/nslt100/train/65192.npz,F:/DMV/Recognizing-sign-language-at-the-word-level/data/datasets/WLASL/branch_inputs/skeleton/rtmw_l/graph_tensors/selected_27/nslt100/train/65192.npz,wholebody_133,selected_27,"[0, 5, 6, 7, 8, 9, 10, 93, 95, 97, 99, 101, 103, 105, 107, 109, 111, 114, 116, 118, 120, 122, 124, 126, 128, 130, 132]",61,150,133,27,3,1,"[3, 150, 27, 1]",8.509001731872559,"clip_to_[0,288]x[0,384]_then_scale_to_[-1,1]",ok,,end_frame_clipped_to_video_end
wlasl:65200,65200,65200,black,19,train,F:/DMV/Recognizing-sign-language-at-the-word-level/data/datasets/WLASL/pose/rtmw_l/wholebody_133/nslt100/train/65200.npz,F:/DMV/Recognizing-sign-language-at-the-word-level/data/datasets/WLASL/branch_inputs/skeleton/rtmw_l/selected_27/nslt100/train/65200.npz,F:/DMV/Recognizing-sign-language-at-the-word-level/data/datasets/WLASL/branch_inputs/skeleton/rtmw_l/normalized/selected_27/nslt100/train/65200.npz,F:/DMV/Recognizing-sign-language-at-the-word-level/data/datasets/WLASL/branch_inputs/skeleton/rtmw_l/graph_tensors/selected_27/nslt100/train/65200.npz,wholebody_133,selected_27,"[0, 5, 6, 7, 8, 9, 10, 93, 95, 97, 99, 101, 103, 105, 107, 109, 111, 114, 116, 118, 120, 122, 124, 126, 128, 130, 132]",46,150,133,27,3,1,"[3, 150, 27, 1]",8.509001731872559,"clip_to_[0,288]x[0,384]_then_scale_to_[-1,1]",ok,,end_frame_clipped_to_video_end
wlasl:65216,65216,65216,blue,33,train,F:/DMV/Recognizing-sign-language-at-the-word-level/data/datasets/WLASL/pose/rtmw_l/wholebody_133/nslt100/train/65216.npz,F:/DMV/Recognizing-sign-language-at-the-word-level/data/datasets/WLASL/branch_inputs/skeleton/rtmw_l/selected_27/nslt100/train/65216.npz,F:/DMV/Recognizing-sign-language-at-the-word-level/data/datasets/WLASL/branch_inputs/skeleton/rtmw_l/normalized/selected_27/nslt100/train/65216.npz,F:/DMV/Recognizing-sign-language-at-the-word-level/data/datasets/WLASL/branch_inputs/skeleton/rtmw_l/graph_tensors/selected_27/nslt100/train/65216.npz,wholebody_133,selected_27,"[0, 5, 6, 7, 8, 9, 10, 93, 95, 97, 99, 101, 103, 105, 107, 109, 111, 114, 116, 118, 120, 122, 124, 126, 128, 130, 132]",58,150,133,27,3,1,"[3, 150, 27, 1]",8.509001731872559,"clip_to_[0,288]x[0,384]_then_scale_to_[-1,1]",ok,,end_frame_clipped_to_video_end
wlasl:65241,65241,65241,bowling,34,train,F:/DMV/Recognizing-sign-language-at-the-word-level/data/datasets/WLASL/pose/rtmw_l/wholebody_133/nslt100/train/65241.npz,F:/DMV/Recognizing-sign-language-at-the-word-level/data/datasets/WLASL/branch_inputs/skeleton/rtmw_l/selected_27/nslt100/train/65241.npz,F:/DMV/Recognizing-sign-language-at-the-word-level/data/datasets/WLASL/branch_inputs/skeleton/rtmw_l/normalized/selected_27/nslt100/train/65241.npz,F:/DMV/Recognizing-sign-language-at-the-word-level/data/datasets/WLASL/branch_inputs/skeleton/rtmw_l/graph_tensors/selected_27/nslt100/train/65241.npz,wholebody_133,selected_27,"[0, 5, 6, 7, 8, 9, 10, 93, 95, 97, 99, 101, 103, 105, 107, 109, 111, 114, 116, 118, 120, 122, 124, 126, 128, 130, 132]",60,150,133,27,3,1,"[3, 150, 27, 1]",8.509001731872559,"clip_to_[0,288]x[0,384]_then_scale_to_[-1,1]",ok,,end_frame_clipped_to_video_end
wlasl:65242,65242,65242,bowling,34,train,F:/DMV/Recognizing-sign-language-at-the-word-level/data/datasets/WLASL/pose/rtmw_l/wholebody_133/nslt100/train/65242.npz,F:/DMV/Recognizing-sign-language-at-the-word-level/data/datasets/WLASL/branch_inputs/skeleton/rtmw_l/selected_27/nslt100/train/65242.npz,F:/DMV/Recognizing-sign-language-at-the-word-level/data/datasets/WLASL/branch_inputs/skeleton/rtmw_l/normalized/selected_27/nslt100/train/65242.npz,F:/DMV/Recognizing-sign-language-at-the-word-level/data/datasets/WLASL/branch_inputs/skeleton/rtmw_l/graph_tensors/selected_27/nslt100/train/65242.npz,wholebody_133,selected_27,"[0, 5, 6, 7, 8, 9, 10, 93, 95, 97, 99, 101, 103, 105, 107, 109, 111, 114, 116, 118, 120, 122, 124, 126, 128, 130, 132]",77,150,133,27,3,1,"[3, 150, 27, 1]",8.509001731872559,"clip_to_[0,288]x[0,384]_then_scale_to_[-1,1]",ok,,
wlasl:65263,65263,65263,brown,79,train,F:/DMV/Recognizing-sign-language-at-the-word-level/data/datasets/WLASL/pose/rtmw_l/wholebody_133/nslt100/train/65263.npz,F:/DMV/Recognizing-sign-language-at-the-word-level/data/datasets/WLASL/branch_inputs/skeleton/rtmw_l/selected_27/nslt100/train/65263.npz,F:/DMV/Recognizing-sign-language-at-the-word-level/data/datasets/WLASL/branch_inputs/skeleton/rtmw_l/normalized/selected_27/nslt100/train/65263.npz,F:/DMV/Recognizing-sign-language-at-the-word-level/data/datasets/WLASL/branch_inputs/skeleton/rtmw_l/graph_tensors/selected_27/nslt100/train/65263.npz,wholebody_133,selected_27,"[0, 5, 6, 7, 8, 9, 10, 93, 95, 97, 99, 101, 103, 105, 107, 109, 111, 114, 116, 118, 120, 122, 124, 126, 128, 130, 132]",65,150,133,27,3,1,"[3, 150, 27, 1]",8.509001731872559,"clip_to_[0,288]x[0,384]_then_scale_to_[-1,1]",ok,,end_frame_clipped_to_video_end
wlasl:65278,65278,65278,but,80,train,F:/DMV/Recognizing-sign-language-at-the-word-level/data/datasets/WLASL/pose/rtmw_l/wholebody_133/nslt100/train/65278.npz,F:/DMV/Recognizing-sign-language-at-the-word-level/data/datasets/WLASL/branch_inputs/skeleton/rtmw_l/selected_27/nslt100/train/65278.npz,F:/DMV/Recognizing-sign-language-at-the-word-level/data/datasets/WLASL/branch_inputs/skeleton/rtmw_l/normalized/selected_27/nslt100/train/65278.npz,F:/DMV/Recognizing-sign-language-at-the-word-level/data/datasets/WLASL/branch_inputs/skeleton/rtmw_l/graph_tensors/selected_27/nslt100/train/65278.npz,wholebody_133,selected_27,"[0, 5, 6, 7, 8, 9, 10, 93, 95, 97, 99, 101, 103, 105, 107, 109, 111, 114, 116, 118, 120, 122, 124, 126, 128, 130, 132]",59,150,133,27,3,1,"[3, 150, 27, 1]",8.509001731872559,"clip_to_[0,288]x[0,384]_then_scale_to_[-1,1]",ok,,end_frame_clipped_to_video_end
wlasl:65298,65298,65298,candy,8,train,F:/DMV/Recognizing-sign-language-at-the-word-level/data/datasets/WLASL/pose/rtmw_l/wholebody_133/nslt100/train/65298.npz,F:/DMV/Recognizing-sign-language-at-the-word-level/data/datasets/WLASL/branch_inputs/skeleton/rtmw_l/selected_27/nslt100/train/65298.npz,F:/DMV/Recognizing-sign-language-at-the-word-level/data/datasets/WLASL/branch_inputs/skeleton/rtmw_l/normalized/selected_27/nslt100/train/65298.npz,F:/DMV/Recognizing-sign-language-at-the-word-level/data/datasets/WLASL/branch_inputs/skeleton/rtmw_l/graph_tensors/selected_27/nslt100/train/65298.npz,wholebody_133,selected_27,"[0, 5, 6, 7, 8, 9, 10, 93, 95, 97, 99, 101, 103, 105, 107, 109, 111, 114, 116, 118, 120, 122, 124, 126, 128, 130, 132]",58,150,133,27,3,1,"[3, 150, 27, 1]",8.509001731872559,"clip_to_[0,288]x[0,384]_then_scale_to_[-1,1]",ok,,end_frame_clipped_to_video_end
wlasl:65299,65299,65299,candy,8,train,F:/DMV/Recognizing-sign-language-at-the-word-level/data/datasets/WLASL/pose/rtmw_l/wholebody_133/nslt100/train/65299.npz,F:/DMV/Recognizing-sign-language-at-the-word-level/data/datasets/WLASL/branch_inputs/skeleton/rtmw_l/selected_27/nslt100/train/65299.npz,F:/DMV/Recognizing-sign-language-at-the-word-level/data/datasets/WLASL/branch_inputs/skeleton/rtmw_l/normalized/selected_27/nslt100/train/65299.npz,F:/DMV/Recognizing-sign-language-at-the-word-level/data/datasets/WLASL/branch_inputs/skeleton/rtmw_l/graph_tensors/selected_27/nslt100/train/65299.npz,wholebody_133,selected_27,"[0, 5, 6, 7, 8, 9, 10, 93, 95, 97, 99, 101, 103, 105, 107, 109, 111, 114, 116, 118, 120, 122, 124, 126, 128, 130, 132]",61,150,133,27,3,1,"[3, 150, 27, 1]",8.509001731872559,"clip_to_[0,288]x[0,384]_then_scale_to_[-1,1]",ok,,end_frame_clipped_to_video_end
wlasl:65328,65328,65328,chair,4,train,F:/DMV/Recognizing-sign-language-at-the-word-level/data/datasets/WLASL/pose/rtmw_l/wholebody_133/nslt100/train/65328.npz,F:/DMV/Recognizing-sign-language-at-the-word-level/data/datasets/WLASL/branch_inputs/skeleton/rtmw_l/selected_27/nslt100/train/65328.npz,F:/DMV/Recognizing-sign-language-at-the-word-level/data/datasets/WLASL/branch_inputs/skeleton/rtmw_l/normalized/selected_27/nslt100/train/65328.npz,F:/DMV/Recognizing-sign-language-at-the-word-level/data/datasets/WLASL/branch_inputs/skeleton/rtmw_l/graph_tensors/selected_27/nslt100/train/65328.npz,wholebody_133,selected_27,"[0, 5, 6, 7, 8, 9, 10, 93, 95, 97, 99, 101, 103, 105, 107, 109, 111, 114, 116, 118, 120, 122, 124, 126, 128, 130, 132]",58,150,133,27,3,1,"[3, 150, 27, 1]",8.509001731872559,"clip_to_[0,288]x[0,384]_then_scale_to_[-1,1]",ok,,end_frame_clipped_to_video_end
wlasl:65362,65362,65362,city,82,train,F:/DMV/Recognizing-sign-language-at-the-word-level/data/datasets/WLASL/pose/rtmw_l/wholebody_133/nslt100/train/65362.npz,F:/DMV/Recognizing-sign-language-at-the-word-level/data/datasets/WLASL/branch_inputs/skeleton/rtmw_l/selected_27/nslt100/train/65362.npz,F:/DMV/Recognizing-sign-language-at-the-word-level/data/datasets/WLASL/branch_inputs/skeleton/rtmw_l/normalized/selected_27/nslt100/train/65362.npz,F:/DMV/Recognizing-sign-language-at-the-word-level/data/datasets/WLASL/branch_inputs/skeleton/rtmw_l/graph_tensors/selected_27/nslt100/train/65362.npz,wholebody_133,selected_27,"[0, 5, 6, 7, 8, 9, 10, 93, 95, 97, 99, 101, 103, 105, 107, 109, 111, 114, 116, 118, 120, 122, 124, 126, 128, 130, 132]",59,150,133,27,3,1,"[3, 150, 27, 1]",8.509001731872559,"clip_to_[0,288]x[0,384]_then_scale_to_[-1,1]",ok,,end_frame_clipped_to_video_end
wlasl:65363,65363,65363,city,82,train,F:/DMV/Recognizing-sign-language-at-the-word-level/data/datasets/WLASL/pose/rtmw_l/wholebody_133/nslt100/train/65363.npz,F:/DMV/Recognizing-sign-language-at-the-word-level/data/datasets/WLASL/branch_inputs/skeleton/rtmw_l/selected_27/nslt100/train/65363.npz,F:/DMV/Recognizing-sign-language-at-the-word-level/data/datasets/WLASL/branch_inputs/skeleton/rtmw_l/normalized/selected_27/nslt100/train/65363.npz,F:/DMV/Recognizing-sign-language-at-the-word-level/data/datasets/WLASL/branch_inputs/skeleton/rtmw_l/graph_tensors/selected_27/nslt100/train/65363.npz,wholebody_133,selected_27,"[0, 5, 6, 7, 8, 9, 10, 93, 95, 97, 99, 101, 103, 105, 107, 109, 111, 114, 116, 118, 120, 122, 124, 126, 128, 130, 132]",68,150,133,27,3,1,"[3, 150, 27, 1]",8.509001731872559,"clip_to_[0,288]x[0,384]_then_scale_to_[-1,1]",ok,,
wlasl:65403,65403,65403,cool,20,train,F:/DMV/Recognizing-sign-language-at-the-word-level/data/datasets/WLASL/pose/rtmw_l/wholebody_133/nslt100/train/65403.npz,F:/DMV/Recognizing-sign-language-at-the-word-level/data/datasets/WLASL/branch_inputs/skeleton/rtmw_l/selected_27/nslt100/train/65403.npz,F:/DMV/Recognizing-sign-language-at-the-word-level/data/datasets/WLASL/branch_inputs/skeleton/rtmw_l/normalized/selected_27/nslt100/train/65403.npz,F:/DMV/Recognizing-sign-language-at-the-word-level/data/datasets/WLASL/branch_inputs/skeleton/rtmw_l/graph_tensors/selected_27/nslt100/train/65403.npz,wholebody_133,selected_27,"[0, 5, 6, 7, 8, 9, 10, 93, 95, 97, 99, 101, 103, 105, 107, 109, 111, 114, 116, 118, 120, 122, 124, 126, 128, 130, 132]",73,150,133,27,3,1,"[3, 150, 27, 1]",8.509001731872559,"clip_to_[0,288]x[0,384]_then_scale_to_[-1,1]",ok,,end_frame_clipped_to_video_end
wlasl:65408,65408,65408,corn,56,train,F:/DMV/Recognizing-sign-language-at-the-word-level/data/datasets/WLASL/pose/rtmw_l/wholebody_133/nslt100/train/65408.npz,F:/DMV/Recognizing-sign-language-at-the-word-level/data/datasets/WLASL/branch_inputs/skeleton/rtmw_l/selected_27/nslt100/train/65408.npz,F:/DMV/Recognizing-sign-language-at-the-word-level/data/datasets/WLASL/branch_inputs/skeleton/rtmw_l/normalized/selected_27/nslt100/train/65408.npz,F:/DMV/Recognizing-sign-language-at-the-word-level/data/datasets/WLASL/branch_inputs/skeleton/rtmw_l/graph_tensors/selected_27/nslt100/train/65408.npz,wholebody_133,selected_27,"[0, 5, 6, 7, 8, 9, 10, 93, 95, 97, 99, 101, 103, 105, 107, 109, 111, 114, 116, 118, 120, 122, 124, 126, 128, 130, 132]",62,150,133,27,3,1,"[3, 150, 27, 1]",8.509001731872559,"clip_to_[0,288]x[0,384]_then_scale_to_[-1,1]",ok,,end_frame_clipped_to_video_end
wlasl:65409,65409,65409,corn,56,train,F:/DMV/Recognizing-sign-language-at-the-word-level/data/datasets/WLASL/pose/rtmw_l/wholebody_133/nslt100/train/65409.npz,F:/DMV/Recognizing-sign-language-at-the-word-level/data/datasets/WLASL/branch_inputs/skeleton/rtmw_l/selected_27/nslt100/train/65409.npz,F:/DMV/Recognizing-sign-language-at-the-word-level/data/datasets/WLASL/branch_inputs/skeleton/rtmw_l/normalized/selected_27/nslt100/train/65409.npz,F:/DMV/Recognizing-sign-language-at-the-word-level/data/datasets/WLASL/branch_inputs/skeleton/rtmw_l/graph_tensors/selected_27/nslt100/train/65409.npz,wholebody_133,selected_27,"[0, 5, 6, 7, 8, 9, 10, 93, 95, 97, 99, 101, 103, 105, 107, 109, 111, 114, 116, 118, 120, 122, 124, 126, 128, 130, 132]",53,150,133,27,3,1,"[3, 150, 27, 1]",8.509001731872559,"clip_to_[0,288]x[0,384]_then_scale_to_[-1,1]",ok,,end_frame_clipped_to_video_end
wlasl:65434,65434,65434,dance,58,train,F:/DMV/Recognizing-sign-language-at-the-word-level/data/datasets/WLASL/pose/rtmw_l/wholebody_133/nslt100/train/65434.npz,F:/DMV/Recognizing-sign-language-at-the-word-level/data/datasets/WLASL/branch_inputs/skeleton/rtmw_l/selected_27/nslt100/train/65434.npz,F:/DMV/Recognizing-sign-language-at-the-word-level/data/datasets/WLASL/branch_inputs/skeleton/rtmw_l/normalized/selected_27/nslt100/train/65434.npz,F:/DMV/Recognizing-sign-language-at-the-word-level/data/datasets/WLASL/branch_inputs/skeleton/rtmw_l/graph_tensors/selected_27/nslt100/train/65434.npz,wholebody_133,selected_27,"[0, 5, 6, 7, 8, 9, 10, 93, 95, 97, 99, 101, 103, 105, 107, 109, 111, 114, 116, 118, 120, 122, 124, 126, 128, 130, 132]",68,150,133,27,3,1,"[3, 150, 27, 1]",8.509001731872559,"clip_to_[0,288]x[0,384]_then_scale_to_[-1,1]",ok,,end_frame_clipped_to_video_end
wlasl:65439,65439,65439,dark,59,train,F:/DMV/Recognizing-sign-language-at-the-word-level/data/datasets/WLASL/pose/rtmw_l/wholebody_133/nslt100/train/65439.npz,F:/DMV/Recognizing-sign-language-at-the-word-level/data/datasets/WLASL/branch_inputs/skeleton/rtmw_l/selected_27/nslt100/train/65439.npz,F:/DMV/Recognizing-sign-language-at-the-word-level/data/datasets/WLASL/branch_inputs/skeleton/rtmw_l/normalized/selected_27/nslt100/train/65439.npz,F:/DMV/Recognizing-sign-language-at-the-word-level/data/datasets/WLASL/branch_inputs/skeleton/rtmw_l/graph_tensors/selected_27/nslt100/train/65439.npz,wholebody_133,selected_27,"[0, 5, 6, 7, 8, 9, 10, 93, 95, 97, 99, 101, 103, 105, 107, 109, 111, 114, 116, 118, 120, 122, 124, 126, 128, 130, 132]",59,150,133,27,3,1,"[3, 150, 27, 1]",8.509001731872559,"clip_to_[0,288]x[0,384]_then_scale_to_[-1,1]",ok,,end_frame_clipped_to_video_end
wlasl:65440,65440,65440,dark,59,train,F:/DMV/Recognizing-sign-language-at-the-word-level/data/datasets/WLASL/pose/rtmw_l/wholebody_133/nslt100/train/65440.npz,F:/DMV/Recognizing-sign-language-at-the-word-level/data/datasets/WLASL/branch_inputs/skeleton/rtmw_l/selected_27/nslt100/train/65440.npz,F:/DMV/Recognizing-sign-language-at-the-word-level/data/datasets/WLASL/branch_inputs/skeleton/rtmw_l/normalized/selected_27/nslt100/train/65440.npz,F:/DMV/Recognizing-sign-language-at-the-word-level/data/datasets/WLASL/branch_inputs/skeleton/rtmw_l/graph_tensors/selected_27/nslt100/train/65440.npz,wholebody_133,selected_27,"[0, 5, 6, 7, 8, 9, 10, 93, 95, 97, 99, 101, 103, 105, 107, 109, 111, 114, 116, 118, 120, 122, 124, 126, 128, 130, 132]",61,150,133,27,3,1,"[3, 150, 27, 1]",8.509001731872559,"clip_to_[0,288]x[0,384]_then_scale_to_[-1,1]",ok,,end_frame_clipped_to_video_end
wlasl:65445,65445,65445,deaf,10,train,F:/DMV/Recognizing-sign-language-at-the-word-level/data/datasets/WLASL/pose/rtmw_l/wholebody_133/nslt100/train/65445.npz,F:/DMV/Recognizing-sign-language-at-the-word-level/data/datasets/WLASL/branch_inputs/skeleton/rtmw_l/selected_27/nslt100/train/65445.npz,F:/DMV/Recognizing-sign-language-at-the-word-level/data/datasets/WLASL/branch_inputs/skeleton/rtmw_l/normalized/selected_27/nslt100/train/65445.npz,F:/DMV/Recognizing-sign-language-at-the-word-level/data/datasets/WLASL/branch_inputs/skeleton/rtmw_l/graph_tensors/selected_27/nslt100/train/65445.npz,wholebody_133,selected_27,"[0, 5, 6, 7, 8, 9, 10, 93, 95, 97, 99, 101, 103, 105, 107, 109, 111, 114, 116, 118, 120, 122, 124, 126, 128, 130, 132]",51,150,133,27,3,1,"[3, 150, 27, 1]",8.509001731872559,"clip_to_[0,288]x[0,384]_then_scale_to_[-1,1]",ok,,end_frame_clipped_to_video_end
wlasl:65449,65449,65449,decide,84,train,F:/DMV/Recognizing-sign-language-at-the-word-level/data/datasets/WLASL/pose/rtmw_l/wholebody_133/nslt100/train/65449.npz,F:/DMV/Recognizing-sign-language-at-the-word-level/data/datasets/WLASL/branch_inputs/skeleton/rtmw_l/selected_27/nslt100/train/65449.npz,F:/DMV/Recognizing-sign-language-at-the-word-level/data/datasets/WLASL/branch_inputs/skeleton/rtmw_l/normalized/selected_27/nslt100/train/65449.npz,F:/DMV/Recognizing-sign-language-at-the-word-level/data/datasets/WLASL/branch_inputs/skeleton/rtmw_l/graph_tensors/selected_27/nslt100/train/65449.npz,wholebody_133,selected_27,"[0, 5, 6, 7, 8, 9, 10, 93, 95, 97, 99, 101, 103, 105, 107, 109, 111, 114, 116, 118, 120, 122, 124, 126, 128, 130, 132]",53,150,133,27,3,1,"[3, 150, 27, 1]",8.509001731872559,"clip_to_[0,288]x[0,384]_then_scale_to_[-1,1]",ok,,end_frame_clipped_to_video_end
wlasl:65450,65450,65450,decide,84,train,F:/DMV/Recognizing-sign-language-at-the-word-level/data/datasets/WLASL/pose/rtmw_l/wholebody_133/nslt100/train/65450.npz,F:/DMV/Recognizing-sign-language-at-the-word-level/data/datasets/WLASL/branch_inputs/skeleton/rtmw_l/selected_27/nslt100/train/65450.npz,F:/DMV/Recognizing-sign-language-at-the-word-level/data/datasets/WLASL/branch_inputs/skeleton/rtmw_l/normalized/selected_27/nslt100/train/65450.npz,F:/DMV/Recognizing-sign-language-at-the-word-level/data/datasets/WLASL/branch_inputs/skeleton/rtmw_l/graph_tensors/selected_27/nslt100/train/65450.npz,wholebody_133,selected_27,"[0, 5, 6, 7, 8, 9, 10, 93, 95, 97, 99, 101, 103, 105, 107, 109, 111, 114, 116, 118, 120, 122, 124, 126, 128, 130, 132]",59,150,133,27,3,1,"[3, 150, 27, 1]",8.509001731872559,"clip_to_[0,288]x[0,384]_then_scale_to_[-1,1]",ok,,end_frame_clipped_to_video_end
wlasl:65503,65503,65503,doctor,60,train,F:/DMV/Recognizing-sign-language-at-the-word-level/data/datasets/WLASL/pose/rtmw_l/wholebody_133/nslt100/train/65503.npz,F:/DMV/Recognizing-sign-language-at-the-word-level/data/datasets/WLASL/branch_inputs/skeleton/rtmw_l/selected_27/nslt100/train/65503.npz,F:/DMV/Recognizing-sign-language-at-the-word-level/data/datasets/WLASL/branch_inputs/skeleton/rtmw_l/normalized/selected_27/nslt100/train/65503.npz,F:/DMV/Recognizing-sign-language-at-the-word-level/data/datasets/WLASL/branch_inputs/skeleton/rtmw_l/graph_tensors/selected_27/nslt100/train/65503.npz,wholebody_133,selected_27,"[0, 5, 6, 7, 8, 9, 10, 93, 95, 97, 99, 101, 103, 105, 107, 109, 111, 114, 116, 118, 120, 122, 124, 126, 128, 130, 132]",47,150,133,27,3,1,"[3, 150, 27, 1]",8.509001731872559,"clip_to_[0,288]x[0,384]_then_scale_to_[-1,1]",ok,,end_frame_clipped_to_video_end
wlasl:65504,65504,65504,doctor,60,train,F:/DMV/Recognizing-sign-language-at-the-word-level/data/datasets/WLASL/pose/rtmw_l/wholebody_133/nslt100/train/65504.npz,F:/DMV/Recognizing-sign-language-at-the-word-level/data/datasets/WLASL/branch_inputs/skeleton/rtmw_l/selected_27/nslt100/train/65504.npz,F:/DMV/Recognizing-sign-language-at-the-word-level/data/datasets/WLASL/branch_inputs/skeleton/rtmw_l/normalized/selected_27/nslt100/train/65504.npz,F:/DMV/Recognizing-sign-language-at-the-word-level/data/datasets/WLASL/branch_inputs/skeleton/rtmw_l/graph_tensors/selected_27/nslt100/train/65504.npz,wholebody_133,selected_27,"[0, 5, 6, 7, 8, 9, 10, 93, 95, 97, 99, 101, 103, 105, 107, 109, 111, 114, 116, 118, 120, 122, 124, 126, 128, 130, 132]",47,150,133,27,3,1,"[3, 150, 27, 1]",8.509001731872559,"clip_to_[0,288]x[0,384]_then_scale_to_[-1,1]",ok,,end_frame_clipped_to_video_end
wlasl:65507,65507,65507,dog,36,train,F:/DMV/Recognizing-sign-language-at-the-word-level/data/datasets/WLASL/pose/rtmw_l/wholebody_133/nslt100/train/65507.npz,F:/DMV/Recognizing-sign-language-at-the-word-level/data/datasets/WLASL/branch_inputs/skeleton/rtmw_l/selected_27/nslt100/train/65507.npz,F:/DMV/Recognizing-sign-language-at-the-word-level/data/datasets/WLASL/branch_inputs/skeleton/rtmw_l/normalized/selected_27/nslt100/train/65507.npz,F:/DMV/Recognizing-sign-language-at-the-word-level/data/datasets/WLASL/branch_inputs/skeleton/rtmw_l/graph_tensors/selected_27/nslt100/train/65507.npz,wholebody_133,selected_27,"[0, 5, 6, 7, 8, 9, 10, 93, 95, 97, 99, 101, 103, 105, 107, 109, 111, 114, 116, 118, 120, 122, 124, 126, 128, 130, 132]",56,150,133,27,3,1,"[3, 150, 27, 1]",8.509001731872559,"clip_to_[0,288]x[0,384]_then_scale_to_[-1,1]",ok,,end_frame_clipped_to_video_end
wlasl:65539,65539,65539,drink,1,train,F:/DMV/Recognizing-sign-language-at-the-word-level/data/datasets/WLASL/pose/rtmw_l/wholebody_133/nslt100/train/65539.npz,F:/DMV/Recognizing-sign-language-at-the-word-level/data/datasets/WLASL/branch_inputs/skeleton/rtmw_l/selected_27/nslt100/train/65539.npz,F:/DMV/Recognizing-sign-language-at-the-word-level/data/datasets/WLASL/branch_inputs/skeleton/rtmw_l/normalized/selected_27/nslt100/train/65539.npz,F:/DMV/Recognizing-sign-language-at-the-word-level/data/datasets/WLASL/branch_inputs/skeleton/rtmw_l/graph_tensors/selected_27/nslt100/train/65539.npz,wholebody_133,selected_27,"[0, 5, 6, 7, 8, 9, 10, 93, 95, 97, 99, 101, 103, 105, 107, 109, 111, 114, 116, 118, 120, 122, 124, 126, 128, 130, 132]",43,150,133,27,3,1,"[3, 150, 27, 1]",8.509001731872559,"clip_to_[0,288]x[0,384]_then_scale_to_[-1,1]",ok,,end_frame_clipped_to_video_end
wlasl:65540,65540,65540,drink,1,train,F:/DMV/Recognizing-sign-language-at-the-word-level/data/datasets/WLASL/pose/rtmw_l/wholebody_133/nslt100/train/65540.npz,F:/DMV/Recognizing-sign-language-at-the-word-level/data/datasets/WLASL/branch_inputs/skeleton/rtmw_l/selected_27/nslt100/train/65540.npz,F:/DMV/Recognizing-sign-language-at-the-word-level/data/datasets/WLASL/branch_inputs/skeleton/rtmw_l/normalized/selected_27/nslt100/train/65540.npz,F:/DMV/Recognizing-sign-language-at-the-word-level/data/datasets/WLASL/branch_inputs/skeleton/rtmw_l/graph_tensors/selected_27/nslt100/train/65540.npz,wholebody_133,selected_27,"[0, 5, 6, 7, 8, 9, 10, 93, 95, 97, 99, 101, 103, 105, 107, 109, 111, 114, 116, 118, 120, 122, 124, 126, 128, 130, 132]",45,150,133,27,3,1,"[3, 150, 27, 1]",8.509001731872559,"clip_to_[0,288]x[0,384]_then_scale_to_[-1,1]",ok,,end_frame_clipped_to_video_end
wlasl:65601,65601,65601,eat,61,train,F:/DMV/Recognizing-sign-language-at-the-word-level/data/datasets/WLASL/pose/rtmw_l/wholebody_133/nslt100/train/65601.npz,F:/DMV/Recognizing-sign-language-at-the-word-level/data/datasets/WLASL/branch_inputs/skeleton/rtmw_l/selected_27/nslt100/train/65601.npz,F:/DMV/Recognizing-sign-language-at-the-word-level/data/datasets/WLASL/branch_inputs/skeleton/rtmw_l/normalized/selected_27/nslt100/train/65601.npz,F:/DMV/Recognizing-sign-language-at-the-word-level/data/datasets/WLASL/branch_inputs/skeleton/rtmw_l/graph_tensors/selected_27/nslt100/train/65601.npz,wholebody_133,selected_27,"[0, 5, 6, 7, 8, 9, 10, 93, 95, 97, 99, 101, 103, 105, 107, 109, 111, 114, 116, 118, 120, 122, 124, 126, 128, 130, 132]",60,150,133,27,3,1,"[3, 150, 27, 1]",8.509001731872559,"clip_to_[0,288]x[0,384]_then_scale_to_[-1,1]",ok,,end_frame_clipped_to_video_end
wlasl:65635,65635,65635,enjoy,62,train,F:/DMV/Recognizing-sign-language-at-the-word-level/data/datasets/WLASL/pose/rtmw_l/wholebody_133/nslt100/train/65635.npz,F:/DMV/Recognizing-sign-language-at-the-word-level/data/datasets/WLASL/branch_inputs/skeleton/rtmw_l/selected_27/nslt100/train/65635.npz,F:/DMV/Recognizing-sign-language-at-the-word-level/data/datasets/WLASL/branch_inputs/skeleton/rtmw_l/normalized/selected_27/nslt100/train/65635.npz,F:/DMV/Recognizing-sign-language-at-the-word-level/data/datasets/WLASL/branch_inputs/skeleton/rtmw_l/graph_tensors/selected_27/nslt100/train/65635.npz,wholebody_133,selected_27,"[0, 5, 6, 7, 8, 9, 10, 93, 95, 97, 99, 101, 103, 105, 107, 109, 111, 114, 116, 118, 120, 122, 124, 126, 128, 130, 132]",72,150,133,27,3,1,"[3, 150, 27, 1]",8.509001731872559,"clip_to_[0,288]x[0,384]_then_scale_to_[-1,1]",ok,,end_frame_clipped_to_video_end
wlasl:65677,65677,65677,family,37,train,F:/DMV/Recognizing-sign-language-at-the-word-level/data/datasets/WLASL/pose/rtmw_l/wholebody_133/nslt100/train/65677.npz,F:/DMV/Recognizing-sign-language-at-the-word-level/data/datasets/WLASL/branch_inputs/skeleton/rtmw_l/selected_27/nslt100/train/65677.npz,F:/DMV/Recognizing-sign-language-at-the-word-level/data/datasets/WLASL/branch_inputs/skeleton/rtmw_l/normalized/selected_27/nslt100/train/65677.npz,F:/DMV/Recognizing-sign-language-at-the-word-level/data/datasets/WLASL/branch_inputs/skeleton/rtmw_l/graph_tensors/selected_27/nslt100/train/65677.npz,wholebody_133,selected_27,"[0, 5, 6, 7, 8, 9, 10, 93, 95, 97, 99, 101, 103, 105, 107, 109, 111, 114, 116, 118, 120, 122, 124, 126, 128, 130, 132]",67,150,133,27,3,1,"[3, 150, 27, 1]",8.509001731872559,"clip_to_[0,288]x[0,384]_then_scale_to_[-1,1]",ok,,end_frame_clipped_to_video_end
wlasl:65721,65721,65721,finish,21,train,F:/DMV/Recognizing-sign-language-at-the-word-level/data/datasets/WLASL/pose/rtmw_l/wholebody_133/nslt100/train/65721.npz,F:/DMV/Recognizing-sign-language-at-the-word-level/data/datasets/WLASL/branch_inputs/skeleton/rtmw_l/selected_27/nslt100/train/65721.npz,F:/DMV/Recognizing-sign-language-at-the-word-level/data/datasets/WLASL/branch_inputs/skeleton/rtmw_l/normalized/selected_27/nslt100/train/65721.npz,F:/DMV/Recognizing-sign-language-at-the-word-level/data/datasets/WLASL/branch_inputs/skeleton/rtmw_l/graph_tensors/selected_27/nslt100/train/65721.npz,wholebody_133,selected_27,"[0, 5, 6, 7, 8, 9, 10, 93, 95, 97, 99, 101, 103, 105, 107, 109, 111, 114, 116, 118, 120, 122, 124, 126, 128, 130, 132]",42,150,133,27,3,1,"[3, 150, 27, 1]",8.509001731872559,"clip_to_[0,288]x[0,384]_then_scale_to_[-1,1]",ok,,end_frame_clipped_to_video_end
wlasl:65731,65731,65731,fish,38,train,F:/DMV/Recognizing-sign-language-at-the-word-level/data/datasets/WLASL/pose/rtmw_l/wholebody_133/nslt100/train/65731.npz,F:/DMV/Recognizing-sign-language-at-the-word-level/data/datasets/WLASL/branch_inputs/skeleton/rtmw_l/selected_27/nslt100/train/65731.npz,F:/DMV/Recognizing-sign-language-at-the-word-level/data/datasets/WLASL/branch_inputs/skeleton/rtmw_l/normalized/selected_27/nslt100/train/65731.npz,F:/DMV/Recognizing-sign-language-at-the-word-level/data/datasets/WLASL/branch_inputs/skeleton/rtmw_l/graph_tensors/selected_27/nslt100/train/65731.npz,wholebody_133,selected_27,"[0, 5, 6, 7, 8, 9, 10, 93, 95, 97, 99, 101, 103, 105, 107, 109, 111, 114, 116, 118, 120, 122, 124, 126, 128, 130, 132]",42,150,133,27,3,1,"[3, 150, 27, 1]",8.509001731872559,"clip_to_[0,288]x[0,384]_then_scale_to_[-1,1]",ok,,end_frame_clipped_to_video_end
wlasl:65824,65824,65824,go,5,train,F:/DMV/Recognizing-sign-language-at-the-word-level/data/datasets/WLASL/pose/rtmw_l/wholebody_133/nslt100/train/65824.npz,F:/DMV/Recognizing-sign-language-at-the-word-level/data/datasets/WLASL/branch_inputs/skeleton/rtmw_l/selected_27/nslt100/train/65824.npz,F:/DMV/Recognizing-sign-language-at-the-word-level/data/datasets/WLASL/branch_inputs/skeleton/rtmw_l/normalized/selected_27/nslt100/train/65824.npz,F:/DMV/Recognizing-sign-language-at-the-word-level/data/datasets/WLASL/branch_inputs/skeleton/rtmw_l/graph_tensors/selected_27/nslt100/train/65824.npz,wholebody_133,selected_27,"[0, 5, 6, 7, 8, 9, 10, 93, 95, 97, 99, 101, 103, 105, 107, 109, 111, 114, 116, 118, 120, 122, 124, 126, 128, 130, 132]",40,150,133,27,3,1,"[3, 150, 27, 1]",8.509001731872559,"clip_to_[0,288]x[0,384]_then_scale_to_[-1,1]",ok,,end_frame_clipped_to_video_end
wlasl:65889,65889,65889,help,12,train,F:/DMV/Recognizing-sign-language-at-the-word-level/data/datasets/WLASL/pose/rtmw_l/wholebody_133/nslt100/train/65889.npz,F:/DMV/Recognizing-sign-language-at-the-word-level/data/datasets/WLASL/branch_inputs/skeleton/rtmw_l/selected_27/nslt100/train/65889.npz,F:/DMV/Recognizing-sign-language-at-the-word-level/data/datasets/WLASL/branch_inputs/skeleton/rtmw_l/normalized/selected_27/nslt100/train/65889.npz,F:/DMV/Recognizing-sign-language-at-the-word-level/data/datasets/WLASL/branch_inputs/skeleton/rtmw_l/graph_tensors/selected_27/nslt100/train/65889.npz,wholebody_133,selected_27,"[0, 5, 6, 7, 8, 9, 10, 93, 95, 97, 99, 101, 103, 105, 107, 109, 111, 114, 116, 118, 120, 122, 124, 126, 128, 130, 132]",61,150,133,27,3,1,"[3, 150, 27, 1]",8.509001731872559,"clip_to_[0,288]x[0,384]_then_scale_to_[-1,1]",ok,,end_frame_clipped_to_video_end
wlasl:65890,65890,65890,help,12,train,F:/DMV/Recognizing-sign-language-at-the-word-level/data/datasets/WLASL/pose/rtmw_l/wholebody_133/nslt100/train/65890.npz,F:/DMV/Recognizing-sign-language-at-the-word-level/data/datasets/WLASL/branch_inputs/skeleton/rtmw_l/selected_27/nslt100/train/65890.npz,F:/DMV/Recognizing-sign-language-at-the-word-level/data/datasets/WLASL/branch_inputs/skeleton/rtmw_l/normalized/selected_27/nslt100/train/65890.npz,F:/DMV/Recognizing-sign-language-at-the-word-level/data/datasets/WLASL/branch_inputs/skeleton/rtmw_l/graph_tensors/selected_27/nslt100/train/65890.npz,wholebody_133,selected_27,"[0, 5, 6, 7, 8, 9, 10, 93, 95, 97, 99, 101, 103, 105, 107, 109, 111, 114, 116, 118, 120, 122, 124, 126, 128, 130, 132]",58,150,133,27,3,1,"[3, 150, 27, 1]",8.509001731872559,"clip_to_[0,288]x[0,384]_then_scale_to_[-1,1]",ok,,end_frame_clipped_to_video_end
wlasl:65996,65996,65996,kiss,42,train,F:/DMV/Recognizing-sign-language-at-the-word-level/data/datasets/WLASL/pose/rtmw_l/wholebody_133/nslt100/train/65996.npz,F:/DMV/Recognizing-sign-language-at-the-word-level/data/datasets/WLASL/branch_inputs/skeleton/rtmw_l/selected_27/nslt100/train/65996.npz,F:/DMV/Recognizing-sign-language-at-the-word-level/data/datasets/WLASL/branch_inputs/skeleton/rtmw_l/normalized/selected_27/nslt100/train/65996.npz,F:/DMV/Recognizing-sign-language-at-the-word-level/data/datasets/WLASL/branch_inputs/skeleton/rtmw_l/graph_tensors/selected_27/nslt100/train/65996.npz,wholebody_133,selected_27,"[0, 5, 6, 7, 8, 9, 10, 93, 95, 97, 99, 101, 103, 105, 107, 109, 111, 114, 116, 118, 120, 122, 124, 126, 128, 130, 132]",60,150,133,27,3,1,"[3, 150, 27, 1]",8.509001731872559,"clip_to_[0,288]x[0,384]_then_scale_to_[-1,1]",ok,,end_frame_clipped_to_video_end
wlasl:66007,66007,66007,language,43,train,F:/DMV/Recognizing-sign-language-at-the-word-level/data/datasets/WLASL/pose/rtmw_l/wholebody_133/nslt100/train/66007.npz,F:/DMV/Recognizing-sign-language-at-the-word-level/data/datasets/WLASL/branch_inputs/skeleton/rtmw_l/selected_27/nslt100/train/66007.npz,F:/DMV/Recognizing-sign-language-at-the-word-level/data/datasets/WLASL/branch_inputs/skeleton/rtmw_l/normalized/selected_27/nslt100/train/66007.npz,F:/DMV/Recognizing-sign-language-at-the-word-level/data/datasets/WLASL/branch_inputs/skeleton/rtmw_l/graph_tensors/selected_27/nslt100/train/66007.npz,wholebody_133,selected_27,"[0, 5, 6, 7, 8, 9, 10, 93, 95, 97, 99, 101, 103, 105, 107, 109, 111, 114, 116, 118, 120, 122, 124, 126, 128, 130, 132]",52,150,133,27,3,1,"[3, 150, 27, 1]",8.509001731872559,"clip_to_[0,288]x[0,384]_then_scale_to_[-1,1]",ok,,end_frame_clipped_to_video_end
wlasl:66008,66008,66008,language,43,train,F:/DMV/Recognizing-sign-language-at-the-word-level/data/datasets/WLASL/pose/rtmw_l/wholebody_133/nslt100/train/66008.npz,F:/DMV/Recognizing-sign-language-at-the-word-level/data/datasets/WLASL/branch_inputs/skeleton/rtmw_l/selected_27/nslt100/train/66008.npz,F:/DMV/Recognizing-sign-language-at-the-word-level/data/datasets/WLASL/branch_inputs/skeleton/rtmw_l/normalized/selected_27/nslt100/train/66008.npz,F:/DMV/Recognizing-sign-language-at-the-word-level/data/datasets/WLASL/branch_inputs/skeleton/rtmw_l/graph_tensors/selected_27/nslt100/train/66008.npz,wholebody_133,selected_27,"[0, 5, 6, 7, 8, 9, 10, 93, 95, 97, 99, 101, 103, 105, 107, 109, 111, 114, 116, 118, 120, 122, 124, 126, 128, 130, 132]",59,150,133,27,3,1,"[3, 150, 27, 1]",8.509001731872559,"clip_to_[0,288]x[0,384]_then_scale_to_[-1,1]",ok,,end_frame_clipped_to_video_end
wlasl:66010,66010,66010,last,65,train,F:/DMV/Recognizing-sign-language-at-the-word-level/data/datasets/WLASL/pose/rtmw_l/wholebody_133/nslt100/train/66010.npz,F:/DMV/Recognizing-sign-language-at-the-word-level/data/datasets/WLASL/branch_inputs/skeleton/rtmw_l/selected_27/nslt100/train/66010.npz,F:/DMV/Recognizing-sign-language-at-the-word-level/data/datasets/WLASL/branch_inputs/skeleton/rtmw_l/normalized/selected_27/nslt100/train/66010.npz,F:/DMV/Recognizing-sign-language-at-the-word-level/data/datasets/WLASL/branch_inputs/skeleton/rtmw_l/graph_tensors/selected_27/nslt100/train/66010.npz,wholebody_133,selected_27,"[0, 5, 6, 7, 8, 9, 10, 93, 95, 97, 99, 101, 103, 105, 107, 109, 111, 114, 116, 118, 120, 122, 124, 126, 128, 130, 132]",51,150,133,27,3,1,"[3, 150, 27, 1]",8.509001731872559,"clip_to_[0,288]x[0,384]_then_scale_to_[-1,1]",ok,,end_frame_clipped_to_video_end
wlasl:66014,66014,66014,later,44,train,F:/DMV/Recognizing-sign-language-at-the-word-level/data/datasets/WLASL/pose/rtmw_l/wholebody_133/nslt100/train/66014.npz,F:/DMV/Recognizing-sign-language-at-the-word-level/data/datasets/WLASL/branch_inputs/skeleton/rtmw_l/selected_27/nslt100/train/66014.npz,F:/DMV/Recognizing-sign-language-at-the-word-level/data/datasets/WLASL/branch_inputs/skeleton/rtmw_l/normalized/selected_27/nslt100/train/66014.npz,F:/DMV/Recognizing-sign-language-at-the-word-level/data/datasets/WLASL/branch_inputs/skeleton/rtmw_l/graph_tensors/selected_27/nslt100/train/66014.npz,wholebody_133,selected_27,"[0, 5, 6, 7, 8, 9, 10, 93, 95, 97, 99, 101, 103, 105, 107, 109, 111, 114, 116, 118, 120, 122, 124, 126, 128, 130, 132]",59,150,133,27,3,1,"[3, 150, 27, 1]",8.509001731872559,"clip_to_[0,288]x[0,384]_then_scale_to_[-1,1]",ok,,end_frame_clipped_to_video_end
wlasl:66038,66038,66038,letter,88,train,F:/DMV/Recognizing-sign-language-at-the-word-level/data/datasets/WLASL/pose/rtmw_l/wholebody_133/nslt100/train/66038.npz,F:/DMV/Recognizing-sign-language-at-the-word-level/data/datasets/WLASL/branch_inputs/skeleton/rtmw_l/selected_27/nslt100/train/66038.npz,F:/DMV/Recognizing-sign-language-at-the-word-level/data/datasets/WLASL/branch_inputs/skeleton/rtmw_l/normalized/selected_27/nslt100/train/66038.npz,F:/DMV/Recognizing-sign-language-at-the-word-level/data/datasets/WLASL/branch_inputs/skeleton/rtmw_l/graph_tensors/selected_27/nslt100/train/66038.npz,wholebody_133,selected_27,"[0, 5, 6, 7, 8, 9, 10, 93, 95, 97, 99, 101, 103, 105, 107, 109, 111, 114, 116, 118, 120, 122, 124, 126, 128, 130, 132]",58,150,133,27,3,1,"[3, 150, 27, 1]",8.509001731872559,"clip_to_[0,288]x[0,384]_then_scale_to_[-1,1]",ok,,end_frame_clipped_to_video_end
wlasl:66098,66098,66098,man,45,train,F:/DMV/Recognizing-sign-language-at-the-word-level/data/datasets/WLASL/pose/rtmw_l/wholebody_133/nslt100/train/66098.npz,F:/DMV/Recognizing-sign-language-at-the-word-level/data/datasets/WLASL/branch_inputs/skeleton/rtmw_l/selected_27/nslt100/train/66098.npz,F:/DMV/Recognizing-sign-language-at-the-word-level/data/datasets/WLASL/branch_inputs/skeleton/rtmw_l/normalized/selected_27/nslt100/train/66098.npz,F:/DMV/Recognizing-sign-language-at-the-word-level/data/datasets/WLASL/branch_inputs/skeleton/rtmw_l/graph_tensors/selected_27/nslt100/train/66098.npz,wholebody_133,selected_27,"[0, 5, 6, 7, 8, 9, 10, 93, 95, 97, 99, 101, 103, 105, 107, 109, 111, 114, 116, 118, 120, 122, 124, 126, 128, 130, 132]",68,150,133,27,3,1,"[3, 150, 27, 1]",8.509001731872559,"clip_to_[0,288]x[0,384]_then_scale_to_[-1,1]",ok,,end_frame_clipped_to_video_end
wlasl:66099,66099,66099,man,45,train,F:/DMV/Recognizing-sign-language-at-the-word-level/data/datasets/WLASL/pose/rtmw_l/wholebody_133/nslt100/train/66099.npz,F:/DMV/Recognizing-sign-language-at-the-word-level/data/datasets/WLASL/branch_inputs/skeleton/rtmw_l/selected_27/nslt100/train/66099.npz,F:/DMV/Recognizing-sign-language-at-the-word-level/data/datasets/WLASL/branch_inputs/skeleton/rtmw_l/normalized/selected_27/nslt100/train/66099.npz,F:/DMV/Recognizing-sign-language-at-the-word-level/data/datasets/WLASL/branch_inputs/skeleton/rtmw_l/graph_tensors/selected_27/nslt100/train/66099.npz,wholebody_133,selected_27,"[0, 5, 6, 7, 8, 9, 10, 93, 95, 97, 99, 101, 103, 105, 107, 109, 111, 114, 116, 118, 120, 122, 124, 126, 128, 130, 132]",59,150,133,27,3,1,"[3, 150, 27, 1]",8.509001731872559,"clip_to_[0,288]x[0,384]_then_scale_to_[-1,1]",ok,,end_frame_clipped_to_video_end
wlasl:66146,66146,66146,mother,25,train,F:/DMV/Recognizing-sign-language-at-the-word-level/data/datasets/WLASL/pose/rtmw_l/wholebody_133/nslt100/train/66146.npz,F:/DMV/Recognizing-sign-language-at-the-word-level/data/datasets/WLASL/branch_inputs/skeleton/rtmw_l/selected_27/nslt100/train/66146.npz,F:/DMV/Recognizing-sign-language-at-the-word-level/data/datasets/WLASL/branch_inputs/skeleton/rtmw_l/normalized/selected_27/nslt100/train/66146.npz,F:/DMV/Recognizing-sign-language-at-the-word-level/data/datasets/WLASL/branch_inputs/skeleton/rtmw_l/graph_tensors/selected_27/nslt100/train/66146.npz,wholebody_133,selected_27,"[0, 5, 6, 7, 8, 9, 10, 93, 95, 97, 99, 101, 103, 105, 107, 109, 111, 114, 116, 118, 120, 122, 124, 126, 128, 130, 132]",60,150,133,27,3,1,"[3, 150, 27, 1]",8.509001731872559,"clip_to_[0,288]x[0,384]_then_scale_to_[-1,1]",ok,,end_frame_clipped_to_video_end
wlasl:66147,66147,66147,mother,25,train,F:/DMV/Recognizing-sign-language-at-the-word-level/data/datasets/WLASL/pose/rtmw_l/wholebody_133/nslt100/train/66147.npz,F:/DMV/Recognizing-sign-language-at-the-word-level/data/datasets/WLASL/branch_inputs/skeleton/rtmw_l/selected_27/nslt100/train/66147.npz,F:/DMV/Recognizing-sign-language-at-the-word-level/data/datasets/WLASL/branch_inputs/skeleton/rtmw_l/normalized/selected_27/nslt100/train/66147.npz,F:/DMV/Recognizing-sign-language-at-the-word-level/data/datasets/WLASL/branch_inputs/skeleton/rtmw_l/graph_tensors/selected_27/nslt100/train/66147.npz,wholebody_133,selected_27,"[0, 5, 6, 7, 8, 9, 10, 93, 95, 97, 99, 101, 103, 105, 107, 109, 111, 114, 116, 118, 120, 122, 124, 126, 128, 130, 132]",65,150,133,27,3,1,"[3, 150, 27, 1]",8.509001731872559,"clip_to_[0,288]x[0,384]_then_scale_to_[-1,1]",ok,,end_frame_clipped_to_video_end
wlasl:66183,66183,66183,no,13,train,F:/DMV/Recognizing-sign-language-at-the-word-level/data/datasets/WLASL/pose/rtmw_l/wholebody_133/nslt100/train/66183.npz,F:/DMV/Recognizing-sign-language-at-the-word-level/data/datasets/WLASL/branch_inputs/skeleton/rtmw_l/selected_27/nslt100/train/66183.npz,F:/DMV/Recognizing-sign-language-at-the-word-level/data/datasets/WLASL/branch_inputs/skeleton/rtmw_l/normalized/selected_27/nslt100/train/66183.npz,F:/DMV/Recognizing-sign-language-at-the-word-level/data/datasets/WLASL/branch_inputs/skeleton/rtmw_l/graph_tensors/selected_27/nslt100/train/66183.npz,wholebody_133,selected_27,"[0, 5, 6, 7, 8, 9, 10, 93, 95, 97, 99, 101, 103, 105, 107, 109, 111, 114, 116, 118, 120, 122, 124, 126, 128, 130, 132]",58,150,133,27,3,1,"[3, 150, 27, 1]",8.509001731872559,"clip_to_[0,288]x[0,384]_then_scale_to_[-1,1]",ok,,
wlasl:66246,66246,66246,orange,27,train,F:/DMV/Recognizing-sign-language-at-the-word-level/data/datasets/WLASL/pose/rtmw_l/wholebody_133/nslt100/train/66246.npz,F:/DMV/Recognizing-sign-language-at-the-word-level/data/datasets/WLASL/branch_inputs/skeleton/rtmw_l/selected_27/nslt100/train/66246.npz,F:/DMV/Recognizing-sign-language-at-the-word-level/data/datasets/WLASL/branch_inputs/skeleton/rtmw_l/normalized/selected_27/nslt100/train/66246.npz,F:/DMV/Recognizing-sign-language-at-the-word-level/data/datasets/WLASL/branch_inputs/skeleton/rtmw_l/graph_tensors/selected_27/nslt100/train/66246.npz,wholebody_133,selected_27,"[0, 5, 6, 7, 8, 9, 10, 93, 95, 97, 99, 101, 103, 105, 107, 109, 111, 114, 116, 118, 120, 122, 124, 126, 128, 130, 132]",55,150,133,27,3,1,"[3, 150, 27, 1]",8.509001731872559,"clip_to_[0,288]x[0,384]_then_scale_to_[-1,1]",ok,,
wlasl:66296,66296,66296,pink,67,train,F:/DMV/Recognizing-sign-language-at-the-word-level/data/datasets/WLASL/pose/rtmw_l/wholebody_133/nslt100/train/66296.npz,F:/DMV/Recognizing-sign-language-at-the-word-level/data/datasets/WLASL/branch_inputs/skeleton/rtmw_l/selected_27/nslt100/train/66296.npz,F:/DMV/Recognizing-sign-language-at-the-word-level/data/datasets/WLASL/branch_inputs/skeleton/rtmw_l/normalized/selected_27/nslt100/train/66296.npz,F:/DMV/Recognizing-sign-language-at-the-word-level/data/datasets/WLASL/branch_inputs/skeleton/rtmw_l/graph_tensors/selected_27/nslt100/train/66296.npz,wholebody_133,selected_27,"[0, 5, 6, 7, 8, 9, 10, 93, 95, 97, 99, 101, 103, 105, 107, 109, 111, 114, 116, 118, 120, 122, 124, 126, 128, 130, 132]",64,150,133,27,3,1,"[3, 150, 27, 1]",8.509001731872559,"clip_to_[0,288]x[0,384]_then_scale_to_[-1,1]",ok,,end_frame_clipped_to_video_end
wlasl:66297,66297,66297,pizza,68,train,F:/DMV/Recognizing-sign-language-at-the-word-level/data/datasets/WLASL/pose/rtmw_l/wholebody_133/nslt100/train/66297.npz,F:/DMV/Recognizing-sign-language-at-the-word-level/data/datasets/WLASL/branch_inputs/skeleton/rtmw_l/selected_27/nslt100/train/66297.npz,F:/DMV/Recognizing-sign-language-at-the-word-level/data/datasets/WLASL/branch_inputs/skeleton/rtmw_l/normalized/selected_27/nslt100/train/66297.npz,F:/DMV/Recognizing-sign-language-at-the-word-level/data/datasets/WLASL/branch_inputs/skeleton/rtmw_l/graph_tensors/selected_27/nslt100/train/66297.npz,wholebody_133,selected_27,"[0, 5, 6, 7, 8, 9, 10, 93, 95, 97, 99, 101, 103, 105, 107, 109, 111, 114, 116, 118, 120, 122, 124, 126, 128, 130, 132]",53,150,133,27,3,1,"[3, 150, 27, 1]",8.509001731872559,"clip_to_[0,288]x[0,384]_then_scale_to_[-1,1]",ok,,end_frame_clipped_to_video_end
wlasl:66351,66351,66351,pull,93,train,F:/DMV/Recognizing-sign-language-at-the-word-level/data/datasets/WLASL/pose/rtmw_l/wholebody_133/nslt100/train/66351.npz,F:/DMV/Recognizing-sign-language-at-the-word-level/data/datasets/WLASL/branch_inputs/skeleton/rtmw_l/selected_27/nslt100/train/66351.npz,F:/DMV/Recognizing-sign-language-at-the-word-level/data/datasets/WLASL/branch_inputs/skeleton/rtmw_l/normalized/selected_27/nslt100/train/66351.npz,F:/DMV/Recognizing-sign-language-at-the-word-level/data/datasets/WLASL/branch_inputs/skeleton/rtmw_l/graph_tensors/selected_27/nslt100/train/66351.npz,wholebody_133,selected_27,"[0, 5, 6, 7, 8, 9, 10, 93, 95, 97, 99, 101, 103, 105, 107, 109, 111, 114, 116, 118, 120, 122, 124, 126, 128, 130, 132]",51,150,133,27,3,1,"[3, 150, 27, 1]",8.509001731872559,"clip_to_[0,288]x[0,384]_then_scale_to_[-1,1]",ok,,end_frame_clipped_to_video_end
wlasl:66355,66355,66355,purple,94,train,F:/DMV/Recognizing-sign-language-at-the-word-level/data/datasets/WLASL/pose/rtmw_l/wholebody_133/nslt100/train/66355.npz,F:/DMV/Recognizing-sign-language-at-the-word-level/data/datasets/WLASL/branch_inputs/skeleton/rtmw_l/selected_27/nslt100/train/66355.npz,F:/DMV/Recognizing-sign-language-at-the-word-level/data/datasets/WLASL/branch_inputs/skeleton/rtmw_l/normalized/selected_27/nslt100/train/66355.npz,F:/DMV/Recognizing-sign-language-at-the-word-level/data/datasets/WLASL/branch_inputs/skeleton/rtmw_l/graph_tensors/selected_27/nslt100/train/66355.npz,wholebody_133,selected_27,"[0, 5, 6, 7, 8, 9, 10, 93, 95, 97, 99, 101, 103, 105, 107, 109, 111, 114, 116, 118, 120, 122, 124, 126, 128, 130, 132]",62,150,133,27,3,1,"[3, 150, 27, 1]",8.509001731872559,"clip_to_[0,288]x[0,384]_then_scale_to_[-1,1]",ok,,end_frame_clipped_to_video_end
wlasl:66441,66441,66441,secretary,71,train,F:/DMV/Recognizing-sign-language-at-the-word-level/data/datasets/WLASL/pose/rtmw_l/wholebody_133/nslt100/train/66441.npz,F:/DMV/Recognizing-sign-language-at-the-word-level/data/datasets/WLASL/branch_inputs/skeleton/rtmw_l/selected_27/nslt100/train/66441.npz,F:/DMV/Recognizing-sign-language-at-the-word-level/data/datasets/WLASL/branch_inputs/skeleton/rtmw_l/normalized/selected_27/nslt100/train/66441.npz,F:/DMV/Recognizing-sign-language-at-the-word-level/data/datasets/WLASL/branch_inputs/skeleton/rtmw_l/graph_tensors/selected_27/nslt100/train/66441.npz,wholebody_133,selected_27,"[0, 5, 6, 7, 8, 9, 10, 93, 95, 97, 99, 101, 103, 105, 107, 109, 111, 114, 116, 118, 120, 122, 124, 126, 128, 130, 132]",45,150,133,27,3,1,"[3, 150, 27, 1]",8.509001731872559,"clip_to_[0,288]x[0,384]_then_scale_to_[-1,1]",ok,,end_frame_clipped_to_video_end
wlasl:66469,66469,66469,short,72,train,F:/DMV/Recognizing-sign-language-at-the-word-level/data/datasets/WLASL/pose/rtmw_l/wholebody_133/nslt100/train/66469.npz,F:/DMV/Recognizing-sign-language-at-the-word-level/data/datasets/WLASL/branch_inputs/skeleton/rtmw_l/selected_27/nslt100/train/66469.npz,F:/DMV/Recognizing-sign-language-at-the-word-level/data/datasets/WLASL/branch_inputs/skeleton/rtmw_l/normalized/selected_27/nslt100/train/66469.npz,F:/DMV/Recognizing-sign-language-at-the-word-level/data/datasets/WLASL/branch_inputs/skeleton/rtmw_l/graph_tensors/selected_27/nslt100/train/66469.npz,wholebody_133,selected_27,"[0, 5, 6, 7, 8, 9, 10, 93, 95, 97, 99, 101, 103, 105, 107, 109, 111, 114, 116, 118, 120, 122, 124, 126, 128, 130, 132]",37,150,133,27,3,1,"[3, 150, 27, 1]",8.509001731872559,"clip_to_[0,288]x[0,384]_then_scale_to_[-1,1]",ok,,end_frame_clipped_to_video_end
wlasl:66531,66531,66531,son,97,train,F:/DMV/Recognizing-sign-language-at-the-word-level/data/datasets/WLASL/pose/rtmw_l/wholebody_133/nslt100/train/66531.npz,F:/DMV/Recognizing-sign-language-at-the-word-level/data/datasets/WLASL/branch_inputs/skeleton/rtmw_l/selected_27/nslt100/train/66531.npz,F:/DMV/Recognizing-sign-language-at-the-word-level/data/datasets/WLASL/branch_inputs/skeleton/rtmw_l/normalized/selected_27/nslt100/train/66531.npz,F:/DMV/Recognizing-sign-language-at-the-word-level/data/datasets/WLASL/branch_inputs/skeleton/rtmw_l/graph_tensors/selected_27/nslt100/train/66531.npz,wholebody_133,selected_27,"[0, 5, 6, 7, 8, 9, 10, 93, 95, 97, 99, 101, 103, 105, 107, 109, 111, 114, 116, 118, 120, 122, 124, 126, 128, 130, 132]",64,150,133,27,3,1,"[3, 150, 27, 1]",8.509001731872559,"clip_to_[0,288]x[0,384]_then_scale_to_[-1,1]",ok,,end_frame_clipped_to_video_end
wlasl:66532,66532,66532,son,97,train,F:/DMV/Recognizing-sign-language-at-the-word-level/data/datasets/WLASL/pose/rtmw_l/wholebody_133/nslt100/train/66532.npz,F:/DMV/Recognizing-sign-language-at-the-word-level/data/datasets/WLASL/branch_inputs/skeleton/rtmw_l/selected_27/nslt100/train/66532.npz,F:/DMV/Recognizing-sign-language-at-the-word-level/data/datasets/WLASL/branch_inputs/skeleton/rtmw_l/normalized/selected_27/nslt100/train/66532.npz,F:/DMV/Recognizing-sign-language-at-the-word-level/data/datasets/WLASL/branch_inputs/skeleton/rtmw_l/graph_tensors/selected_27/nslt100/train/66532.npz,wholebody_133,selected_27,"[0, 5, 6, 7, 8, 9, 10, 93, 95, 97, 99, 101, 103, 105, 107, 109, 111, 114, 116, 118, 120, 122, 124, 126, 128, 130, 132]",58,150,133,27,3,1,"[3, 150, 27, 1]",8.509001731872559,"clip_to_[0,288]x[0,384]_then_scale_to_[-1,1]",ok,,end_frame_clipped_to_video_end
wlasl:66575,66575,66575,study,47,train,F:/DMV/Recognizing-sign-language-at-the-word-level/data/datasets/WLASL/pose/rtmw_l/wholebody_133/nslt100/train/66575.npz,F:/DMV/Recognizing-sign-language-at-the-word-level/data/datasets/WLASL/branch_inputs/skeleton/rtmw_l/selected_27/nslt100/train/66575.npz,F:/DMV/Recognizing-sign-language-at-the-word-level/data/datasets/WLASL/branch_inputs/skeleton/rtmw_l/normalized/selected_27/nslt100/train/66575.npz,F:/DMV/Recognizing-sign-language-at-the-word-level/data/datasets/WLASL/branch_inputs/skeleton/rtmw_l/graph_tensors/selected_27/nslt100/train/66575.npz,wholebody_133,selected_27,"[0, 5, 6, 7, 8, 9, 10, 93, 95, 97, 99, 101, 103, 105, 107, 109, 111, 114, 116, 118, 120, 122, 124, 126, 128, 130, 132]",49,150,133,27,3,1,"[3, 150, 27, 1]",8.509001731872559,"clip_to_[0,288]x[0,384]_then_scale_to_[-1,1]",ok,,end_frame_clipped_to_video_end
wlasl:66592,66592,66592,tall,48,train,F:/DMV/Recognizing-sign-language-at-the-word-level/data/datasets/WLASL/pose/rtmw_l/wholebody_133/nslt100/train/66592.npz,F:/DMV/Recognizing-sign-language-at-the-word-level/data/datasets/WLASL/branch_inputs/skeleton/rtmw_l/selected_27/nslt100/train/66592.npz,F:/DMV/Recognizing-sign-language-at-the-word-level/data/datasets/WLASL/branch_inputs/skeleton/rtmw_l/normalized/selected_27/nslt100/train/66592.npz,F:/DMV/Recognizing-sign-language-at-the-word-level/data/datasets/WLASL/branch_inputs/skeleton/rtmw_l/graph_tensors/selected_27/nslt100/train/66592.npz,wholebody_133,selected_27,"[0, 5, 6, 7, 8, 9, 10, 93, 95, 97, 99, 101, 103, 105, 107, 109, 111, 114, 116, 118, 120, 122, 124, 126, 128, 130, 132]",65,150,133,27,3,1,"[3, 150, 27, 1]",8.509001731872559,"clip_to_[0,288]x[0,384]_then_scale_to_[-1,1]",ok,,end_frame_clipped_to_video_end
wlasl:66606,66606,66606,thin,14,train,F:/DMV/Recognizing-sign-language-at-the-word-level/data/datasets/WLASL/pose/rtmw_l/wholebody_133/nslt100/train/66606.npz,F:/DMV/Recognizing-sign-language-at-the-word-level/data/datasets/WLASL/branch_inputs/skeleton/rtmw_l/selected_27/nslt100/train/66606.npz,F:/DMV/Recognizing-sign-language-at-the-word-level/data/datasets/WLASL/branch_inputs/skeleton/rtmw_l/normalized/selected_27/nslt100/train/66606.npz,F:/DMV/Recognizing-sign-language-at-the-word-level/data/datasets/WLASL/branch_inputs/skeleton/rtmw_l/graph_tensors/selected_27/nslt100/train/66606.npz,wholebody_133,selected_27,"[0, 5, 6, 7, 8, 9, 10, 93, 95, 97, 99, 101, 103, 105, 107, 109, 111, 114, 116, 118, 120, 122, 124, 126, 128, 130, 132]",61,150,133,27,3,1,"[3, 150, 27, 1]",8.509001731872559,"clip_to_[0,288]x[0,384]_then_scale_to_[-1,1]",ok,,end_frame_clipped_to_video_end
wlasl:66637,66637,66637,thursday,99,train,F:/DMV/Recognizing-sign-language-at-the-word-level/data/datasets/WLASL/pose/rtmw_l/wholebody_133/nslt100/train/66637.npz,F:/DMV/Recognizing-sign-language-at-the-word-level/data/datasets/WLASL/branch_inputs/skeleton/rtmw_l/selected_27/nslt100/train/66637.npz,F:/DMV/Recognizing-sign-language-at-the-word-level/data/datasets/WLASL/branch_inputs/skeleton/rtmw_l/normalized/selected_27/nslt100/train/66637.npz,F:/DMV/Recognizing-sign-language-at-the-word-level/data/datasets/WLASL/branch_inputs/skeleton/rtmw_l/graph_tensors/selected_27/nslt100/train/66637.npz,wholebody_133,selected_27,"[0, 5, 6, 7, 8, 9, 10, 93, 95, 97, 99, 101, 103, 105, 107, 109, 111, 114, 116, 118, 120, 122, 124, 126, 128, 130, 132]",68,150,133,27,3,1,"[3, 150, 27, 1]",8.509001731872559,"clip_to_[0,288]x[0,384]_then_scale_to_[-1,1]",ok,,end_frame_clipped_to_video_end
wlasl:66638,66638,66638,thursday,99,train,F:/DMV/Recognizing-sign-language-at-the-word-level/data/datasets/WLASL/pose/rtmw_l/wholebody_133/nslt100/train/66638.npz,F:/DMV/Recognizing-sign-language-at-the-word-level/data/datasets/WLASL/branch_inputs/skeleton/rtmw_l/selected_27/nslt100/train/66638.npz,F:/DMV/Recognizing-sign-language-at-the-word-level/data/datasets/WLASL/branch_inputs/skeleton/rtmw_l/normalized/selected_27/nslt100/train/66638.npz,F:/DMV/Recognizing-sign-language-at-the-word-level/data/datasets/WLASL/branch_inputs/skeleton/rtmw_l/graph_tensors/selected_27/nslt100/train/66638.npz,wholebody_133,selected_27,"[0, 5, 6, 7, 8, 9, 10, 93, 95, 97, 99, 101, 103, 105, 107, 109, 111, 114, 116, 118, 120, 122, 124, 126, 128, 130, 132]",73,150,133,27,3,1,"[3, 150, 27, 1]",8.509001731872559,"clip_to_[0,288]x[0,384]_then_scale_to_[-1,1]",ok,,end_frame_clipped_to_video_end
wlasl:66639,66639,66639,thursday,99,train,F:/DMV/Recognizing-sign-language-at-the-word-level/data/datasets/WLASL/pose/rtmw_l/wholebody_133/nslt100/train/66639.npz,F:/DMV/Recognizing-sign-language-at-the-word-level/data/datasets/WLASL/branch_inputs/skeleton/rtmw_l/selected_27/nslt100/train/66639.npz,F:/DMV/Recognizing-sign-language-at-the-word-level/data/datasets/WLASL/branch_inputs/skeleton/rtmw_l/normalized/selected_27/nslt100/train/66639.npz,F:/DMV/Recognizing-sign-language-at-the-word-level/data/datasets/WLASL/branch_inputs/skeleton/rtmw_l/graph_tensors/selected_27/nslt100/train/66639.npz,wholebody_133,selected_27,"[0, 5, 6, 7, 8, 9, 10, 93, 95, 97, 99, 101, 103, 105, 107, 109, 111, 114, 116, 118, 120, 122, 124, 126, 128, 130, 132]",60,150,133,27,3,1,"[3, 150, 27, 1]",8.509001731872559,"clip_to_[0,288]x[0,384]_then_scale_to_[-1,1]",ok,,end_frame_clipped_to_video_end
wlasl:66640,66640,66640,thursday,99,train,F:/DMV/Recognizing-sign-language-at-the-word-level/data/datasets/WLASL/pose/rtmw_l/wholebody_133/nslt100/train/66640.npz,F:/DMV/Recognizing-sign-language-at-the-word-level/data/datasets/WLASL/branch_inputs/skeleton/rtmw_l/selected_27/nslt100/train/66640.npz,F:/DMV/Recognizing-sign-language-at-the-word-level/data/datasets/WLASL/branch_inputs/skeleton/rtmw_l/normalized/selected_27/nslt100/train/66640.npz,F:/DMV/Recognizing-sign-language-at-the-word-level/data/datasets/WLASL/branch_inputs/skeleton/rtmw_l/graph_tensors/selected_27/nslt100/train/66640.npz,wholebody_133,selected_27,"[0, 5, 6, 7, 8, 9, 10, 93, 95, 97, 99, 101, 103, 105, 107, 109, 111, 114, 116, 118, 120, 122, 124, 126, 128, 130, 132]",55,150,133,27,3,1,"[3, 150, 27, 1]",8.509001731872559,"clip_to_[0,288]x[0,384]_then_scale_to_[-1,1]",ok,,end_frame_clipped_to_video_end
wlasl:66644,66644,66644,time,73,train,F:/DMV/Recognizing-sign-language-at-the-word-level/data/datasets/WLASL/pose/rtmw_l/wholebody_133/nslt100/train/66644.npz,F:/DMV/Recognizing-sign-language-at-the-word-level/data/datasets/WLASL/branch_inputs/skeleton/rtmw_l/selected_27/nslt100/train/66644.npz,F:/DMV/Recognizing-sign-language-at-the-word-level/data/datasets/WLASL/branch_inputs/skeleton/rtmw_l/normalized/selected_27/nslt100/train/66644.npz,F:/DMV/Recognizing-sign-language-at-the-word-level/data/datasets/WLASL/branch_inputs/skeleton/rtmw_l/graph_tensors/selected_27/nslt100/train/66644.npz,wholebody_133,selected_27,"[0, 5, 6, 7, 8, 9, 10, 93, 95, 97, 99, 101, 103, 105, 107, 109, 111, 114, 116, 118, 120, 122, 124, 126, 128, 130, 132]",75,150,133,27,3,1,"[3, 150, 27, 1]",8.509001731872559,"clip_to_[0,288]x[0,384]_then_scale_to_[-1,1]",ok,,end_frame_clipped_to_video_end
wlasl:66742,66742,66742,walk,15,train,F:/DMV/Recognizing-sign-language-at-the-word-level/data/datasets/WLASL/pose/rtmw_l/wholebody_133/nslt100/train/66742.npz,F:/DMV/Recognizing-sign-language-at-the-word-level/data/datasets/WLASL/branch_inputs/skeleton/rtmw_l/selected_27/nslt100/train/66742.npz,F:/DMV/Recognizing-sign-language-at-the-word-level/data/datasets/WLASL/branch_inputs/skeleton/rtmw_l/normalized/selected_27/nslt100/train/66742.npz,F:/DMV/Recognizing-sign-language-at-the-word-level/data/datasets/WLASL/branch_inputs/skeleton/rtmw_l/graph_tensors/selected_27/nslt100/train/66742.npz,wholebody_133,selected_27,"[0, 5, 6, 7, 8, 9, 10, 93, 95, 97, 99, 101, 103, 105, 107, 109, 111, 114, 116, 118, 120, 122, 124, 126, 128, 130, 132]",65,150,133,27,3,1,"[3, 150, 27, 1]",8.509001731872559,"clip_to_[0,288]x[0,384]_then_scale_to_[-1,1]",ok,,end_frame_clipped_to_video_end
wlasl:66743,66743,66743,walk,15,train,F:/DMV/Recognizing-sign-language-at-the-word-level/data/datasets/WLASL/pose/rtmw_l/wholebody_133/nslt100/train/66743.npz,F:/DMV/Recognizing-sign-language-at-the-word-level/data/datasets/WLASL/branch_inputs/skeleton/rtmw_l/selected_27/nslt100/train/66743.npz,F:/DMV/Recognizing-sign-language-at-the-word-level/data/datasets/WLASL/branch_inputs/skeleton/rtmw_l/normalized/selected_27/nslt100/train/66743.npz,F:/DMV/Recognizing-sign-language-at-the-word-level/data/datasets/WLASL/branch_inputs/skeleton/rtmw_l/graph_tensors/selected_27/nslt100/train/66743.npz,wholebody_133,selected_27,"[0, 5, 6, 7, 8, 9, 10, 93, 95, 97, 99, 101, 103, 105, 107, 109, 111, 114, 116, 118, 120, 122, 124, 126, 128, 130, 132]",52,150,133,27,3,1,"[3, 150, 27, 1]",8.509001731872559,"clip_to_[0,288]x[0,384]_then_scale_to_[-1,1]",ok,,end_frame_clipped_to_video_end
wlasl:66769,66769,66769,what,30,train,F:/DMV/Recognizing-sign-language-at-the-word-level/data/datasets/WLASL/pose/rtmw_l/wholebody_133/nslt100/train/66769.npz,F:/DMV/Recognizing-sign-language-at-the-word-level/data/datasets/WLASL/branch_inputs/skeleton/rtmw_l/selected_27/nslt100/train/66769.npz,F:/DMV/Recognizing-sign-language-at-the-word-level/data/datasets/WLASL/branch_inputs/skeleton/rtmw_l/normalized/selected_27/nslt100/train/66769.npz,F:/DMV/Recognizing-sign-language-at-the-word-level/data/datasets/WLASL/branch_inputs/skeleton/rtmw_l/graph_tensors/selected_27/nslt100/train/66769.npz,wholebody_133,selected_27,"[0, 5, 6, 7, 8, 9, 10, 93, 95, 97, 99, 101, 103, 105, 107, 109, 111, 114, 116, 118, 120, 122, 124, 126, 128, 130, 132]",46,150,133,27,3,1,"[3, 150, 27, 1]",8.509001731872559,"clip_to_[0,288]x[0,384]_then_scale_to_[-1,1]",ok,,end_frame_clipped_to_video_end
wlasl:66778,66778,66778,who,7,train,F:/DMV/Recognizing-sign-language-at-the-word-level/data/datasets/WLASL/pose/rtmw_l/wholebody_133/nslt100/train/66778.npz,F:/DMV/Recognizing-sign-language-at-the-word-level/data/datasets/WLASL/branch_inputs/skeleton/rtmw_l/selected_27/nslt100/train/66778.npz,F:/DMV/Recognizing-sign-language-at-the-word-level/data/datasets/WLASL/branch_inputs/skeleton/rtmw_l/normalized/selected_27/nslt100/train/66778.npz,F:/DMV/Recognizing-sign-language-at-the-word-level/data/datasets/WLASL/branch_inputs/skeleton/rtmw_l/graph_tensors/selected_27/nslt100/train/66778.npz,wholebody_133,selected_27,"[0, 5, 6, 7, 8, 9, 10, 93, 95, 97, 99, 101, 103, 105, 107, 109, 111, 114, 116, 118, 120, 122, 124, 126, 128, 130, 132]",57,150,133,27,3,1,"[3, 150, 27, 1]",8.509001731872559,"clip_to_[0,288]x[0,384]_then_scale_to_[-1,1]",ok,,end_frame_clipped_to_video_end
wlasl:66779,66779,66779,who,7,train,F:/DMV/Recognizing-sign-language-at-the-word-level/data/datasets/WLASL/pose/rtmw_l/wholebody_133/nslt100/train/66779.npz,F:/DMV/Recognizing-sign-language-at-the-word-level/data/datasets/WLASL/branch_inputs/skeleton/rtmw_l/selected_27/nslt100/train/66779.npz,F:/DMV/Recognizing-sign-language-at-the-word-level/data/datasets/WLASL/branch_inputs/skeleton/rtmw_l/normalized/selected_27/nslt100/train/66779.npz,F:/DMV/Recognizing-sign-language-at-the-word-level/data/datasets/WLASL/branch_inputs/skeleton/rtmw_l/graph_tensors/selected_27/nslt100/train/66779.npz,wholebody_133,selected_27,"[0, 5, 6, 7, 8, 9, 10, 93, 95, 97, 99, 101, 103, 105, 107, 109, 111, 114, 116, 118, 120, 122, 124, 126, 128, 130, 132]",53,150,133,27,3,1,"[3, 150, 27, 1]",8.509001731872559,"clip_to_[0,288]x[0,384]_then_scale_to_[-1,1]",ok,,end_frame_clipped_to_video_end
wlasl:66798,66798,66798,woman,31,train,F:/DMV/Recognizing-sign-language-at-the-word-level/data/datasets/WLASL/pose/rtmw_l/wholebody_133/nslt100/train/66798.npz,F:/DMV/Recognizing-sign-language-at-the-word-level/data/datasets/WLASL/branch_inputs/skeleton/rtmw_l/selected_27/nslt100/train/66798.npz,F:/DMV/Recognizing-sign-language-at-the-word-level/data/datasets/WLASL/branch_inputs/skeleton/rtmw_l/normalized/selected_27/nslt100/train/66798.npz,F:/DMV/Recognizing-sign-language-at-the-word-level/data/datasets/WLASL/branch_inputs/skeleton/rtmw_l/graph_tensors/selected_27/nslt100/train/66798.npz,wholebody_133,selected_27,"[0, 5, 6, 7, 8, 9, 10, 93, 95, 97, 99, 101, 103, 105, 107, 109, 111, 114, 116, 118, 120, 122, 124, 126, 128, 130, 132]",48,150,133,27,3,1,"[3, 150, 27, 1]",8.509001731872559,"clip_to_[0,288]x[0,384]_then_scale_to_[-1,1]",ok,,end_frame_clipped_to_video_end
wlasl:66799,66799,66799,woman,31,train,F:/DMV/Recognizing-sign-language-at-the-word-level/data/datasets/WLASL/pose/rtmw_l/wholebody_133/nslt100/train/66799.npz,F:/DMV/Recognizing-sign-language-at-the-word-level/data/datasets/WLASL/branch_inputs/skeleton/rtmw_l/selected_27/nslt100/train/66799.npz,F:/DMV/Recognizing-sign-language-at-the-word-level/data/datasets/WLASL/branch_inputs/skeleton/rtmw_l/normalized/selected_27/nslt100/train/66799.npz,F:/DMV/Recognizing-sign-language-at-the-word-level/data/datasets/WLASL/branch_inputs/skeleton/rtmw_l/graph_tensors/selected_27/nslt100/train/66799.npz,wholebody_133,selected_27,"[0, 5, 6, 7, 8, 9, 10, 93, 95, 97, 99, 101, 103, 105, 107, 109, 111, 114, 116, 118, 120, 122, 124, 126, 128, 130, 132]",54,150,133,27,3,1,"[3, 150, 27, 1]",8.509001731872559,"clip_to_[0,288]x[0,384]_then_scale_to_[-1,1]",ok,,end_frame_clipped_to_video_end
wlasl:66804,66804,66804,work,75,train,F:/DMV/Recognizing-sign-language-at-the-word-level/data/datasets/WLASL/pose/rtmw_l/wholebody_133/nslt100/train/66804.npz,F:/DMV/Recognizing-sign-language-at-the-word-level/data/datasets/WLASL/branch_inputs/skeleton/rtmw_l/selected_27/nslt100/train/66804.npz,F:/DMV/Recognizing-sign-language-at-the-word-level/data/datasets/WLASL/branch_inputs/skeleton/rtmw_l/normalized/selected_27/nslt100/train/66804.npz,F:/DMV/Recognizing-sign-language-at-the-word-level/data/datasets/WLASL/branch_inputs/skeleton/rtmw_l/graph_tensors/selected_27/nslt100/train/66804.npz,wholebody_133,selected_27,"[0, 5, 6, 7, 8, 9, 10, 93, 95, 97, 99, 101, 103, 105, 107, 109, 111, 114, 116, 118, 120, 122, 124, 126, 128, 130, 132]",53,150,133,27,3,1,"[3, 150, 27, 1]",8.509001731872559,"clip_to_[0,288]x[0,384]_then_scale_to_[-1,1]",ok,,end_frame_clipped_to_video_end
wlasl:66816,66816,66816,year,16,train,F:/DMV/Recognizing-sign-language-at-the-word-level/data/datasets/WLASL/pose/rtmw_l/wholebody_133/nslt100/train/66816.npz,F:/DMV/Recognizing-sign-language-at-the-word-level/data/datasets/WLASL/branch_inputs/skeleton/rtmw_l/selected_27/nslt100/train/66816.npz,F:/DMV/Recognizing-sign-language-at-the-word-level/data/datasets/WLASL/branch_inputs/skeleton/rtmw_l/normalized/selected_27/nslt100/train/66816.npz,F:/DMV/Recognizing-sign-language-at-the-word-level/data/datasets/WLASL/branch_inputs/skeleton/rtmw_l/graph_tensors/selected_27/nslt100/train/66816.npz,wholebody_133,selected_27,"[0, 5, 6, 7, 8, 9, 10, 93, 95, 97, 99, 101, 103, 105, 107, 109, 111, 114, 116, 118, 120, 122, 124, 126, 128, 130, 132]",57,150,133,27,3,1,"[3, 150, 27, 1]",8.509001731872559,"clip_to_[0,288]x[0,384]_then_scale_to_[-1,1]",ok,,end_frame_clipped_to_video_end
wlasl:66818,66818,66818,year,16,train,F:/DMV/Recognizing-sign-language-at-the-word-level/data/datasets/WLASL/pose/rtmw_l/wholebody_133/nslt100/train/66818.npz,F:/DMV/Recognizing-sign-language-at-the-word-level/data/datasets/WLASL/branch_inputs/skeleton/rtmw_l/selected_27/nslt100/train/66818.npz,F:/DMV/Recognizing-sign-language-at-the-word-level/data/datasets/WLASL/branch_inputs/skeleton/rtmw_l/normalized/selected_27/nslt100/train/66818.npz,F:/DMV/Recognizing-sign-language-at-the-word-level/data/datasets/WLASL/branch_inputs/skeleton/rtmw_l/graph_tensors/selected_27/nslt100/train/66818.npz,wholebody_133,selected_27,"[0, 5, 6, 7, 8, 9, 10, 93, 95, 97, 99, 101, 103, 105, 107, 109, 111, 114, 116, 118, 120, 122, 124, 126, 128, 130, 132]",52,150,133,27,3,1,"[3, 150, 27, 1]",8.509001731872559,"clip_to_[0,288]x[0,384]_then_scale_to_[-1,1]",ok,,end_frame_clipped_to_video_end
wlasl:66820,66820,66820,yes,17,train,F:/DMV/Recognizing-sign-language-at-the-word-level/data/datasets/WLASL/pose/rtmw_l/wholebody_133/nslt100/train/66820.npz,F:/DMV/Recognizing-sign-language-at-the-word-level/data/datasets/WLASL/branch_inputs/skeleton/rtmw_l/selected_27/nslt100/train/66820.npz,F:/DMV/Recognizing-sign-language-at-the-word-level/data/datasets/WLASL/branch_inputs/skeleton/rtmw_l/normalized/selected_27/nslt100/train/66820.npz,F:/DMV/Recognizing-sign-language-at-the-word-level/data/datasets/WLASL/branch_inputs/skeleton/rtmw_l/graph_tensors/selected_27/nslt100/train/66820.npz,wholebody_133,selected_27,"[0, 5, 6, 7, 8, 9, 10, 93, 95, 97, 99, 101, 103, 105, 107, 109, 111, 114, 116, 118, 120, 122, 124, 126, 128, 130, 132]",46,150,133,27,3,1,"[3, 150, 27, 1]",8.509001731872559,"clip_to_[0,288]x[0,384]_then_scale_to_[-1,1]",ok,,end_frame_clipped_to_video_end
wlasl:06832,6832,6832,blue,33,train,F:/DMV/Recognizing-sign-language-at-the-word-level/data/datasets/WLASL/pose/rtmw_l/wholebody_133/nslt100/train/6832.npz,F:/DMV/Recognizing-sign-language-at-the-word-level/data/datasets/WLASL/branch_inputs/skeleton/rtmw_l/selected_27/nslt100/train/6832.npz,F:/DMV/Recognizing-sign-language-at-the-word-level/data/datasets/WLASL/branch_inputs/skeleton/rtmw_l/normalized/selected_27/nslt100/train/6832.npz,F:/DMV/Recognizing-sign-language-at-the-word-level/data/datasets/WLASL/branch_inputs/skeleton/rtmw_l/graph_tensors/selected_27/nslt100/train/6832.npz,wholebody_133,selected_27,"[0, 5, 6, 7, 8, 9, 10, 93, 95, 97, 99, 101, 103, 105, 107, 109, 111, 114, 116, 118, 120, 122, 124, 126, 128, 130, 132]",63,150,133,27,3,1,"[3, 150, 27, 1]",8.509001731872559,"clip_to_[0,288]x[0,384]_then_scale_to_[-1,1]",ok,,end_frame_clipped_to_video_end
wlasl:06833,6833,6833,blue,33,train,F:/DMV/Recognizing-sign-language-at-the-word-level/data/datasets/WLASL/pose/rtmw_l/wholebody_133/nslt100/train/6833.npz,F:/DMV/Recognizing-sign-language-at-the-word-level/data/datasets/WLASL/branch_inputs/skeleton/rtmw_l/selected_27/nslt100/train/6833.npz,F:/DMV/Recognizing-sign-language-at-the-word-level/data/datasets/WLASL/branch_inputs/skeleton/rtmw_l/normalized/selected_27/nslt100/train/6833.npz,F:/DMV/Recognizing-sign-language-at-the-word-level/data/datasets/WLASL/branch_inputs/skeleton/rtmw_l/graph_tensors/selected_27/nslt100/train/6833.npz,wholebody_133,selected_27,"[0, 5, 6, 7, 8, 9, 10, 93, 95, 97, 99, 101, 103, 105, 107, 109, 111, 114, 116, 118, 120, 122, 124, 126, 128, 130, 132]",59,150,133,27,3,1,"[3, 150, 27, 1]",8.509001731872559,"clip_to_[0,288]x[0,384]_then_scale_to_[-1,1]",ok,,
wlasl:06834,6834,6834,blue,33,train,F:/DMV/Recognizing-sign-language-at-the-word-level/data/datasets/WLASL/pose/rtmw_l/wholebody_133/nslt100/train/6834.npz,F:/DMV/Recognizing-sign-language-at-the-word-level/data/datasets/WLASL/branch_inputs/skeleton/rtmw_l/selected_27/nslt100/train/6834.npz,F:/DMV/Recognizing-sign-language-at-the-word-level/data/datasets/WLASL/branch_inputs/skeleton/rtmw_l/normalized/selected_27/nslt100/train/6834.npz,F:/DMV/Recognizing-sign-language-at-the-word-level/data/datasets/WLASL/branch_inputs/skeleton/rtmw_l/graph_tensors/selected_27/nslt100/train/6834.npz,wholebody_133,selected_27,"[0, 5, 6, 7, 8, 9, 10, 93, 95, 97, 99, 101, 103, 105, 107, 109, 111, 114, 116, 118, 120, 122, 124, 126, 128, 130, 132]",43,150,133,27,3,1,"[3, 150, 27, 1]",8.509001731872559,"clip_to_[0,288]x[0,384]_then_scale_to_[-1,1]",ok,,
wlasl:06835,6835,6835,blue,33,train,F:/DMV/Recognizing-sign-language-at-the-word-level/data/datasets/WLASL/pose/rtmw_l/wholebody_133/nslt100/train/6835.npz,F:/DMV/Recognizing-sign-language-at-the-word-level/data/datasets/WLASL/branch_inputs/skeleton/rtmw_l/selected_27/nslt100/train/6835.npz,F:/DMV/Recognizing-sign-language-at-the-word-level/data/datasets/WLASL/branch_inputs/skeleton/rtmw_l/normalized/selected_27/nslt100/train/6835.npz,F:/DMV/Recognizing-sign-language-at-the-word-level/data/datasets/WLASL/branch_inputs/skeleton/rtmw_l/graph_tensors/selected_27/nslt100/train/6835.npz,wholebody_133,selected_27,"[0, 5, 6, 7, 8, 9, 10, 93, 95, 97, 99, 101, 103, 105, 107, 109, 111, 114, 116, 118, 120, 122, 124, 126, 128, 130, 132]",68,150,133,27,3,1,"[3, 150, 27, 1]",8.509001731872559,"clip_to_[0,288]x[0,384]_then_scale_to_[-1,1]",ok,,
wlasl:06839,6839,6839,blue,33,train,F:/DMV/Recognizing-sign-language-at-the-word-level/data/datasets/WLASL/pose/rtmw_l/wholebody_133/nslt100/train/6839.npz,F:/DMV/Recognizing-sign-language-at-the-word-level/data/datasets/WLASL/branch_inputs/skeleton/rtmw_l/selected_27/nslt100/train/6839.npz,F:/DMV/Recognizing-sign-language-at-the-word-level/data/datasets/WLASL/branch_inputs/skeleton/rtmw_l/normalized/selected_27/nslt100/train/6839.npz,F:/DMV/Recognizing-sign-language-at-the-word-level/data/datasets/WLASL/branch_inputs/skeleton/rtmw_l/graph_tensors/selected_27/nslt100/train/6839.npz,wholebody_133,selected_27,"[0, 5, 6, 7, 8, 9, 10, 93, 95, 97, 99, 101, 103, 105, 107, 109, 111, 114, 116, 118, 120, 122, 124, 126, 128, 130, 132]",31,150,133,27,3,1,"[3, 150, 27, 1]",8.509001731872559,"clip_to_[0,288]x[0,384]_then_scale_to_[-1,1]",ok,,
wlasl:69206,69206,69206,all,18,train,F:/DMV/Recognizing-sign-language-at-the-word-level/data/datasets/WLASL/pose/rtmw_l/wholebody_133/nslt100/train/69206.npz,F:/DMV/Recognizing-sign-language-at-the-word-level/data/datasets/WLASL/branch_inputs/skeleton/rtmw_l/selected_27/nslt100/train/69206.npz,F:/DMV/Recognizing-sign-language-at-the-word-level/data/datasets/WLASL/branch_inputs/skeleton/rtmw_l/normalized/selected_27/nslt100/train/69206.npz,F:/DMV/Recognizing-sign-language-at-the-word-level/data/datasets/WLASL/branch_inputs/skeleton/rtmw_l/graph_tensors/selected_27/nslt100/train/69206.npz,wholebody_133,selected_27,"[0, 5, 6, 7, 8, 9, 10, 93, 95, 97, 99, 101, 103, 105, 107, 109, 111, 114, 116, 118, 120, 122, 124, 126, 128, 130, 132]",76,150,133,27,3,1,"[3, 150, 27, 1]",8.509001731872559,"clip_to_[0,288]x[0,384]_then_scale_to_[-1,1]",ok,,
wlasl:69241,69241,69241,book,0,train,F:/DMV/Recognizing-sign-language-at-the-word-level/data/datasets/WLASL/pose/rtmw_l/wholebody_133/nslt100/train/69241.npz,F:/DMV/Recognizing-sign-language-at-the-word-level/data/datasets/WLASL/branch_inputs/skeleton/rtmw_l/selected_27/nslt100/train/69241.npz,F:/DMV/Recognizing-sign-language-at-the-word-level/data/datasets/WLASL/branch_inputs/skeleton/rtmw_l/normalized/selected_27/nslt100/train/69241.npz,F:/DMV/Recognizing-sign-language-at-the-word-level/data/datasets/WLASL/branch_inputs/skeleton/rtmw_l/graph_tensors/selected_27/nslt100/train/69241.npz,wholebody_133,selected_27,"[0, 5, 6, 7, 8, 9, 10, 93, 95, 97, 99, 101, 103, 105, 107, 109, 111, 114, 116, 118, 120, 122, 124, 126, 128, 130, 132]",64,150,133,27,3,1,"[3, 150, 27, 1]",8.509001731872559,"clip_to_[0,288]x[0,384]_then_scale_to_[-1,1]",ok,,
wlasl:69281,69281,69281,cool,20,train,F:/DMV/Recognizing-sign-language-at-the-word-level/data/datasets/WLASL/pose/rtmw_l/wholebody_133/nslt100/train/69281.npz,F:/DMV/Recognizing-sign-language-at-the-word-level/data/datasets/WLASL/branch_inputs/skeleton/rtmw_l/selected_27/nslt100/train/69281.npz,F:/DMV/Recognizing-sign-language-at-the-word-level/data/datasets/WLASL/branch_inputs/skeleton/rtmw_l/normalized/selected_27/nslt100/train/69281.npz,F:/DMV/Recognizing-sign-language-at-the-word-level/data/datasets/WLASL/branch_inputs/skeleton/rtmw_l/graph_tensors/selected_27/nslt100/train/69281.npz,wholebody_133,selected_27,"[0, 5, 6, 7, 8, 9, 10, 93, 95, 97, 99, 101, 103, 105, 107, 109, 111, 114, 116, 118, 120, 122, 124, 126, 128, 130, 132]",66,150,133,27,3,1,"[3, 150, 27, 1]",8.509001731872559,"clip_to_[0,288]x[0,384]_then_scale_to_[-1,1]",ok,,
wlasl:69282,69282,69282,corn,56,train,F:/DMV/Recognizing-sign-language-at-the-word-level/data/datasets/WLASL/pose/rtmw_l/wholebody_133/nslt100/train/69282.npz,F:/DMV/Recognizing-sign-language-at-the-word-level/data/datasets/WLASL/branch_inputs/skeleton/rtmw_l/selected_27/nslt100/train/69282.npz,F:/DMV/Recognizing-sign-language-at-the-word-level/data/datasets/WLASL/branch_inputs/skeleton/rtmw_l/normalized/selected_27/nslt100/train/69282.npz,F:/DMV/Recognizing-sign-language-at-the-word-level/data/datasets/WLASL/branch_inputs/skeleton/rtmw_l/graph_tensors/selected_27/nslt100/train/69282.npz,wholebody_133,selected_27,"[0, 5, 6, 7, 8, 9, 10, 93, 95, 97, 99, 101, 103, 105, 107, 109, 111, 114, 116, 118, 120, 122, 124, 126, 128, 130, 132]",74,150,133,27,3,1,"[3, 150, 27, 1]",8.509001731872559,"clip_to_[0,288]x[0,384]_then_scale_to_[-1,1]",ok,,
wlasl:69283,69283,69283,cow,57,train,F:/DMV/Recognizing-sign-language-at-the-word-level/data/datasets/WLASL/pose/rtmw_l/wholebody_133/nslt100/train/69283.npz,F:/DMV/Recognizing-sign-language-at-the-word-level/data/datasets/WLASL/branch_inputs/skeleton/rtmw_l/selected_27/nslt100/train/69283.npz,F:/DMV/Recognizing-sign-language-at-the-word-level/data/datasets/WLASL/branch_inputs/skeleton/rtmw_l/normalized/selected_27/nslt100/train/69283.npz,F:/DMV/Recognizing-sign-language-at-the-word-level/data/datasets/WLASL/branch_inputs/skeleton/rtmw_l/graph_tensors/selected_27/nslt100/train/69283.npz,wholebody_133,selected_27,"[0, 5, 6, 7, 8, 9, 10, 93, 95, 97, 99, 101, 103, 105, 107, 109, 111, 114, 116, 118, 120, 122, 124, 126, 128, 130, 132]",68,150,133,27,3,1,"[3, 150, 27, 1]",8.509001731872559,"clip_to_[0,288]x[0,384]_then_scale_to_[-1,1]",ok,,
wlasl:69290,69290,69290,dark,59,train,F:/DMV/Recognizing-sign-language-at-the-word-level/data/datasets/WLASL/pose/rtmw_l/wholebody_133/nslt100/train/69290.npz,F:/DMV/Recognizing-sign-language-at-the-word-level/data/datasets/WLASL/branch_inputs/skeleton/rtmw_l/selected_27/nslt100/train/69290.npz,F:/DMV/Recognizing-sign-language-at-the-word-level/data/datasets/WLASL/branch_inputs/skeleton/rtmw_l/normalized/selected_27/nslt100/train/69290.npz,F:/DMV/Recognizing-sign-language-at-the-word-level/data/datasets/WLASL/branch_inputs/skeleton/rtmw_l/graph_tensors/selected_27/nslt100/train/69290.npz,wholebody_133,selected_27,"[0, 5, 6, 7, 8, 9, 10, 93, 95, 97, 99, 101, 103, 105, 107, 109, 111, 114, 116, 118, 120, 122, 124, 126, 128, 130, 132]",59,150,133,27,3,1,"[3, 150, 27, 1]",8.509001731872559,"clip_to_[0,288]x[0,384]_then_scale_to_[-1,1]",ok,,
wlasl:69298,69298,69298,dog,36,train,F:/DMV/Recognizing-sign-language-at-the-word-level/data/datasets/WLASL/pose/rtmw_l/wholebody_133/nslt100/train/69298.npz,F:/DMV/Recognizing-sign-language-at-the-word-level/data/datasets/WLASL/branch_inputs/skeleton/rtmw_l/selected_27/nslt100/train/69298.npz,F:/DMV/Recognizing-sign-language-at-the-word-level/data/datasets/WLASL/branch_inputs/skeleton/rtmw_l/normalized/selected_27/nslt100/train/69298.npz,F:/DMV/Recognizing-sign-language-at-the-word-level/data/datasets/WLASL/branch_inputs/skeleton/rtmw_l/graph_tensors/selected_27/nslt100/train/69298.npz,wholebody_133,selected_27,"[0, 5, 6, 7, 8, 9, 10, 93, 95, 97, 99, 101, 103, 105, 107, 109, 111, 114, 116, 118, 120, 122, 124, 126, 128, 130, 132]",69,150,133,27,3,1,"[3, 150, 27, 1]",8.509001731872559,"clip_to_[0,288]x[0,384]_then_scale_to_[-1,1]",ok,,
wlasl:69325,69325,69325,fish,38,train,F:/DMV/Recognizing-sign-language-at-the-word-level/data/datasets/WLASL/pose/rtmw_l/wholebody_133/nslt100/train/69325.npz,F:/DMV/Recognizing-sign-language-at-the-word-level/data/datasets/WLASL/branch_inputs/skeleton/rtmw_l/selected_27/nslt100/train/69325.npz,F:/DMV/Recognizing-sign-language-at-the-word-level/data/datasets/WLASL/branch_inputs/skeleton/rtmw_l/normalized/selected_27/nslt100/train/69325.npz,F:/DMV/Recognizing-sign-language-at-the-word-level/data/datasets/WLASL/branch_inputs/skeleton/rtmw_l/graph_tensors/selected_27/nslt100/train/69325.npz,wholebody_133,selected_27,"[0, 5, 6, 7, 8, 9, 10, 93, 95, 97, 99, 101, 103, 105, 107, 109, 111, 114, 116, 118, 120, 122, 124, 126, 128, 130, 132]",80,150,133,27,3,1,"[3, 150, 27, 1]",8.509001731872559,"clip_to_[0,288]x[0,384]_then_scale_to_[-1,1]",ok,,
wlasl:69343,69343,69343,give,64,train,F:/DMV/Recognizing-sign-language-at-the-word-level/data/datasets/WLASL/pose/rtmw_l/wholebody_133/nslt100/train/69343.npz,F:/DMV/Recognizing-sign-language-at-the-word-level/data/datasets/WLASL/branch_inputs/skeleton/rtmw_l/selected_27/nslt100/train/69343.npz,F:/DMV/Recognizing-sign-language-at-the-word-level/data/datasets/WLASL/branch_inputs/skeleton/rtmw_l/normalized/selected_27/nslt100/train/69343.npz,F:/DMV/Recognizing-sign-language-at-the-word-level/data/datasets/WLASL/branch_inputs/skeleton/rtmw_l/graph_tensors/selected_27/nslt100/train/69343.npz,wholebody_133,selected_27,"[0, 5, 6, 7, 8, 9, 10, 93, 95, 97, 99, 101, 103, 105, 107, 109, 111, 114, 116, 118, 120, 122, 124, 126, 128, 130, 132]",79,150,133,27,3,1,"[3, 150, 27, 1]",8.509001731872559,"clip_to_[0,288]x[0,384]_then_scale_to_[-1,1]",ok,,
wlasl:69430,69430,69430,pink,67,train,F:/DMV/Recognizing-sign-language-at-the-word-level/data/datasets/WLASL/pose/rtmw_l/wholebody_133/nslt100/train/69430.npz,F:/DMV/Recognizing-sign-language-at-the-word-level/data/datasets/WLASL/branch_inputs/skeleton/rtmw_l/selected_27/nslt100/train/69430.npz,F:/DMV/Recognizing-sign-language-at-the-word-level/data/datasets/WLASL/branch_inputs/skeleton/rtmw_l/normalized/selected_27/nslt100/train/69430.npz,F:/DMV/Recognizing-sign-language-at-the-word-level/data/datasets/WLASL/branch_inputs/skeleton/rtmw_l/graph_tensors/selected_27/nslt100/train/69430.npz,wholebody_133,selected_27,"[0, 5, 6, 7, 8, 9, 10, 93, 95, 97, 99, 101, 103, 105, 107, 109, 111, 114, 116, 118, 120, 122, 124, 126, 128, 130, 132]",58,150,133,27,3,1,"[3, 150, 27, 1]",8.509001731872559,"clip_to_[0,288]x[0,384]_then_scale_to_[-1,1]",ok,,
wlasl:69534,69534,69534,who,7,train,F:/DMV/Recognizing-sign-language-at-the-word-level/data/datasets/WLASL/pose/rtmw_l/wholebody_133/nslt100/train/69534.npz,F:/DMV/Recognizing-sign-language-at-the-word-level/data/datasets/WLASL/branch_inputs/skeleton/rtmw_l/selected_27/nslt100/train/69534.npz,F:/DMV/Recognizing-sign-language-at-the-word-level/data/datasets/WLASL/branch_inputs/skeleton/rtmw_l/normalized/selected_27/nslt100/train/69534.npz,F:/DMV/Recognizing-sign-language-at-the-word-level/data/datasets/WLASL/branch_inputs/skeleton/rtmw_l/graph_tensors/selected_27/nslt100/train/69534.npz,wholebody_133,selected_27,"[0, 5, 6, 7, 8, 9, 10, 93, 95, 97, 99, 101, 103, 105, 107, 109, 111, 114, 116, 118, 120, 122, 124, 126, 128, 130, 132]",54,150,133,27,3,1,"[3, 150, 27, 1]",8.509001731872559,"clip_to_[0,288]x[0,384]_then_scale_to_[-1,1]",ok,,
wlasl:07068,7068,7068,book,0,train,F:/DMV/Recognizing-sign-language-at-the-word-level/data/datasets/WLASL/pose/rtmw_l/wholebody_133/nslt100/train/7068.npz,F:/DMV/Recognizing-sign-language-at-the-word-level/data/datasets/WLASL/branch_inputs/skeleton/rtmw_l/selected_27/nslt100/train/7068.npz,F:/DMV/Recognizing-sign-language-at-the-word-level/data/datasets/WLASL/branch_inputs/skeleton/rtmw_l/normalized/selected_27/nslt100/train/7068.npz,F:/DMV/Recognizing-sign-language-at-the-word-level/data/datasets/WLASL/branch_inputs/skeleton/rtmw_l/graph_tensors/selected_27/nslt100/train/7068.npz,wholebody_133,selected_27,"[0, 5, 6, 7, 8, 9, 10, 93, 95, 97, 99, 101, 103, 105, 107, 109, 111, 114, 116, 118, 120, 122, 124, 126, 128, 130, 132]",58,150,133,27,3,1,"[3, 150, 27, 1]",8.509001731872559,"clip_to_[0,288]x[0,384]_then_scale_to_[-1,1]",ok,,
wlasl:07069,7069,7069,book,0,train,F:/DMV/Recognizing-sign-language-at-the-word-level/data/datasets/WLASL/pose/rtmw_l/wholebody_133/nslt100/train/7069.npz,F:/DMV/Recognizing-sign-language-at-the-word-level/data/datasets/WLASL/branch_inputs/skeleton/rtmw_l/selected_27/nslt100/train/7069.npz,F:/DMV/Recognizing-sign-language-at-the-word-level/data/datasets/WLASL/branch_inputs/skeleton/rtmw_l/normalized/selected_27/nslt100/train/7069.npz,F:/DMV/Recognizing-sign-language-at-the-word-level/data/datasets/WLASL/branch_inputs/skeleton/rtmw_l/graph_tensors/selected_27/nslt100/train/7069.npz,wholebody_133,selected_27,"[0, 5, 6, 7, 8, 9, 10, 93, 95, 97, 99, 101, 103, 105, 107, 109, 111, 114, 116, 118, 120, 122, 124, 126, 128, 130, 132]",29,150,133,27,3,1,"[3, 150, 27, 1]",8.509001731872559,"clip_to_[0,288]x[0,384]_then_scale_to_[-1,1]",ok,,end_frame_clipped_to_video_end
wlasl:07070,7070,7070,book,0,train,F:/DMV/Recognizing-sign-language-at-the-word-level/data/datasets/WLASL/pose/rtmw_l/wholebody_133/nslt100/train/7070.npz,F:/DMV/Recognizing-sign-language-at-the-word-level/data/datasets/WLASL/branch_inputs/skeleton/rtmw_l/selected_27/nslt100/train/7070.npz,F:/DMV/Recognizing-sign-language-at-the-word-level/data/datasets/WLASL/branch_inputs/skeleton/rtmw_l/normalized/selected_27/nslt100/train/7070.npz,F:/DMV/Recognizing-sign-language-at-the-word-level/data/datasets/WLASL/branch_inputs/skeleton/rtmw_l/graph_tensors/selected_27/nslt100/train/7070.npz,wholebody_133,selected_27,"[0, 5, 6, 7, 8, 9, 10, 93, 95, 97, 99, 101, 103, 105, 107, 109, 111, 114, 116, 118, 120, 122, 124, 126, 128, 130, 132]",73,150,133,27,3,1,"[3, 150, 27, 1]",8.509001731872559,"clip_to_[0,288]x[0,384]_then_scale_to_[-1,1]",ok,,
wlasl:07074,7074,7074,book,0,train,F:/DMV/Recognizing-sign-language-at-the-word-level/data/datasets/WLASL/pose/rtmw_l/wholebody_133/nslt100/train/7074.npz,F:/DMV/Recognizing-sign-language-at-the-word-level/data/datasets/WLASL/branch_inputs/skeleton/rtmw_l/selected_27/nslt100/train/7074.npz,F:/DMV/Recognizing-sign-language-at-the-word-level/data/datasets/WLASL/branch_inputs/skeleton/rtmw_l/normalized/selected_27/nslt100/train/7074.npz,F:/DMV/Recognizing-sign-language-at-the-word-level/data/datasets/WLASL/branch_inputs/skeleton/rtmw_l/graph_tensors/selected_27/nslt100/train/7074.npz,wholebody_133,selected_27,"[0, 5, 6, 7, 8, 9, 10, 93, 95, 97, 99, 101, 103, 105, 107, 109, 111, 114, 116, 118, 120, 122, 124, 126, 128, 130, 132]",33,150,133,27,3,1,"[3, 150, 27, 1]",8.509001731872559,"clip_to_[0,288]x[0,384]_then_scale_to_[-1,1]",ok,,
wlasl:07389,7389,7389,bowling,34,train,F:/DMV/Recognizing-sign-language-at-the-word-level/data/datasets/WLASL/pose/rtmw_l/wholebody_133/nslt100/train/7389.npz,F:/DMV/Recognizing-sign-language-at-the-word-level/data/datasets/WLASL/branch_inputs/skeleton/rtmw_l/selected_27/nslt100/train/7389.npz,F:/DMV/Recognizing-sign-language-at-the-word-level/data/datasets/WLASL/branch_inputs/skeleton/rtmw_l/normalized/selected_27/nslt100/train/7389.npz,F:/DMV/Recognizing-sign-language-at-the-word-level/data/datasets/WLASL/branch_inputs/skeleton/rtmw_l/graph_tensors/selected_27/nslt100/train/7389.npz,wholebody_133,selected_27,"[0, 5, 6, 7, 8, 9, 10, 93, 95, 97, 99, 101, 103, 105, 107, 109, 111, 114, 116, 118, 120, 122, 124, 126, 128, 130, 132]",70,150,133,27,3,1,"[3, 150, 27, 1]",8.509001731872559,"clip_to_[0,288]x[0,384]_then_scale_to_[-1,1]",ok,,
wlasl:07390,7390,7390,bowling,34,train,F:/DMV/Recognizing-sign-language-at-the-word-level/data/datasets/WLASL/pose/rtmw_l/wholebody_133/nslt100/train/7390.npz,F:/DMV/Recognizing-sign-language-at-the-word-level/data/datasets/WLASL/branch_inputs/skeleton/rtmw_l/selected_27/nslt100/train/7390.npz,F:/DMV/Recognizing-sign-language-at-the-word-level/data/datasets/WLASL/branch_inputs/skeleton/rtmw_l/normalized/selected_27/nslt100/train/7390.npz,F:/DMV/Recognizing-sign-language-at-the-word-level/data/datasets/WLASL/branch_inputs/skeleton/rtmw_l/graph_tensors/selected_27/nslt100/train/7390.npz,wholebody_133,selected_27,"[0, 5, 6, 7, 8, 9, 10, 93, 95, 97, 99, 101, 103, 105, 107, 109, 111, 114, 116, 118, 120, 122, 124, 126, 128, 130, 132]",27,150,133,27,3,1,"[3, 150, 27, 1]",8.509001731872559,"clip_to_[0,288]x[0,384]_then_scale_to_[-1,1]",ok,,end_frame_clipped_to_video_end
wlasl:07391,7391,7391,bowling,34,train,F:/DMV/Recognizing-sign-language-at-the-word-level/data/datasets/WLASL/pose/rtmw_l/wholebody_133/nslt100/train/7391.npz,F:/DMV/Recognizing-sign-language-at-the-word-level/data/datasets/WLASL/branch_inputs/skeleton/rtmw_l/selected_27/nslt100/train/7391.npz,F:/DMV/Recognizing-sign-language-at-the-word-level/data/datasets/WLASL/branch_inputs/skeleton/rtmw_l/normalized/selected_27/nslt100/train/7391.npz,F:/DMV/Recognizing-sign-language-at-the-word-level/data/datasets/WLASL/branch_inputs/skeleton/rtmw_l/graph_tensors/selected_27/nslt100/train/7391.npz,wholebody_133,selected_27,"[0, 5, 6, 7, 8, 9, 10, 93, 95, 97, 99, 101, 103, 105, 107, 109, 111, 114, 116, 118, 120, 122, 124, 126, 128, 130, 132]",25,150,133,27,3,1,"[3, 150, 27, 1]",8.509001731872559,"clip_to_[0,288]x[0,384]_then_scale_to_[-1,1]",ok,,end_frame_clipped_to_video_end
wlasl:07392,7392,7392,bowling,34,train,F:/DMV/Recognizing-sign-language-at-the-word-level/data/datasets/WLASL/pose/rtmw_l/wholebody_133/nslt100/train/7392.npz,F:/DMV/Recognizing-sign-language-at-the-word-level/data/datasets/WLASL/branch_inputs/skeleton/rtmw_l/selected_27/nslt100/train/7392.npz,F:/DMV/Recognizing-sign-language-at-the-word-level/data/datasets/WLASL/branch_inputs/skeleton/rtmw_l/normalized/selected_27/nslt100/train/7392.npz,F:/DMV/Recognizing-sign-language-at-the-word-level/data/datasets/WLASL/branch_inputs/skeleton/rtmw_l/graph_tensors/selected_27/nslt100/train/7392.npz,wholebody_133,selected_27,"[0, 5, 6, 7, 8, 9, 10, 93, 95, 97, 99, 101, 103, 105, 107, 109, 111, 114, 116, 118, 120, 122, 124, 126, 128, 130, 132]",29,150,133,27,3,1,"[3, 150, 27, 1]",8.509001731872559,"clip_to_[0,288]x[0,384]_then_scale_to_[-1,1]",ok,,end_frame_clipped_to_video_end
wlasl:07393,7393,7393,bowling,34,train,F:/DMV/Recognizing-sign-language-at-the-word-level/data/datasets/WLASL/pose/rtmw_l/wholebody_133/nslt100/train/7393.npz,F:/DMV/Recognizing-sign-language-at-the-word-level/data/datasets/WLASL/branch_inputs/skeleton/rtmw_l/selected_27/nslt100/train/7393.npz,F:/DMV/Recognizing-sign-language-at-the-word-level/data/datasets/WLASL/branch_inputs/skeleton/rtmw_l/normalized/selected_27/nslt100/train/7393.npz,F:/DMV/Recognizing-sign-language-at-the-word-level/data/datasets/WLASL/branch_inputs/skeleton/rtmw_l/graph_tensors/selected_27/nslt100/train/7393.npz,wholebody_133,selected_27,"[0, 5, 6, 7, 8, 9, 10, 93, 95, 97, 99, 101, 103, 105, 107, 109, 111, 114, 116, 118, 120, 122, 124, 126, 128, 130, 132]",53,150,133,27,3,1,"[3, 150, 27, 1]",8.509001731872559,"clip_to_[0,288]x[0,384]_then_scale_to_[-1,1]",ok,,
wlasl:07394,7394,7394,bowling,34,train,F:/DMV/Recognizing-sign-language-at-the-word-level/data/datasets/WLASL/pose/rtmw_l/wholebody_133/nslt100/train/7394.npz,F:/DMV/Recognizing-sign-language-at-the-word-level/data/datasets/WLASL/branch_inputs/skeleton/rtmw_l/selected_27/nslt100/train/7394.npz,F:/DMV/Recognizing-sign-language-at-the-word-level/data/datasets/WLASL/branch_inputs/skeleton/rtmw_l/normalized/selected_27/nslt100/train/7394.npz,F:/DMV/Recognizing-sign-language-at-the-word-level/data/datasets/WLASL/branch_inputs/skeleton/rtmw_l/graph_tensors/selected_27/nslt100/train/7394.npz,wholebody_133,selected_27,"[0, 5, 6, 7, 8, 9, 10, 93, 95, 97, 99, 101, 103, 105, 107, 109, 111, 114, 116, 118, 120, 122, 124, 126, 128, 130, 132]",83,150,133,27,3,1,"[3, 150, 27, 1]",8.509001731872559,"clip_to_[0,288]x[0,384]_then_scale_to_[-1,1]",ok,,
wlasl:07397,7397,7397,bowling,34,train,F:/DMV/Recognizing-sign-language-at-the-word-level/data/datasets/WLASL/pose/rtmw_l/wholebody_133/nslt100/train/7397.npz,F:/DMV/Recognizing-sign-language-at-the-word-level/data/datasets/WLASL/branch_inputs/skeleton/rtmw_l/selected_27/nslt100/train/7397.npz,F:/DMV/Recognizing-sign-language-at-the-word-level/data/datasets/WLASL/branch_inputs/skeleton/rtmw_l/normalized/selected_27/nslt100/train/7397.npz,F:/DMV/Recognizing-sign-language-at-the-word-level/data/datasets/WLASL/branch_inputs/skeleton/rtmw_l/graph_tensors/selected_27/nslt100/train/7397.npz,wholebody_133,selected_27,"[0, 5, 6, 7, 8, 9, 10, 93, 95, 97, 99, 101, 103, 105, 107, 109, 111, 114, 116, 118, 120, 122, 124, 126, 128, 130, 132]",44,150,133,27,3,1,"[3, 150, 27, 1]",8.509001731872559,"clip_to_[0,288]x[0,384]_then_scale_to_[-1,1]",ok,,
wlasl:07399,7399,7399,bowling,34,train,F:/DMV/Recognizing-sign-language-at-the-word-level/data/datasets/WLASL/pose/rtmw_l/wholebody_133/nslt100/train/7399.npz,F:/DMV/Recognizing-sign-language-at-the-word-level/data/datasets/WLASL/branch_inputs/skeleton/rtmw_l/selected_27/nslt100/train/7399.npz,F:/DMV/Recognizing-sign-language-at-the-word-level/data/datasets/WLASL/branch_inputs/skeleton/rtmw_l/normalized/selected_27/nslt100/train/7399.npz,F:/DMV/Recognizing-sign-language-at-the-word-level/data/datasets/WLASL/branch_inputs/skeleton/rtmw_l/graph_tensors/selected_27/nslt100/train/7399.npz,wholebody_133,selected_27,"[0, 5, 6, 7, 8, 9, 10, 93, 95, 97, 99, 101, 103, 105, 107, 109, 111, 114, 116, 118, 120, 122, 124, 126, 128, 130, 132]",56,150,133,27,3,1,"[3, 150, 27, 1]",8.509001731872559,"clip_to_[0,288]x[0,384]_then_scale_to_[-1,1]",ok,,
wlasl:07960,7960,7960,brown,79,train,F:/DMV/Recognizing-sign-language-at-the-word-level/data/datasets/WLASL/pose/rtmw_l/wholebody_133/nslt100/train/7960.npz,F:/DMV/Recognizing-sign-language-at-the-word-level/data/datasets/WLASL/branch_inputs/skeleton/rtmw_l/selected_27/nslt100/train/7960.npz,F:/DMV/Recognizing-sign-language-at-the-word-level/data/datasets/WLASL/branch_inputs/skeleton/rtmw_l/normalized/selected_27/nslt100/train/7960.npz,F:/DMV/Recognizing-sign-language-at-the-word-level/data/datasets/WLASL/branch_inputs/skeleton/rtmw_l/graph_tensors/selected_27/nslt100/train/7960.npz,wholebody_133,selected_27,"[0, 5, 6, 7, 8, 9, 10, 93, 95, 97, 99, 101, 103, 105, 107, 109, 111, 114, 116, 118, 120, 122, 124, 126, 128, 130, 132]",77,150,133,27,3,1,"[3, 150, 27, 1]",8.509001731872559,"clip_to_[0,288]x[0,384]_then_scale_to_[-1,1]",ok,,end_frame_clipped_to_video_end
wlasl:07961,7961,7961,brown,79,train,F:/DMV/Recognizing-sign-language-at-the-word-level/data/datasets/WLASL/pose/rtmw_l/wholebody_133/nslt100/train/7961.npz,F:/DMV/Recognizing-sign-language-at-the-word-level/data/datasets/WLASL/branch_inputs/skeleton/rtmw_l/selected_27/nslt100/train/7961.npz,F:/DMV/Recognizing-sign-language-at-the-word-level/data/datasets/WLASL/branch_inputs/skeleton/rtmw_l/normalized/selected_27/nslt100/train/7961.npz,F:/DMV/Recognizing-sign-language-at-the-word-level/data/datasets/WLASL/branch_inputs/skeleton/rtmw_l/graph_tensors/selected_27/nslt100/train/7961.npz,wholebody_133,selected_27,"[0, 5, 6, 7, 8, 9, 10, 93, 95, 97, 99, 101, 103, 105, 107, 109, 111, 114, 116, 118, 120, 122, 124, 126, 128, 130, 132]",70,150,133,27,3,1,"[3, 150, 27, 1]",8.509001731872559,"clip_to_[0,288]x[0,384]_then_scale_to_[-1,1]",ok,,
wlasl:07962,7962,7962,brown,79,train,F:/DMV/Recognizing-sign-language-at-the-word-level/data/datasets/WLASL/pose/rtmw_l/wholebody_133/nslt100/train/7962.npz,F:/DMV/Recognizing-sign-language-at-the-word-level/data/datasets/WLASL/branch_inputs/skeleton/rtmw_l/selected_27/nslt100/train/7962.npz,F:/DMV/Recognizing-sign-language-at-the-word-level/data/datasets/WLASL/branch_inputs/skeleton/rtmw_l/normalized/selected_27/nslt100/train/7962.npz,F:/DMV/Recognizing-sign-language-at-the-word-level/data/datasets/WLASL/branch_inputs/skeleton/rtmw_l/graph_tensors/selected_27/nslt100/train/7962.npz,wholebody_133,selected_27,"[0, 5, 6, 7, 8, 9, 10, 93, 95, 97, 99, 101, 103, 105, 107, 109, 111, 114, 116, 118, 120, 122, 124, 126, 128, 130, 132]",49,150,133,27,3,1,"[3, 150, 27, 1]",8.509001731872559,"clip_to_[0,288]x[0,384]_then_scale_to_[-1,1]",ok,,end_frame_clipped_to_video_end
wlasl:07963,7963,7963,brown,79,train,F:/DMV/Recognizing-sign-language-at-the-word-level/data/datasets/WLASL/pose/rtmw_l/wholebody_133/nslt100/train/7963.npz,F:/DMV/Recognizing-sign-language-at-the-word-level/data/datasets/WLASL/branch_inputs/skeleton/rtmw_l/selected_27/nslt100/train/7963.npz,F:/DMV/Recognizing-sign-language-at-the-word-level/data/datasets/WLASL/branch_inputs/skeleton/rtmw_l/normalized/selected_27/nslt100/train/7963.npz,F:/DMV/Recognizing-sign-language-at-the-word-level/data/datasets/WLASL/branch_inputs/skeleton/rtmw_l/graph_tensors/selected_27/nslt100/train/7963.npz,wholebody_133,selected_27,"[0, 5, 6, 7, 8, 9, 10, 93, 95, 97, 99, 101, 103, 105, 107, 109, 111, 114, 116, 118, 120, 122, 124, 126, 128, 130, 132]",74,150,133,27,3,1,"[3, 150, 27, 1]",8.509001731872559,"clip_to_[0,288]x[0,384]_then_scale_to_[-1,1]",ok,,
wlasl:07966,7966,7966,brown,79,train,F:/DMV/Recognizing-sign-language-at-the-word-level/data/datasets/WLASL/pose/rtmw_l/wholebody_133/nslt100/train/7966.npz,F:/DMV/Recognizing-sign-language-at-the-word-level/data/datasets/WLASL/branch_inputs/skeleton/rtmw_l/selected_27/nslt100/train/7966.npz,F:/DMV/Recognizing-sign-language-at-the-word-level/data/datasets/WLASL/branch_inputs/skeleton/rtmw_l/normalized/selected_27/nslt100/train/7966.npz,F:/DMV/Recognizing-sign-language-at-the-word-level/data/datasets/WLASL/branch_inputs/skeleton/rtmw_l/graph_tensors/selected_27/nslt100/train/7966.npz,wholebody_133,selected_27,"[0, 5, 6, 7, 8, 9, 10, 93, 95, 97, 99, 101, 103, 105, 107, 109, 111, 114, 116, 118, 120, 122, 124, 126, 128, 130, 132]",28,150,133,27,3,1,"[3, 150, 27, 1]",8.509001731872559,"clip_to_[0,288]x[0,384]_then_scale_to_[-1,1]",ok,,
wlasl:08424,8424,8424,but,80,train,F:/DMV/Recognizing-sign-language-at-the-word-level/data/datasets/WLASL/pose/rtmw_l/wholebody_133/nslt100/train/8424.npz,F:/DMV/Recognizing-sign-language-at-the-word-level/data/datasets/WLASL/branch_inputs/skeleton/rtmw_l/selected_27/nslt100/train/8424.npz,F:/DMV/Recognizing-sign-language-at-the-word-level/data/datasets/WLASL/branch_inputs/skeleton/rtmw_l/normalized/selected_27/nslt100/train/8424.npz,F:/DMV/Recognizing-sign-language-at-the-word-level/data/datasets/WLASL/branch_inputs/skeleton/rtmw_l/graph_tensors/selected_27/nslt100/train/8424.npz,wholebody_133,selected_27,"[0, 5, 6, 7, 8, 9, 10, 93, 95, 97, 99, 101, 103, 105, 107, 109, 111, 114, 116, 118, 120, 122, 124, 126, 128, 130, 132]",61,150,133,27,3,1,"[3, 150, 27, 1]",8.509001731872559,"clip_to_[0,288]x[0,384]_then_scale_to_[-1,1]",ok,,end_frame_clipped_to_video_end
wlasl:08431,8431,8431,but,80,train,F:/DMV/Recognizing-sign-language-at-the-word-level/data/datasets/WLASL/pose/rtmw_l/wholebody_133/nslt100/train/8431.npz,F:/DMV/Recognizing-sign-language-at-the-word-level/data/datasets/WLASL/branch_inputs/skeleton/rtmw_l/selected_27/nslt100/train/8431.npz,F:/DMV/Recognizing-sign-language-at-the-word-level/data/datasets/WLASL/branch_inputs/skeleton/rtmw_l/normalized/selected_27/nslt100/train/8431.npz,F:/DMV/Recognizing-sign-language-at-the-word-level/data/datasets/WLASL/branch_inputs/skeleton/rtmw_l/graph_tensors/selected_27/nslt100/train/8431.npz,wholebody_133,selected_27,"[0, 5, 6, 7, 8, 9, 10, 93, 95, 97, 99, 101, 103, 105, 107, 109, 111, 114, 116, 118, 120, 122, 124, 126, 128, 130, 132]",26,150,133,27,3,1,"[3, 150, 27, 1]",8.509001731872559,"clip_to_[0,288]x[0,384]_then_scale_to_[-1,1]",ok,,
wlasl:08437,8437,8437,but,80,train,F:/DMV/Recognizing-sign-language-at-the-word-level/data/datasets/WLASL/pose/rtmw_l/wholebody_133/nslt100/train/8437.npz,F:/DMV/Recognizing-sign-language-at-the-word-level/data/datasets/WLASL/branch_inputs/skeleton/rtmw_l/selected_27/nslt100/train/8437.npz,F:/DMV/Recognizing-sign-language-at-the-word-level/data/datasets/WLASL/branch_inputs/skeleton/rtmw_l/normalized/selected_27/nslt100/train/8437.npz,F:/DMV/Recognizing-sign-language-at-the-word-level/data/datasets/WLASL/branch_inputs/skeleton/rtmw_l/graph_tensors/selected_27/nslt100/train/8437.npz,wholebody_133,selected_27,"[0, 5, 6, 7, 8, 9, 10, 93, 95, 97, 99, 101, 103, 105, 107, 109, 111, 114, 116, 118, 120, 122, 124, 126, 128, 130, 132]",73,150,133,27,3,1,"[3, 150, 27, 1]",8.509001731872559,"clip_to_[0,288]x[0,384]_then_scale_to_[-1,1]",ok,,
wlasl:08916,8916,8916,candy,8,train,F:/DMV/Recognizing-sign-language-at-the-word-level/data/datasets/WLASL/pose/rtmw_l/wholebody_133/nslt100/train/8916.npz,F:/DMV/Recognizing-sign-language-at-the-word-level/data/datasets/WLASL/branch_inputs/skeleton/rtmw_l/selected_27/nslt100/train/8916.npz,F:/DMV/Recognizing-sign-language-at-the-word-level/data/datasets/WLASL/branch_inputs/skeleton/rtmw_l/normalized/selected_27/nslt100/train/8916.npz,F:/DMV/Recognizing-sign-language-at-the-word-level/data/datasets/WLASL/branch_inputs/skeleton/rtmw_l/graph_tensors/selected_27/nslt100/train/8916.npz,wholebody_133,selected_27,"[0, 5, 6, 7, 8, 9, 10, 93, 95, 97, 99, 101, 103, 105, 107, 109, 111, 114, 116, 118, 120, 122, 124, 126, 128, 130, 132]",75,150,133,27,3,1,"[3, 150, 27, 1]",8.509001731872559,"clip_to_[0,288]x[0,384]_then_scale_to_[-1,1]",ok,,
wlasl:08917,8917,8917,candy,8,train,F:/DMV/Recognizing-sign-language-at-the-word-level/data/datasets/WLASL/pose/rtmw_l/wholebody_133/nslt100/train/8917.npz,F:/DMV/Recognizing-sign-language-at-the-word-level/data/datasets/WLASL/branch_inputs/skeleton/rtmw_l/selected_27/nslt100/train/8917.npz,F:/DMV/Recognizing-sign-language-at-the-word-level/data/datasets/WLASL/branch_inputs/skeleton/rtmw_l/normalized/selected_27/nslt100/train/8917.npz,F:/DMV/Recognizing-sign-language-at-the-word-level/data/datasets/WLASL/branch_inputs/skeleton/rtmw_l/graph_tensors/selected_27/nslt100/train/8917.npz,wholebody_133,selected_27,"[0, 5, 6, 7, 8, 9, 10, 93, 95, 97, 99, 101, 103, 105, 107, 109, 111, 114, 116, 118, 120, 122, 124, 126, 128, 130, 132]",28,150,133,27,3,1,"[3, 150, 27, 1]",8.509001731872559,"clip_to_[0,288]x[0,384]_then_scale_to_[-1,1]",ok,,
wlasl:08919,8919,8919,candy,8,train,F:/DMV/Recognizing-sign-language-at-the-word-level/data/datasets/WLASL/pose/rtmw_l/wholebody_133/nslt100/train/8919.npz,F:/DMV/Recognizing-sign-language-at-the-word-level/data/datasets/WLASL/branch_inputs/skeleton/rtmw_l/selected_27/nslt100/train/8919.npz,F:/DMV/Recognizing-sign-language-at-the-word-level/data/datasets/WLASL/branch_inputs/skeleton/rtmw_l/normalized/selected_27/nslt100/train/8919.npz,F:/DMV/Recognizing-sign-language-at-the-word-level/data/datasets/WLASL/branch_inputs/skeleton/rtmw_l/graph_tensors/selected_27/nslt100/train/8919.npz,wholebody_133,selected_27,"[0, 5, 6, 7, 8, 9, 10, 93, 95, 97, 99, 101, 103, 105, 107, 109, 111, 114, 116, 118, 120, 122, 124, 126, 128, 130, 132]",74,150,133,27,3,1,"[3, 150, 27, 1]",8.509001731872559,"clip_to_[0,288]x[0,384]_then_scale_to_[-1,1]",ok,,
wlasl:08920,8920,8920,candy,8,train,F:/DMV/Recognizing-sign-language-at-the-word-level/data/datasets/WLASL/pose/rtmw_l/wholebody_133/nslt100/train/8920.npz,F:/DMV/Recognizing-sign-language-at-the-word-level/data/datasets/WLASL/branch_inputs/skeleton/rtmw_l/selected_27/nslt100/train/8920.npz,F:/DMV/Recognizing-sign-language-at-the-word-level/data/datasets/WLASL/branch_inputs/skeleton/rtmw_l/normalized/selected_27/nslt100/train/8920.npz,F:/DMV/Recognizing-sign-language-at-the-word-level/data/datasets/WLASL/branch_inputs/skeleton/rtmw_l/graph_tensors/selected_27/nslt100/train/8920.npz,wholebody_133,selected_27,"[0, 5, 6, 7, 8, 9, 10, 93, 95, 97, 99, 101, 103, 105, 107, 109, 111, 114, 116, 118, 120, 122, 124, 126, 128, 130, 132]",64,150,133,27,3,1,"[3, 150, 27, 1]",8.509001731872559,"clip_to_[0,288]x[0,384]_then_scale_to_[-1,1]",ok,,
wlasl:08921,8921,8921,candy,8,train,F:/DMV/Recognizing-sign-language-at-the-word-level/data/datasets/WLASL/pose/rtmw_l/wholebody_133/nslt100/train/8921.npz,F:/DMV/Recognizing-sign-language-at-the-word-level/data/datasets/WLASL/branch_inputs/skeleton/rtmw_l/selected_27/nslt100/train/8921.npz,F:/DMV/Recognizing-sign-language-at-the-word-level/data/datasets/WLASL/branch_inputs/skeleton/rtmw_l/normalized/selected_27/nslt100/train/8921.npz,F:/DMV/Recognizing-sign-language-at-the-word-level/data/datasets/WLASL/branch_inputs/skeleton/rtmw_l/graph_tensors/selected_27/nslt100/train/8921.npz,wholebody_133,selected_27,"[0, 5, 6, 7, 8, 9, 10, 93, 95, 97, 99, 101, 103, 105, 107, 109, 111, 114, 116, 118, 120, 122, 124, 126, 128, 130, 132]",50,150,133,27,3,1,"[3, 150, 27, 1]",8.509001731872559,"clip_to_[0,288]x[0,384]_then_scale_to_[-1,1]",ok,,
wlasl:08924,8924,8924,candy,8,train,F:/DMV/Recognizing-sign-language-at-the-word-level/data/datasets/WLASL/pose/rtmw_l/wholebody_133/nslt100/train/8924.npz,F:/DMV/Recognizing-sign-language-at-the-word-level/data/datasets/WLASL/branch_inputs/skeleton/rtmw_l/selected_27/nslt100/train/8924.npz,F:/DMV/Recognizing-sign-language-at-the-word-level/data/datasets/WLASL/branch_inputs/skeleton/rtmw_l/normalized/selected_27/nslt100/train/8924.npz,F:/DMV/Recognizing-sign-language-at-the-word-level/data/datasets/WLASL/branch_inputs/skeleton/rtmw_l/graph_tensors/selected_27/nslt100/train/8924.npz,wholebody_133,selected_27,"[0, 5, 6, 7, 8, 9, 10, 93, 95, 97, 99, 101, 103, 105, 107, 109, 111, 114, 116, 118, 120, 122, 124, 126, 128, 130, 132]",25,150,133,27,3,1,"[3, 150, 27, 1]",8.509001731872559,"clip_to_[0,288]x[0,384]_then_scale_to_[-1,1]",ok,,
wlasl:08935,8935,8935,can,35,train,F:/DMV/Recognizing-sign-language-at-the-word-level/data/datasets/WLASL/pose/rtmw_l/wholebody_133/nslt100/train/8935.npz,F:/DMV/Recognizing-sign-language-at-the-word-level/data/datasets/WLASL/branch_inputs/skeleton/rtmw_l/selected_27/nslt100/train/8935.npz,F:/DMV/Recognizing-sign-language-at-the-word-level/data/datasets/WLASL/branch_inputs/skeleton/rtmw_l/normalized/selected_27/nslt100/train/8935.npz,F:/DMV/Recognizing-sign-language-at-the-word-level/data/datasets/WLASL/branch_inputs/skeleton/rtmw_l/graph_tensors/selected_27/nslt100/train/8935.npz,wholebody_133,selected_27,"[0, 5, 6, 7, 8, 9, 10, 93, 95, 97, 99, 101, 103, 105, 107, 109, 111, 114, 116, 118, 120, 122, 124, 126, 128, 130, 132]",50,150,133,27,3,1,"[3, 150, 27, 1]",8.509001731872559,"clip_to_[0,288]x[0,384]_then_scale_to_[-1,1]",ok,,
wlasl:08936,8936,8936,can,35,train,F:/DMV/Recognizing-sign-language-at-the-word-level/data/datasets/WLASL/pose/rtmw_l/wholebody_133/nslt100/train/8936.npz,F:/DMV/Recognizing-sign-language-at-the-word-level/data/datasets/WLASL/branch_inputs/skeleton/rtmw_l/selected_27/nslt100/train/8936.npz,F:/DMV/Recognizing-sign-language-at-the-word-level/data/datasets/WLASL/branch_inputs/skeleton/rtmw_l/normalized/selected_27/nslt100/train/8936.npz,F:/DMV/Recognizing-sign-language-at-the-word-level/data/datasets/WLASL/branch_inputs/skeleton/rtmw_l/graph_tensors/selected_27/nslt100/train/8936.npz,wholebody_133,selected_27,"[0, 5, 6, 7, 8, 9, 10, 93, 95, 97, 99, 101, 103, 105, 107, 109, 111, 114, 116, 118, 120, 122, 124, 126, 128, 130, 132]",54,150,133,27,3,1,"[3, 150, 27, 1]",8.509001731872559,"clip_to_[0,288]x[0,384]_then_scale_to_[-1,1]",ok,,
wlasl:08937,8937,8937,can,35,train,F:/DMV/Recognizing-sign-language-at-the-word-level/data/datasets/WLASL/pose/rtmw_l/wholebody_133/nslt100/train/8937.npz,F:/DMV/Recognizing-sign-language-at-the-word-level/data/datasets/WLASL/branch_inputs/skeleton/rtmw_l/selected_27/nslt100/train/8937.npz,F:/DMV/Recognizing-sign-language-at-the-word-level/data/datasets/WLASL/branch_inputs/skeleton/rtmw_l/normalized/selected_27/nslt100/train/8937.npz,F:/DMV/Recognizing-sign-language-at-the-word-level/data/datasets/WLASL/branch_inputs/skeleton/rtmw_l/graph_tensors/selected_27/nslt100/train/8937.npz,wholebody_133,selected_27,"[0, 5, 6, 7, 8, 9, 10, 93, 95, 97, 99, 101, 103, 105, 107, 109, 111, 114, 116, 118, 120, 122, 124, 126, 128, 130, 132]",76,150,133,27,3,1,"[3, 150, 27, 1]",8.509001731872559,"clip_to_[0,288]x[0,384]_then_scale_to_[-1,1]",ok,,
wlasl:08938,8938,8938,can,35,train,F:/DMV/Recognizing-sign-language-at-the-word-level/data/datasets/WLASL/pose/rtmw_l/wholebody_133/nslt100/train/8938.npz,F:/DMV/Recognizing-sign-language-at-the-word-level/data/datasets/WLASL/branch_inputs/skeleton/rtmw_l/selected_27/nslt100/train/8938.npz,F:/DMV/Recognizing-sign-language-at-the-word-level/data/datasets/WLASL/branch_inputs/skeleton/rtmw_l/normalized/selected_27/nslt100/train/8938.npz,F:/DMV/Recognizing-sign-language-at-the-word-level/data/datasets/WLASL/branch_inputs/skeleton/rtmw_l/graph_tensors/selected_27/nslt100/train/8938.npz,wholebody_133,selected_27,"[0, 5, 6, 7, 8, 9, 10, 93, 95, 97, 99, 101, 103, 105, 107, 109, 111, 114, 116, 118, 120, 122, 124, 126, 128, 130, 132]",49,150,133,27,3,1,"[3, 150, 27, 1]",8.509001731872559,"clip_to_[0,288]x[0,384]_then_scale_to_[-1,1]",ok,,
wlasl:08942,8942,8942,can,35,train,F:/DMV/Recognizing-sign-language-at-the-word-level/data/datasets/WLASL/pose/rtmw_l/wholebody_133/nslt100/train/8942.npz,F:/DMV/Recognizing-sign-language-at-the-word-level/data/datasets/WLASL/branch_inputs/skeleton/rtmw_l/selected_27/nslt100/train/8942.npz,F:/DMV/Recognizing-sign-language-at-the-word-level/data/datasets/WLASL/branch_inputs/skeleton/rtmw_l/normalized/selected_27/nslt100/train/8942.npz,F:/DMV/Recognizing-sign-language-at-the-word-level/data/datasets/WLASL/branch_inputs/skeleton/rtmw_l/graph_tensors/selected_27/nslt100/train/8942.npz,wholebody_133,selected_27,"[0, 5, 6, 7, 8, 9, 10, 93, 95, 97, 99, 101, 103, 105, 107, 109, 111, 114, 116, 118, 120, 122, 124, 126, 128, 130, 132]",35,150,133,27,3,1,"[3, 150, 27, 1]",8.509001731872559,"clip_to_[0,288]x[0,384]_then_scale_to_[-1,1]",ok,,
wlasl:08944,8944,8944,can,35,train,F:/DMV/Recognizing-sign-language-at-the-word-level/data/datasets/WLASL/pose/rtmw_l/wholebody_133/nslt100/train/8944.npz,F:/DMV/Recognizing-sign-language-at-the-word-level/data/datasets/WLASL/branch_inputs/skeleton/rtmw_l/selected_27/nslt100/train/8944.npz,F:/DMV/Recognizing-sign-language-at-the-word-level/data/datasets/WLASL/branch_inputs/skeleton/rtmw_l/normalized/selected_27/nslt100/train/8944.npz,F:/DMV/Recognizing-sign-language-at-the-word-level/data/datasets/WLASL/branch_inputs/skeleton/rtmw_l/graph_tensors/selected_27/nslt100/train/8944.npz,wholebody_133,selected_27,"[0, 5, 6, 7, 8, 9, 10, 93, 95, 97, 99, 101, 103, 105, 107, 109, 111, 114, 116, 118, 120, 122, 124, 126, 128, 130, 132]",34,150,133,27,3,1,"[3, 150, 27, 1]",8.509001731872559,"clip_to_[0,288]x[0,384]_then_scale_to_[-1,1]",ok,,
wlasl:08955,8955,8955,can,35,train,F:/DMV/Recognizing-sign-language-at-the-word-level/data/datasets/WLASL/pose/rtmw_l/wholebody_133/nslt100/train/8955.npz,F:/DMV/Recognizing-sign-language-at-the-word-level/data/datasets/WLASL/branch_inputs/skeleton/rtmw_l/selected_27/nslt100/train/8955.npz,F:/DMV/Recognizing-sign-language-at-the-word-level/data/datasets/WLASL/branch_inputs/skeleton/rtmw_l/normalized/selected_27/nslt100/train/8955.npz,F:/DMV/Recognizing-sign-language-at-the-word-level/data/datasets/WLASL/branch_inputs/skeleton/rtmw_l/graph_tensors/selected_27/nslt100/train/8955.npz,wholebody_133,selected_27,"[0, 5, 6, 7, 8, 9, 10, 93, 95, 97, 99, 101, 103, 105, 107, 109, 111, 114, 116, 118, 120, 122, 124, 126, 128, 130, 132]",66,150,133,27,3,1,"[3, 150, 27, 1]",8.509001731872559,"clip_to_[0,288]x[0,384]_then_scale_to_[-1,1]",ok,,
wlasl:09848,9848,9848,chair,4,train,F:/DMV/Recognizing-sign-language-at-the-word-level/data/datasets/WLASL/pose/rtmw_l/wholebody_133/nslt100/train/9848.npz,F:/DMV/Recognizing-sign-language-at-the-word-level/data/datasets/WLASL/branch_inputs/skeleton/rtmw_l/selected_27/nslt100/train/9848.npz,F:/DMV/Recognizing-sign-language-at-the-word-level/data/datasets/WLASL/branch_inputs/skeleton/rtmw_l/normalized/selected_27/nslt100/train/9848.npz,F:/DMV/Recognizing-sign-language-at-the-word-level/data/datasets/WLASL/branch_inputs/skeleton/rtmw_l/graph_tensors/selected_27/nslt100/train/9848.npz,wholebody_133,selected_27,"[0, 5, 6, 7, 8, 9, 10, 93, 95, 97, 99, 101, 103, 105, 107, 109, 111, 114, 116, 118, 120, 122, 124, 126, 128, 130, 132]",95,150,133,27,3,1,"[3, 150, 27, 1]",8.509001731872559,"clip_to_[0,288]x[0,384]_then_scale_to_[-1,1]",ok,,end_frame_clipped_to_video_end
wlasl:09849,9849,9849,chair,4,train,F:/DMV/Recognizing-sign-language-at-the-word-level/data/datasets/WLASL/pose/rtmw_l/wholebody_133/nslt100/train/9849.npz,F:/DMV/Recognizing-sign-language-at-the-word-level/data/datasets/WLASL/branch_inputs/skeleton/rtmw_l/selected_27/nslt100/train/9849.npz,F:/DMV/Recognizing-sign-language-at-the-word-level/data/datasets/WLASL/branch_inputs/skeleton/rtmw_l/normalized/selected_27/nslt100/train/9849.npz,F:/DMV/Recognizing-sign-language-at-the-word-level/data/datasets/WLASL/branch_inputs/skeleton/rtmw_l/graph_tensors/selected_27/nslt100/train/9849.npz,wholebody_133,selected_27,"[0, 5, 6, 7, 8, 9, 10, 93, 95, 97, 99, 101, 103, 105, 107, 109, 111, 114, 116, 118, 120, 122, 124, 126, 128, 130, 132]",69,150,133,27,3,1,"[3, 150, 27, 1]",8.509001731872559,"clip_to_[0,288]x[0,384]_then_scale_to_[-1,1]",ok,,
wlasl:09850,9850,9850,chair,4,train,F:/DMV/Recognizing-sign-language-at-the-word-level/data/datasets/WLASL/pose/rtmw_l/wholebody_133/nslt100/train/9850.npz,F:/DMV/Recognizing-sign-language-at-the-word-level/data/datasets/WLASL/branch_inputs/skeleton/rtmw_l/selected_27/nslt100/train/9850.npz,F:/DMV/Recognizing-sign-language-at-the-word-level/data/datasets/WLASL/branch_inputs/skeleton/rtmw_l/normalized/selected_27/nslt100/train/9850.npz,F:/DMV/Recognizing-sign-language-at-the-word-level/data/datasets/WLASL/branch_inputs/skeleton/rtmw_l/graph_tensors/selected_27/nslt100/train/9850.npz,wholebody_133,selected_27,"[0, 5, 6, 7, 8, 9, 10, 93, 95, 97, 99, 101, 103, 105, 107, 109, 111, 114, 116, 118, 120, 122, 124, 126, 128, 130, 132]",30,150,133,27,3,1,"[3, 150, 27, 1]",8.509001731872559,"clip_to_[0,288]x[0,384]_then_scale_to_[-1,1]",ok,,end_frame_clipped_to_video_end
wlasl:09869,9869,9869,chair,4,train,F:/DMV/Recognizing-sign-language-at-the-word-level/data/datasets/WLASL/pose/rtmw_l/wholebody_133/nslt100/train/9869.npz,F:/DMV/Recognizing-sign-language-at-the-word-level/data/datasets/WLASL/branch_inputs/skeleton/rtmw_l/selected_27/nslt100/train/9869.npz,F:/DMV/Recognizing-sign-language-at-the-word-level/data/datasets/WLASL/branch_inputs/skeleton/rtmw_l/normalized/selected_27/nslt100/train/9869.npz,F:/DMV/Recognizing-sign-language-at-the-word-level/data/datasets/WLASL/branch_inputs/skeleton/rtmw_l/graph_tensors/selected_27/nslt100/train/9869.npz,wholebody_133,selected_27,"[0, 5, 6, 7, 8, 9, 10, 93, 95, 97, 99, 101, 103, 105, 107, 109, 111, 114, 116, 118, 120, 122, 124, 126, 128, 130, 132]",79,150,133,27,3,1,"[3, 150, 27, 1]",8.509001731872559,"clip_to_[0,288]x[0,384]_then_scale_to_[-1,1]",ok,,
wlasl:09949,9949,9949,change,54,train,F:/DMV/Recognizing-sign-language-at-the-word-level/data/datasets/WLASL/pose/rtmw_l/wholebody_133/nslt100/train/9949.npz,F:/DMV/Recognizing-sign-language-at-the-word-level/data/datasets/WLASL/branch_inputs/skeleton/rtmw_l/selected_27/nslt100/train/9949.npz,F:/DMV/Recognizing-sign-language-at-the-word-level/data/datasets/WLASL/branch_inputs/skeleton/rtmw_l/normalized/selected_27/nslt100/train/9949.npz,F:/DMV/Recognizing-sign-language-at-the-word-level/data/datasets/WLASL/branch_inputs/skeleton/rtmw_l/graph_tensors/selected_27/nslt100/train/9949.npz,wholebody_133,selected_27,"[0, 5, 6, 7, 8, 9, 10, 93, 95, 97, 99, 101, 103, 105, 107, 109, 111, 114, 116, 118, 120, 122, 124, 126, 128, 130, 132]",75,150,133,27,3,1,"[3, 150, 27, 1]",8.509001731872559,"clip_to_[0,288]x[0,384]_then_scale_to_[-1,1]",ok,,end_frame_clipped_to_video_end
wlasl:09953,9953,9953,change,54,train,F:/DMV/Recognizing-sign-language-at-the-word-level/data/datasets/WLASL/pose/rtmw_l/wholebody_133/nslt100/train/9953.npz,F:/DMV/Recognizing-sign-language-at-the-word-level/data/datasets/WLASL/branch_inputs/skeleton/rtmw_l/selected_27/nslt100/train/9953.npz,F:/DMV/Recognizing-sign-language-at-the-word-level/data/datasets/WLASL/branch_inputs/skeleton/rtmw_l/normalized/selected_27/nslt100/train/9953.npz,F:/DMV/Recognizing-sign-language-at-the-word-level/data/datasets/WLASL/branch_inputs/skeleton/rtmw_l/graph_tensors/selected_27/nslt100/train/9953.npz,wholebody_133,selected_27,"[0, 5, 6, 7, 8, 9, 10, 93, 95, 97, 99, 101, 103, 105, 107, 109, 111, 114, 116, 118, 120, 122, 124, 126, 128, 130, 132]",75,150,133,27,3,1,"[3, 150, 27, 1]",8.509001731872559,"clip_to_[0,288]x[0,384]_then_scale_to_[-1,1]",ok,,
wlasl:09954,9954,9954,change,54,train,F:/DMV/Recognizing-sign-language-at-the-word-level/data/datasets/WLASL/pose/rtmw_l/wholebody_133/nslt100/train/9954.npz,F:/DMV/Recognizing-sign-language-at-the-word-level/data/datasets/WLASL/branch_inputs/skeleton/rtmw_l/selected_27/nslt100/train/9954.npz,F:/DMV/Recognizing-sign-language-at-the-word-level/data/datasets/WLASL/branch_inputs/skeleton/rtmw_l/normalized/selected_27/nslt100/train/9954.npz,F:/DMV/Recognizing-sign-language-at-the-word-level/data/datasets/WLASL/branch_inputs/skeleton/rtmw_l/graph_tensors/selected_27/nslt100/train/9954.npz,wholebody_133,selected_27,"[0, 5, 6, 7, 8, 9, 10, 93, 95, 97, 99, 101, 103, 105, 107, 109, 111, 114, 116, 118, 120, 122, 124, 126, 128, 130, 132]",30,150,133,27,3,1,"[3, 150, 27, 1]",8.509001731872559,"clip_to_[0,288]x[0,384]_then_scale_to_[-1,1]",ok,,end_frame_clipped_to_video_end
wlasl:09956,9956,9956,change,54,train,F:/DMV/Recognizing-sign-language-at-the-word-level/data/datasets/WLASL/pose/rtmw_l/wholebody_133/nslt100/train/9956.npz,F:/DMV/Recognizing-sign-language-at-the-word-level/data/datasets/WLASL/branch_inputs/skeleton/rtmw_l/selected_27/nslt100/train/9956.npz,F:/DMV/Recognizing-sign-language-at-the-word-level/data/datasets/WLASL/branch_inputs/skeleton/rtmw_l/normalized/selected_27/nslt100/train/9956.npz,F:/DMV/Recognizing-sign-language-at-the-word-level/data/datasets/WLASL/branch_inputs/skeleton/rtmw_l/graph_tensors/selected_27/nslt100/train/9956.npz,wholebody_133,selected_27,"[0, 5, 6, 7, 8, 9, 10, 93, 95, 97, 99, 101, 103, 105, 107, 109, 111, 114, 116, 118, 120, 122, 124, 126, 128, 130, 132]",28,150,133,27,3,1,"[3, 150, 27, 1]",8.509001731872559,"clip_to_[0,288]x[0,384]_then_scale_to_[-1,1]",ok,,end_frame_clipped_to_video_end
wlasl:09960,9960,9960,change,54,train,F:/DMV/Recognizing-sign-language-at-the-word-level/data/datasets/WLASL/pose/rtmw_l/wholebody_133/nslt100/train/9960.npz,F:/DMV/Recognizing-sign-language-at-the-word-level/data/datasets/WLASL/branch_inputs/skeleton/rtmw_l/selected_27/nslt100/train/9960.npz,F:/DMV/Recognizing-sign-language-at-the-word-level/data/datasets/WLASL/branch_inputs/skeleton/rtmw_l/normalized/selected_27/nslt100/train/9960.npz,F:/DMV/Recognizing-sign-language-at-the-word-level/data/datasets/WLASL/branch_inputs/skeleton/rtmw_l/graph_tensors/selected_27/nslt100/train/9960.npz,wholebody_133,selected_27,"[0, 5, 6, 7, 8, 9, 10, 93, 95, 97, 99, 101, 103, 105, 107, 109, 111, 114, 116, 118, 120, 122, 124, 126, 128, 130, 132]",83,150,133,27,3,1,"[3, 150, 27, 1]",8.509001731872559,"clip_to_[0,288]x[0,384]_then_scale_to_[-1,1]",ok,,
wlasl:09963,9963,9963,change,54,train,F:/DMV/Recognizing-sign-language-at-the-word-level/data/datasets/WLASL/pose/rtmw_l/wholebody_133/nslt100/train/9963.npz,F:/DMV/Recognizing-sign-language-at-the-word-level/data/datasets/WLASL/branch_inputs/skeleton/rtmw_l/selected_27/nslt100/train/9963.npz,F:/DMV/Recognizing-sign-language-at-the-word-level/data/datasets/WLASL/branch_inputs/skeleton/rtmw_l/normalized/selected_27/nslt100/train/9963.npz,F:/DMV/Recognizing-sign-language-at-the-word-level/data/datasets/WLASL/branch_inputs/skeleton/rtmw_l/graph_tensors/selected_27/nslt100/train/9963.npz,wholebody_133,selected_27,"[0, 5, 6, 7, 8, 9, 10, 93, 95, 97, 99, 101, 103, 105, 107, 109, 111, 114, 116, 118, 120, 122, 124, 126, 128, 130, 132]",44,150,133,27,3,1,"[3, 150, 27, 1]",8.509001731872559,"clip_to_[0,288]x[0,384]_then_scale_to_[-1,1]",ok,,
wlasl:09966,9966,9966,change,54,train,F:/DMV/Recognizing-sign-language-at-the-word-level/data/datasets/WLASL/pose/rtmw_l/wholebody_133/nslt100/train/9966.npz,F:/DMV/Recognizing-sign-language-at-the-word-level/data/datasets/WLASL/branch_inputs/skeleton/rtmw_l/selected_27/nslt100/train/9966.npz,F:/DMV/Recognizing-sign-language-at-the-word-level/data/datasets/WLASL/branch_inputs/skeleton/rtmw_l/normalized/selected_27/nslt100/train/9966.npz,F:/DMV/Recognizing-sign-language-at-the-word-level/data/datasets/WLASL/branch_inputs/skeleton/rtmw_l/graph_tensors/selected_27/nslt100/train/9966.npz,wholebody_133,selected_27,"[0, 5, 6, 7, 8, 9, 10, 93, 95, 97, 99, 101, 103, 105, 107, 109, 111, 114, 116, 118, 120, 122, 124, 126, 128, 130, 132]",62,150,133,27,3,1,"[3, 150, 27, 1]",8.509001731872559,"clip_to_[0,288]x[0,384]_then_scale_to_[-1,1]",ok,,
wlasl:09967,9967,9967,change,54,train,F:/DMV/Recognizing-sign-language-at-the-word-level/data/datasets/WLASL/pose/rtmw_l/wholebody_133/nslt100/train/9967.npz,F:/DMV/Recognizing-sign-language-at-the-word-level/data/datasets/WLASL/branch_inputs/skeleton/rtmw_l/selected_27/nslt100/train/9967.npz,F:/DMV/Recognizing-sign-language-at-the-word-level/data/datasets/WLASL/branch_inputs/skeleton/rtmw_l/normalized/selected_27/nslt100/train/9967.npz,F:/DMV/Recognizing-sign-language-at-the-word-level/data/datasets/WLASL/branch_inputs/skeleton/rtmw_l/graph_tensors/selected_27/nslt100/train/9967.npz,wholebody_133,selected_27,"[0, 5, 6, 7, 8, 9, 10, 93, 95, 97, 99, 101, 103, 105, 107, 109, 111, 114, 116, 118, 120, 122, 124, 126, 128, 130, 132]",39,150,133,27,3,1,"[3, 150, 27, 1]",8.509001731872559,"clip_to_[0,288]x[0,384]_then_scale_to_[-1,1]",ok,,
wlasl:09970,9970,9970,change,54,train,F:/DMV/Recognizing-sign-language-at-the-word-level/data/datasets/WLASL/pose/rtmw_l/wholebody_133/nslt100/train/9970.npz,F:/DMV/Recognizing-sign-language-at-the-word-level/data/datasets/WLASL/branch_inputs/skeleton/rtmw_l/selected_27/nslt100/train/9970.npz,F:/DMV/Recognizing-sign-language-at-the-word-level/data/datasets/WLASL/branch_inputs/skeleton/rtmw_l/normalized/selected_27/nslt100/train/9970.npz,F:/DMV/Recognizing-sign-language-at-the-word-level/data/datasets/WLASL/branch_inputs/skeleton/rtmw_l/graph_tensors/selected_27/nslt100/train/9970.npz,wholebody_133,selected_27,"[0, 5, 6, 7, 8, 9, 10, 93, 95, 97, 99, 101, 103, 105, 107, 109, 111, 114, 116, 118, 120, 122, 124, 126, 128, 130, 132]",72,150,133,27,3,1,"[3, 150, 27, 1]",8.509001731872559,"clip_to_[0,288]x[0,384]_then_scale_to_[-1,1]",ok,,
wlasl:10151,10151,10151,cheat,81,val,F:/DMV/Recognizing-sign-language-at-the-word-level/data/datasets/WLASL/pose/rtmw_l/wholebody_133/nslt100/val/10151.npz,F:/DMV/Recognizing-sign-language-at-the-word-level/data/datasets/WLASL/branch_inputs/skeleton/rtmw_l/selected_27/nslt100/val/10151.npz,F:/DMV/Recognizing-sign-language-at-the-word-level/data/datasets/WLASL/branch_inputs/skeleton/rtmw_l/normalized/selected_27/nslt100/val/10151.npz,F:/DMV/Recognizing-sign-language-at-the-word-level/data/datasets/WLASL/branch_inputs/skeleton/rtmw_l/graph_tensors/selected_27/nslt100/val/10151.npz,wholebody_133,selected_27,"[0, 5, 6, 7, 8, 9, 10, 93, 95, 97, 99, 101, 103, 105, 107, 109, 111, 114, 116, 118, 120, 122, 124, 126, 128, 130, 132]",32,150,133,27,3,1,"[3, 150, 27, 1]",8.509001731872559,"clip_to_[0,288]x[0,384]_then_scale_to_[-1,1]",ok,,end_frame_clipped_to_video_end
wlasl:10898,10898,10898,city,82,val,F:/DMV/Recognizing-sign-language-at-the-word-level/data/datasets/WLASL/pose/rtmw_l/wholebody_133/nslt100/val/10898.npz,F:/DMV/Recognizing-sign-language-at-the-word-level/data/datasets/WLASL/branch_inputs/skeleton/rtmw_l/selected_27/nslt100/val/10898.npz,F:/DMV/Recognizing-sign-language-at-the-word-level/data/datasets/WLASL/branch_inputs/skeleton/rtmw_l/normalized/selected_27/nslt100/val/10898.npz,F:/DMV/Recognizing-sign-language-at-the-word-level/data/datasets/WLASL/branch_inputs/skeleton/rtmw_l/graph_tensors/selected_27/nslt100/val/10898.npz,wholebody_133,selected_27,"[0, 5, 6, 7, 8, 9, 10, 93, 95, 97, 99, 101, 103, 105, 107, 109, 111, 114, 116, 118, 120, 122, 124, 126, 128, 130, 132]",39,150,133,27,3,1,"[3, 150, 27, 1]",8.509001731872559,"clip_to_[0,288]x[0,384]_then_scale_to_[-1,1]",ok,,
wlasl:10904,10904,10904,city,82,val,F:/DMV/Recognizing-sign-language-at-the-word-level/data/datasets/WLASL/pose/rtmw_l/wholebody_133/nslt100/val/10904.npz,F:/DMV/Recognizing-sign-language-at-the-word-level/data/datasets/WLASL/branch_inputs/skeleton/rtmw_l/selected_27/nslt100/val/10904.npz,F:/DMV/Recognizing-sign-language-at-the-word-level/data/datasets/WLASL/branch_inputs/skeleton/rtmw_l/normalized/selected_27/nslt100/val/10904.npz,F:/DMV/Recognizing-sign-language-at-the-word-level/data/datasets/WLASL/branch_inputs/skeleton/rtmw_l/graph_tensors/selected_27/nslt100/val/10904.npz,wholebody_133,selected_27,"[0, 5, 6, 7, 8, 9, 10, 93, 95, 97, 99, 101, 103, 105, 107, 109, 111, 114, 116, 118, 120, 122, 124, 126, 128, 130, 132]",79,150,133,27,3,1,"[3, 150, 27, 1]",8.509001731872559,"clip_to_[0,288]x[0,384]_then_scale_to_[-1,1]",ok,,
wlasl:12312,12312,12312,computer,2,val,F:/DMV/Recognizing-sign-language-at-the-word-level/data/datasets/WLASL/pose/rtmw_l/wholebody_133/nslt100/val/12312.npz,F:/DMV/Recognizing-sign-language-at-the-word-level/data/datasets/WLASL/branch_inputs/skeleton/rtmw_l/selected_27/nslt100/val/12312.npz,F:/DMV/Recognizing-sign-language-at-the-word-level/data/datasets/WLASL/branch_inputs/skeleton/rtmw_l/normalized/selected_27/nslt100/val/12312.npz,F:/DMV/Recognizing-sign-language-at-the-word-level/data/datasets/WLASL/branch_inputs/skeleton/rtmw_l/graph_tensors/selected_27/nslt100/val/12312.npz,wholebody_133,selected_27,"[0, 5, 6, 7, 8, 9, 10, 93, 95, 97, 99, 101, 103, 105, 107, 109, 111, 114, 116, 118, 120, 122, 124, 126, 128, 130, 132]",86,150,133,27,3,1,"[3, 150, 27, 1]",8.509001731872559,"clip_to_[0,288]x[0,384]_then_scale_to_[-1,1]",ok,,
wlasl:12315,12315,12315,computer,2,val,F:/DMV/Recognizing-sign-language-at-the-word-level/data/datasets/WLASL/pose/rtmw_l/wholebody_133/nslt100/val/12315.npz,F:/DMV/Recognizing-sign-language-at-the-word-level/data/datasets/WLASL/branch_inputs/skeleton/rtmw_l/selected_27/nslt100/val/12315.npz,F:/DMV/Recognizing-sign-language-at-the-word-level/data/datasets/WLASL/branch_inputs/skeleton/rtmw_l/normalized/selected_27/nslt100/val/12315.npz,F:/DMV/Recognizing-sign-language-at-the-word-level/data/datasets/WLASL/branch_inputs/skeleton/rtmw_l/graph_tensors/selected_27/nslt100/val/12315.npz,wholebody_133,selected_27,"[0, 5, 6, 7, 8, 9, 10, 93, 95, 97, 99, 101, 103, 105, 107, 109, 111, 114, 116, 118, 120, 122, 124, 126, 128, 130, 132]",49,150,133,27,3,1,"[3, 150, 27, 1]",8.509001731872559,"clip_to_[0,288]x[0,384]_then_scale_to_[-1,1]",ok,,
wlasl:12326,12326,12326,computer,2,val,F:/DMV/Recognizing-sign-language-at-the-word-level/data/datasets/WLASL/pose/rtmw_l/wholebody_133/nslt100/val/12326.npz,F:/DMV/Recognizing-sign-language-at-the-word-level/data/datasets/WLASL/branch_inputs/skeleton/rtmw_l/selected_27/nslt100/val/12326.npz,F:/DMV/Recognizing-sign-language-at-the-word-level/data/datasets/WLASL/branch_inputs/skeleton/rtmw_l/normalized/selected_27/nslt100/val/12326.npz,F:/DMV/Recognizing-sign-language-at-the-word-level/data/datasets/WLASL/branch_inputs/skeleton/rtmw_l/graph_tensors/selected_27/nslt100/val/12326.npz,wholebody_133,selected_27,"[0, 5, 6, 7, 8, 9, 10, 93, 95, 97, 99, 101, 103, 105, 107, 109, 111, 114, 116, 118, 120, 122, 124, 126, 128, 130, 132]",63,150,133,27,3,1,"[3, 150, 27, 1]",8.509001731872559,"clip_to_[0,288]x[0,384]_then_scale_to_[-1,1]",ok,,
wlasl:13155,13155,13155,cook,83,val,F:/DMV/Recognizing-sign-language-at-the-word-level/data/datasets/WLASL/pose/rtmw_l/wholebody_133/nslt100/val/13155.npz,F:/DMV/Recognizing-sign-language-at-the-word-level/data/datasets/WLASL/branch_inputs/skeleton/rtmw_l/selected_27/nslt100/val/13155.npz,F:/DMV/Recognizing-sign-language-at-the-word-level/data/datasets/WLASL/branch_inputs/skeleton/rtmw_l/normalized/selected_27/nslt100/val/13155.npz,F:/DMV/Recognizing-sign-language-at-the-word-level/data/datasets/WLASL/branch_inputs/skeleton/rtmw_l/graph_tensors/selected_27/nslt100/val/13155.npz,wholebody_133,selected_27,"[0, 5, 6, 7, 8, 9, 10, 93, 95, 97, 99, 101, 103, 105, 107, 109, 111, 114, 116, 118, 120, 122, 124, 126, 128, 130, 132]",104,150,133,27,3,1,"[3, 150, 27, 1]",8.509001731872559,"clip_to_[0,288]x[0,384]_then_scale_to_[-1,1]",ok,,end_frame_clipped_to_video_end
wlasl:13197,13197,13197,cool,20,val,F:/DMV/Recognizing-sign-language-at-the-word-level/data/datasets/WLASL/pose/rtmw_l/wholebody_133/nslt100/val/13197.npz,F:/DMV/Recognizing-sign-language-at-the-word-level/data/datasets/WLASL/branch_inputs/skeleton/rtmw_l/selected_27/nslt100/val/13197.npz,F:/DMV/Recognizing-sign-language-at-the-word-level/data/datasets/WLASL/branch_inputs/skeleton/rtmw_l/normalized/selected_27/nslt100/val/13197.npz,F:/DMV/Recognizing-sign-language-at-the-word-level/data/datasets/WLASL/branch_inputs/skeleton/rtmw_l/graph_tensors/selected_27/nslt100/val/13197.npz,wholebody_133,selected_27,"[0, 5, 6, 7, 8, 9, 10, 93, 95, 97, 99, 101, 103, 105, 107, 109, 111, 114, 116, 118, 120, 122, 124, 126, 128, 130, 132]",25,150,133,27,3,1,"[3, 150, 27, 1]",8.509001731872559,"clip_to_[0,288]x[0,384]_then_scale_to_[-1,1]",ok,,end_frame_clipped_to_video_end
wlasl:13203,13203,13203,cool,20,val,F:/DMV/Recognizing-sign-language-at-the-word-level/data/datasets/WLASL/pose/rtmw_l/wholebody_133/nslt100/val/13203.npz,F:/DMV/Recognizing-sign-language-at-the-word-level/data/datasets/WLASL/branch_inputs/skeleton/rtmw_l/selected_27/nslt100/val/13203.npz,F:/DMV/Recognizing-sign-language-at-the-word-level/data/datasets/WLASL/branch_inputs/skeleton/rtmw_l/normalized/selected_27/nslt100/val/13203.npz,F:/DMV/Recognizing-sign-language-at-the-word-level/data/datasets/WLASL/branch_inputs/skeleton/rtmw_l/graph_tensors/selected_27/nslt100/val/13203.npz,wholebody_133,selected_27,"[0, 5, 6, 7, 8, 9, 10, 93, 95, 97, 99, 101, 103, 105, 107, 109, 111, 114, 116, 118, 120, 122, 124, 126, 128, 130, 132]",56,150,133,27,3,1,"[3, 150, 27, 1]",8.509001731872559,"clip_to_[0,288]x[0,384]_then_scale_to_[-1,1]",ok,,
wlasl:13633,13633,13633,cousin,9,val,F:/DMV/Recognizing-sign-language-at-the-word-level/data/datasets/WLASL/pose/rtmw_l/wholebody_133/nslt100/val/13633.npz,F:/DMV/Recognizing-sign-language-at-the-word-level/data/datasets/WLASL/branch_inputs/skeleton/rtmw_l/selected_27/nslt100/val/13633.npz,F:/DMV/Recognizing-sign-language-at-the-word-level/data/datasets/WLASL/branch_inputs/skeleton/rtmw_l/normalized/selected_27/nslt100/val/13633.npz,F:/DMV/Recognizing-sign-language-at-the-word-level/data/datasets/WLASL/branch_inputs/skeleton/rtmw_l/graph_tensors/selected_27/nslt100/val/13633.npz,wholebody_133,selected_27,"[0, 5, 6, 7, 8, 9, 10, 93, 95, 97, 99, 101, 103, 105, 107, 109, 111, 114, 116, 118, 120, 122, 124, 126, 128, 130, 132]",80,150,133,27,3,1,"[3, 150, 27, 1]",8.509001731872559,"clip_to_[0,288]x[0,384]_then_scale_to_[-1,1]",ok,,
wlasl:13634,13634,13634,cousin,9,val,F:/DMV/Recognizing-sign-language-at-the-word-level/data/datasets/WLASL/pose/rtmw_l/wholebody_133/nslt100/val/13634.npz,F:/DMV/Recognizing-sign-language-at-the-word-level/data/datasets/WLASL/branch_inputs/skeleton/rtmw_l/selected_27/nslt100/val/13634.npz,F:/DMV/Recognizing-sign-language-at-the-word-level/data/datasets/WLASL/branch_inputs/skeleton/rtmw_l/normalized/selected_27/nslt100/val/13634.npz,F:/DMV/Recognizing-sign-language-at-the-word-level/data/datasets/WLASL/branch_inputs/skeleton/rtmw_l/graph_tensors/selected_27/nslt100/val/13634.npz,wholebody_133,selected_27,"[0, 5, 6, 7, 8, 9, 10, 93, 95, 97, 99, 101, 103, 105, 107, 109, 111, 114, 116, 118, 120, 122, 124, 126, 128, 130, 132]",82,150,133,27,3,1,"[3, 150, 27, 1]",8.509001731872559,"clip_to_[0,288]x[0,384]_then_scale_to_[-1,1]",ok,,
wlasl:13641,13641,13641,cousin,9,val,F:/DMV/Recognizing-sign-language-at-the-word-level/data/datasets/WLASL/pose/rtmw_l/wholebody_133/nslt100/val/13641.npz,F:/DMV/Recognizing-sign-language-at-the-word-level/data/datasets/WLASL/branch_inputs/skeleton/rtmw_l/selected_27/nslt100/val/13641.npz,F:/DMV/Recognizing-sign-language-at-the-word-level/data/datasets/WLASL/branch_inputs/skeleton/rtmw_l/normalized/selected_27/nslt100/val/13641.npz,F:/DMV/Recognizing-sign-language-at-the-word-level/data/datasets/WLASL/branch_inputs/skeleton/rtmw_l/graph_tensors/selected_27/nslt100/val/13641.npz,wholebody_133,selected_27,"[0, 5, 6, 7, 8, 9, 10, 93, 95, 97, 99, 101, 103, 105, 107, 109, 111, 114, 116, 118, 120, 122, 124, 126, 128, 130, 132]",38,150,133,27,3,1,"[3, 150, 27, 1]",8.509001731872559,"clip_to_[0,288]x[0,384]_then_scale_to_[-1,1]",ok,,
wlasl:13696,13696,13696,cow,57,val,F:/DMV/Recognizing-sign-language-at-the-word-level/data/datasets/WLASL/pose/rtmw_l/wholebody_133/nslt100/val/13696.npz,F:/DMV/Recognizing-sign-language-at-the-word-level/data/datasets/WLASL/branch_inputs/skeleton/rtmw_l/selected_27/nslt100/val/13696.npz,F:/DMV/Recognizing-sign-language-at-the-word-level/data/datasets/WLASL/branch_inputs/skeleton/rtmw_l/normalized/selected_27/nslt100/val/13696.npz,F:/DMV/Recognizing-sign-language-at-the-word-level/data/datasets/WLASL/branch_inputs/skeleton/rtmw_l/graph_tensors/selected_27/nslt100/val/13696.npz,wholebody_133,selected_27,"[0, 5, 6, 7, 8, 9, 10, 93, 95, 97, 99, 101, 103, 105, 107, 109, 111, 114, 116, 118, 120, 122, 124, 126, 128, 130, 132]",73,150,133,27,3,1,"[3, 150, 27, 1]",8.509001731872559,"clip_to_[0,288]x[0,384]_then_scale_to_[-1,1]",ok,,
wlasl:13698,13698,13698,cow,57,val,F:/DMV/Recognizing-sign-language-at-the-word-level/data/datasets/WLASL/pose/rtmw_l/wholebody_133/nslt100/val/13698.npz,F:/DMV/Recognizing-sign-language-at-the-word-level/data/datasets/WLASL/branch_inputs/skeleton/rtmw_l/selected_27/nslt100/val/13698.npz,F:/DMV/Recognizing-sign-language-at-the-word-level/data/datasets/WLASL/branch_inputs/skeleton/rtmw_l/normalized/selected_27/nslt100/val/13698.npz,F:/DMV/Recognizing-sign-language-at-the-word-level/data/datasets/WLASL/branch_inputs/skeleton/rtmw_l/graph_tensors/selected_27/nslt100/val/13698.npz,wholebody_133,selected_27,"[0, 5, 6, 7, 8, 9, 10, 93, 95, 97, 99, 101, 103, 105, 107, 109, 111, 114, 116, 118, 120, 122, 124, 126, 128, 130, 132]",37,150,133,27,3,1,"[3, 150, 27, 1]",8.509001731872559,"clip_to_[0,288]x[0,384]_then_scale_to_[-1,1]",ok,,end_frame_clipped_to_video_end
wlasl:13703,13703,13703,cow,57,val,F:/DMV/Recognizing-sign-language-at-the-word-level/data/datasets/WLASL/pose/rtmw_l/wholebody_133/nslt100/val/13703.npz,F:/DMV/Recognizing-sign-language-at-the-word-level/data/datasets/WLASL/branch_inputs/skeleton/rtmw_l/selected_27/nslt100/val/13703.npz,F:/DMV/Recognizing-sign-language-at-the-word-level/data/datasets/WLASL/branch_inputs/skeleton/rtmw_l/normalized/selected_27/nslt100/val/13703.npz,F:/DMV/Recognizing-sign-language-at-the-word-level/data/datasets/WLASL/branch_inputs/skeleton/rtmw_l/graph_tensors/selected_27/nslt100/val/13703.npz,wholebody_133,selected_27,"[0, 5, 6, 7, 8, 9, 10, 93, 95, 97, 99, 101, 103, 105, 107, 109, 111, 114, 116, 118, 120, 122, 124, 126, 128, 130, 132]",76,150,133,27,3,1,"[3, 150, 27, 1]",8.509001731872559,"clip_to_[0,288]x[0,384]_then_scale_to_[-1,1]",ok,,
wlasl:01391,1391,1391,africa,76,val,F:/DMV/Recognizing-sign-language-at-the-word-level/data/datasets/WLASL/pose/rtmw_l/wholebody_133/nslt100/val/1391.npz,F:/DMV/Recognizing-sign-language-at-the-word-level/data/datasets/WLASL/branch_inputs/skeleton/rtmw_l/selected_27/nslt100/val/1391.npz,F:/DMV/Recognizing-sign-language-at-the-word-level/data/datasets/WLASL/branch_inputs/skeleton/rtmw_l/normalized/selected_27/nslt100/val/1391.npz,F:/DMV/Recognizing-sign-language-at-the-word-level/data/datasets/WLASL/branch_inputs/skeleton/rtmw_l/graph_tensors/selected_27/nslt100/val/1391.npz,wholebody_133,selected_27,"[0, 5, 6, 7, 8, 9, 10, 93, 95, 97, 99, 101, 103, 105, 107, 109, 111, 114, 116, 118, 120, 122, 124, 126, 128, 130, 132]",41,150,133,27,3,1,"[3, 150, 27, 1]",8.509001731872559,"clip_to_[0,288]x[0,384]_then_scale_to_[-1,1]",ok,,
wlasl:01398,1398,1398,africa,76,val,F:/DMV/Recognizing-sign-language-at-the-word-level/data/datasets/WLASL/pose/rtmw_l/wholebody_133/nslt100/val/1398.npz,F:/DMV/Recognizing-sign-language-at-the-word-level/data/datasets/WLASL/branch_inputs/skeleton/rtmw_l/selected_27/nslt100/val/1398.npz,F:/DMV/Recognizing-sign-language-at-the-word-level/data/datasets/WLASL/branch_inputs/skeleton/rtmw_l/normalized/selected_27/nslt100/val/1398.npz,F:/DMV/Recognizing-sign-language-at-the-word-level/data/datasets/WLASL/branch_inputs/skeleton/rtmw_l/graph_tensors/selected_27/nslt100/val/1398.npz,wholebody_133,selected_27,"[0, 5, 6, 7, 8, 9, 10, 93, 95, 97, 99, 101, 103, 105, 107, 109, 111, 114, 116, 118, 120, 122, 124, 126, 128, 130, 132]",67,150,133,27,3,1,"[3, 150, 27, 1]",8.509001731872559,"clip_to_[0,288]x[0,384]_then_scale_to_[-1,1]",ok,,
wlasl:14672,14672,14672,dark,59,val,F:/DMV/Recognizing-sign-language-at-the-word-level/data/datasets/WLASL/pose/rtmw_l/wholebody_133/nslt100/val/14672.npz,F:/DMV/Recognizing-sign-language-at-the-word-level/data/datasets/WLASL/branch_inputs/skeleton/rtmw_l/selected_27/nslt100/val/14672.npz,F:/DMV/Recognizing-sign-language-at-the-word-level/data/datasets/WLASL/branch_inputs/skeleton/rtmw_l/normalized/selected_27/nslt100/val/14672.npz,F:/DMV/Recognizing-sign-language-at-the-word-level/data/datasets/WLASL/branch_inputs/skeleton/rtmw_l/graph_tensors/selected_27/nslt100/val/14672.npz,wholebody_133,selected_27,"[0, 5, 6, 7, 8, 9, 10, 93, 95, 97, 99, 101, 103, 105, 107, 109, 111, 114, 116, 118, 120, 122, 124, 126, 128, 130, 132]",39,150,133,27,3,1,"[3, 150, 27, 1]",8.509001731872559,"clip_to_[0,288]x[0,384]_then_scale_to_[-1,1]",ok,,end_frame_clipped_to_video_end
wlasl:14887,14887,14887,deaf,10,val,F:/DMV/Recognizing-sign-language-at-the-word-level/data/datasets/WLASL/pose/rtmw_l/wholebody_133/nslt100/val/14887.npz,F:/DMV/Recognizing-sign-language-at-the-word-level/data/datasets/WLASL/branch_inputs/skeleton/rtmw_l/selected_27/nslt100/val/14887.npz,F:/DMV/Recognizing-sign-language-at-the-word-level/data/datasets/WLASL/branch_inputs/skeleton/rtmw_l/normalized/selected_27/nslt100/val/14887.npz,F:/DMV/Recognizing-sign-language-at-the-word-level/data/datasets/WLASL/branch_inputs/skeleton/rtmw_l/graph_tensors/selected_27/nslt100/val/14887.npz,wholebody_133,selected_27,"[0, 5, 6, 7, 8, 9, 10, 93, 95, 97, 99, 101, 103, 105, 107, 109, 111, 114, 116, 118, 120, 122, 124, 126, 128, 130, 132]",53,150,133,27,3,1,"[3, 150, 27, 1]",8.509001731872559,"clip_to_[0,288]x[0,384]_then_scale_to_[-1,1]",ok,,
wlasl:14903,14903,14903,deaf,10,val,F:/DMV/Recognizing-sign-language-at-the-word-level/data/datasets/WLASL/pose/rtmw_l/wholebody_133/nslt100/val/14903.npz,F:/DMV/Recognizing-sign-language-at-the-word-level/data/datasets/WLASL/branch_inputs/skeleton/rtmw_l/selected_27/nslt100/val/14903.npz,F:/DMV/Recognizing-sign-language-at-the-word-level/data/datasets/WLASL/branch_inputs/skeleton/rtmw_l/normalized/selected_27/nslt100/val/14903.npz,F:/DMV/Recognizing-sign-language-at-the-word-level/data/datasets/WLASL/branch_inputs/skeleton/rtmw_l/graph_tensors/selected_27/nslt100/val/14903.npz,wholebody_133,selected_27,"[0, 5, 6, 7, 8, 9, 10, 93, 95, 97, 99, 101, 103, 105, 107, 109, 111, 114, 116, 118, 120, 122, 124, 126, 128, 130, 132]",70,150,133,27,3,1,"[3, 150, 27, 1]",8.509001731872559,"clip_to_[0,288]x[0,384]_then_scale_to_[-1,1]",ok,,
wlasl:15037,15037,15037,decide,84,val,F:/DMV/Recognizing-sign-language-at-the-word-level/data/datasets/WLASL/pose/rtmw_l/wholebody_133/nslt100/val/15037.npz,F:/DMV/Recognizing-sign-language-at-the-word-level/data/datasets/WLASL/branch_inputs/skeleton/rtmw_l/selected_27/nslt100/val/15037.npz,F:/DMV/Recognizing-sign-language-at-the-word-level/data/datasets/WLASL/branch_inputs/skeleton/rtmw_l/normalized/selected_27/nslt100/val/15037.npz,F:/DMV/Recognizing-sign-language-at-the-word-level/data/datasets/WLASL/branch_inputs/skeleton/rtmw_l/graph_tensors/selected_27/nslt100/val/15037.npz,wholebody_133,selected_27,"[0, 5, 6, 7, 8, 9, 10, 93, 95, 97, 99, 101, 103, 105, 107, 109, 111, 114, 116, 118, 120, 122, 124, 126, 128, 130, 132]",40,150,133,27,3,1,"[3, 150, 27, 1]",8.509001731872559,"clip_to_[0,288]x[0,384]_then_scale_to_[-1,1]",ok,,
wlasl:15043,15043,15043,decide,84,val,F:/DMV/Recognizing-sign-language-at-the-word-level/data/datasets/WLASL/pose/rtmw_l/wholebody_133/nslt100/val/15043.npz,F:/DMV/Recognizing-sign-language-at-the-word-level/data/datasets/WLASL/branch_inputs/skeleton/rtmw_l/selected_27/nslt100/val/15043.npz,F:/DMV/Recognizing-sign-language-at-the-word-level/data/datasets/WLASL/branch_inputs/skeleton/rtmw_l/normalized/selected_27/nslt100/val/15043.npz,F:/DMV/Recognizing-sign-language-at-the-word-level/data/datasets/WLASL/branch_inputs/skeleton/rtmw_l/graph_tensors/selected_27/nslt100/val/15043.npz,wholebody_133,selected_27,"[0, 5, 6, 7, 8, 9, 10, 93, 95, 97, 99, 101, 103, 105, 107, 109, 111, 114, 116, 118, 120, 122, 124, 126, 128, 130, 132]",68,150,133,27,3,1,"[3, 150, 27, 1]",8.509001731872559,"clip_to_[0,288]x[0,384]_then_scale_to_[-1,1]",ok,,
wlasl:17016,17016,17016,doctor,60,val,F:/DMV/Recognizing-sign-language-at-the-word-level/data/datasets/WLASL/pose/rtmw_l/wholebody_133/nslt100/val/17016.npz,F:/DMV/Recognizing-sign-language-at-the-word-level/data/datasets/WLASL/branch_inputs/skeleton/rtmw_l/selected_27/nslt100/val/17016.npz,F:/DMV/Recognizing-sign-language-at-the-word-level/data/datasets/WLASL/branch_inputs/skeleton/rtmw_l/normalized/selected_27/nslt100/val/17016.npz,F:/DMV/Recognizing-sign-language-at-the-word-level/data/datasets/WLASL/branch_inputs/skeleton/rtmw_l/graph_tensors/selected_27/nslt100/val/17016.npz,wholebody_133,selected_27,"[0, 5, 6, 7, 8, 9, 10, 93, 95, 97, 99, 101, 103, 105, 107, 109, 111, 114, 116, 118, 120, 122, 124, 126, 128, 130, 132]",89,150,133,27,3,1,"[3, 150, 27, 1]",8.509001731872559,"clip_to_[0,288]x[0,384]_then_scale_to_[-1,1]",ok,,
wlasl:17083,17083,17083,dog,36,val,F:/DMV/Recognizing-sign-language-at-the-word-level/data/datasets/WLASL/pose/rtmw_l/wholebody_133/nslt100/val/17083.npz,F:/DMV/Recognizing-sign-language-at-the-word-level/data/datasets/WLASL/branch_inputs/skeleton/rtmw_l/selected_27/nslt100/val/17083.npz,F:/DMV/Recognizing-sign-language-at-the-word-level/data/datasets/WLASL/branch_inputs/skeleton/rtmw_l/normalized/selected_27/nslt100/val/17083.npz,F:/DMV/Recognizing-sign-language-at-the-word-level/data/datasets/WLASL/branch_inputs/skeleton/rtmw_l/graph_tensors/selected_27/nslt100/val/17083.npz,wholebody_133,selected_27,"[0, 5, 6, 7, 8, 9, 10, 93, 95, 97, 99, 101, 103, 105, 107, 109, 111, 114, 116, 118, 120, 122, 124, 126, 128, 130, 132]",61,150,133,27,3,1,"[3, 150, 27, 1]",8.509001731872559,"clip_to_[0,288]x[0,384]_then_scale_to_[-1,1]",ok,,end_frame_clipped_to_video_end
wlasl:17724,17724,17724,drink,1,val,F:/DMV/Recognizing-sign-language-at-the-word-level/data/datasets/WLASL/pose/rtmw_l/wholebody_133/nslt100/val/17724.npz,F:/DMV/Recognizing-sign-language-at-the-word-level/data/datasets/WLASL/branch_inputs/skeleton/rtmw_l/selected_27/nslt100/val/17724.npz,F:/DMV/Recognizing-sign-language-at-the-word-level/data/datasets/WLASL/branch_inputs/skeleton/rtmw_l/normalized/selected_27/nslt100/val/17724.npz,F:/DMV/Recognizing-sign-language-at-the-word-level/data/datasets/WLASL/branch_inputs/skeleton/rtmw_l/graph_tensors/selected_27/nslt100/val/17724.npz,wholebody_133,selected_27,"[0, 5, 6, 7, 8, 9, 10, 93, 95, 97, 99, 101, 103, 105, 107, 109, 111, 114, 116, 118, 120, 122, 124, 126, 128, 130, 132]",26,150,133,27,3,1,"[3, 150, 27, 1]",8.509001731872559,"clip_to_[0,288]x[0,384]_then_scale_to_[-1,1]",ok,,
wlasl:17734,17734,17734,drink,1,val,F:/DMV/Recognizing-sign-language-at-the-word-level/data/datasets/WLASL/pose/rtmw_l/wholebody_133/nslt100/val/17734.npz,F:/DMV/Recognizing-sign-language-at-the-word-level/data/datasets/WLASL/branch_inputs/skeleton/rtmw_l/selected_27/nslt100/val/17734.npz,F:/DMV/Recognizing-sign-language-at-the-word-level/data/datasets/WLASL/branch_inputs/skeleton/rtmw_l/normalized/selected_27/nslt100/val/17734.npz,F:/DMV/Recognizing-sign-language-at-the-word-level/data/datasets/WLASL/branch_inputs/skeleton/rtmw_l/graph_tensors/selected_27/nslt100/val/17734.npz,wholebody_133,selected_27,"[0, 5, 6, 7, 8, 9, 10, 93, 95, 97, 99, 101, 103, 105, 107, 109, 111, 114, 116, 118, 120, 122, 124, 126, 128, 130, 132]",76,150,133,27,3,1,"[3, 150, 27, 1]",8.509001731872559,"clip_to_[0,288]x[0,384]_then_scale_to_[-1,1]",ok,,
wlasl:18323,18323,18323,eat,61,val,F:/DMV/Recognizing-sign-language-at-the-word-level/data/datasets/WLASL/pose/rtmw_l/wholebody_133/nslt100/val/18323.npz,F:/DMV/Recognizing-sign-language-at-the-word-level/data/datasets/WLASL/branch_inputs/skeleton/rtmw_l/selected_27/nslt100/val/18323.npz,F:/DMV/Recognizing-sign-language-at-the-word-level/data/datasets/WLASL/branch_inputs/skeleton/rtmw_l/normalized/selected_27/nslt100/val/18323.npz,F:/DMV/Recognizing-sign-language-at-the-word-level/data/datasets/WLASL/branch_inputs/skeleton/rtmw_l/graph_tensors/selected_27/nslt100/val/18323.npz,wholebody_133,selected_27,"[0, 5, 6, 7, 8, 9, 10, 93, 95, 97, 99, 101, 103, 105, 107, 109, 111, 114, 116, 118, 120, 122, 124, 126, 128, 130, 132]",86,150,133,27,3,1,"[3, 150, 27, 1]",8.509001731872559,"clip_to_[0,288]x[0,384]_then_scale_to_[-1,1]",ok,,end_frame_clipped_to_video_end
wlasl:19257,19257,19257,enjoy,62,val,F:/DMV/Recognizing-sign-language-at-the-word-level/data/datasets/WLASL/pose/rtmw_l/wholebody_133/nslt100/val/19257.npz,F:/DMV/Recognizing-sign-language-at-the-word-level/data/datasets/WLASL/branch_inputs/skeleton/rtmw_l/selected_27/nslt100/val/19257.npz,F:/DMV/Recognizing-sign-language-at-the-word-level/data/datasets/WLASL/branch_inputs/skeleton/rtmw_l/normalized/selected_27/nslt100/val/19257.npz,F:/DMV/Recognizing-sign-language-at-the-word-level/data/datasets/WLASL/branch_inputs/skeleton/rtmw_l/graph_tensors/selected_27/nslt100/val/19257.npz,wholebody_133,selected_27,"[0, 5, 6, 7, 8, 9, 10, 93, 95, 97, 99, 101, 103, 105, 107, 109, 111, 114, 116, 118, 120, 122, 124, 126, 128, 130, 132]",70,150,133,27,3,1,"[3, 150, 27, 1]",8.509001731872559,"clip_to_[0,288]x[0,384]_then_scale_to_[-1,1]",ok,,end_frame_clipped_to_video_end
wlasl:21872,21872,21872,fine,11,val,F:/DMV/Recognizing-sign-language-at-the-word-level/data/datasets/WLASL/pose/rtmw_l/wholebody_133/nslt100/val/21872.npz,F:/DMV/Recognizing-sign-language-at-the-word-level/data/datasets/WLASL/branch_inputs/skeleton/rtmw_l/selected_27/nslt100/val/21872.npz,F:/DMV/Recognizing-sign-language-at-the-word-level/data/datasets/WLASL/branch_inputs/skeleton/rtmw_l/normalized/selected_27/nslt100/val/21872.npz,F:/DMV/Recognizing-sign-language-at-the-word-level/data/datasets/WLASL/branch_inputs/skeleton/rtmw_l/graph_tensors/selected_27/nslt100/val/21872.npz,wholebody_133,selected_27,"[0, 5, 6, 7, 8, 9, 10, 93, 95, 97, 99, 101, 103, 105, 107, 109, 111, 114, 116, 118, 120, 122, 124, 126, 128, 130, 132]",66,150,133,27,3,1,"[3, 150, 27, 1]",8.509001731872559,"clip_to_[0,288]x[0,384]_then_scale_to_[-1,1]",ok,,
wlasl:21874,21874,21874,fine,11,val,F:/DMV/Recognizing-sign-language-at-the-word-level/data/datasets/WLASL/pose/rtmw_l/wholebody_133/nslt100/val/21874.npz,F:/DMV/Recognizing-sign-language-at-the-word-level/data/datasets/WLASL/branch_inputs/skeleton/rtmw_l/selected_27/nslt100/val/21874.npz,F:/DMV/Recognizing-sign-language-at-the-word-level/data/datasets/WLASL/branch_inputs/skeleton/rtmw_l/normalized/selected_27/nslt100/val/21874.npz,F:/DMV/Recognizing-sign-language-at-the-word-level/data/datasets/WLASL/branch_inputs/skeleton/rtmw_l/graph_tensors/selected_27/nslt100/val/21874.npz,wholebody_133,selected_27,"[0, 5, 6, 7, 8, 9, 10, 93, 95, 97, 99, 101, 103, 105, 107, 109, 111, 114, 116, 118, 120, 122, 124, 126, 128, 130, 132]",77,150,133,27,3,1,"[3, 150, 27, 1]",8.509001731872559,"clip_to_[0,288]x[0,384]_then_scale_to_[-1,1]",ok,,
wlasl:21942,21942,21942,finish,21,val,F:/DMV/Recognizing-sign-language-at-the-word-level/data/datasets/WLASL/pose/rtmw_l/wholebody_133/nslt100/val/21942.npz,F:/DMV/Recognizing-sign-language-at-the-word-level/data/datasets/WLASL/branch_inputs/skeleton/rtmw_l/selected_27/nslt100/val/21942.npz,F:/DMV/Recognizing-sign-language-at-the-word-level/data/datasets/WLASL/branch_inputs/skeleton/rtmw_l/normalized/selected_27/nslt100/val/21942.npz,F:/DMV/Recognizing-sign-language-at-the-word-level/data/datasets/WLASL/branch_inputs/skeleton/rtmw_l/graph_tensors/selected_27/nslt100/val/21942.npz,wholebody_133,selected_27,"[0, 5, 6, 7, 8, 9, 10, 93, 95, 97, 99, 101, 103, 105, 107, 109, 111, 114, 116, 118, 120, 122, 124, 126, 128, 130, 132]",58,150,133,27,3,1,"[3, 150, 27, 1]",8.509001731872559,"clip_to_[0,288]x[0,384]_then_scale_to_[-1,1]",ok,,
wlasl:21949,21949,21949,finish,21,val,F:/DMV/Recognizing-sign-language-at-the-word-level/data/datasets/WLASL/pose/rtmw_l/wholebody_133/nslt100/val/21949.npz,F:/DMV/Recognizing-sign-language-at-the-word-level/data/datasets/WLASL/branch_inputs/skeleton/rtmw_l/selected_27/nslt100/val/21949.npz,F:/DMV/Recognizing-sign-language-at-the-word-level/data/datasets/WLASL/branch_inputs/skeleton/rtmw_l/normalized/selected_27/nslt100/val/21949.npz,F:/DMV/Recognizing-sign-language-at-the-word-level/data/datasets/WLASL/branch_inputs/skeleton/rtmw_l/graph_tensors/selected_27/nslt100/val/21949.npz,wholebody_133,selected_27,"[0, 5, 6, 7, 8, 9, 10, 93, 95, 97, 99, 101, 103, 105, 107, 109, 111, 114, 116, 118, 120, 122, 124, 126, 128, 130, 132]",38,150,133,27,3,1,"[3, 150, 27, 1]",8.509001731872559,"clip_to_[0,288]x[0,384]_then_scale_to_[-1,1]",ok,,
wlasl:22113,22113,22113,fish,38,val,F:/DMV/Recognizing-sign-language-at-the-word-level/data/datasets/WLASL/pose/rtmw_l/wholebody_133/nslt100/val/22113.npz,F:/DMV/Recognizing-sign-language-at-the-word-level/data/datasets/WLASL/branch_inputs/skeleton/rtmw_l/selected_27/nslt100/val/22113.npz,F:/DMV/Recognizing-sign-language-at-the-word-level/data/datasets/WLASL/branch_inputs/skeleton/rtmw_l/normalized/selected_27/nslt100/val/22113.npz,F:/DMV/Recognizing-sign-language-at-the-word-level/data/datasets/WLASL/branch_inputs/skeleton/rtmw_l/graph_tensors/selected_27/nslt100/val/22113.npz,wholebody_133,selected_27,"[0, 5, 6, 7, 8, 9, 10, 93, 95, 97, 99, 101, 103, 105, 107, 109, 111, 114, 116, 118, 120, 122, 124, 126, 128, 130, 132]",75,150,133,27,3,1,"[3, 150, 27, 1]",8.509001731872559,"clip_to_[0,288]x[0,384]_then_scale_to_[-1,1]",ok,,end_frame_clipped_to_video_end
wlasl:22114,22114,22114,fish,38,val,F:/DMV/Recognizing-sign-language-at-the-word-level/data/datasets/WLASL/pose/rtmw_l/wholebody_133/nslt100/val/22114.npz,F:/DMV/Recognizing-sign-language-at-the-word-level/data/datasets/WLASL/branch_inputs/skeleton/rtmw_l/selected_27/nslt100/val/22114.npz,F:/DMV/Recognizing-sign-language-at-the-word-level/data/datasets/WLASL/branch_inputs/skeleton/rtmw_l/normalized/selected_27/nslt100/val/22114.npz,F:/DMV/Recognizing-sign-language-at-the-word-level/data/datasets/WLASL/branch_inputs/skeleton/rtmw_l/graph_tensors/selected_27/nslt100/val/22114.npz,wholebody_133,selected_27,"[0, 5, 6, 7, 8, 9, 10, 93, 95, 97, 99, 101, 103, 105, 107, 109, 111, 114, 116, 118, 120, 122, 124, 126, 128, 130, 132]",85,150,133,27,3,1,"[3, 150, 27, 1]",8.509001731872559,"clip_to_[0,288]x[0,384]_then_scale_to_[-1,1]",ok,,end_frame_clipped_to_video_end
wlasl:23775,23775,23775,full,85,val,F:/DMV/Recognizing-sign-language-at-the-word-level/data/datasets/WLASL/pose/rtmw_l/wholebody_133/nslt100/val/23775.npz,F:/DMV/Recognizing-sign-language-at-the-word-level/data/datasets/WLASL/branch_inputs/skeleton/rtmw_l/selected_27/nslt100/val/23775.npz,F:/DMV/Recognizing-sign-language-at-the-word-level/data/datasets/WLASL/branch_inputs/skeleton/rtmw_l/normalized/selected_27/nslt100/val/23775.npz,F:/DMV/Recognizing-sign-language-at-the-word-level/data/datasets/WLASL/branch_inputs/skeleton/rtmw_l/graph_tensors/selected_27/nslt100/val/23775.npz,wholebody_133,selected_27,"[0, 5, 6, 7, 8, 9, 10, 93, 95, 97, 99, 101, 103, 105, 107, 109, 111, 114, 116, 118, 120, 122, 124, 126, 128, 130, 132]",43,150,133,27,3,1,"[3, 150, 27, 1]",8.509001731872559,"clip_to_[0,288]x[0,384]_then_scale_to_[-1,1]",ok,,
wlasl:23776,23776,23776,full,85,val,F:/DMV/Recognizing-sign-language-at-the-word-level/data/datasets/WLASL/pose/rtmw_l/wholebody_133/nslt100/val/23776.npz,F:/DMV/Recognizing-sign-language-at-the-word-level/data/datasets/WLASL/branch_inputs/skeleton/rtmw_l/selected_27/nslt100/val/23776.npz,F:/DMV/Recognizing-sign-language-at-the-word-level/data/datasets/WLASL/branch_inputs/skeleton/rtmw_l/normalized/selected_27/nslt100/val/23776.npz,F:/DMV/Recognizing-sign-language-at-the-word-level/data/datasets/WLASL/branch_inputs/skeleton/rtmw_l/graph_tensors/selected_27/nslt100/val/23776.npz,wholebody_133,selected_27,"[0, 5, 6, 7, 8, 9, 10, 93, 95, 97, 99, 101, 103, 105, 107, 109, 111, 114, 116, 118, 120, 122, 124, 126, 128, 130, 132]",33,150,133,27,3,1,"[3, 150, 27, 1]",8.509001731872559,"clip_to_[0,288]x[0,384]_then_scale_to_[-1,1]",ok,,
wlasl:24639,24639,24639,give,64,val,F:/DMV/Recognizing-sign-language-at-the-word-level/data/datasets/WLASL/pose/rtmw_l/wholebody_133/nslt100/val/24639.npz,F:/DMV/Recognizing-sign-language-at-the-word-level/data/datasets/WLASL/branch_inputs/skeleton/rtmw_l/selected_27/nslt100/val/24639.npz,F:/DMV/Recognizing-sign-language-at-the-word-level/data/datasets/WLASL/branch_inputs/skeleton/rtmw_l/normalized/selected_27/nslt100/val/24639.npz,F:/DMV/Recognizing-sign-language-at-the-word-level/data/datasets/WLASL/branch_inputs/skeleton/rtmw_l/graph_tensors/selected_27/nslt100/val/24639.npz,wholebody_133,selected_27,"[0, 5, 6, 7, 8, 9, 10, 93, 95, 97, 99, 101, 103, 105, 107, 109, 111, 114, 116, 118, 120, 122, 124, 126, 128, 130, 132]",21,150,133,27,3,1,"[3, 150, 27, 1]",8.509001731872559,"clip_to_[0,288]x[0,384]_then_scale_to_[-1,1]",ok,,
wlasl:24641,24641,24641,give,64,val,F:/DMV/Recognizing-sign-language-at-the-word-level/data/datasets/WLASL/pose/rtmw_l/wholebody_133/nslt100/val/24641.npz,F:/DMV/Recognizing-sign-language-at-the-word-level/data/datasets/WLASL/branch_inputs/skeleton/rtmw_l/selected_27/nslt100/val/24641.npz,F:/DMV/Recognizing-sign-language-at-the-word-level/data/datasets/WLASL/branch_inputs/skeleton/rtmw_l/normalized/selected_27/nslt100/val/24641.npz,F:/DMV/Recognizing-sign-language-at-the-word-level/data/datasets/WLASL/branch_inputs/skeleton/rtmw_l/graph_tensors/selected_27/nslt100/val/24641.npz,wholebody_133,selected_27,"[0, 5, 6, 7, 8, 9, 10, 93, 95, 97, 99, 101, 103, 105, 107, 109, 111, 114, 116, 118, 120, 122, 124, 126, 128, 130, 132]",45,150,133,27,3,1,"[3, 150, 27, 1]",8.509001731872559,"clip_to_[0,288]x[0,384]_then_scale_to_[-1,1]",ok,,
wlasl:24946,24946,24946,go,5,val,F:/DMV/Recognizing-sign-language-at-the-word-level/data/datasets/WLASL/pose/rtmw_l/wholebody_133/nslt100/val/24946.npz,F:/DMV/Recognizing-sign-language-at-the-word-level/data/datasets/WLASL/branch_inputs/skeleton/rtmw_l/selected_27/nslt100/val/24946.npz,F:/DMV/Recognizing-sign-language-at-the-word-level/data/datasets/WLASL/branch_inputs/skeleton/rtmw_l/normalized/selected_27/nslt100/val/24946.npz,F:/DMV/Recognizing-sign-language-at-the-word-level/data/datasets/WLASL/branch_inputs/skeleton/rtmw_l/graph_tensors/selected_27/nslt100/val/24946.npz,wholebody_133,selected_27,"[0, 5, 6, 7, 8, 9, 10, 93, 95, 97, 99, 101, 103, 105, 107, 109, 111, 114, 116, 118, 120, 122, 124, 126, 128, 130, 132]",32,150,133,27,3,1,"[3, 150, 27, 1]",8.509001731872559,"clip_to_[0,288]x[0,384]_then_scale_to_[-1,1]",ok,,end_frame_clipped_to_video_end
wlasl:24952,24952,24952,go,5,val,F:/DMV/Recognizing-sign-language-at-the-word-level/data/datasets/WLASL/pose/rtmw_l/wholebody_133/nslt100/val/24952.npz,F:/DMV/Recognizing-sign-language-at-the-word-level/data/datasets/WLASL/branch_inputs/skeleton/rtmw_l/selected_27/nslt100/val/24952.npz,F:/DMV/Recognizing-sign-language-at-the-word-level/data/datasets/WLASL/branch_inputs/skeleton/rtmw_l/normalized/selected_27/nslt100/val/24952.npz,F:/DMV/Recognizing-sign-language-at-the-word-level/data/datasets/WLASL/branch_inputs/skeleton/rtmw_l/graph_tensors/selected_27/nslt100/val/24952.npz,wholebody_133,selected_27,"[0, 5, 6, 7, 8, 9, 10, 93, 95, 97, 99, 101, 103, 105, 107, 109, 111, 114, 116, 118, 120, 122, 124, 126, 128, 130, 132]",29,150,133,27,3,1,"[3, 150, 27, 1]",8.509001731872559,"clip_to_[0,288]x[0,384]_then_scale_to_[-1,1]",ok,,
wlasl:25330,25330,25330,graduate,39,val,F:/DMV/Recognizing-sign-language-at-the-word-level/data/datasets/WLASL/pose/rtmw_l/wholebody_133/nslt100/val/25330.npz,F:/DMV/Recognizing-sign-language-at-the-word-level/data/datasets/WLASL/branch_inputs/skeleton/rtmw_l/selected_27/nslt100/val/25330.npz,F:/DMV/Recognizing-sign-language-at-the-word-level/data/datasets/WLASL/branch_inputs/skeleton/rtmw_l/normalized/selected_27/nslt100/val/25330.npz,F:/DMV/Recognizing-sign-language-at-the-word-level/data/datasets/WLASL/branch_inputs/skeleton/rtmw_l/graph_tensors/selected_27/nslt100/val/25330.npz,wholebody_133,selected_27,"[0, 5, 6, 7, 8, 9, 10, 93, 95, 97, 99, 101, 103, 105, 107, 109, 111, 114, 116, 118, 120, 122, 124, 126, 128, 130, 132]",51,150,133,27,3,1,"[3, 150, 27, 1]",8.509001731872559,"clip_to_[0,288]x[0,384]_then_scale_to_[-1,1]",ok,,
wlasl:28112,28112,28112,hot,22,val,F:/DMV/Recognizing-sign-language-at-the-word-level/data/datasets/WLASL/pose/rtmw_l/wholebody_133/nslt100/val/28112.npz,F:/DMV/Recognizing-sign-language-at-the-word-level/data/datasets/WLASL/branch_inputs/skeleton/rtmw_l/selected_27/nslt100/val/28112.npz,F:/DMV/Recognizing-sign-language-at-the-word-level/data/datasets/WLASL/branch_inputs/skeleton/rtmw_l/normalized/selected_27/nslt100/val/28112.npz,F:/DMV/Recognizing-sign-language-at-the-word-level/data/datasets/WLASL/branch_inputs/skeleton/rtmw_l/graph_tensors/selected_27/nslt100/val/28112.npz,wholebody_133,selected_27,"[0, 5, 6, 7, 8, 9, 10, 93, 95, 97, 99, 101, 103, 105, 107, 109, 111, 114, 116, 118, 120, 122, 124, 126, 128, 130, 132]",67,150,133,27,3,1,"[3, 150, 27, 1]",8.509001731872559,"clip_to_[0,288]x[0,384]_then_scale_to_[-1,1]",ok,,
wlasl:28203,28203,28203,how,86,val,F:/DMV/Recognizing-sign-language-at-the-word-level/data/datasets/WLASL/pose/rtmw_l/wholebody_133/nslt100/val/28203.npz,F:/DMV/Recognizing-sign-language-at-the-word-level/data/datasets/WLASL/branch_inputs/skeleton/rtmw_l/selected_27/nslt100/val/28203.npz,F:/DMV/Recognizing-sign-language-at-the-word-level/data/datasets/WLASL/branch_inputs/skeleton/rtmw_l/normalized/selected_27/nslt100/val/28203.npz,F:/DMV/Recognizing-sign-language-at-the-word-level/data/datasets/WLASL/branch_inputs/skeleton/rtmw_l/graph_tensors/selected_27/nslt100/val/28203.npz,wholebody_133,selected_27,"[0, 5, 6, 7, 8, 9, 10, 93, 95, 97, 99, 101, 103, 105, 107, 109, 111, 114, 116, 118, 120, 122, 124, 126, 128, 130, 132]",69,150,133,27,3,1,"[3, 150, 27, 1]",8.509001731872559,"clip_to_[0,288]x[0,384]_then_scale_to_[-1,1]",ok,,
wlasl:02999,2999,2999,apple,52,val,F:/DMV/Recognizing-sign-language-at-the-word-level/data/datasets/WLASL/pose/rtmw_l/wholebody_133/nslt100/val/2999.npz,F:/DMV/Recognizing-sign-language-at-the-word-level/data/datasets/WLASL/branch_inputs/skeleton/rtmw_l/selected_27/nslt100/val/2999.npz,F:/DMV/Recognizing-sign-language-at-the-word-level/data/datasets/WLASL/branch_inputs/skeleton/rtmw_l/normalized/selected_27/nslt100/val/2999.npz,F:/DMV/Recognizing-sign-language-at-the-word-level/data/datasets/WLASL/branch_inputs/skeleton/rtmw_l/graph_tensors/selected_27/nslt100/val/2999.npz,wholebody_133,selected_27,"[0, 5, 6, 7, 8, 9, 10, 93, 95, 97, 99, 101, 103, 105, 107, 109, 111, 114, 116, 118, 120, 122, 124, 126, 128, 130, 132]",71,150,133,27,3,1,"[3, 150, 27, 1]",8.509001731872559,"clip_to_[0,288]x[0,384]_then_scale_to_[-1,1]",ok,,end_frame_clipped_to_video_end
wlasl:30833,30833,30833,jacket,87,val,F:/DMV/Recognizing-sign-language-at-the-word-level/data/datasets/WLASL/pose/rtmw_l/wholebody_133/nslt100/val/30833.npz,F:/DMV/Recognizing-sign-language-at-the-word-level/data/datasets/WLASL/branch_inputs/skeleton/rtmw_l/selected_27/nslt100/val/30833.npz,F:/DMV/Recognizing-sign-language-at-the-word-level/data/datasets/WLASL/branch_inputs/skeleton/rtmw_l/normalized/selected_27/nslt100/val/30833.npz,F:/DMV/Recognizing-sign-language-at-the-word-level/data/datasets/WLASL/branch_inputs/skeleton/rtmw_l/graph_tensors/selected_27/nslt100/val/30833.npz,wholebody_133,selected_27,"[0, 5, 6, 7, 8, 9, 10, 93, 95, 97, 99, 101, 103, 105, 107, 109, 111, 114, 116, 118, 120, 122, 124, 126, 128, 130, 132]",35,150,133,27,3,1,"[3, 150, 27, 1]",8.509001731872559,"clip_to_[0,288]x[0,384]_then_scale_to_[-1,1]",ok,,end_frame_clipped_to_video_end
wlasl:30849,30849,30849,jacket,87,val,F:/DMV/Recognizing-sign-language-at-the-word-level/data/datasets/WLASL/pose/rtmw_l/wholebody_133/nslt100/val/30849.npz,F:/DMV/Recognizing-sign-language-at-the-word-level/data/datasets/WLASL/branch_inputs/skeleton/rtmw_l/selected_27/nslt100/val/30849.npz,F:/DMV/Recognizing-sign-language-at-the-word-level/data/datasets/WLASL/branch_inputs/skeleton/rtmw_l/normalized/selected_27/nslt100/val/30849.npz,F:/DMV/Recognizing-sign-language-at-the-word-level/data/datasets/WLASL/branch_inputs/skeleton/rtmw_l/graph_tensors/selected_27/nslt100/val/30849.npz,wholebody_133,selected_27,"[0, 5, 6, 7, 8, 9, 10, 93, 95, 97, 99, 101, 103, 105, 107, 109, 111, 114, 116, 118, 120, 122, 124, 126, 128, 130, 132]",66,150,133,27,3,1,"[3, 150, 27, 1]",8.509001731872559,"clip_to_[0,288]x[0,384]_then_scale_to_[-1,1]",ok,,
wlasl:31751,31751,31751,kiss,42,val,F:/DMV/Recognizing-sign-language-at-the-word-level/data/datasets/WLASL/pose/rtmw_l/wholebody_133/nslt100/val/31751.npz,F:/DMV/Recognizing-sign-language-at-the-word-level/data/datasets/WLASL/branch_inputs/skeleton/rtmw_l/selected_27/nslt100/val/31751.npz,F:/DMV/Recognizing-sign-language-at-the-word-level/data/datasets/WLASL/branch_inputs/skeleton/rtmw_l/normalized/selected_27/nslt100/val/31751.npz,F:/DMV/Recognizing-sign-language-at-the-word-level/data/datasets/WLASL/branch_inputs/skeleton/rtmw_l/graph_tensors/selected_27/nslt100/val/31751.npz,wholebody_133,selected_27,"[0, 5, 6, 7, 8, 9, 10, 93, 95, 97, 99, 101, 103, 105, 107, 109, 111, 114, 116, 118, 120, 122, 124, 126, 128, 130, 132]",31,150,133,27,3,1,"[3, 150, 27, 1]",8.509001731872559,"clip_to_[0,288]x[0,384]_then_scale_to_[-1,1]",ok,,end_frame_clipped_to_video_end
wlasl:32154,32154,32154,language,43,val,F:/DMV/Recognizing-sign-language-at-the-word-level/data/datasets/WLASL/pose/rtmw_l/wholebody_133/nslt100/val/32154.npz,F:/DMV/Recognizing-sign-language-at-the-word-level/data/datasets/WLASL/branch_inputs/skeleton/rtmw_l/selected_27/nslt100/val/32154.npz,F:/DMV/Recognizing-sign-language-at-the-word-level/data/datasets/WLASL/branch_inputs/skeleton/rtmw_l/normalized/selected_27/nslt100/val/32154.npz,F:/DMV/Recognizing-sign-language-at-the-word-level/data/datasets/WLASL/branch_inputs/skeleton/rtmw_l/graph_tensors/selected_27/nslt100/val/32154.npz,wholebody_133,selected_27,"[0, 5, 6, 7, 8, 9, 10, 93, 95, 97, 99, 101, 103, 105, 107, 109, 111, 114, 116, 118, 120, 122, 124, 126, 128, 130, 132]",70,150,133,27,3,1,"[3, 150, 27, 1]",8.509001731872559,"clip_to_[0,288]x[0,384]_then_scale_to_[-1,1]",ok,,end_frame_clipped_to_video_end
wlasl:32156,32156,32156,language,43,val,F:/DMV/Recognizing-sign-language-at-the-word-level/data/datasets/WLASL/pose/rtmw_l/wholebody_133/nslt100/val/32156.npz,F:/DMV/Recognizing-sign-language-at-the-word-level/data/datasets/WLASL/branch_inputs/skeleton/rtmw_l/selected_27/nslt100/val/32156.npz,F:/DMV/Recognizing-sign-language-at-the-word-level/data/datasets/WLASL/branch_inputs/skeleton/rtmw_l/normalized/selected_27/nslt100/val/32156.npz,F:/DMV/Recognizing-sign-language-at-the-word-level/data/datasets/WLASL/branch_inputs/skeleton/rtmw_l/graph_tensors/selected_27/nslt100/val/32156.npz,wholebody_133,selected_27,"[0, 5, 6, 7, 8, 9, 10, 93, 95, 97, 99, 101, 103, 105, 107, 109, 111, 114, 116, 118, 120, 122, 124, 126, 128, 130, 132]",42,150,133,27,3,1,"[3, 150, 27, 1]",8.509001731872559,"clip_to_[0,288]x[0,384]_then_scale_to_[-1,1]",ok,,end_frame_clipped_to_video_end
wlasl:32255,32255,32255,last,65,val,F:/DMV/Recognizing-sign-language-at-the-word-level/data/datasets/WLASL/pose/rtmw_l/wholebody_133/nslt100/val/32255.npz,F:/DMV/Recognizing-sign-language-at-the-word-level/data/datasets/WLASL/branch_inputs/skeleton/rtmw_l/selected_27/nslt100/val/32255.npz,F:/DMV/Recognizing-sign-language-at-the-word-level/data/datasets/WLASL/branch_inputs/skeleton/rtmw_l/normalized/selected_27/nslt100/val/32255.npz,F:/DMV/Recognizing-sign-language-at-the-word-level/data/datasets/WLASL/branch_inputs/skeleton/rtmw_l/graph_tensors/selected_27/nslt100/val/32255.npz,wholebody_133,selected_27,"[0, 5, 6, 7, 8, 9, 10, 93, 95, 97, 99, 101, 103, 105, 107, 109, 111, 114, 116, 118, 120, 122, 124, 126, 128, 130, 132]",25,150,133,27,3,1,"[3, 150, 27, 1]",8.509001731872559,"clip_to_[0,288]x[0,384]_then_scale_to_[-1,1]",ok,,
wlasl:32263,32263,32263,last,65,val,F:/DMV/Recognizing-sign-language-at-the-word-level/data/datasets/WLASL/pose/rtmw_l/wholebody_133/nslt100/val/32263.npz,F:/DMV/Recognizing-sign-language-at-the-word-level/data/datasets/WLASL/branch_inputs/skeleton/rtmw_l/selected_27/nslt100/val/32263.npz,F:/DMV/Recognizing-sign-language-at-the-word-level/data/datasets/WLASL/branch_inputs/skeleton/rtmw_l/normalized/selected_27/nslt100/val/32263.npz,F:/DMV/Recognizing-sign-language-at-the-word-level/data/datasets/WLASL/branch_inputs/skeleton/rtmw_l/graph_tensors/selected_27/nslt100/val/32263.npz,wholebody_133,selected_27,"[0, 5, 6, 7, 8, 9, 10, 93, 95, 97, 99, 101, 103, 105, 107, 109, 111, 114, 116, 118, 120, 122, 124, 126, 128, 130, 132]",83,150,133,27,3,1,"[3, 150, 27, 1]",8.509001731872559,"clip_to_[0,288]x[0,384]_then_scale_to_[-1,1]",ok,,
wlasl:32320,32320,32320,later,44,val,F:/DMV/Recognizing-sign-language-at-the-word-level/data/datasets/WLASL/pose/rtmw_l/wholebody_133/nslt100/val/32320.npz,F:/DMV/Recognizing-sign-language-at-the-word-level/data/datasets/WLASL/branch_inputs/skeleton/rtmw_l/selected_27/nslt100/val/32320.npz,F:/DMV/Recognizing-sign-language-at-the-word-level/data/datasets/WLASL/branch_inputs/skeleton/rtmw_l/normalized/selected_27/nslt100/val/32320.npz,F:/DMV/Recognizing-sign-language-at-the-word-level/data/datasets/WLASL/branch_inputs/skeleton/rtmw_l/graph_tensors/selected_27/nslt100/val/32320.npz,wholebody_133,selected_27,"[0, 5, 6, 7, 8, 9, 10, 93, 95, 97, 99, 101, 103, 105, 107, 109, 111, 114, 116, 118, 120, 122, 124, 126, 128, 130, 132]",81,150,133,27,3,1,"[3, 150, 27, 1]",8.509001731872559,"clip_to_[0,288]x[0,384]_then_scale_to_[-1,1]",ok,,end_frame_clipped_to_video_end
wlasl:32323,32323,32323,later,44,val,F:/DMV/Recognizing-sign-language-at-the-word-level/data/datasets/WLASL/pose/rtmw_l/wholebody_133/nslt100/val/32323.npz,F:/DMV/Recognizing-sign-language-at-the-word-level/data/datasets/WLASL/branch_inputs/skeleton/rtmw_l/selected_27/nslt100/val/32323.npz,F:/DMV/Recognizing-sign-language-at-the-word-level/data/datasets/WLASL/branch_inputs/skeleton/rtmw_l/normalized/selected_27/nslt100/val/32323.npz,F:/DMV/Recognizing-sign-language-at-the-word-level/data/datasets/WLASL/branch_inputs/skeleton/rtmw_l/graph_tensors/selected_27/nslt100/val/32323.npz,wholebody_133,selected_27,"[0, 5, 6, 7, 8, 9, 10, 93, 95, 97, 99, 101, 103, 105, 107, 109, 111, 114, 116, 118, 120, 122, 124, 126, 128, 130, 132]",33,150,133,27,3,1,"[3, 150, 27, 1]",8.509001731872559,"clip_to_[0,288]x[0,384]_then_scale_to_[-1,1]",ok,,end_frame_clipped_to_video_end
wlasl:32325,32325,32325,later,44,val,F:/DMV/Recognizing-sign-language-at-the-word-level/data/datasets/WLASL/pose/rtmw_l/wholebody_133/nslt100/val/32325.npz,F:/DMV/Recognizing-sign-language-at-the-word-level/data/datasets/WLASL/branch_inputs/skeleton/rtmw_l/selected_27/nslt100/val/32325.npz,F:/DMV/Recognizing-sign-language-at-the-word-level/data/datasets/WLASL/branch_inputs/skeleton/rtmw_l/normalized/selected_27/nslt100/val/32325.npz,F:/DMV/Recognizing-sign-language-at-the-word-level/data/datasets/WLASL/branch_inputs/skeleton/rtmw_l/graph_tensors/selected_27/nslt100/val/32325.npz,wholebody_133,selected_27,"[0, 5, 6, 7, 8, 9, 10, 93, 95, 97, 99, 101, 103, 105, 107, 109, 111, 114, 116, 118, 120, 122, 124, 126, 128, 130, 132]",103,150,133,27,3,1,"[3, 150, 27, 1]",8.509001731872559,"clip_to_[0,288]x[0,384]_then_scale_to_[-1,1]",ok,,
wlasl:32948,32948,32948,letter,88,val,F:/DMV/Recognizing-sign-language-at-the-word-level/data/datasets/WLASL/pose/rtmw_l/wholebody_133/nslt100/val/32948.npz,F:/DMV/Recognizing-sign-language-at-the-word-level/data/datasets/WLASL/branch_inputs/skeleton/rtmw_l/selected_27/nslt100/val/32948.npz,F:/DMV/Recognizing-sign-language-at-the-word-level/data/datasets/WLASL/branch_inputs/skeleton/rtmw_l/normalized/selected_27/nslt100/val/32948.npz,F:/DMV/Recognizing-sign-language-at-the-word-level/data/datasets/WLASL/branch_inputs/skeleton/rtmw_l/graph_tensors/selected_27/nslt100/val/32948.npz,wholebody_133,selected_27,"[0, 5, 6, 7, 8, 9, 10, 93, 95, 97, 99, 101, 103, 105, 107, 109, 111, 114, 116, 118, 120, 122, 124, 126, 128, 130, 132]",32,150,133,27,3,1,"[3, 150, 27, 1]",8.509001731872559,"clip_to_[0,288]x[0,384]_then_scale_to_[-1,1]",ok,,end_frame_clipped_to_video_end
wlasl:33268,33268,33268,like,23,val,F:/DMV/Recognizing-sign-language-at-the-word-level/data/datasets/WLASL/pose/rtmw_l/wholebody_133/nslt100/val/33268.npz,F:/DMV/Recognizing-sign-language-at-the-word-level/data/datasets/WLASL/branch_inputs/skeleton/rtmw_l/selected_27/nslt100/val/33268.npz,F:/DMV/Recognizing-sign-language-at-the-word-level/data/datasets/WLASL/branch_inputs/skeleton/rtmw_l/normalized/selected_27/nslt100/val/33268.npz,F:/DMV/Recognizing-sign-language-at-the-word-level/data/datasets/WLASL/branch_inputs/skeleton/rtmw_l/graph_tensors/selected_27/nslt100/val/33268.npz,wholebody_133,selected_27,"[0, 5, 6, 7, 8, 9, 10, 93, 95, 97, 99, 101, 103, 105, 107, 109, 111, 114, 116, 118, 120, 122, 124, 126, 128, 130, 132]",46,150,133,27,3,1,"[3, 150, 27, 1]",8.509001731872559,"clip_to_[0,288]x[0,384]_then_scale_to_[-1,1]",ok,,
wlasl:33270,33270,33270,like,23,val,F:/DMV/Recognizing-sign-language-at-the-word-level/data/datasets/WLASL/pose/rtmw_l/wholebody_133/nslt100/val/33270.npz,F:/DMV/Recognizing-sign-language-at-the-word-level/data/datasets/WLASL/branch_inputs/skeleton/rtmw_l/selected_27/nslt100/val/33270.npz,F:/DMV/Recognizing-sign-language-at-the-word-level/data/datasets/WLASL/branch_inputs/skeleton/rtmw_l/normalized/selected_27/nslt100/val/33270.npz,F:/DMV/Recognizing-sign-language-at-the-word-level/data/datasets/WLASL/branch_inputs/skeleton/rtmw_l/graph_tensors/selected_27/nslt100/val/33270.npz,wholebody_133,selected_27,"[0, 5, 6, 7, 8, 9, 10, 93, 95, 97, 99, 101, 103, 105, 107, 109, 111, 114, 116, 118, 120, 122, 124, 126, 128, 130, 132]",67,150,133,27,3,1,"[3, 150, 27, 1]",8.509001731872559,"clip_to_[0,288]x[0,384]_then_scale_to_[-1,1]",ok,,
wlasl:37882,37882,37882,need,90,val,F:/DMV/Recognizing-sign-language-at-the-word-level/data/datasets/WLASL/pose/rtmw_l/wholebody_133/nslt100/val/37882.npz,F:/DMV/Recognizing-sign-language-at-the-word-level/data/datasets/WLASL/branch_inputs/skeleton/rtmw_l/selected_27/nslt100/val/37882.npz,F:/DMV/Recognizing-sign-language-at-the-word-level/data/datasets/WLASL/branch_inputs/skeleton/rtmw_l/normalized/selected_27/nslt100/val/37882.npz,F:/DMV/Recognizing-sign-language-at-the-word-level/data/datasets/WLASL/branch_inputs/skeleton/rtmw_l/graph_tensors/selected_27/nslt100/val/37882.npz,wholebody_133,selected_27,"[0, 5, 6, 7, 8, 9, 10, 93, 95, 97, 99, 101, 103, 105, 107, 109, 111, 114, 116, 118, 120, 122, 124, 126, 128, 130, 132]",69,150,133,27,3,1,"[3, 150, 27, 1]",8.509001731872559,"clip_to_[0,288]x[0,384]_then_scale_to_[-1,1]",ok,,
wlasl:38533,38533,38533,no,13,val,F:/DMV/Recognizing-sign-language-at-the-word-level/data/datasets/WLASL/pose/rtmw_l/wholebody_133/nslt100/val/38533.npz,F:/DMV/Recognizing-sign-language-at-the-word-level/data/datasets/WLASL/branch_inputs/skeleton/rtmw_l/selected_27/nslt100/val/38533.npz,F:/DMV/Recognizing-sign-language-at-the-word-level/data/datasets/WLASL/branch_inputs/skeleton/rtmw_l/normalized/selected_27/nslt100/val/38533.npz,F:/DMV/Recognizing-sign-language-at-the-word-level/data/datasets/WLASL/branch_inputs/skeleton/rtmw_l/graph_tensors/selected_27/nslt100/val/38533.npz,wholebody_133,selected_27,"[0, 5, 6, 7, 8, 9, 10, 93, 95, 97, 99, 101, 103, 105, 107, 109, 111, 114, 116, 118, 120, 122, 124, 126, 128, 130, 132]",46,150,133,27,3,1,"[3, 150, 27, 1]",8.509001731872559,"clip_to_[0,288]x[0,384]_then_scale_to_[-1,1]",ok,,
wlasl:38994,38994,38994,now,26,val,F:/DMV/Recognizing-sign-language-at-the-word-level/data/datasets/WLASL/pose/rtmw_l/wholebody_133/nslt100/val/38994.npz,F:/DMV/Recognizing-sign-language-at-the-word-level/data/datasets/WLASL/branch_inputs/skeleton/rtmw_l/selected_27/nslt100/val/38994.npz,F:/DMV/Recognizing-sign-language-at-the-word-level/data/datasets/WLASL/branch_inputs/skeleton/rtmw_l/normalized/selected_27/nslt100/val/38994.npz,F:/DMV/Recognizing-sign-language-at-the-word-level/data/datasets/WLASL/branch_inputs/skeleton/rtmw_l/graph_tensors/selected_27/nslt100/val/38994.npz,wholebody_133,selected_27,"[0, 5, 6, 7, 8, 9, 10, 93, 95, 97, 99, 101, 103, 105, 107, 109, 111, 114, 116, 118, 120, 122, 124, 126, 128, 130, 132]",67,150,133,27,3,1,"[3, 150, 27, 1]",8.509001731872559,"clip_to_[0,288]x[0,384]_then_scale_to_[-1,1]",ok,,
wlasl:39000,39000,39000,now,26,val,F:/DMV/Recognizing-sign-language-at-the-word-level/data/datasets/WLASL/pose/rtmw_l/wholebody_133/nslt100/val/39000.npz,F:/DMV/Recognizing-sign-language-at-the-word-level/data/datasets/WLASL/branch_inputs/skeleton/rtmw_l/selected_27/nslt100/val/39000.npz,F:/DMV/Recognizing-sign-language-at-the-word-level/data/datasets/WLASL/branch_inputs/skeleton/rtmw_l/normalized/selected_27/nslt100/val/39000.npz,F:/DMV/Recognizing-sign-language-at-the-word-level/data/datasets/WLASL/branch_inputs/skeleton/rtmw_l/graph_tensors/selected_27/nslt100/val/39000.npz,wholebody_133,selected_27,"[0, 5, 6, 7, 8, 9, 10, 93, 95, 97, 99, 101, 103, 105, 107, 109, 111, 114, 116, 118, 120, 122, 124, 126, 128, 130, 132]",29,150,133,27,3,1,"[3, 150, 27, 1]",8.509001731872559,"clip_to_[0,288]x[0,384]_then_scale_to_[-1,1]",ok,,
wlasl:40118,40118,40118,orange,27,val,F:/DMV/Recognizing-sign-language-at-the-word-level/data/datasets/WLASL/pose/rtmw_l/wholebody_133/nslt100/val/40118.npz,F:/DMV/Recognizing-sign-language-at-the-word-level/data/datasets/WLASL/branch_inputs/skeleton/rtmw_l/selected_27/nslt100/val/40118.npz,F:/DMV/Recognizing-sign-language-at-the-word-level/data/datasets/WLASL/branch_inputs/skeleton/rtmw_l/normalized/selected_27/nslt100/val/40118.npz,F:/DMV/Recognizing-sign-language-at-the-word-level/data/datasets/WLASL/branch_inputs/skeleton/rtmw_l/graph_tensors/selected_27/nslt100/val/40118.npz,wholebody_133,selected_27,"[0, 5, 6, 7, 8, 9, 10, 93, 95, 97, 99, 101, 103, 105, 107, 109, 111, 114, 116, 118, 120, 122, 124, 126, 128, 130, 132]",75,150,133,27,3,1,"[3, 150, 27, 1]",8.509001731872559,"clip_to_[0,288]x[0,384]_then_scale_to_[-1,1]",ok,,
wlasl:40835,40835,40835,paint,91,val,F:/DMV/Recognizing-sign-language-at-the-word-level/data/datasets/WLASL/pose/rtmw_l/wholebody_133/nslt100/val/40835.npz,F:/DMV/Recognizing-sign-language-at-the-word-level/data/datasets/WLASL/branch_inputs/skeleton/rtmw_l/selected_27/nslt100/val/40835.npz,F:/DMV/Recognizing-sign-language-at-the-word-level/data/datasets/WLASL/branch_inputs/skeleton/rtmw_l/normalized/selected_27/nslt100/val/40835.npz,F:/DMV/Recognizing-sign-language-at-the-word-level/data/datasets/WLASL/branch_inputs/skeleton/rtmw_l/graph_tensors/selected_27/nslt100/val/40835.npz,wholebody_133,selected_27,"[0, 5, 6, 7, 8, 9, 10, 93, 95, 97, 99, 101, 103, 105, 107, 109, 111, 114, 116, 118, 120, 122, 124, 126, 128, 130, 132]",30,150,133,27,3,1,"[3, 150, 27, 1]",8.509001731872559,"clip_to_[0,288]x[0,384]_then_scale_to_[-1,1]",ok,,end_frame_clipped_to_video_end
wlasl:40840,40840,40840,paint,91,val,F:/DMV/Recognizing-sign-language-at-the-word-level/data/datasets/WLASL/pose/rtmw_l/wholebody_133/nslt100/val/40840.npz,F:/DMV/Recognizing-sign-language-at-the-word-level/data/datasets/WLASL/branch_inputs/skeleton/rtmw_l/selected_27/nslt100/val/40840.npz,F:/DMV/Recognizing-sign-language-at-the-word-level/data/datasets/WLASL/branch_inputs/skeleton/rtmw_l/normalized/selected_27/nslt100/val/40840.npz,F:/DMV/Recognizing-sign-language-at-the-word-level/data/datasets/WLASL/branch_inputs/skeleton/rtmw_l/graph_tensors/selected_27/nslt100/val/40840.npz,wholebody_133,selected_27,"[0, 5, 6, 7, 8, 9, 10, 93, 95, 97, 99, 101, 103, 105, 107, 109, 111, 114, 116, 118, 120, 122, 124, 126, 128, 130, 132]",42,150,133,27,3,1,"[3, 150, 27, 1]",8.509001731872559,"clip_to_[0,288]x[0,384]_then_scale_to_[-1,1]",ok,,
wlasl:41027,41027,41027,paper,92,val,F:/DMV/Recognizing-sign-language-at-the-word-level/data/datasets/WLASL/pose/rtmw_l/wholebody_133/nslt100/val/41027.npz,F:/DMV/Recognizing-sign-language-at-the-word-level/data/datasets/WLASL/branch_inputs/skeleton/rtmw_l/selected_27/nslt100/val/41027.npz,F:/DMV/Recognizing-sign-language-at-the-word-level/data/datasets/WLASL/branch_inputs/skeleton/rtmw_l/normalized/selected_27/nslt100/val/41027.npz,F:/DMV/Recognizing-sign-language-at-the-word-level/data/datasets/WLASL/branch_inputs/skeleton/rtmw_l/graph_tensors/selected_27/nslt100/val/41027.npz,wholebody_133,selected_27,"[0, 5, 6, 7, 8, 9, 10, 93, 95, 97, 99, 101, 103, 105, 107, 109, 111, 114, 116, 118, 120, 122, 124, 126, 128, 130, 132]",31,150,133,27,3,1,"[3, 150, 27, 1]",8.509001731872559,"clip_to_[0,288]x[0,384]_then_scale_to_[-1,1]",ok,,end_frame_clipped_to_video_end
wlasl:42833,42833,42833,pink,67,val,F:/DMV/Recognizing-sign-language-at-the-word-level/data/datasets/WLASL/pose/rtmw_l/wholebody_133/nslt100/val/42833.npz,F:/DMV/Recognizing-sign-language-at-the-word-level/data/datasets/WLASL/branch_inputs/skeleton/rtmw_l/selected_27/nslt100/val/42833.npz,F:/DMV/Recognizing-sign-language-at-the-word-level/data/datasets/WLASL/branch_inputs/skeleton/rtmw_l/normalized/selected_27/nslt100/val/42833.npz,F:/DMV/Recognizing-sign-language-at-the-word-level/data/datasets/WLASL/branch_inputs/skeleton/rtmw_l/graph_tensors/selected_27/nslt100/val/42833.npz,wholebody_133,selected_27,"[0, 5, 6, 7, 8, 9, 10, 93, 95, 97, 99, 101, 103, 105, 107, 109, 111, 114, 116, 118, 120, 122, 124, 126, 128, 130, 132]",82,150,133,27,3,1,"[3, 150, 27, 1]",8.509001731872559,"clip_to_[0,288]x[0,384]_then_scale_to_[-1,1]",ok,,
wlasl:42962,42962,42962,pizza,68,val,F:/DMV/Recognizing-sign-language-at-the-word-level/data/datasets/WLASL/pose/rtmw_l/wholebody_133/nslt100/val/42962.npz,F:/DMV/Recognizing-sign-language-at-the-word-level/data/datasets/WLASL/branch_inputs/skeleton/rtmw_l/selected_27/nslt100/val/42962.npz,F:/DMV/Recognizing-sign-language-at-the-word-level/data/datasets/WLASL/branch_inputs/skeleton/rtmw_l/normalized/selected_27/nslt100/val/42962.npz,F:/DMV/Recognizing-sign-language-at-the-word-level/data/datasets/WLASL/branch_inputs/skeleton/rtmw_l/graph_tensors/selected_27/nslt100/val/42962.npz,wholebody_133,selected_27,"[0, 5, 6, 7, 8, 9, 10, 93, 95, 97, 99, 101, 103, 105, 107, 109, 111, 114, 116, 118, 120, 122, 124, 126, 128, 130, 132]",77,150,133,27,3,1,"[3, 150, 27, 1]",8.509001731872559,"clip_to_[0,288]x[0,384]_then_scale_to_[-1,1]",ok,,
wlasl:42977,42977,42977,pizza,68,val,F:/DMV/Recognizing-sign-language-at-the-word-level/data/datasets/WLASL/pose/rtmw_l/wholebody_133/nslt100/val/42977.npz,F:/DMV/Recognizing-sign-language-at-the-word-level/data/datasets/WLASL/branch_inputs/skeleton/rtmw_l/selected_27/nslt100/val/42977.npz,F:/DMV/Recognizing-sign-language-at-the-word-level/data/datasets/WLASL/branch_inputs/skeleton/rtmw_l/normalized/selected_27/nslt100/val/42977.npz,F:/DMV/Recognizing-sign-language-at-the-word-level/data/datasets/WLASL/branch_inputs/skeleton/rtmw_l/graph_tensors/selected_27/nslt100/val/42977.npz,wholebody_133,selected_27,"[0, 5, 6, 7, 8, 9, 10, 93, 95, 97, 99, 101, 103, 105, 107, 109, 111, 114, 116, 118, 120, 122, 124, 126, 128, 130, 132]",77,150,133,27,3,1,"[3, 150, 27, 1]",8.509001731872559,"clip_to_[0,288]x[0,384]_then_scale_to_[-1,1]",ok,,
wlasl:43166,43166,43166,play,69,val,F:/DMV/Recognizing-sign-language-at-the-word-level/data/datasets/WLASL/pose/rtmw_l/wholebody_133/nslt100/val/43166.npz,F:/DMV/Recognizing-sign-language-at-the-word-level/data/datasets/WLASL/branch_inputs/skeleton/rtmw_l/selected_27/nslt100/val/43166.npz,F:/DMV/Recognizing-sign-language-at-the-word-level/data/datasets/WLASL/branch_inputs/skeleton/rtmw_l/normalized/selected_27/nslt100/val/43166.npz,F:/DMV/Recognizing-sign-language-at-the-word-level/data/datasets/WLASL/branch_inputs/skeleton/rtmw_l/graph_tensors/selected_27/nslt100/val/43166.npz,wholebody_133,selected_27,"[0, 5, 6, 7, 8, 9, 10, 93, 95, 97, 99, 101, 103, 105, 107, 109, 111, 114, 116, 118, 120, 122, 124, 126, 128, 130, 132]",91,150,133,27,3,1,"[3, 150, 27, 1]",8.509001731872559,"clip_to_[0,288]x[0,384]_then_scale_to_[-1,1]",ok,,end_frame_clipped_to_video_end
wlasl:45262,45262,45262,pull,93,val,F:/DMV/Recognizing-sign-language-at-the-word-level/data/datasets/WLASL/pose/rtmw_l/wholebody_133/nslt100/val/45262.npz,F:/DMV/Recognizing-sign-language-at-the-word-level/data/datasets/WLASL/branch_inputs/skeleton/rtmw_l/selected_27/nslt100/val/45262.npz,F:/DMV/Recognizing-sign-language-at-the-word-level/data/datasets/WLASL/branch_inputs/skeleton/rtmw_l/normalized/selected_27/nslt100/val/45262.npz,F:/DMV/Recognizing-sign-language-at-the-word-level/data/datasets/WLASL/branch_inputs/skeleton/rtmw_l/graph_tensors/selected_27/nslt100/val/45262.npz,wholebody_133,selected_27,"[0, 5, 6, 7, 8, 9, 10, 93, 95, 97, 99, 101, 103, 105, 107, 109, 111, 114, 116, 118, 120, 122, 124, 126, 128, 130, 132]",46,150,133,27,3,1,"[3, 150, 27, 1]",8.509001731872559,"clip_to_[0,288]x[0,384]_then_scale_to_[-1,1]",ok,,end_frame_clipped_to_video_end
wlasl:45267,45267,45267,pull,93,val,F:/DMV/Recognizing-sign-language-at-the-word-level/data/datasets/WLASL/pose/rtmw_l/wholebody_133/nslt100/val/45267.npz,F:/DMV/Recognizing-sign-language-at-the-word-level/data/datasets/WLASL/branch_inputs/skeleton/rtmw_l/selected_27/nslt100/val/45267.npz,F:/DMV/Recognizing-sign-language-at-the-word-level/data/datasets/WLASL/branch_inputs/skeleton/rtmw_l/normalized/selected_27/nslt100/val/45267.npz,F:/DMV/Recognizing-sign-language-at-the-word-level/data/datasets/WLASL/branch_inputs/skeleton/rtmw_l/graph_tensors/selected_27/nslt100/val/45267.npz,wholebody_133,selected_27,"[0, 5, 6, 7, 8, 9, 10, 93, 95, 97, 99, 101, 103, 105, 107, 109, 111, 114, 116, 118, 120, 122, 124, 126, 128, 130, 132]",44,150,133,27,3,1,"[3, 150, 27, 1]",8.509001731872559,"clip_to_[0,288]x[0,384]_then_scale_to_[-1,1]",ok,,
wlasl:45435,45435,45435,purple,94,val,F:/DMV/Recognizing-sign-language-at-the-word-level/data/datasets/WLASL/pose/rtmw_l/wholebody_133/nslt100/val/45435.npz,F:/DMV/Recognizing-sign-language-at-the-word-level/data/datasets/WLASL/branch_inputs/skeleton/rtmw_l/selected_27/nslt100/val/45435.npz,F:/DMV/Recognizing-sign-language-at-the-word-level/data/datasets/WLASL/branch_inputs/skeleton/rtmw_l/normalized/selected_27/nslt100/val/45435.npz,F:/DMV/Recognizing-sign-language-at-the-word-level/data/datasets/WLASL/branch_inputs/skeleton/rtmw_l/graph_tensors/selected_27/nslt100/val/45435.npz,wholebody_133,selected_27,"[0, 5, 6, 7, 8, 9, 10, 93, 95, 97, 99, 101, 103, 105, 107, 109, 111, 114, 116, 118, 120, 122, 124, 126, 128, 130, 132]",52,150,133,27,3,1,"[3, 150, 27, 1]",8.509001731872559,"clip_to_[0,288]x[0,384]_then_scale_to_[-1,1]",ok,,end_frame_clipped_to_video_end
wlasl:45438,45438,45438,purple,94,val,F:/DMV/Recognizing-sign-language-at-the-word-level/data/datasets/WLASL/pose/rtmw_l/wholebody_133/nslt100/val/45438.npz,F:/DMV/Recognizing-sign-language-at-the-word-level/data/datasets/WLASL/branch_inputs/skeleton/rtmw_l/selected_27/nslt100/val/45438.npz,F:/DMV/Recognizing-sign-language-at-the-word-level/data/datasets/WLASL/branch_inputs/skeleton/rtmw_l/normalized/selected_27/nslt100/val/45438.npz,F:/DMV/Recognizing-sign-language-at-the-word-level/data/datasets/WLASL/branch_inputs/skeleton/rtmw_l/graph_tensors/selected_27/nslt100/val/45438.npz,wholebody_133,selected_27,"[0, 5, 6, 7, 8, 9, 10, 93, 95, 97, 99, 101, 103, 105, 107, 109, 111, 114, 116, 118, 120, 122, 124, 126, 128, 130, 132]",30,150,133,27,3,1,"[3, 150, 27, 1]",8.509001731872559,"clip_to_[0,288]x[0,384]_then_scale_to_[-1,1]",ok,,
wlasl:48108,48108,48108,right,95,val,F:/DMV/Recognizing-sign-language-at-the-word-level/data/datasets/WLASL/pose/rtmw_l/wholebody_133/nslt100/val/48108.npz,F:/DMV/Recognizing-sign-language-at-the-word-level/data/datasets/WLASL/branch_inputs/skeleton/rtmw_l/selected_27/nslt100/val/48108.npz,F:/DMV/Recognizing-sign-language-at-the-word-level/data/datasets/WLASL/branch_inputs/skeleton/rtmw_l/normalized/selected_27/nslt100/val/48108.npz,F:/DMV/Recognizing-sign-language-at-the-word-level/data/datasets/WLASL/branch_inputs/skeleton/rtmw_l/graph_tensors/selected_27/nslt100/val/48108.npz,wholebody_133,selected_27,"[0, 5, 6, 7, 8, 9, 10, 93, 95, 97, 99, 101, 103, 105, 107, 109, 111, 114, 116, 118, 120, 122, 124, 126, 128, 130, 132]",58,150,133,27,3,1,"[3, 150, 27, 1]",8.509001731872559,"clip_to_[0,288]x[0,384]_then_scale_to_[-1,1]",ok,,
wlasl:48124,48124,48124,right,95,val,F:/DMV/Recognizing-sign-language-at-the-word-level/data/datasets/WLASL/pose/rtmw_l/wholebody_133/nslt100/val/48124.npz,F:/DMV/Recognizing-sign-language-at-the-word-level/data/datasets/WLASL/branch_inputs/skeleton/rtmw_l/selected_27/nslt100/val/48124.npz,F:/DMV/Recognizing-sign-language-at-the-word-level/data/datasets/WLASL/branch_inputs/skeleton/rtmw_l/normalized/selected_27/nslt100/val/48124.npz,F:/DMV/Recognizing-sign-language-at-the-word-level/data/datasets/WLASL/branch_inputs/skeleton/rtmw_l/graph_tensors/selected_27/nslt100/val/48124.npz,wholebody_133,selected_27,"[0, 5, 6, 7, 8, 9, 10, 93, 95, 97, 99, 101, 103, 105, 107, 109, 111, 114, 116, 118, 120, 122, 124, 126, 128, 130, 132]",63,150,133,27,3,1,"[3, 150, 27, 1]",8.509001731872559,"clip_to_[0,288]x[0,384]_then_scale_to_[-1,1]",ok,,
wlasl:49176,49176,49176,same,96,val,F:/DMV/Recognizing-sign-language-at-the-word-level/data/datasets/WLASL/pose/rtmw_l/wholebody_133/nslt100/val/49176.npz,F:/DMV/Recognizing-sign-language-at-the-word-level/data/datasets/WLASL/branch_inputs/skeleton/rtmw_l/selected_27/nslt100/val/49176.npz,F:/DMV/Recognizing-sign-language-at-the-word-level/data/datasets/WLASL/branch_inputs/skeleton/rtmw_l/normalized/selected_27/nslt100/val/49176.npz,F:/DMV/Recognizing-sign-language-at-the-word-level/data/datasets/WLASL/branch_inputs/skeleton/rtmw_l/graph_tensors/selected_27/nslt100/val/49176.npz,wholebody_133,selected_27,"[0, 5, 6, 7, 8, 9, 10, 93, 95, 97, 99, 101, 103, 105, 107, 109, 111, 114, 116, 118, 120, 122, 124, 126, 128, 130, 132]",30,150,133,27,3,1,"[3, 150, 27, 1]",8.509001731872559,"clip_to_[0,288]x[0,384]_then_scale_to_[-1,1]",ok,,
wlasl:49182,49182,49182,same,96,val,F:/DMV/Recognizing-sign-language-at-the-word-level/data/datasets/WLASL/pose/rtmw_l/wholebody_133/nslt100/val/49182.npz,F:/DMV/Recognizing-sign-language-at-the-word-level/data/datasets/WLASL/branch_inputs/skeleton/rtmw_l/selected_27/nslt100/val/49182.npz,F:/DMV/Recognizing-sign-language-at-the-word-level/data/datasets/WLASL/branch_inputs/skeleton/rtmw_l/normalized/selected_27/nslt100/val/49182.npz,F:/DMV/Recognizing-sign-language-at-the-word-level/data/datasets/WLASL/branch_inputs/skeleton/rtmw_l/graph_tensors/selected_27/nslt100/val/49182.npz,wholebody_133,selected_27,"[0, 5, 6, 7, 8, 9, 10, 93, 95, 97, 99, 101, 103, 105, 107, 109, 111, 114, 116, 118, 120, 122, 124, 126, 128, 130, 132]",26,150,133,27,3,1,"[3, 150, 27, 1]",8.509001731872559,"clip_to_[0,288]x[0,384]_then_scale_to_[-1,1]",ok,,
wlasl:49606,49606,49606,school,70,val,F:/DMV/Recognizing-sign-language-at-the-word-level/data/datasets/WLASL/pose/rtmw_l/wholebody_133/nslt100/val/49606.npz,F:/DMV/Recognizing-sign-language-at-the-word-level/data/datasets/WLASL/branch_inputs/skeleton/rtmw_l/selected_27/nslt100/val/49606.npz,F:/DMV/Recognizing-sign-language-at-the-word-level/data/datasets/WLASL/branch_inputs/skeleton/rtmw_l/normalized/selected_27/nslt100/val/49606.npz,F:/DMV/Recognizing-sign-language-at-the-word-level/data/datasets/WLASL/branch_inputs/skeleton/rtmw_l/graph_tensors/selected_27/nslt100/val/49606.npz,wholebody_133,selected_27,"[0, 5, 6, 7, 8, 9, 10, 93, 95, 97, 99, 101, 103, 105, 107, 109, 111, 114, 116, 118, 120, 122, 124, 126, 128, 130, 132]",74,150,133,27,3,1,"[3, 150, 27, 1]",8.509001731872559,"clip_to_[0,288]x[0,384]_then_scale_to_[-1,1]",ok,,
wlasl:50052,50052,50052,secretary,71,val,F:/DMV/Recognizing-sign-language-at-the-word-level/data/datasets/WLASL/pose/rtmw_l/wholebody_133/nslt100/val/50052.npz,F:/DMV/Recognizing-sign-language-at-the-word-level/data/datasets/WLASL/branch_inputs/skeleton/rtmw_l/selected_27/nslt100/val/50052.npz,F:/DMV/Recognizing-sign-language-at-the-word-level/data/datasets/WLASL/branch_inputs/skeleton/rtmw_l/normalized/selected_27/nslt100/val/50052.npz,F:/DMV/Recognizing-sign-language-at-the-word-level/data/datasets/WLASL/branch_inputs/skeleton/rtmw_l/graph_tensors/selected_27/nslt100/val/50052.npz,wholebody_133,selected_27,"[0, 5, 6, 7, 8, 9, 10, 93, 95, 97, 99, 101, 103, 105, 107, 109, 111, 114, 116, 118, 120, 122, 124, 126, 128, 130, 132]",69,150,133,27,3,1,"[3, 150, 27, 1]",8.509001731872559,"clip_to_[0,288]x[0,384]_then_scale_to_[-1,1]",ok,,
wlasl:51067,51067,51067,shirt,46,val,F:/DMV/Recognizing-sign-language-at-the-word-level/data/datasets/WLASL/pose/rtmw_l/wholebody_133/nslt100/val/51067.npz,F:/DMV/Recognizing-sign-language-at-the-word-level/data/datasets/WLASL/branch_inputs/skeleton/rtmw_l/selected_27/nslt100/val/51067.npz,F:/DMV/Recognizing-sign-language-at-the-word-level/data/datasets/WLASL/branch_inputs/skeleton/rtmw_l/normalized/selected_27/nslt100/val/51067.npz,F:/DMV/Recognizing-sign-language-at-the-word-level/data/datasets/WLASL/branch_inputs/skeleton/rtmw_l/graph_tensors/selected_27/nslt100/val/51067.npz,wholebody_133,selected_27,"[0, 5, 6, 7, 8, 9, 10, 93, 95, 97, 99, 101, 103, 105, 107, 109, 111, 114, 116, 118, 120, 122, 124, 126, 128, 130, 132]",43,150,133,27,3,1,"[3, 150, 27, 1]",8.509001731872559,"clip_to_[0,288]x[0,384]_then_scale_to_[-1,1]",ok,,
wlasl:51081,51081,51081,shirt,46,val,F:/DMV/Recognizing-sign-language-at-the-word-level/data/datasets/WLASL/pose/rtmw_l/wholebody_133/nslt100/val/51081.npz,F:/DMV/Recognizing-sign-language-at-the-word-level/data/datasets/WLASL/branch_inputs/skeleton/rtmw_l/selected_27/nslt100/val/51081.npz,F:/DMV/Recognizing-sign-language-at-the-word-level/data/datasets/WLASL/branch_inputs/skeleton/rtmw_l/normalized/selected_27/nslt100/val/51081.npz,F:/DMV/Recognizing-sign-language-at-the-word-level/data/datasets/WLASL/branch_inputs/skeleton/rtmw_l/graph_tensors/selected_27/nslt100/val/51081.npz,wholebody_133,selected_27,"[0, 5, 6, 7, 8, 9, 10, 93, 95, 97, 99, 101, 103, 105, 107, 109, 111, 114, 116, 118, 120, 122, 124, 126, 128, 130, 132]",67,150,133,27,3,1,"[3, 150, 27, 1]",8.509001731872559,"clip_to_[0,288]x[0,384]_then_scale_to_[-1,1]",ok,,
wlasl:51220,51220,51220,short,72,val,F:/DMV/Recognizing-sign-language-at-the-word-level/data/datasets/WLASL/pose/rtmw_l/wholebody_133/nslt100/val/51220.npz,F:/DMV/Recognizing-sign-language-at-the-word-level/data/datasets/WLASL/branch_inputs/skeleton/rtmw_l/selected_27/nslt100/val/51220.npz,F:/DMV/Recognizing-sign-language-at-the-word-level/data/datasets/WLASL/branch_inputs/skeleton/rtmw_l/normalized/selected_27/nslt100/val/51220.npz,F:/DMV/Recognizing-sign-language-at-the-word-level/data/datasets/WLASL/branch_inputs/skeleton/rtmw_l/graph_tensors/selected_27/nslt100/val/51220.npz,wholebody_133,selected_27,"[0, 5, 6, 7, 8, 9, 10, 93, 95, 97, 99, 101, 103, 105, 107, 109, 111, 114, 116, 118, 120, 122, 124, 126, 128, 130, 132]",69,150,133,27,3,1,"[3, 150, 27, 1]",8.509001731872559,"clip_to_[0,288]x[0,384]_then_scale_to_[-1,1]",ok,,end_frame_clipped_to_video_end
wlasl:51224,51224,51224,short,72,val,F:/DMV/Recognizing-sign-language-at-the-word-level/data/datasets/WLASL/pose/rtmw_l/wholebody_133/nslt100/val/51224.npz,F:/DMV/Recognizing-sign-language-at-the-word-level/data/datasets/WLASL/branch_inputs/skeleton/rtmw_l/selected_27/nslt100/val/51224.npz,F:/DMV/Recognizing-sign-language-at-the-word-level/data/datasets/WLASL/branch_inputs/skeleton/rtmw_l/normalized/selected_27/nslt100/val/51224.npz,F:/DMV/Recognizing-sign-language-at-the-word-level/data/datasets/WLASL/branch_inputs/skeleton/rtmw_l/graph_tensors/selected_27/nslt100/val/51224.npz,wholebody_133,selected_27,"[0, 5, 6, 7, 8, 9, 10, 93, 95, 97, 99, 101, 103, 105, 107, 109, 111, 114, 116, 118, 120, 122, 124, 126, 128, 130, 132]",29,150,133,27,3,1,"[3, 150, 27, 1]",8.509001731872559,"clip_to_[0,288]x[0,384]_then_scale_to_[-1,1]",ok,,end_frame_clipped_to_video_end
wlasl:51227,51227,51227,short,72,val,F:/DMV/Recognizing-sign-language-at-the-word-level/data/datasets/WLASL/pose/rtmw_l/wholebody_133/nslt100/val/51227.npz,F:/DMV/Recognizing-sign-language-at-the-word-level/data/datasets/WLASL/branch_inputs/skeleton/rtmw_l/selected_27/nslt100/val/51227.npz,F:/DMV/Recognizing-sign-language-at-the-word-level/data/datasets/WLASL/branch_inputs/skeleton/rtmw_l/normalized/selected_27/nslt100/val/51227.npz,F:/DMV/Recognizing-sign-language-at-the-word-level/data/datasets/WLASL/branch_inputs/skeleton/rtmw_l/graph_tensors/selected_27/nslt100/val/51227.npz,wholebody_133,selected_27,"[0, 5, 6, 7, 8, 9, 10, 93, 95, 97, 99, 101, 103, 105, 107, 109, 111, 114, 116, 118, 120, 122, 124, 126, 128, 130, 132]",87,150,133,27,3,1,"[3, 150, 27, 1]",8.509001731872559,"clip_to_[0,288]x[0,384]_then_scale_to_[-1,1]",ok,,
wlasl:05232,5232,5232,basketball,77,val,F:/DMV/Recognizing-sign-language-at-the-word-level/data/datasets/WLASL/pose/rtmw_l/wholebody_133/nslt100/val/5232.npz,F:/DMV/Recognizing-sign-language-at-the-word-level/data/datasets/WLASL/branch_inputs/skeleton/rtmw_l/selected_27/nslt100/val/5232.npz,F:/DMV/Recognizing-sign-language-at-the-word-level/data/datasets/WLASL/branch_inputs/skeleton/rtmw_l/normalized/selected_27/nslt100/val/5232.npz,F:/DMV/Recognizing-sign-language-at-the-word-level/data/datasets/WLASL/branch_inputs/skeleton/rtmw_l/graph_tensors/selected_27/nslt100/val/5232.npz,wholebody_133,selected_27,"[0, 5, 6, 7, 8, 9, 10, 93, 95, 97, 99, 101, 103, 105, 107, 109, 111, 114, 116, 118, 120, 122, 124, 126, 128, 130, 132]",30,150,133,27,3,1,"[3, 150, 27, 1]",8.509001731872559,"clip_to_[0,288]x[0,384]_then_scale_to_[-1,1]",ok,,end_frame_clipped_to_video_end
wlasl:05239,5239,5239,basketball,77,val,F:/DMV/Recognizing-sign-language-at-the-word-level/data/datasets/WLASL/pose/rtmw_l/wholebody_133/nslt100/val/5239.npz,F:/DMV/Recognizing-sign-language-at-the-word-level/data/datasets/WLASL/branch_inputs/skeleton/rtmw_l/selected_27/nslt100/val/5239.npz,F:/DMV/Recognizing-sign-language-at-the-word-level/data/datasets/WLASL/branch_inputs/skeleton/rtmw_l/normalized/selected_27/nslt100/val/5239.npz,F:/DMV/Recognizing-sign-language-at-the-word-level/data/datasets/WLASL/branch_inputs/skeleton/rtmw_l/graph_tensors/selected_27/nslt100/val/5239.npz,wholebody_133,selected_27,"[0, 5, 6, 7, 8, 9, 10, 93, 95, 97, 99, 101, 103, 105, 107, 109, 111, 114, 116, 118, 120, 122, 124, 126, 128, 130, 132]",42,150,133,27,3,1,"[3, 150, 27, 1]",8.509001731872559,"clip_to_[0,288]x[0,384]_then_scale_to_[-1,1]",ok,,
wlasl:53269,53269,53269,son,97,val,F:/DMV/Recognizing-sign-language-at-the-word-level/data/datasets/WLASL/pose/rtmw_l/wholebody_133/nslt100/val/53269.npz,F:/DMV/Recognizing-sign-language-at-the-word-level/data/datasets/WLASL/branch_inputs/skeleton/rtmw_l/selected_27/nslt100/val/53269.npz,F:/DMV/Recognizing-sign-language-at-the-word-level/data/datasets/WLASL/branch_inputs/skeleton/rtmw_l/normalized/selected_27/nslt100/val/53269.npz,F:/DMV/Recognizing-sign-language-at-the-word-level/data/datasets/WLASL/branch_inputs/skeleton/rtmw_l/graph_tensors/selected_27/nslt100/val/53269.npz,wholebody_133,selected_27,"[0, 5, 6, 7, 8, 9, 10, 93, 95, 97, 99, 101, 103, 105, 107, 109, 111, 114, 116, 118, 120, 122, 124, 126, 128, 130, 132]",58,150,133,27,3,1,"[3, 150, 27, 1]",8.509001731872559,"clip_to_[0,288]x[0,384]_then_scale_to_[-1,1]",ok,,
wlasl:53274,53274,53274,son,97,val,F:/DMV/Recognizing-sign-language-at-the-word-level/data/datasets/WLASL/pose/rtmw_l/wholebody_133/nslt100/val/53274.npz,F:/DMV/Recognizing-sign-language-at-the-word-level/data/datasets/WLASL/branch_inputs/skeleton/rtmw_l/selected_27/nslt100/val/53274.npz,F:/DMV/Recognizing-sign-language-at-the-word-level/data/datasets/WLASL/branch_inputs/skeleton/rtmw_l/normalized/selected_27/nslt100/val/53274.npz,F:/DMV/Recognizing-sign-language-at-the-word-level/data/datasets/WLASL/branch_inputs/skeleton/rtmw_l/graph_tensors/selected_27/nslt100/val/53274.npz,wholebody_133,selected_27,"[0, 5, 6, 7, 8, 9, 10, 93, 95, 97, 99, 101, 103, 105, 107, 109, 111, 114, 116, 118, 120, 122, 124, 126, 128, 130, 132]",30,150,133,27,3,1,"[3, 150, 27, 1]",8.509001731872559,"clip_to_[0,288]x[0,384]_then_scale_to_[-1,1]",ok,,
wlasl:56840,56840,56840,tall,48,val,F:/DMV/Recognizing-sign-language-at-the-word-level/data/datasets/WLASL/pose/rtmw_l/wholebody_133/nslt100/val/56840.npz,F:/DMV/Recognizing-sign-language-at-the-word-level/data/datasets/WLASL/branch_inputs/skeleton/rtmw_l/selected_27/nslt100/val/56840.npz,F:/DMV/Recognizing-sign-language-at-the-word-level/data/datasets/WLASL/branch_inputs/skeleton/rtmw_l/normalized/selected_27/nslt100/val/56840.npz,F:/DMV/Recognizing-sign-language-at-the-word-level/data/datasets/WLASL/branch_inputs/skeleton/rtmw_l/graph_tensors/selected_27/nslt100/val/56840.npz,wholebody_133,selected_27,"[0, 5, 6, 7, 8, 9, 10, 93, 95, 97, 99, 101, 103, 105, 107, 109, 111, 114, 116, 118, 120, 122, 124, 126, 128, 130, 132]",28,150,133,27,3,1,"[3, 150, 27, 1]",8.509001731872559,"clip_to_[0,288]x[0,384]_then_scale_to_[-1,1]",ok,,end_frame_clipped_to_video_end
wlasl:57282,57282,57282,tell,98,val,F:/DMV/Recognizing-sign-language-at-the-word-level/data/datasets/WLASL/pose/rtmw_l/wholebody_133/nslt100/val/57282.npz,F:/DMV/Recognizing-sign-language-at-the-word-level/data/datasets/WLASL/branch_inputs/skeleton/rtmw_l/selected_27/nslt100/val/57282.npz,F:/DMV/Recognizing-sign-language-at-the-word-level/data/datasets/WLASL/branch_inputs/skeleton/rtmw_l/normalized/selected_27/nslt100/val/57282.npz,F:/DMV/Recognizing-sign-language-at-the-word-level/data/datasets/WLASL/branch_inputs/skeleton/rtmw_l/graph_tensors/selected_27/nslt100/val/57282.npz,wholebody_133,selected_27,"[0, 5, 6, 7, 8, 9, 10, 93, 95, 97, 99, 101, 103, 105, 107, 109, 111, 114, 116, 118, 120, 122, 124, 126, 128, 130, 132]",38,150,133,27,3,1,"[3, 150, 27, 1]",8.509001731872559,"clip_to_[0,288]x[0,384]_then_scale_to_[-1,1]",ok,,
wlasl:57285,57285,57285,tell,98,val,F:/DMV/Recognizing-sign-language-at-the-word-level/data/datasets/WLASL/pose/rtmw_l/wholebody_133/nslt100/val/57285.npz,F:/DMV/Recognizing-sign-language-at-the-word-level/data/datasets/WLASL/branch_inputs/skeleton/rtmw_l/selected_27/nslt100/val/57285.npz,F:/DMV/Recognizing-sign-language-at-the-word-level/data/datasets/WLASL/branch_inputs/skeleton/rtmw_l/normalized/selected_27/nslt100/val/57285.npz,F:/DMV/Recognizing-sign-language-at-the-word-level/data/datasets/WLASL/branch_inputs/skeleton/rtmw_l/graph_tensors/selected_27/nslt100/val/57285.npz,wholebody_133,selected_27,"[0, 5, 6, 7, 8, 9, 10, 93, 95, 97, 99, 101, 103, 105, 107, 109, 111, 114, 116, 118, 120, 122, 124, 126, 128, 130, 132]",37,150,133,27,3,1,"[3, 150, 27, 1]",8.509001731872559,"clip_to_[0,288]x[0,384]_then_scale_to_[-1,1]",ok,,
wlasl:05750,5750,5750,before,3,val,F:/DMV/Recognizing-sign-language-at-the-word-level/data/datasets/WLASL/pose/rtmw_l/wholebody_133/nslt100/val/5750.npz,F:/DMV/Recognizing-sign-language-at-the-word-level/data/datasets/WLASL/branch_inputs/skeleton/rtmw_l/selected_27/nslt100/val/5750.npz,F:/DMV/Recognizing-sign-language-at-the-word-level/data/datasets/WLASL/branch_inputs/skeleton/rtmw_l/normalized/selected_27/nslt100/val/5750.npz,F:/DMV/Recognizing-sign-language-at-the-word-level/data/datasets/WLASL/branch_inputs/skeleton/rtmw_l/graph_tensors/selected_27/nslt100/val/5750.npz,wholebody_133,selected_27,"[0, 5, 6, 7, 8, 9, 10, 93, 95, 97, 99, 101, 103, 105, 107, 109, 111, 114, 116, 118, 120, 122, 124, 126, 128, 130, 132]",85,150,133,27,3,1,"[3, 150, 27, 1]",8.509001731872559,"clip_to_[0,288]x[0,384]_then_scale_to_[-1,1]",ok,,
wlasl:57628,57628,57628,thanksgiving,29,val,F:/DMV/Recognizing-sign-language-at-the-word-level/data/datasets/WLASL/pose/rtmw_l/wholebody_133/nslt100/val/57628.npz,F:/DMV/Recognizing-sign-language-at-the-word-level/data/datasets/WLASL/branch_inputs/skeleton/rtmw_l/selected_27/nslt100/val/57628.npz,F:/DMV/Recognizing-sign-language-at-the-word-level/data/datasets/WLASL/branch_inputs/skeleton/rtmw_l/normalized/selected_27/nslt100/val/57628.npz,F:/DMV/Recognizing-sign-language-at-the-word-level/data/datasets/WLASL/branch_inputs/skeleton/rtmw_l/graph_tensors/selected_27/nslt100/val/57628.npz,wholebody_133,selected_27,"[0, 5, 6, 7, 8, 9, 10, 93, 95, 97, 99, 101, 103, 105, 107, 109, 111, 114, 116, 118, 120, 122, 124, 126, 128, 130, 132]",194,150,133,27,3,1,"[3, 150, 27, 1]",8.509001731872559,"clip_to_[0,288]x[0,384]_then_scale_to_[-1,1]",ok,,end_frame_clipped_to_video_end
wlasl:57629,57629,57629,thanksgiving,29,val,F:/DMV/Recognizing-sign-language-at-the-word-level/data/datasets/WLASL/pose/rtmw_l/wholebody_133/nslt100/val/57629.npz,F:/DMV/Recognizing-sign-language-at-the-word-level/data/datasets/WLASL/branch_inputs/skeleton/rtmw_l/selected_27/nslt100/val/57629.npz,F:/DMV/Recognizing-sign-language-at-the-word-level/data/datasets/WLASL/branch_inputs/skeleton/rtmw_l/normalized/selected_27/nslt100/val/57629.npz,F:/DMV/Recognizing-sign-language-at-the-word-level/data/datasets/WLASL/branch_inputs/skeleton/rtmw_l/graph_tensors/selected_27/nslt100/val/57629.npz,wholebody_133,selected_27,"[0, 5, 6, 7, 8, 9, 10, 93, 95, 97, 99, 101, 103, 105, 107, 109, 111, 114, 116, 118, 120, 122, 124, 126, 128, 130, 132]",71,150,133,27,3,1,"[3, 150, 27, 1]",8.509001731872559,"clip_to_[0,288]x[0,384]_then_scale_to_[-1,1]",ok,,end_frame_clipped_to_video_end
wlasl:57639,57639,57639,thanksgiving,29,val,F:/DMV/Recognizing-sign-language-at-the-word-level/data/datasets/WLASL/pose/rtmw_l/wholebody_133/nslt100/val/57639.npz,F:/DMV/Recognizing-sign-language-at-the-word-level/data/datasets/WLASL/branch_inputs/skeleton/rtmw_l/selected_27/nslt100/val/57639.npz,F:/DMV/Recognizing-sign-language-at-the-word-level/data/datasets/WLASL/branch_inputs/skeleton/rtmw_l/normalized/selected_27/nslt100/val/57639.npz,F:/DMV/Recognizing-sign-language-at-the-word-level/data/datasets/WLASL/branch_inputs/skeleton/rtmw_l/graph_tensors/selected_27/nslt100/val/57639.npz,wholebody_133,selected_27,"[0, 5, 6, 7, 8, 9, 10, 93, 95, 97, 99, 101, 103, 105, 107, 109, 111, 114, 116, 118, 120, 122, 124, 126, 128, 130, 132]",52,150,133,27,3,1,"[3, 150, 27, 1]",8.509001731872559,"clip_to_[0,288]x[0,384]_then_scale_to_[-1,1]",ok,,
wlasl:57933,57933,57933,thin,14,val,F:/DMV/Recognizing-sign-language-at-the-word-level/data/datasets/WLASL/pose/rtmw_l/wholebody_133/nslt100/val/57933.npz,F:/DMV/Recognizing-sign-language-at-the-word-level/data/datasets/WLASL/branch_inputs/skeleton/rtmw_l/selected_27/nslt100/val/57933.npz,F:/DMV/Recognizing-sign-language-at-the-word-level/data/datasets/WLASL/branch_inputs/skeleton/rtmw_l/normalized/selected_27/nslt100/val/57933.npz,F:/DMV/Recognizing-sign-language-at-the-word-level/data/datasets/WLASL/branch_inputs/skeleton/rtmw_l/graph_tensors/selected_27/nslt100/val/57933.npz,wholebody_133,selected_27,"[0, 5, 6, 7, 8, 9, 10, 93, 95, 97, 99, 101, 103, 105, 107, 109, 111, 114, 116, 118, 120, 122, 124, 126, 128, 130, 132]",77,150,133,27,3,1,"[3, 150, 27, 1]",8.509001731872559,"clip_to_[0,288]x[0,384]_then_scale_to_[-1,1]",ok,,
wlasl:57948,57948,57948,thin,14,val,F:/DMV/Recognizing-sign-language-at-the-word-level/data/datasets/WLASL/pose/rtmw_l/wholebody_133/nslt100/val/57948.npz,F:/DMV/Recognizing-sign-language-at-the-word-level/data/datasets/WLASL/branch_inputs/skeleton/rtmw_l/selected_27/nslt100/val/57948.npz,F:/DMV/Recognizing-sign-language-at-the-word-level/data/datasets/WLASL/branch_inputs/skeleton/rtmw_l/normalized/selected_27/nslt100/val/57948.npz,F:/DMV/Recognizing-sign-language-at-the-word-level/data/datasets/WLASL/branch_inputs/skeleton/rtmw_l/graph_tensors/selected_27/nslt100/val/57948.npz,wholebody_133,selected_27,"[0, 5, 6, 7, 8, 9, 10, 93, 95, 97, 99, 101, 103, 105, 107, 109, 111, 114, 116, 118, 120, 122, 124, 126, 128, 130, 132]",46,150,133,27,3,1,"[3, 150, 27, 1]",8.509001731872559,"clip_to_[0,288]x[0,384]_then_scale_to_[-1,1]",ok,,
wlasl:58365,58365,58365,thursday,99,val,F:/DMV/Recognizing-sign-language-at-the-word-level/data/datasets/WLASL/pose/rtmw_l/wholebody_133/nslt100/val/58365.npz,F:/DMV/Recognizing-sign-language-at-the-word-level/data/datasets/WLASL/branch_inputs/skeleton/rtmw_l/selected_27/nslt100/val/58365.npz,F:/DMV/Recognizing-sign-language-at-the-word-level/data/datasets/WLASL/branch_inputs/skeleton/rtmw_l/normalized/selected_27/nslt100/val/58365.npz,F:/DMV/Recognizing-sign-language-at-the-word-level/data/datasets/WLASL/branch_inputs/skeleton/rtmw_l/graph_tensors/selected_27/nslt100/val/58365.npz,wholebody_133,selected_27,"[0, 5, 6, 7, 8, 9, 10, 93, 95, 97, 99, 101, 103, 105, 107, 109, 111, 114, 116, 118, 120, 122, 124, 126, 128, 130, 132]",59,150,133,27,3,1,"[3, 150, 27, 1]",8.509001731872559,"clip_to_[0,288]x[0,384]_then_scale_to_[-1,1]",ok,,
wlasl:58370,58370,58370,thursday,99,val,F:/DMV/Recognizing-sign-language-at-the-word-level/data/datasets/WLASL/pose/rtmw_l/wholebody_133/nslt100/val/58370.npz,F:/DMV/Recognizing-sign-language-at-the-word-level/data/datasets/WLASL/branch_inputs/skeleton/rtmw_l/selected_27/nslt100/val/58370.npz,F:/DMV/Recognizing-sign-language-at-the-word-level/data/datasets/WLASL/branch_inputs/skeleton/rtmw_l/normalized/selected_27/nslt100/val/58370.npz,F:/DMV/Recognizing-sign-language-at-the-word-level/data/datasets/WLASL/branch_inputs/skeleton/rtmw_l/graph_tensors/selected_27/nslt100/val/58370.npz,wholebody_133,selected_27,"[0, 5, 6, 7, 8, 9, 10, 93, 95, 97, 99, 101, 103, 105, 107, 109, 111, 114, 116, 118, 120, 122, 124, 126, 128, 130, 132]",61,150,133,27,3,1,"[3, 150, 27, 1]",8.509001731872559,"clip_to_[0,288]x[0,384]_then_scale_to_[-1,1]",ok,,
wlasl:58497,58497,58497,time,73,val,F:/DMV/Recognizing-sign-language-at-the-word-level/data/datasets/WLASL/pose/rtmw_l/wholebody_133/nslt100/val/58497.npz,F:/DMV/Recognizing-sign-language-at-the-word-level/data/datasets/WLASL/branch_inputs/skeleton/rtmw_l/selected_27/nslt100/val/58497.npz,F:/DMV/Recognizing-sign-language-at-the-word-level/data/datasets/WLASL/branch_inputs/skeleton/rtmw_l/normalized/selected_27/nslt100/val/58497.npz,F:/DMV/Recognizing-sign-language-at-the-word-level/data/datasets/WLASL/branch_inputs/skeleton/rtmw_l/graph_tensors/selected_27/nslt100/val/58497.npz,wholebody_133,selected_27,"[0, 5, 6, 7, 8, 9, 10, 93, 95, 97, 99, 101, 103, 105, 107, 109, 111, 114, 116, 118, 120, 122, 124, 126, 128, 130, 132]",97,150,133,27,3,1,"[3, 150, 27, 1]",8.509001731872559,"clip_to_[0,288]x[0,384]_then_scale_to_[-1,1]",ok,,
wlasl:62158,62158,62158,walk,15,val,F:/DMV/Recognizing-sign-language-at-the-word-level/data/datasets/WLASL/pose/rtmw_l/wholebody_133/nslt100/val/62158.npz,F:/DMV/Recognizing-sign-language-at-the-word-level/data/datasets/WLASL/branch_inputs/skeleton/rtmw_l/selected_27/nslt100/val/62158.npz,F:/DMV/Recognizing-sign-language-at-the-word-level/data/datasets/WLASL/branch_inputs/skeleton/rtmw_l/normalized/selected_27/nslt100/val/62158.npz,F:/DMV/Recognizing-sign-language-at-the-word-level/data/datasets/WLASL/branch_inputs/skeleton/rtmw_l/graph_tensors/selected_27/nslt100/val/62158.npz,wholebody_133,selected_27,"[0, 5, 6, 7, 8, 9, 10, 93, 95, 97, 99, 101, 103, 105, 107, 109, 111, 114, 116, 118, 120, 122, 124, 126, 128, 130, 132]",80,150,133,27,3,1,"[3, 150, 27, 1]",8.509001731872559,"clip_to_[0,288]x[0,384]_then_scale_to_[-1,1]",ok,,
wlasl:62244,62244,62244,want,74,val,F:/DMV/Recognizing-sign-language-at-the-word-level/data/datasets/WLASL/pose/rtmw_l/wholebody_133/nslt100/val/62244.npz,F:/DMV/Recognizing-sign-language-at-the-word-level/data/datasets/WLASL/branch_inputs/skeleton/rtmw_l/selected_27/nslt100/val/62244.npz,F:/DMV/Recognizing-sign-language-at-the-word-level/data/datasets/WLASL/branch_inputs/skeleton/rtmw_l/normalized/selected_27/nslt100/val/62244.npz,F:/DMV/Recognizing-sign-language-at-the-word-level/data/datasets/WLASL/branch_inputs/skeleton/rtmw_l/graph_tensors/selected_27/nslt100/val/62244.npz,wholebody_133,selected_27,"[0, 5, 6, 7, 8, 9, 10, 93, 95, 97, 99, 101, 103, 105, 107, 109, 111, 114, 116, 118, 120, 122, 124, 126, 128, 130, 132]",70,150,133,27,3,1,"[3, 150, 27, 1]",8.509001731872559,"clip_to_[0,288]x[0,384]_then_scale_to_[-1,1]",ok,,
wlasl:00626,626,626,accident,51,val,F:/DMV/Recognizing-sign-language-at-the-word-level/data/datasets/WLASL/pose/rtmw_l/wholebody_133/nslt100/val/626.npz,F:/DMV/Recognizing-sign-language-at-the-word-level/data/datasets/WLASL/branch_inputs/skeleton/rtmw_l/selected_27/nslt100/val/626.npz,F:/DMV/Recognizing-sign-language-at-the-word-level/data/datasets/WLASL/branch_inputs/skeleton/rtmw_l/normalized/selected_27/nslt100/val/626.npz,F:/DMV/Recognizing-sign-language-at-the-word-level/data/datasets/WLASL/branch_inputs/skeleton/rtmw_l/graph_tensors/selected_27/nslt100/val/626.npz,wholebody_133,selected_27,"[0, 5, 6, 7, 8, 9, 10, 93, 95, 97, 99, 101, 103, 105, 107, 109, 111, 114, 116, 118, 120, 122, 124, 126, 128, 130, 132]",43,150,133,27,3,1,"[3, 150, 27, 1]",8.509001731872559,"clip_to_[0,288]x[0,384]_then_scale_to_[-1,1]",ok,,end_frame_clipped_to_video_end
wlasl:00627,627,627,accident,51,val,F:/DMV/Recognizing-sign-language-at-the-word-level/data/datasets/WLASL/pose/rtmw_l/wholebody_133/nslt100/val/627.npz,F:/DMV/Recognizing-sign-language-at-the-word-level/data/datasets/WLASL/branch_inputs/skeleton/rtmw_l/selected_27/nslt100/val/627.npz,F:/DMV/Recognizing-sign-language-at-the-word-level/data/datasets/WLASL/branch_inputs/skeleton/rtmw_l/normalized/selected_27/nslt100/val/627.npz,F:/DMV/Recognizing-sign-language-at-the-word-level/data/datasets/WLASL/branch_inputs/skeleton/rtmw_l/graph_tensors/selected_27/nslt100/val/627.npz,wholebody_133,selected_27,"[0, 5, 6, 7, 8, 9, 10, 93, 95, 97, 99, 101, 103, 105, 107, 109, 111, 114, 116, 118, 120, 122, 124, 126, 128, 130, 132]",28,150,133,27,3,1,"[3, 150, 27, 1]",8.509001731872559,"clip_to_[0,288]x[0,384]_then_scale_to_[-1,1]",ok,,
wlasl:62965,62965,62965,what,30,val,F:/DMV/Recognizing-sign-language-at-the-word-level/data/datasets/WLASL/pose/rtmw_l/wholebody_133/nslt100/val/62965.npz,F:/DMV/Recognizing-sign-language-at-the-word-level/data/datasets/WLASL/branch_inputs/skeleton/rtmw_l/selected_27/nslt100/val/62965.npz,F:/DMV/Recognizing-sign-language-at-the-word-level/data/datasets/WLASL/branch_inputs/skeleton/rtmw_l/normalized/selected_27/nslt100/val/62965.npz,F:/DMV/Recognizing-sign-language-at-the-word-level/data/datasets/WLASL/branch_inputs/skeleton/rtmw_l/graph_tensors/selected_27/nslt100/val/62965.npz,wholebody_133,selected_27,"[0, 5, 6, 7, 8, 9, 10, 93, 95, 97, 99, 101, 103, 105, 107, 109, 111, 114, 116, 118, 120, 122, 124, 126, 128, 130, 132]",63,150,133,27,3,1,"[3, 150, 27, 1]",8.509001731872559,"clip_to_[0,288]x[0,384]_then_scale_to_[-1,1]",ok,,
wlasl:62988,62988,62988,what,30,val,F:/DMV/Recognizing-sign-language-at-the-word-level/data/datasets/WLASL/pose/rtmw_l/wholebody_133/nslt100/val/62988.npz,F:/DMV/Recognizing-sign-language-at-the-word-level/data/datasets/WLASL/branch_inputs/skeleton/rtmw_l/selected_27/nslt100/val/62988.npz,F:/DMV/Recognizing-sign-language-at-the-word-level/data/datasets/WLASL/branch_inputs/skeleton/rtmw_l/normalized/selected_27/nslt100/val/62988.npz,F:/DMV/Recognizing-sign-language-at-the-word-level/data/datasets/WLASL/branch_inputs/skeleton/rtmw_l/graph_tensors/selected_27/nslt100/val/62988.npz,wholebody_133,selected_27,"[0, 5, 6, 7, 8, 9, 10, 93, 95, 97, 99, 101, 103, 105, 107, 109, 111, 114, 116, 118, 120, 122, 124, 126, 128, 130, 132]",74,150,133,27,3,1,"[3, 150, 27, 1]",8.509001731872559,"clip_to_[0,288]x[0,384]_then_scale_to_[-1,1]",ok,,
wlasl:63229,63229,63229,who,7,val,F:/DMV/Recognizing-sign-language-at-the-word-level/data/datasets/WLASL/pose/rtmw_l/wholebody_133/nslt100/val/63229.npz,F:/DMV/Recognizing-sign-language-at-the-word-level/data/datasets/WLASL/branch_inputs/skeleton/rtmw_l/selected_27/nslt100/val/63229.npz,F:/DMV/Recognizing-sign-language-at-the-word-level/data/datasets/WLASL/branch_inputs/skeleton/rtmw_l/normalized/selected_27/nslt100/val/63229.npz,F:/DMV/Recognizing-sign-language-at-the-word-level/data/datasets/WLASL/branch_inputs/skeleton/rtmw_l/graph_tensors/selected_27/nslt100/val/63229.npz,wholebody_133,selected_27,"[0, 5, 6, 7, 8, 9, 10, 93, 95, 97, 99, 101, 103, 105, 107, 109, 111, 114, 116, 118, 120, 122, 124, 126, 128, 130, 132]",46,150,133,27,3,1,"[3, 150, 27, 1]",8.509001731872559,"clip_to_[0,288]x[0,384]_then_scale_to_[-1,1]",ok,,end_frame_clipped_to_video_end
wlasl:63230,63230,63230,who,7,val,F:/DMV/Recognizing-sign-language-at-the-word-level/data/datasets/WLASL/pose/rtmw_l/wholebody_133/nslt100/val/63230.npz,F:/DMV/Recognizing-sign-language-at-the-word-level/data/datasets/WLASL/branch_inputs/skeleton/rtmw_l/selected_27/nslt100/val/63230.npz,F:/DMV/Recognizing-sign-language-at-the-word-level/data/datasets/WLASL/branch_inputs/skeleton/rtmw_l/normalized/selected_27/nslt100/val/63230.npz,F:/DMV/Recognizing-sign-language-at-the-word-level/data/datasets/WLASL/branch_inputs/skeleton/rtmw_l/graph_tensors/selected_27/nslt100/val/63230.npz,wholebody_133,selected_27,"[0, 5, 6, 7, 8, 9, 10, 93, 95, 97, 99, 101, 103, 105, 107, 109, 111, 114, 116, 118, 120, 122, 124, 126, 128, 130, 132]",53,150,133,27,3,1,"[3, 150, 27, 1]",8.509001731872559,"clip_to_[0,288]x[0,384]_then_scale_to_[-1,1]",ok,,
wlasl:63237,63237,63237,who,7,val,F:/DMV/Recognizing-sign-language-at-the-word-level/data/datasets/WLASL/pose/rtmw_l/wholebody_133/nslt100/val/63237.npz,F:/DMV/Recognizing-sign-language-at-the-word-level/data/datasets/WLASL/branch_inputs/skeleton/rtmw_l/selected_27/nslt100/val/63237.npz,F:/DMV/Recognizing-sign-language-at-the-word-level/data/datasets/WLASL/branch_inputs/skeleton/rtmw_l/normalized/selected_27/nslt100/val/63237.npz,F:/DMV/Recognizing-sign-language-at-the-word-level/data/datasets/WLASL/branch_inputs/skeleton/rtmw_l/graph_tensors/selected_27/nslt100/val/63237.npz,wholebody_133,selected_27,"[0, 5, 6, 7, 8, 9, 10, 93, 95, 97, 99, 101, 103, 105, 107, 109, 111, 114, 116, 118, 120, 122, 124, 126, 128, 130, 132]",39,150,133,27,3,1,"[3, 150, 27, 1]",8.509001731872559,"clip_to_[0,288]x[0,384]_then_scale_to_[-1,1]",ok,,
wlasl:06330,6330,6330,bird,53,val,F:/DMV/Recognizing-sign-language-at-the-word-level/data/datasets/WLASL/pose/rtmw_l/wholebody_133/nslt100/val/6330.npz,F:/DMV/Recognizing-sign-language-at-the-word-level/data/datasets/WLASL/branch_inputs/skeleton/rtmw_l/selected_27/nslt100/val/6330.npz,F:/DMV/Recognizing-sign-language-at-the-word-level/data/datasets/WLASL/branch_inputs/skeleton/rtmw_l/normalized/selected_27/nslt100/val/6330.npz,F:/DMV/Recognizing-sign-language-at-the-word-level/data/datasets/WLASL/branch_inputs/skeleton/rtmw_l/graph_tensors/selected_27/nslt100/val/6330.npz,wholebody_133,selected_27,"[0, 5, 6, 7, 8, 9, 10, 93, 95, 97, 99, 101, 103, 105, 107, 109, 111, 114, 116, 118, 120, 122, 124, 126, 128, 130, 132]",86,150,133,27,3,1,"[3, 150, 27, 1]",8.509001731872559,"clip_to_[0,288]x[0,384]_then_scale_to_[-1,1]",ok,,end_frame_clipped_to_video_end
wlasl:63669,63669,63669,woman,31,val,F:/DMV/Recognizing-sign-language-at-the-word-level/data/datasets/WLASL/pose/rtmw_l/wholebody_133/nslt100/val/63669.npz,F:/DMV/Recognizing-sign-language-at-the-word-level/data/datasets/WLASL/branch_inputs/skeleton/rtmw_l/selected_27/nslt100/val/63669.npz,F:/DMV/Recognizing-sign-language-at-the-word-level/data/datasets/WLASL/branch_inputs/skeleton/rtmw_l/normalized/selected_27/nslt100/val/63669.npz,F:/DMV/Recognizing-sign-language-at-the-word-level/data/datasets/WLASL/branch_inputs/skeleton/rtmw_l/graph_tensors/selected_27/nslt100/val/63669.npz,wholebody_133,selected_27,"[0, 5, 6, 7, 8, 9, 10, 93, 95, 97, 99, 101, 103, 105, 107, 109, 111, 114, 116, 118, 120, 122, 124, 126, 128, 130, 132]",80,150,133,27,3,1,"[3, 150, 27, 1]",8.509001731872559,"clip_to_[0,288]x[0,384]_then_scale_to_[-1,1]",ok,,
wlasl:63788,63788,63788,work,75,val,F:/DMV/Recognizing-sign-language-at-the-word-level/data/datasets/WLASL/pose/rtmw_l/wholebody_133/nslt100/val/63788.npz,F:/DMV/Recognizing-sign-language-at-the-word-level/data/datasets/WLASL/branch_inputs/skeleton/rtmw_l/selected_27/nslt100/val/63788.npz,F:/DMV/Recognizing-sign-language-at-the-word-level/data/datasets/WLASL/branch_inputs/skeleton/rtmw_l/normalized/selected_27/nslt100/val/63788.npz,F:/DMV/Recognizing-sign-language-at-the-word-level/data/datasets/WLASL/branch_inputs/skeleton/rtmw_l/graph_tensors/selected_27/nslt100/val/63788.npz,wholebody_133,selected_27,"[0, 5, 6, 7, 8, 9, 10, 93, 95, 97, 99, 101, 103, 105, 107, 109, 111, 114, 116, 118, 120, 122, 124, 126, 128, 130, 132]",126,150,133,27,3,1,"[3, 150, 27, 1]",8.509001731872559,"clip_to_[0,288]x[0,384]_then_scale_to_[-1,1]",ok,,end_frame_clipped_to_video_end
wlasl:63795,63795,63795,work,75,val,F:/DMV/Recognizing-sign-language-at-the-word-level/data/datasets/WLASL/pose/rtmw_l/wholebody_133/nslt100/val/63795.npz,F:/DMV/Recognizing-sign-language-at-the-word-level/data/datasets/WLASL/branch_inputs/skeleton/rtmw_l/selected_27/nslt100/val/63795.npz,F:/DMV/Recognizing-sign-language-at-the-word-level/data/datasets/WLASL/branch_inputs/skeleton/rtmw_l/normalized/selected_27/nslt100/val/63795.npz,F:/DMV/Recognizing-sign-language-at-the-word-level/data/datasets/WLASL/branch_inputs/skeleton/rtmw_l/graph_tensors/selected_27/nslt100/val/63795.npz,wholebody_133,selected_27,"[0, 5, 6, 7, 8, 9, 10, 93, 95, 97, 99, 101, 103, 105, 107, 109, 111, 114, 116, 118, 120, 122, 124, 126, 128, 130, 132]",34,150,133,27,3,1,"[3, 150, 27, 1]",8.509001731872559,"clip_to_[0,288]x[0,384]_then_scale_to_[-1,1]",ok,,
wlasl:64211,64211,64211,year,16,val,F:/DMV/Recognizing-sign-language-at-the-word-level/data/datasets/WLASL/pose/rtmw_l/wholebody_133/nslt100/val/64211.npz,F:/DMV/Recognizing-sign-language-at-the-word-level/data/datasets/WLASL/branch_inputs/skeleton/rtmw_l/selected_27/nslt100/val/64211.npz,F:/DMV/Recognizing-sign-language-at-the-word-level/data/datasets/WLASL/branch_inputs/skeleton/rtmw_l/normalized/selected_27/nslt100/val/64211.npz,F:/DMV/Recognizing-sign-language-at-the-word-level/data/datasets/WLASL/branch_inputs/skeleton/rtmw_l/graph_tensors/selected_27/nslt100/val/64211.npz,wholebody_133,selected_27,"[0, 5, 6, 7, 8, 9, 10, 93, 95, 97, 99, 101, 103, 105, 107, 109, 111, 114, 116, 118, 120, 122, 124, 126, 128, 130, 132]",44,150,133,27,3,1,"[3, 150, 27, 1]",8.509001731872559,"clip_to_[0,288]x[0,384]_then_scale_to_[-1,1]",ok,,
wlasl:64287,64287,64287,yes,17,val,F:/DMV/Recognizing-sign-language-at-the-word-level/data/datasets/WLASL/pose/rtmw_l/wholebody_133/nslt100/val/64287.npz,F:/DMV/Recognizing-sign-language-at-the-word-level/data/datasets/WLASL/branch_inputs/skeleton/rtmw_l/selected_27/nslt100/val/64287.npz,F:/DMV/Recognizing-sign-language-at-the-word-level/data/datasets/WLASL/branch_inputs/skeleton/rtmw_l/normalized/selected_27/nslt100/val/64287.npz,F:/DMV/Recognizing-sign-language-at-the-word-level/data/datasets/WLASL/branch_inputs/skeleton/rtmw_l/graph_tensors/selected_27/nslt100/val/64287.npz,wholebody_133,selected_27,"[0, 5, 6, 7, 8, 9, 10, 93, 95, 97, 99, 101, 103, 105, 107, 109, 111, 114, 116, 118, 120, 122, 124, 126, 128, 130, 132]",58,150,133,27,3,1,"[3, 150, 27, 1]",8.509001731872559,"clip_to_[0,288]x[0,384]_then_scale_to_[-1,1]",ok,,
wlasl:06476,6476,6476,black,19,val,F:/DMV/Recognizing-sign-language-at-the-word-level/data/datasets/WLASL/pose/rtmw_l/wholebody_133/nslt100/val/6476.npz,F:/DMV/Recognizing-sign-language-at-the-word-level/data/datasets/WLASL/branch_inputs/skeleton/rtmw_l/selected_27/nslt100/val/6476.npz,F:/DMV/Recognizing-sign-language-at-the-word-level/data/datasets/WLASL/branch_inputs/skeleton/rtmw_l/normalized/selected_27/nslt100/val/6476.npz,F:/DMV/Recognizing-sign-language-at-the-word-level/data/datasets/WLASL/branch_inputs/skeleton/rtmw_l/graph_tensors/selected_27/nslt100/val/6476.npz,wholebody_133,selected_27,"[0, 5, 6, 7, 8, 9, 10, 93, 95, 97, 99, 101, 103, 105, 107, 109, 111, 114, 116, 118, 120, 122, 124, 126, 128, 130, 132]",28,150,133,27,3,1,"[3, 150, 27, 1]",8.509001731872559,"clip_to_[0,288]x[0,384]_then_scale_to_[-1,1]",ok,,
wlasl:65086,65086,65086,apple,52,val,F:/DMV/Recognizing-sign-language-at-the-word-level/data/datasets/WLASL/pose/rtmw_l/wholebody_133/nslt100/val/65086.npz,F:/DMV/Recognizing-sign-language-at-the-word-level/data/datasets/WLASL/branch_inputs/skeleton/rtmw_l/selected_27/nslt100/val/65086.npz,F:/DMV/Recognizing-sign-language-at-the-word-level/data/datasets/WLASL/branch_inputs/skeleton/rtmw_l/normalized/selected_27/nslt100/val/65086.npz,F:/DMV/Recognizing-sign-language-at-the-word-level/data/datasets/WLASL/branch_inputs/skeleton/rtmw_l/graph_tensors/selected_27/nslt100/val/65086.npz,wholebody_133,selected_27,"[0, 5, 6, 7, 8, 9, 10, 93, 95, 97, 99, 101, 103, 105, 107, 109, 111, 114, 116, 118, 120, 122, 124, 126, 128, 130, 132]",65,150,133,27,3,1,"[3, 150, 27, 1]",8.509001731872559,"clip_to_[0,288]x[0,384]_then_scale_to_[-1,1]",ok,,
wlasl:65163,65163,65163,bed,32,val,F:/DMV/Recognizing-sign-language-at-the-word-level/data/datasets/WLASL/pose/rtmw_l/wholebody_133/nslt100/val/65163.npz,F:/DMV/Recognizing-sign-language-at-the-word-level/data/datasets/WLASL/branch_inputs/skeleton/rtmw_l/selected_27/nslt100/val/65163.npz,F:/DMV/Recognizing-sign-language-at-the-word-level/data/datasets/WLASL/branch_inputs/skeleton/rtmw_l/normalized/selected_27/nslt100/val/65163.npz,F:/DMV/Recognizing-sign-language-at-the-word-level/data/datasets/WLASL/branch_inputs/skeleton/rtmw_l/graph_tensors/selected_27/nslt100/val/65163.npz,wholebody_133,selected_27,"[0, 5, 6, 7, 8, 9, 10, 93, 95, 97, 99, 101, 103, 105, 107, 109, 111, 114, 116, 118, 120, 122, 124, 126, 128, 130, 132]",52,150,133,27,3,1,"[3, 150, 27, 1]",8.509001731872559,"clip_to_[0,288]x[0,384]_then_scale_to_[-1,1]",ok,,
wlasl:65294,65294,65294,can,35,val,F:/DMV/Recognizing-sign-language-at-the-word-level/data/datasets/WLASL/pose/rtmw_l/wholebody_133/nslt100/val/65294.npz,F:/DMV/Recognizing-sign-language-at-the-word-level/data/datasets/WLASL/branch_inputs/skeleton/rtmw_l/selected_27/nslt100/val/65294.npz,F:/DMV/Recognizing-sign-language-at-the-word-level/data/datasets/WLASL/branch_inputs/skeleton/rtmw_l/normalized/selected_27/nslt100/val/65294.npz,F:/DMV/Recognizing-sign-language-at-the-word-level/data/datasets/WLASL/branch_inputs/skeleton/rtmw_l/graph_tensors/selected_27/nslt100/val/65294.npz,wholebody_133,selected_27,"[0, 5, 6, 7, 8, 9, 10, 93, 95, 97, 99, 101, 103, 105, 107, 109, 111, 114, 116, 118, 120, 122, 124, 126, 128, 130, 132]",52,150,133,27,3,1,"[3, 150, 27, 1]",8.509001731872559,"clip_to_[0,288]x[0,384]_then_scale_to_[-1,1]",ok,,end_frame_clipped_to_video_end
wlasl:65341,65341,65341,cheat,81,val,F:/DMV/Recognizing-sign-language-at-the-word-level/data/datasets/WLASL/pose/rtmw_l/wholebody_133/nslt100/val/65341.npz,F:/DMV/Recognizing-sign-language-at-the-word-level/data/datasets/WLASL/branch_inputs/skeleton/rtmw_l/selected_27/nslt100/val/65341.npz,F:/DMV/Recognizing-sign-language-at-the-word-level/data/datasets/WLASL/branch_inputs/skeleton/rtmw_l/normalized/selected_27/nslt100/val/65341.npz,F:/DMV/Recognizing-sign-language-at-the-word-level/data/datasets/WLASL/branch_inputs/skeleton/rtmw_l/graph_tensors/selected_27/nslt100/val/65341.npz,wholebody_133,selected_27,"[0, 5, 6, 7, 8, 9, 10, 93, 95, 97, 99, 101, 103, 105, 107, 109, 111, 114, 116, 118, 120, 122, 124, 126, 128, 130, 132]",75,150,133,27,3,1,"[3, 150, 27, 1]",8.509001731872559,"clip_to_[0,288]x[0,384]_then_scale_to_[-1,1]",ok,,end_frame_clipped_to_video_end
wlasl:65342,65342,65342,cheat,81,val,F:/DMV/Recognizing-sign-language-at-the-word-level/data/datasets/WLASL/pose/rtmw_l/wholebody_133/nslt100/val/65342.npz,F:/DMV/Recognizing-sign-language-at-the-word-level/data/datasets/WLASL/branch_inputs/skeleton/rtmw_l/selected_27/nslt100/val/65342.npz,F:/DMV/Recognizing-sign-language-at-the-word-level/data/datasets/WLASL/branch_inputs/skeleton/rtmw_l/normalized/selected_27/nslt100/val/65342.npz,F:/DMV/Recognizing-sign-language-at-the-word-level/data/datasets/WLASL/branch_inputs/skeleton/rtmw_l/graph_tensors/selected_27/nslt100/val/65342.npz,wholebody_133,selected_27,"[0, 5, 6, 7, 8, 9, 10, 93, 95, 97, 99, 101, 103, 105, 107, 109, 111, 114, 116, 118, 120, 122, 124, 126, 128, 130, 132]",61,150,133,27,3,1,"[3, 150, 27, 1]",8.509001731872559,"clip_to_[0,288]x[0,384]_then_scale_to_[-1,1]",ok,,end_frame_clipped_to_video_end
wlasl:65402,65402,65402,cool,20,val,F:/DMV/Recognizing-sign-language-at-the-word-level/data/datasets/WLASL/pose/rtmw_l/wholebody_133/nslt100/val/65402.npz,F:/DMV/Recognizing-sign-language-at-the-word-level/data/datasets/WLASL/branch_inputs/skeleton/rtmw_l/selected_27/nslt100/val/65402.npz,F:/DMV/Recognizing-sign-language-at-the-word-level/data/datasets/WLASL/branch_inputs/skeleton/rtmw_l/normalized/selected_27/nslt100/val/65402.npz,F:/DMV/Recognizing-sign-language-at-the-word-level/data/datasets/WLASL/branch_inputs/skeleton/rtmw_l/graph_tensors/selected_27/nslt100/val/65402.npz,wholebody_133,selected_27,"[0, 5, 6, 7, 8, 9, 10, 93, 95, 97, 99, 101, 103, 105, 107, 109, 111, 114, 116, 118, 120, 122, 124, 126, 128, 130, 132]",52,150,133,27,3,1,"[3, 150, 27, 1]",8.509001731872559,"clip_to_[0,288]x[0,384]_then_scale_to_[-1,1]",ok,,end_frame_clipped_to_video_end
wlasl:65792,65792,65792,full,85,val,F:/DMV/Recognizing-sign-language-at-the-word-level/data/datasets/WLASL/pose/rtmw_l/wholebody_133/nslt100/val/65792.npz,F:/DMV/Recognizing-sign-language-at-the-word-level/data/datasets/WLASL/branch_inputs/skeleton/rtmw_l/selected_27/nslt100/val/65792.npz,F:/DMV/Recognizing-sign-language-at-the-word-level/data/datasets/WLASL/branch_inputs/skeleton/rtmw_l/normalized/selected_27/nslt100/val/65792.npz,F:/DMV/Recognizing-sign-language-at-the-word-level/data/datasets/WLASL/branch_inputs/skeleton/rtmw_l/graph_tensors/selected_27/nslt100/val/65792.npz,wholebody_133,selected_27,"[0, 5, 6, 7, 8, 9, 10, 93, 95, 97, 99, 101, 103, 105, 107, 109, 111, 114, 116, 118, 120, 122, 124, 126, 128, 130, 132]",41,150,133,27,3,1,"[3, 150, 27, 1]",8.509001731872559,"clip_to_[0,288]x[0,384]_then_scale_to_[-1,1]",ok,,end_frame_clipped_to_video_end
wlasl:65843,65843,65843,graduate,39,val,F:/DMV/Recognizing-sign-language-at-the-word-level/data/datasets/WLASL/pose/rtmw_l/wholebody_133/nslt100/val/65843.npz,F:/DMV/Recognizing-sign-language-at-the-word-level/data/datasets/WLASL/branch_inputs/skeleton/rtmw_l/selected_27/nslt100/val/65843.npz,F:/DMV/Recognizing-sign-language-at-the-word-level/data/datasets/WLASL/branch_inputs/skeleton/rtmw_l/normalized/selected_27/nslt100/val/65843.npz,F:/DMV/Recognizing-sign-language-at-the-word-level/data/datasets/WLASL/branch_inputs/skeleton/rtmw_l/graph_tensors/selected_27/nslt100/val/65843.npz,wholebody_133,selected_27,"[0, 5, 6, 7, 8, 9, 10, 93, 95, 97, 99, 101, 103, 105, 107, 109, 111, 114, 116, 118, 120, 122, 124, 126, 128, 130, 132]",70,150,133,27,3,1,"[3, 150, 27, 1]",8.509001731872559,"clip_to_[0,288]x[0,384]_then_scale_to_[-1,1]",ok,,end_frame_clipped_to_video_end
wlasl:65891,65891,65891,help,12,val,F:/DMV/Recognizing-sign-language-at-the-word-level/data/datasets/WLASL/pose/rtmw_l/wholebody_133/nslt100/val/65891.npz,F:/DMV/Recognizing-sign-language-at-the-word-level/data/datasets/WLASL/branch_inputs/skeleton/rtmw_l/selected_27/nslt100/val/65891.npz,F:/DMV/Recognizing-sign-language-at-the-word-level/data/datasets/WLASL/branch_inputs/skeleton/rtmw_l/normalized/selected_27/nslt100/val/65891.npz,F:/DMV/Recognizing-sign-language-at-the-word-level/data/datasets/WLASL/branch_inputs/skeleton/rtmw_l/graph_tensors/selected_27/nslt100/val/65891.npz,wholebody_133,selected_27,"[0, 5, 6, 7, 8, 9, 10, 93, 95, 97, 99, 101, 103, 105, 107, 109, 111, 114, 116, 118, 120, 122, 124, 126, 128, 130, 132]",58,150,133,27,3,1,"[3, 150, 27, 1]",8.509001731872559,"clip_to_[0,288]x[0,384]_then_scale_to_[-1,1]",ok,,end_frame_clipped_to_video_end
wlasl:66015,66015,66015,later,44,val,F:/DMV/Recognizing-sign-language-at-the-word-level/data/datasets/WLASL/pose/rtmw_l/wholebody_133/nslt100/val/66015.npz,F:/DMV/Recognizing-sign-language-at-the-word-level/data/datasets/WLASL/branch_inputs/skeleton/rtmw_l/selected_27/nslt100/val/66015.npz,F:/DMV/Recognizing-sign-language-at-the-word-level/data/datasets/WLASL/branch_inputs/skeleton/rtmw_l/normalized/selected_27/nslt100/val/66015.npz,F:/DMV/Recognizing-sign-language-at-the-word-level/data/datasets/WLASL/branch_inputs/skeleton/rtmw_l/graph_tensors/selected_27/nslt100/val/66015.npz,wholebody_133,selected_27,"[0, 5, 6, 7, 8, 9, 10, 93, 95, 97, 99, 101, 103, 105, 107, 109, 111, 114, 116, 118, 120, 122, 124, 126, 128, 130, 132]",48,150,133,27,3,1,"[3, 150, 27, 1]",8.509001731872559,"clip_to_[0,288]x[0,384]_then_scale_to_[-1,1]",ok,,end_frame_clipped_to_video_end
wlasl:66097,66097,66097,man,45,val,F:/DMV/Recognizing-sign-language-at-the-word-level/data/datasets/WLASL/pose/rtmw_l/wholebody_133/nslt100/val/66097.npz,F:/DMV/Recognizing-sign-language-at-the-word-level/data/datasets/WLASL/branch_inputs/skeleton/rtmw_l/selected_27/nslt100/val/66097.npz,F:/DMV/Recognizing-sign-language-at-the-word-level/data/datasets/WLASL/branch_inputs/skeleton/rtmw_l/normalized/selected_27/nslt100/val/66097.npz,F:/DMV/Recognizing-sign-language-at-the-word-level/data/datasets/WLASL/branch_inputs/skeleton/rtmw_l/graph_tensors/selected_27/nslt100/val/66097.npz,wholebody_133,selected_27,"[0, 5, 6, 7, 8, 9, 10, 93, 95, 97, 99, 101, 103, 105, 107, 109, 111, 114, 116, 118, 120, 122, 124, 126, 128, 130, 132]",63,150,133,27,3,1,"[3, 150, 27, 1]",8.509001731872559,"clip_to_[0,288]x[0,384]_then_scale_to_[-1,1]",ok,,end_frame_clipped_to_video_end
wlasl:66112,66112,66112,meet,66,val,F:/DMV/Recognizing-sign-language-at-the-word-level/data/datasets/WLASL/pose/rtmw_l/wholebody_133/nslt100/val/66112.npz,F:/DMV/Recognizing-sign-language-at-the-word-level/data/datasets/WLASL/branch_inputs/skeleton/rtmw_l/selected_27/nslt100/val/66112.npz,F:/DMV/Recognizing-sign-language-at-the-word-level/data/datasets/WLASL/branch_inputs/skeleton/rtmw_l/normalized/selected_27/nslt100/val/66112.npz,F:/DMV/Recognizing-sign-language-at-the-word-level/data/datasets/WLASL/branch_inputs/skeleton/rtmw_l/graph_tensors/selected_27/nslt100/val/66112.npz,wholebody_133,selected_27,"[0, 5, 6, 7, 8, 9, 10, 93, 95, 97, 99, 101, 103, 105, 107, 109, 111, 114, 116, 118, 120, 122, 124, 126, 128, 130, 132]",70,150,133,27,3,1,"[3, 150, 27, 1]",8.509001731872559,"clip_to_[0,288]x[0,384]_then_scale_to_[-1,1]",ok,,end_frame_clipped_to_video_end
wlasl:66591,66591,66591,tall,48,val,F:/DMV/Recognizing-sign-language-at-the-word-level/data/datasets/WLASL/pose/rtmw_l/wholebody_133/nslt100/val/66591.npz,F:/DMV/Recognizing-sign-language-at-the-word-level/data/datasets/WLASL/branch_inputs/skeleton/rtmw_l/selected_27/nslt100/val/66591.npz,F:/DMV/Recognizing-sign-language-at-the-word-level/data/datasets/WLASL/branch_inputs/skeleton/rtmw_l/normalized/selected_27/nslt100/val/66591.npz,F:/DMV/Recognizing-sign-language-at-the-word-level/data/datasets/WLASL/branch_inputs/skeleton/rtmw_l/graph_tensors/selected_27/nslt100/val/66591.npz,wholebody_133,selected_27,"[0, 5, 6, 7, 8, 9, 10, 93, 95, 97, 99, 101, 103, 105, 107, 109, 111, 114, 116, 118, 120, 122, 124, 126, 128, 130, 132]",51,150,133,27,3,1,"[3, 150, 27, 1]",8.509001731872559,"clip_to_[0,288]x[0,384]_then_scale_to_[-1,1]",ok,,end_frame_clipped_to_video_end
wlasl:66607,66607,66607,thin,14,val,F:/DMV/Recognizing-sign-language-at-the-word-level/data/datasets/WLASL/pose/rtmw_l/wholebody_133/nslt100/val/66607.npz,F:/DMV/Recognizing-sign-language-at-the-word-level/data/datasets/WLASL/branch_inputs/skeleton/rtmw_l/selected_27/nslt100/val/66607.npz,F:/DMV/Recognizing-sign-language-at-the-word-level/data/datasets/WLASL/branch_inputs/skeleton/rtmw_l/normalized/selected_27/nslt100/val/66607.npz,F:/DMV/Recognizing-sign-language-at-the-word-level/data/datasets/WLASL/branch_inputs/skeleton/rtmw_l/graph_tensors/selected_27/nslt100/val/66607.npz,wholebody_133,selected_27,"[0, 5, 6, 7, 8, 9, 10, 93, 95, 97, 99, 101, 103, 105, 107, 109, 111, 114, 116, 118, 120, 122, 124, 126, 128, 130, 132]",71,150,133,27,3,1,"[3, 150, 27, 1]",8.509001731872559,"clip_to_[0,288]x[0,384]_then_scale_to_[-1,1]",ok,,end_frame_clipped_to_video_end
wlasl:69213,69213,69213,apple,52,val,F:/DMV/Recognizing-sign-language-at-the-word-level/data/datasets/WLASL/pose/rtmw_l/wholebody_133/nslt100/val/69213.npz,F:/DMV/Recognizing-sign-language-at-the-word-level/data/datasets/WLASL/branch_inputs/skeleton/rtmw_l/selected_27/nslt100/val/69213.npz,F:/DMV/Recognizing-sign-language-at-the-word-level/data/datasets/WLASL/branch_inputs/skeleton/rtmw_l/normalized/selected_27/nslt100/val/69213.npz,F:/DMV/Recognizing-sign-language-at-the-word-level/data/datasets/WLASL/branch_inputs/skeleton/rtmw_l/graph_tensors/selected_27/nslt100/val/69213.npz,wholebody_133,selected_27,"[0, 5, 6, 7, 8, 9, 10, 93, 95, 97, 99, 101, 103, 105, 107, 109, 111, 114, 116, 118, 120, 122, 124, 126, 128, 130, 132]",78,150,133,27,3,1,"[3, 150, 27, 1]",8.509001731872559,"clip_to_[0,288]x[0,384]_then_scale_to_[-1,1]",ok,,
wlasl:69233,69233,69233,bird,53,val,F:/DMV/Recognizing-sign-language-at-the-word-level/data/datasets/WLASL/pose/rtmw_l/wholebody_133/nslt100/val/69233.npz,F:/DMV/Recognizing-sign-language-at-the-word-level/data/datasets/WLASL/branch_inputs/skeleton/rtmw_l/selected_27/nslt100/val/69233.npz,F:/DMV/Recognizing-sign-language-at-the-word-level/data/datasets/WLASL/branch_inputs/skeleton/rtmw_l/normalized/selected_27/nslt100/val/69233.npz,F:/DMV/Recognizing-sign-language-at-the-word-level/data/datasets/WLASL/branch_inputs/skeleton/rtmw_l/graph_tensors/selected_27/nslt100/val/69233.npz,wholebody_133,selected_27,"[0, 5, 6, 7, 8, 9, 10, 93, 95, 97, 99, 101, 103, 105, 107, 109, 111, 114, 116, 118, 120, 122, 124, 126, 128, 130, 132]",72,150,133,27,3,1,"[3, 150, 27, 1]",8.509001731872559,"clip_to_[0,288]x[0,384]_then_scale_to_[-1,1]",ok,,
wlasl:69236,69236,69236,black,19,val,F:/DMV/Recognizing-sign-language-at-the-word-level/data/datasets/WLASL/pose/rtmw_l/wholebody_133/nslt100/val/69236.npz,F:/DMV/Recognizing-sign-language-at-the-word-level/data/datasets/WLASL/branch_inputs/skeleton/rtmw_l/selected_27/nslt100/val/69236.npz,F:/DMV/Recognizing-sign-language-at-the-word-level/data/datasets/WLASL/branch_inputs/skeleton/rtmw_l/normalized/selected_27/nslt100/val/69236.npz,F:/DMV/Recognizing-sign-language-at-the-word-level/data/datasets/WLASL/branch_inputs/skeleton/rtmw_l/graph_tensors/selected_27/nslt100/val/69236.npz,wholebody_133,selected_27,"[0, 5, 6, 7, 8, 9, 10, 93, 95, 97, 99, 101, 103, 105, 107, 109, 111, 114, 116, 118, 120, 122, 124, 126, 128, 130, 132]",54,150,133,27,3,1,"[3, 150, 27, 1]",8.509001731872559,"clip_to_[0,288]x[0,384]_then_scale_to_[-1,1]",ok,,
wlasl:69238,69238,69238,blue,33,val,F:/DMV/Recognizing-sign-language-at-the-word-level/data/datasets/WLASL/pose/rtmw_l/wholebody_133/nslt100/val/69238.npz,F:/DMV/Recognizing-sign-language-at-the-word-level/data/datasets/WLASL/branch_inputs/skeleton/rtmw_l/selected_27/nslt100/val/69238.npz,F:/DMV/Recognizing-sign-language-at-the-word-level/data/datasets/WLASL/branch_inputs/skeleton/rtmw_l/normalized/selected_27/nslt100/val/69238.npz,F:/DMV/Recognizing-sign-language-at-the-word-level/data/datasets/WLASL/branch_inputs/skeleton/rtmw_l/graph_tensors/selected_27/nslt100/val/69238.npz,wholebody_133,selected_27,"[0, 5, 6, 7, 8, 9, 10, 93, 95, 97, 99, 101, 103, 105, 107, 109, 111, 114, 116, 118, 120, 122, 124, 126, 128, 130, 132]",53,150,133,27,3,1,"[3, 150, 27, 1]",8.509001731872559,"clip_to_[0,288]x[0,384]_then_scale_to_[-1,1]",ok,,
wlasl:69274,69274,69274,color,55,val,F:/DMV/Recognizing-sign-language-at-the-word-level/data/datasets/WLASL/pose/rtmw_l/wholebody_133/nslt100/val/69274.npz,F:/DMV/Recognizing-sign-language-at-the-word-level/data/datasets/WLASL/branch_inputs/skeleton/rtmw_l/selected_27/nslt100/val/69274.npz,F:/DMV/Recognizing-sign-language-at-the-word-level/data/datasets/WLASL/branch_inputs/skeleton/rtmw_l/normalized/selected_27/nslt100/val/69274.npz,F:/DMV/Recognizing-sign-language-at-the-word-level/data/datasets/WLASL/branch_inputs/skeleton/rtmw_l/graph_tensors/selected_27/nslt100/val/69274.npz,wholebody_133,selected_27,"[0, 5, 6, 7, 8, 9, 10, 93, 95, 97, 99, 101, 103, 105, 107, 109, 111, 114, 116, 118, 120, 122, 124, 126, 128, 130, 132]",92,150,133,27,3,1,"[3, 150, 27, 1]",8.509001731872559,"clip_to_[0,288]x[0,384]_then_scale_to_[-1,1]",ok,,
wlasl:69302,69302,69302,drink,1,val,F:/DMV/Recognizing-sign-language-at-the-word-level/data/datasets/WLASL/pose/rtmw_l/wholebody_133/nslt100/val/69302.npz,F:/DMV/Recognizing-sign-language-at-the-word-level/data/datasets/WLASL/branch_inputs/skeleton/rtmw_l/selected_27/nslt100/val/69302.npz,F:/DMV/Recognizing-sign-language-at-the-word-level/data/datasets/WLASL/branch_inputs/skeleton/rtmw_l/normalized/selected_27/nslt100/val/69302.npz,F:/DMV/Recognizing-sign-language-at-the-word-level/data/datasets/WLASL/branch_inputs/skeleton/rtmw_l/graph_tensors/selected_27/nslt100/val/69302.npz,wholebody_133,selected_27,"[0, 5, 6, 7, 8, 9, 10, 93, 95, 97, 99, 101, 103, 105, 107, 109, 111, 114, 116, 118, 120, 122, 124, 126, 128, 130, 132]",66,150,133,27,3,1,"[3, 150, 27, 1]",8.509001731872559,"clip_to_[0,288]x[0,384]_then_scale_to_[-1,1]",ok,,
wlasl:69307,69307,69307,eat,61,val,F:/DMV/Recognizing-sign-language-at-the-word-level/data/datasets/WLASL/pose/rtmw_l/wholebody_133/nslt100/val/69307.npz,F:/DMV/Recognizing-sign-language-at-the-word-level/data/datasets/WLASL/branch_inputs/skeleton/rtmw_l/selected_27/nslt100/val/69307.npz,F:/DMV/Recognizing-sign-language-at-the-word-level/data/datasets/WLASL/branch_inputs/skeleton/rtmw_l/normalized/selected_27/nslt100/val/69307.npz,F:/DMV/Recognizing-sign-language-at-the-word-level/data/datasets/WLASL/branch_inputs/skeleton/rtmw_l/graph_tensors/selected_27/nslt100/val/69307.npz,wholebody_133,selected_27,"[0, 5, 6, 7, 8, 9, 10, 93, 95, 97, 99, 101, 103, 105, 107, 109, 111, 114, 116, 118, 120, 122, 124, 126, 128, 130, 132]",53,150,133,27,3,1,"[3, 150, 27, 1]",8.509001731872559,"clip_to_[0,288]x[0,384]_then_scale_to_[-1,1]",ok,,
wlasl:69316,69316,69316,family,37,val,F:/DMV/Recognizing-sign-language-at-the-word-level/data/datasets/WLASL/pose/rtmw_l/wholebody_133/nslt100/val/69316.npz,F:/DMV/Recognizing-sign-language-at-the-word-level/data/datasets/WLASL/branch_inputs/skeleton/rtmw_l/selected_27/nslt100/val/69316.npz,F:/DMV/Recognizing-sign-language-at-the-word-level/data/datasets/WLASL/branch_inputs/skeleton/rtmw_l/normalized/selected_27/nslt100/val/69316.npz,F:/DMV/Recognizing-sign-language-at-the-word-level/data/datasets/WLASL/branch_inputs/skeleton/rtmw_l/graph_tensors/selected_27/nslt100/val/69316.npz,wholebody_133,selected_27,"[0, 5, 6, 7, 8, 9, 10, 93, 95, 97, 99, 101, 103, 105, 107, 109, 111, 114, 116, 118, 120, 122, 124, 126, 128, 130, 132]",73,150,133,27,3,1,"[3, 150, 27, 1]",8.509001731872559,"clip_to_[0,288]x[0,384]_then_scale_to_[-1,1]",ok,,
wlasl:69345,69345,69345,go,5,val,F:/DMV/Recognizing-sign-language-at-the-word-level/data/datasets/WLASL/pose/rtmw_l/wholebody_133/nslt100/val/69345.npz,F:/DMV/Recognizing-sign-language-at-the-word-level/data/datasets/WLASL/branch_inputs/skeleton/rtmw_l/selected_27/nslt100/val/69345.npz,F:/DMV/Recognizing-sign-language-at-the-word-level/data/datasets/WLASL/branch_inputs/skeleton/rtmw_l/normalized/selected_27/nslt100/val/69345.npz,F:/DMV/Recognizing-sign-language-at-the-word-level/data/datasets/WLASL/branch_inputs/skeleton/rtmw_l/graph_tensors/selected_27/nslt100/val/69345.npz,wholebody_133,selected_27,"[0, 5, 6, 7, 8, 9, 10, 93, 95, 97, 99, 101, 103, 105, 107, 109, 111, 114, 116, 118, 120, 122, 124, 126, 128, 130, 132]",58,150,133,27,3,1,"[3, 150, 27, 1]",8.509001731872559,"clip_to_[0,288]x[0,384]_then_scale_to_[-1,1]",ok,,
wlasl:69359,69359,69359,hat,40,val,F:/DMV/Recognizing-sign-language-at-the-word-level/data/datasets/WLASL/pose/rtmw_l/wholebody_133/nslt100/val/69359.npz,F:/DMV/Recognizing-sign-language-at-the-word-level/data/datasets/WLASL/branch_inputs/skeleton/rtmw_l/selected_27/nslt100/val/69359.npz,F:/DMV/Recognizing-sign-language-at-the-word-level/data/datasets/WLASL/branch_inputs/skeleton/rtmw_l/normalized/selected_27/nslt100/val/69359.npz,F:/DMV/Recognizing-sign-language-at-the-word-level/data/datasets/WLASL/branch_inputs/skeleton/rtmw_l/graph_tensors/selected_27/nslt100/val/69359.npz,wholebody_133,selected_27,"[0, 5, 6, 7, 8, 9, 10, 93, 95, 97, 99, 101, 103, 105, 107, 109, 111, 114, 116, 118, 120, 122, 124, 126, 128, 130, 132]",84,150,133,27,3,1,"[3, 150, 27, 1]",8.509001731872559,"clip_to_[0,288]x[0,384]_then_scale_to_[-1,1]",ok,,
wlasl:69364,69364,69364,help,12,val,F:/DMV/Recognizing-sign-language-at-the-word-level/data/datasets/WLASL/pose/rtmw_l/wholebody_133/nslt100/val/69364.npz,F:/DMV/Recognizing-sign-language-at-the-word-level/data/datasets/WLASL/branch_inputs/skeleton/rtmw_l/selected_27/nslt100/val/69364.npz,F:/DMV/Recognizing-sign-language-at-the-word-level/data/datasets/WLASL/branch_inputs/skeleton/rtmw_l/normalized/selected_27/nslt100/val/69364.npz,F:/DMV/Recognizing-sign-language-at-the-word-level/data/datasets/WLASL/branch_inputs/skeleton/rtmw_l/graph_tensors/selected_27/nslt100/val/69364.npz,wholebody_133,selected_27,"[0, 5, 6, 7, 8, 9, 10, 93, 95, 97, 99, 101, 103, 105, 107, 109, 111, 114, 116, 118, 120, 122, 124, 126, 128, 130, 132]",64,150,133,27,3,1,"[3, 150, 27, 1]",8.509001731872559,"clip_to_[0,288]x[0,384]_then_scale_to_[-1,1]",ok,,
wlasl:69368,69368,69368,hot,22,val,F:/DMV/Recognizing-sign-language-at-the-word-level/data/datasets/WLASL/pose/rtmw_l/wholebody_133/nslt100/val/69368.npz,F:/DMV/Recognizing-sign-language-at-the-word-level/data/datasets/WLASL/branch_inputs/skeleton/rtmw_l/selected_27/nslt100/val/69368.npz,F:/DMV/Recognizing-sign-language-at-the-word-level/data/datasets/WLASL/branch_inputs/skeleton/rtmw_l/normalized/selected_27/nslt100/val/69368.npz,F:/DMV/Recognizing-sign-language-at-the-word-level/data/datasets/WLASL/branch_inputs/skeleton/rtmw_l/graph_tensors/selected_27/nslt100/val/69368.npz,wholebody_133,selected_27,"[0, 5, 6, 7, 8, 9, 10, 93, 95, 97, 99, 101, 103, 105, 107, 109, 111, 114, 116, 118, 120, 122, 124, 126, 128, 130, 132]",49,150,133,27,3,1,"[3, 150, 27, 1]",8.509001731872559,"clip_to_[0,288]x[0,384]_then_scale_to_[-1,1]",ok,,
wlasl:69395,69395,69395,man,45,val,F:/DMV/Recognizing-sign-language-at-the-word-level/data/datasets/WLASL/pose/rtmw_l/wholebody_133/nslt100/val/69395.npz,F:/DMV/Recognizing-sign-language-at-the-word-level/data/datasets/WLASL/branch_inputs/skeleton/rtmw_l/selected_27/nslt100/val/69395.npz,F:/DMV/Recognizing-sign-language-at-the-word-level/data/datasets/WLASL/branch_inputs/skeleton/rtmw_l/normalized/selected_27/nslt100/val/69395.npz,F:/DMV/Recognizing-sign-language-at-the-word-level/data/datasets/WLASL/branch_inputs/skeleton/rtmw_l/graph_tensors/selected_27/nslt100/val/69395.npz,wholebody_133,selected_27,"[0, 5, 6, 7, 8, 9, 10, 93, 95, 97, 99, 101, 103, 105, 107, 109, 111, 114, 116, 118, 120, 122, 124, 126, 128, 130, 132]",65,150,133,27,3,1,"[3, 150, 27, 1]",8.509001731872559,"clip_to_[0,288]x[0,384]_then_scale_to_[-1,1]",ok,,
wlasl:69396,69396,69396,many,24,val,F:/DMV/Recognizing-sign-language-at-the-word-level/data/datasets/WLASL/pose/rtmw_l/wholebody_133/nslt100/val/69396.npz,F:/DMV/Recognizing-sign-language-at-the-word-level/data/datasets/WLASL/branch_inputs/skeleton/rtmw_l/selected_27/nslt100/val/69396.npz,F:/DMV/Recognizing-sign-language-at-the-word-level/data/datasets/WLASL/branch_inputs/skeleton/rtmw_l/normalized/selected_27/nslt100/val/69396.npz,F:/DMV/Recognizing-sign-language-at-the-word-level/data/datasets/WLASL/branch_inputs/skeleton/rtmw_l/graph_tensors/selected_27/nslt100/val/69396.npz,wholebody_133,selected_27,"[0, 5, 6, 7, 8, 9, 10, 93, 95, 97, 99, 101, 103, 105, 107, 109, 111, 114, 116, 118, 120, 122, 124, 126, 128, 130, 132]",76,150,133,27,3,1,"[3, 150, 27, 1]",8.509001731872559,"clip_to_[0,288]x[0,384]_then_scale_to_[-1,1]",ok,,
wlasl:69402,69402,69402,mother,25,val,F:/DMV/Recognizing-sign-language-at-the-word-level/data/datasets/WLASL/pose/rtmw_l/wholebody_133/nslt100/val/69402.npz,F:/DMV/Recognizing-sign-language-at-the-word-level/data/datasets/WLASL/branch_inputs/skeleton/rtmw_l/selected_27/nslt100/val/69402.npz,F:/DMV/Recognizing-sign-language-at-the-word-level/data/datasets/WLASL/branch_inputs/skeleton/rtmw_l/normalized/selected_27/nslt100/val/69402.npz,F:/DMV/Recognizing-sign-language-at-the-word-level/data/datasets/WLASL/branch_inputs/skeleton/rtmw_l/graph_tensors/selected_27/nslt100/val/69402.npz,wholebody_133,selected_27,"[0, 5, 6, 7, 8, 9, 10, 93, 95, 97, 99, 101, 103, 105, 107, 109, 111, 114, 116, 118, 120, 122, 124, 126, 128, 130, 132]",71,150,133,27,3,1,"[3, 150, 27, 1]",8.509001731872559,"clip_to_[0,288]x[0,384]_then_scale_to_[-1,1]",ok,,
wlasl:69411,69411,69411,no,13,val,F:/DMV/Recognizing-sign-language-at-the-word-level/data/datasets/WLASL/pose/rtmw_l/wholebody_133/nslt100/val/69411.npz,F:/DMV/Recognizing-sign-language-at-the-word-level/data/datasets/WLASL/branch_inputs/skeleton/rtmw_l/selected_27/nslt100/val/69411.npz,F:/DMV/Recognizing-sign-language-at-the-word-level/data/datasets/WLASL/branch_inputs/skeleton/rtmw_l/normalized/selected_27/nslt100/val/69411.npz,F:/DMV/Recognizing-sign-language-at-the-word-level/data/datasets/WLASL/branch_inputs/skeleton/rtmw_l/graph_tensors/selected_27/nslt100/val/69411.npz,wholebody_133,selected_27,"[0, 5, 6, 7, 8, 9, 10, 93, 95, 97, 99, 101, 103, 105, 107, 109, 111, 114, 116, 118, 120, 122, 124, 126, 128, 130, 132]",58,150,133,27,3,1,"[3, 150, 27, 1]",8.509001731872559,"clip_to_[0,288]x[0,384]_then_scale_to_[-1,1]",ok,,
wlasl:69413,69413,69413,now,26,val,F:/DMV/Recognizing-sign-language-at-the-word-level/data/datasets/WLASL/pose/rtmw_l/wholebody_133/nslt100/val/69413.npz,F:/DMV/Recognizing-sign-language-at-the-word-level/data/datasets/WLASL/branch_inputs/skeleton/rtmw_l/selected_27/nslt100/val/69413.npz,F:/DMV/Recognizing-sign-language-at-the-word-level/data/datasets/WLASL/branch_inputs/skeleton/rtmw_l/normalized/selected_27/nslt100/val/69413.npz,F:/DMV/Recognizing-sign-language-at-the-word-level/data/datasets/WLASL/branch_inputs/skeleton/rtmw_l/graph_tensors/selected_27/nslt100/val/69413.npz,wholebody_133,selected_27,"[0, 5, 6, 7, 8, 9, 10, 93, 95, 97, 99, 101, 103, 105, 107, 109, 111, 114, 116, 118, 120, 122, 124, 126, 128, 130, 132]",52,150,133,27,3,1,"[3, 150, 27, 1]",8.509001731872559,"clip_to_[0,288]x[0,384]_then_scale_to_[-1,1]",ok,,
wlasl:69422,69422,69422,orange,27,val,F:/DMV/Recognizing-sign-language-at-the-word-level/data/datasets/WLASL/pose/rtmw_l/wholebody_133/nslt100/val/69422.npz,F:/DMV/Recognizing-sign-language-at-the-word-level/data/datasets/WLASL/branch_inputs/skeleton/rtmw_l/selected_27/nslt100/val/69422.npz,F:/DMV/Recognizing-sign-language-at-the-word-level/data/datasets/WLASL/branch_inputs/skeleton/rtmw_l/normalized/selected_27/nslt100/val/69422.npz,F:/DMV/Recognizing-sign-language-at-the-word-level/data/datasets/WLASL/branch_inputs/skeleton/rtmw_l/graph_tensors/selected_27/nslt100/val/69422.npz,wholebody_133,selected_27,"[0, 5, 6, 7, 8, 9, 10, 93, 95, 97, 99, 101, 103, 105, 107, 109, 111, 114, 116, 118, 120, 122, 124, 126, 128, 130, 132]",51,150,133,27,3,1,"[3, 150, 27, 1]",8.509001731872559,"clip_to_[0,288]x[0,384]_then_scale_to_[-1,1]",ok,,
wlasl:69455,69455,69455,school,70,val,F:/DMV/Recognizing-sign-language-at-the-word-level/data/datasets/WLASL/pose/rtmw_l/wholebody_133/nslt100/val/69455.npz,F:/DMV/Recognizing-sign-language-at-the-word-level/data/datasets/WLASL/branch_inputs/skeleton/rtmw_l/selected_27/nslt100/val/69455.npz,F:/DMV/Recognizing-sign-language-at-the-word-level/data/datasets/WLASL/branch_inputs/skeleton/rtmw_l/normalized/selected_27/nslt100/val/69455.npz,F:/DMV/Recognizing-sign-language-at-the-word-level/data/datasets/WLASL/branch_inputs/skeleton/rtmw_l/graph_tensors/selected_27/nslt100/val/69455.npz,wholebody_133,selected_27,"[0, 5, 6, 7, 8, 9, 10, 93, 95, 97, 99, 101, 103, 105, 107, 109, 111, 114, 116, 118, 120, 122, 124, 126, 128, 130, 132]",59,150,133,27,3,1,"[3, 150, 27, 1]",8.509001731872559,"clip_to_[0,288]x[0,384]_then_scale_to_[-1,1]",ok,,
wlasl:69511,69511,69511,time,73,val,F:/DMV/Recognizing-sign-language-at-the-word-level/data/datasets/WLASL/pose/rtmw_l/wholebody_133/nslt100/val/69511.npz,F:/DMV/Recognizing-sign-language-at-the-word-level/data/datasets/WLASL/branch_inputs/skeleton/rtmw_l/selected_27/nslt100/val/69511.npz,F:/DMV/Recognizing-sign-language-at-the-word-level/data/datasets/WLASL/branch_inputs/skeleton/rtmw_l/normalized/selected_27/nslt100/val/69511.npz,F:/DMV/Recognizing-sign-language-at-the-word-level/data/datasets/WLASL/branch_inputs/skeleton/rtmw_l/graph_tensors/selected_27/nslt100/val/69511.npz,wholebody_133,selected_27,"[0, 5, 6, 7, 8, 9, 10, 93, 95, 97, 99, 101, 103, 105, 107, 109, 111, 114, 116, 118, 120, 122, 124, 126, 128, 130, 132]",53,150,133,27,3,1,"[3, 150, 27, 1]",8.509001731872559,"clip_to_[0,288]x[0,384]_then_scale_to_[-1,1]",ok,,
wlasl:69524,69524,69524,want,74,val,F:/DMV/Recognizing-sign-language-at-the-word-level/data/datasets/WLASL/pose/rtmw_l/wholebody_133/nslt100/val/69524.npz,F:/DMV/Recognizing-sign-language-at-the-word-level/data/datasets/WLASL/branch_inputs/skeleton/rtmw_l/selected_27/nslt100/val/69524.npz,F:/DMV/Recognizing-sign-language-at-the-word-level/data/datasets/WLASL/branch_inputs/skeleton/rtmw_l/normalized/selected_27/nslt100/val/69524.npz,F:/DMV/Recognizing-sign-language-at-the-word-level/data/datasets/WLASL/branch_inputs/skeleton/rtmw_l/graph_tensors/selected_27/nslt100/val/69524.npz,wholebody_133,selected_27,"[0, 5, 6, 7, 8, 9, 10, 93, 95, 97, 99, 101, 103, 105, 107, 109, 111, 114, 116, 118, 120, 122, 124, 126, 128, 130, 132]",59,150,133,27,3,1,"[3, 150, 27, 1]",8.509001731872559,"clip_to_[0,288]x[0,384]_then_scale_to_[-1,1]",ok,,
wlasl:69531,69531,69531,what,30,val,F:/DMV/Recognizing-sign-language-at-the-word-level/data/datasets/WLASL/pose/rtmw_l/wholebody_133/nslt100/val/69531.npz,F:/DMV/Recognizing-sign-language-at-the-word-level/data/datasets/WLASL/branch_inputs/skeleton/rtmw_l/selected_27/nslt100/val/69531.npz,F:/DMV/Recognizing-sign-language-at-the-word-level/data/datasets/WLASL/branch_inputs/skeleton/rtmw_l/normalized/selected_27/nslt100/val/69531.npz,F:/DMV/Recognizing-sign-language-at-the-word-level/data/datasets/WLASL/branch_inputs/skeleton/rtmw_l/graph_tensors/selected_27/nslt100/val/69531.npz,wholebody_133,selected_27,"[0, 5, 6, 7, 8, 9, 10, 93, 95, 97, 99, 101, 103, 105, 107, 109, 111, 114, 116, 118, 120, 122, 124, 126, 128, 130, 132]",54,150,133,27,3,1,"[3, 150, 27, 1]",8.509001731872559,"clip_to_[0,288]x[0,384]_then_scale_to_[-1,1]",ok,,
wlasl:69533,69533,69533,white,49,val,F:/DMV/Recognizing-sign-language-at-the-word-level/data/datasets/WLASL/pose/rtmw_l/wholebody_133/nslt100/val/69533.npz,F:/DMV/Recognizing-sign-language-at-the-word-level/data/datasets/WLASL/branch_inputs/skeleton/rtmw_l/selected_27/nslt100/val/69533.npz,F:/DMV/Recognizing-sign-language-at-the-word-level/data/datasets/WLASL/branch_inputs/skeleton/rtmw_l/normalized/selected_27/nslt100/val/69533.npz,F:/DMV/Recognizing-sign-language-at-the-word-level/data/datasets/WLASL/branch_inputs/skeleton/rtmw_l/graph_tensors/selected_27/nslt100/val/69533.npz,wholebody_133,selected_27,"[0, 5, 6, 7, 8, 9, 10, 93, 95, 97, 99, 101, 103, 105, 107, 109, 111, 114, 116, 118, 120, 122, 124, 126, 128, 130, 132]",64,150,133,27,3,1,"[3, 150, 27, 1]",8.509001731872559,"clip_to_[0,288]x[0,384]_then_scale_to_[-1,1]",ok,,
wlasl:69546,69546,69546,yes,17,val,F:/DMV/Recognizing-sign-language-at-the-word-level/data/datasets/WLASL/pose/rtmw_l/wholebody_133/nslt100/val/69546.npz,F:/DMV/Recognizing-sign-language-at-the-word-level/data/datasets/WLASL/branch_inputs/skeleton/rtmw_l/selected_27/nslt100/val/69546.npz,F:/DMV/Recognizing-sign-language-at-the-word-level/data/datasets/WLASL/branch_inputs/skeleton/rtmw_l/normalized/selected_27/nslt100/val/69546.npz,F:/DMV/Recognizing-sign-language-at-the-word-level/data/datasets/WLASL/branch_inputs/skeleton/rtmw_l/graph_tensors/selected_27/nslt100/val/69546.npz,wholebody_133,selected_27,"[0, 5, 6, 7, 8, 9, 10, 93, 95, 97, 99, 101, 103, 105, 107, 109, 111, 114, 116, 118, 120, 122, 124, 126, 128, 130, 132]",62,150,133,27,3,1,"[3, 150, 27, 1]",8.509001731872559,"clip_to_[0,288]x[0,384]_then_scale_to_[-1,1]",ok,,
wlasl:07099,7099,7099,book,0,val,F:/DMV/Recognizing-sign-language-at-the-word-level/data/datasets/WLASL/pose/rtmw_l/wholebody_133/nslt100/val/7099.npz,F:/DMV/Recognizing-sign-language-at-the-word-level/data/datasets/WLASL/branch_inputs/skeleton/rtmw_l/selected_27/nslt100/val/7099.npz,F:/DMV/Recognizing-sign-language-at-the-word-level/data/datasets/WLASL/branch_inputs/skeleton/rtmw_l/normalized/selected_27/nslt100/val/7099.npz,F:/DMV/Recognizing-sign-language-at-the-word-level/data/datasets/WLASL/branch_inputs/skeleton/rtmw_l/graph_tensors/selected_27/nslt100/val/7099.npz,wholebody_133,selected_27,"[0, 5, 6, 7, 8, 9, 10, 93, 95, 97, 99, 101, 103, 105, 107, 109, 111, 114, 116, 118, 120, 122, 124, 126, 128, 130, 132]",74,150,133,27,3,1,"[3, 150, 27, 1]",8.509001731872559,"clip_to_[0,288]x[0,384]_then_scale_to_[-1,1]",ok,,
wlasl:07388,7388,7388,bowling,34,val,F:/DMV/Recognizing-sign-language-at-the-word-level/data/datasets/WLASL/pose/rtmw_l/wholebody_133/nslt100/val/7388.npz,F:/DMV/Recognizing-sign-language-at-the-word-level/data/datasets/WLASL/branch_inputs/skeleton/rtmw_l/selected_27/nslt100/val/7388.npz,F:/DMV/Recognizing-sign-language-at-the-word-level/data/datasets/WLASL/branch_inputs/skeleton/rtmw_l/normalized/selected_27/nslt100/val/7388.npz,F:/DMV/Recognizing-sign-language-at-the-word-level/data/datasets/WLASL/branch_inputs/skeleton/rtmw_l/graph_tensors/selected_27/nslt100/val/7388.npz,wholebody_133,selected_27,"[0, 5, 6, 7, 8, 9, 10, 93, 95, 97, 99, 101, 103, 105, 107, 109, 111, 114, 116, 118, 120, 122, 124, 126, 128, 130, 132]",69,150,133,27,3,1,"[3, 150, 27, 1]",8.509001731872559,"clip_to_[0,288]x[0,384]_then_scale_to_[-1,1]",ok,,end_frame_clipped_to_video_end
wlasl:07398,7398,7398,bowling,34,val,F:/DMV/Recognizing-sign-language-at-the-word-level/data/datasets/WLASL/pose/rtmw_l/wholebody_133/nslt100/val/7398.npz,F:/DMV/Recognizing-sign-language-at-the-word-level/data/datasets/WLASL/branch_inputs/skeleton/rtmw_l/selected_27/nslt100/val/7398.npz,F:/DMV/Recognizing-sign-language-at-the-word-level/data/datasets/WLASL/branch_inputs/skeleton/rtmw_l/normalized/selected_27/nslt100/val/7398.npz,F:/DMV/Recognizing-sign-language-at-the-word-level/data/datasets/WLASL/branch_inputs/skeleton/rtmw_l/graph_tensors/selected_27/nslt100/val/7398.npz,wholebody_133,selected_27,"[0, 5, 6, 7, 8, 9, 10, 93, 95, 97, 99, 101, 103, 105, 107, 109, 111, 114, 116, 118, 120, 122, 124, 126, 128, 130, 132]",48,150,133,27,3,1,"[3, 150, 27, 1]",8.509001731872559,"clip_to_[0,288]x[0,384]_then_scale_to_[-1,1]",ok,,
wlasl:07973,7973,7973,brown,79,val,F:/DMV/Recognizing-sign-language-at-the-word-level/data/datasets/WLASL/pose/rtmw_l/wholebody_133/nslt100/val/7973.npz,F:/DMV/Recognizing-sign-language-at-the-word-level/data/datasets/WLASL/branch_inputs/skeleton/rtmw_l/selected_27/nslt100/val/7973.npz,F:/DMV/Recognizing-sign-language-at-the-word-level/data/datasets/WLASL/branch_inputs/skeleton/rtmw_l/normalized/selected_27/nslt100/val/7973.npz,F:/DMV/Recognizing-sign-language-at-the-word-level/data/datasets/WLASL/branch_inputs/skeleton/rtmw_l/graph_tensors/selected_27/nslt100/val/7973.npz,wholebody_133,selected_27,"[0, 5, 6, 7, 8, 9, 10, 93, 95, 97, 99, 101, 103, 105, 107, 109, 111, 114, 116, 118, 120, 122, 124, 126, 128, 130, 132]",71,150,133,27,3,1,"[3, 150, 27, 1]",8.509001731872559,"clip_to_[0,288]x[0,384]_then_scale_to_[-1,1]",ok,,
wlasl:08426,8426,8426,but,80,val,F:/DMV/Recognizing-sign-language-at-the-word-level/data/datasets/WLASL/pose/rtmw_l/wholebody_133/nslt100/val/8426.npz,F:/DMV/Recognizing-sign-language-at-the-word-level/data/datasets/WLASL/branch_inputs/skeleton/rtmw_l/selected_27/nslt100/val/8426.npz,F:/DMV/Recognizing-sign-language-at-the-word-level/data/datasets/WLASL/branch_inputs/skeleton/rtmw_l/normalized/selected_27/nslt100/val/8426.npz,F:/DMV/Recognizing-sign-language-at-the-word-level/data/datasets/WLASL/branch_inputs/skeleton/rtmw_l/graph_tensors/selected_27/nslt100/val/8426.npz,wholebody_133,selected_27,"[0, 5, 6, 7, 8, 9, 10, 93, 95, 97, 99, 101, 103, 105, 107, 109, 111, 114, 116, 118, 120, 122, 124, 126, 128, 130, 132]",73,150,133,27,3,1,"[3, 150, 27, 1]",8.509001731872559,"clip_to_[0,288]x[0,384]_then_scale_to_[-1,1]",ok,,
wlasl:08918,8918,8918,candy,8,val,F:/DMV/Recognizing-sign-language-at-the-word-level/data/datasets/WLASL/pose/rtmw_l/wholebody_133/nslt100/val/8918.npz,F:/DMV/Recognizing-sign-language-at-the-word-level/data/datasets/WLASL/branch_inputs/skeleton/rtmw_l/selected_27/nslt100/val/8918.npz,F:/DMV/Recognizing-sign-language-at-the-word-level/data/datasets/WLASL/branch_inputs/skeleton/rtmw_l/normalized/selected_27/nslt100/val/8918.npz,F:/DMV/Recognizing-sign-language-at-the-word-level/data/datasets/WLASL/branch_inputs/skeleton/rtmw_l/graph_tensors/selected_27/nslt100/val/8918.npz,wholebody_133,selected_27,"[0, 5, 6, 7, 8, 9, 10, 93, 95, 97, 99, 101, 103, 105, 107, 109, 111, 114, 116, 118, 120, 122, 124, 126, 128, 130, 132]",27,150,133,27,3,1,"[3, 150, 27, 1]",8.509001731872559,"clip_to_[0,288]x[0,384]_then_scale_to_[-1,1]",ok,,
wlasl:08929,8929,8929,candy,8,val,F:/DMV/Recognizing-sign-language-at-the-word-level/data/datasets/WLASL/pose/rtmw_l/wholebody_133/nslt100/val/8929.npz,F:/DMV/Recognizing-sign-language-at-the-word-level/data/datasets/WLASL/branch_inputs/skeleton/rtmw_l/selected_27/nslt100/val/8929.npz,F:/DMV/Recognizing-sign-language-at-the-word-level/data/datasets/WLASL/branch_inputs/skeleton/rtmw_l/normalized/selected_27/nslt100/val/8929.npz,F:/DMV/Recognizing-sign-language-at-the-word-level/data/datasets/WLASL/branch_inputs/skeleton/rtmw_l/graph_tensors/selected_27/nslt100/val/8929.npz,wholebody_133,selected_27,"[0, 5, 6, 7, 8, 9, 10, 93, 95, 97, 99, 101, 103, 105, 107, 109, 111, 114, 116, 118, 120, 122, 124, 126, 128, 130, 132]",70,150,133,27,3,1,"[3, 150, 27, 1]",8.509001731872559,"clip_to_[0,288]x[0,384]_then_scale_to_[-1,1]",ok,,
wlasl:09851,9851,9851,chair,4,val,F:/DMV/Recognizing-sign-language-at-the-word-level/data/datasets/WLASL/pose/rtmw_l/wholebody_133/nslt100/val/9851.npz,F:/DMV/Recognizing-sign-language-at-the-word-level/data/datasets/WLASL/branch_inputs/skeleton/rtmw_l/selected_27/nslt100/val/9851.npz,F:/DMV/Recognizing-sign-language-at-the-word-level/data/datasets/WLASL/branch_inputs/skeleton/rtmw_l/normalized/selected_27/nslt100/val/9851.npz,F:/DMV/Recognizing-sign-language-at-the-word-level/data/datasets/WLASL/branch_inputs/skeleton/rtmw_l/graph_tensors/selected_27/nslt100/val/9851.npz,wholebody_133,selected_27,"[0, 5, 6, 7, 8, 9, 10, 93, 95, 97, 99, 101, 103, 105, 107, 109, 111, 114, 116, 118, 120, 122, 124, 126, 128, 130, 132]",78,150,133,27,3,1,"[3, 150, 27, 1]",8.509001731872559,"clip_to_[0,288]x[0,384]_then_scale_to_[-1,1]",ok,,
wlasl:09854,9854,9854,chair,4,val,F:/DMV/Recognizing-sign-language-at-the-word-level/data/datasets/WLASL/pose/rtmw_l/wholebody_133/nslt100/val/9854.npz,F:/DMV/Recognizing-sign-language-at-the-word-level/data/datasets/WLASL/branch_inputs/skeleton/rtmw_l/selected_27/nslt100/val/9854.npz,F:/DMV/Recognizing-sign-language-at-the-word-level/data/datasets/WLASL/branch_inputs/skeleton/rtmw_l/normalized/selected_27/nslt100/val/9854.npz,F:/DMV/Recognizing-sign-language-at-the-word-level/data/datasets/WLASL/branch_inputs/skeleton/rtmw_l/graph_tensors/selected_27/nslt100/val/9854.npz,wholebody_133,selected_27,"[0, 5, 6, 7, 8, 9, 10, 93, 95, 97, 99, 101, 103, 105, 107, 109, 111, 114, 116, 118, 120, 122, 124, 126, 128, 130, 132]",27,150,133,27,3,1,"[3, 150, 27, 1]",8.509001731872559,"clip_to_[0,288]x[0,384]_then_scale_to_[-1,1]",ok,,
wlasl:09955,9955,9955,change,54,val,F:/DMV/Recognizing-sign-language-at-the-word-level/data/datasets/WLASL/pose/rtmw_l/wholebody_133/nslt100/val/9955.npz,F:/DMV/Recognizing-sign-language-at-the-word-level/data/datasets/WLASL/branch_inputs/skeleton/rtmw_l/selected_27/nslt100/val/9955.npz,F:/DMV/Recognizing-sign-language-at-the-word-level/data/datasets/WLASL/branch_inputs/skeleton/rtmw_l/normalized/selected_27/nslt100/val/9955.npz,F:/DMV/Recognizing-sign-language-at-the-word-level/data/datasets/WLASL/branch_inputs/skeleton/rtmw_l/graph_tensors/selected_27/nslt100/val/9955.npz,wholebody_133,selected_27,"[0, 5, 6, 7, 8, 9, 10, 93, 95, 97, 99, 101, 103, 105, 107, 109, 111, 114, 116, 118, 120, 122, 124, 126, 128, 130, 132]",64,150,133,27,3,1,"[3, 150, 27, 1]",8.509001731872559,"clip_to_[0,288]x[0,384]_then_scale_to_[-1,1]",ok,,
wlasl:09957,9957,9957,change,54,val,F:/DMV/Recognizing-sign-language-at-the-word-level/data/datasets/WLASL/pose/rtmw_l/wholebody_133/nslt100/val/9957.npz,F:/DMV/Recognizing-sign-language-at-the-word-level/data/datasets/WLASL/branch_inputs/skeleton/rtmw_l/selected_27/nslt100/val/9957.npz,F:/DMV/Recognizing-sign-language-at-the-word-level/data/datasets/WLASL/branch_inputs/skeleton/rtmw_l/normalized/selected_27/nslt100/val/9957.npz,F:/DMV/Recognizing-sign-language-at-the-word-level/data/datasets/WLASL/branch_inputs/skeleton/rtmw_l/graph_tensors/selected_27/nslt100/val/9957.npz,wholebody_133,selected_27,"[0, 5, 6, 7, 8, 9, 10, 93, 95, 97, 99, 101, 103, 105, 107, 109, 111, 114, 116, 118, 120, 122, 124, 126, 128, 130, 132]",84,150,133,27,3,1,"[3, 150, 27, 1]",8.509001731872559,"clip_to_[0,288]x[0,384]_then_scale_to_[-1,1]",ok,,
