instance_uid,sample_id,video_id,gloss,class_id,split,tensor_path,crop_root,preview_path,num_frames_original,num_frames_used,tensor_shape,left_hand_valid_ratio,right_hand_valid_ratio,face_valid_ratio,left_hand_current_bbox_ratio,left_hand_previous_fallback_ratio,left_hand_black_crop_ratio,right_hand_current_bbox_ratio,right_hand_previous_fallback_ratio,right_hand_black_crop_ratio,face_current_bbox_ratio,face_previous_fallback_ratio,face_black_crop_ratio,mean_left_hand_conf,mean_right_hand_conf,mean_face_conf,status,error_message,notes
wlasl:00623,00623,00623,accident,51,train,F:/DMV/Recognizing-sign-language-at-the-word-level/data/datasets/WLASL/branch_inputs/regions/rtmw_l/tensors/nslt100/train/00623.npz,,F:/DMV/Recognizing-sign-language-at-the-word-level/data/datasets/WLASL/branch_inputs/regions/rtmw_l/previews/nslt100/train/00623_preview.jpg,103,64,"[3, 3, 64, 112, 112]",0.953125,1.0,1.0,0.765625,0.1875,0.046875,0.984375,0.015625,0.0,1.0,0.0,0.0,4.427171342226924,5.481762272971017,8.119112469255924,ok,,end_frame_clipped_to_video_end;left_hand_fallback_limit_reached=3;left_hand_prev_bbox_fallback_frames=12;left_hand_black_frames=3;right_hand_prev_bbox_fallback_frames=1
wlasl:00624,00624,00624,accident,51,train,F:/DMV/Recognizing-sign-language-at-the-word-level/data/datasets/WLASL/branch_inputs/regions/rtmw_l/tensors/nslt100/train/00624.npz,,F:/DMV/Recognizing-sign-language-at-the-word-level/data/datasets/WLASL/branch_inputs/regions/rtmw_l/previews/nslt100/train/00624_preview.jpg,93,64,"[3, 3, 64, 112, 112]",0.671875,0.703125,1.0,0.5625,0.109375,0.328125,0.609375,0.09375,0.296875,1.0,0.0,0.0,5.357079254256354,5.105626904047453,7.386710606515408,ok,,left_hand_fallback_limit_reached=3;right_hand_fallback_limit_reached=3;left_hand_prev_bbox_fallback_frames=7;left_hand_black_frames=21;right_hand_prev_bbox_fallback_frames=6;right_hand_black_frames=19
wlasl:00628,00628,00628,accident,51,train,F:/DMV/Recognizing-sign-language-at-the-word-level/data/datasets/WLASL/branch_inputs/regions/rtmw_l/tensors/nslt100/train/00628.npz,,F:/DMV/Recognizing-sign-language-at-the-word-level/data/datasets/WLASL/branch_inputs/regions/rtmw_l/previews/nslt100/train/00628_preview.jpg,31,64,"[3, 3, 64, 112, 112]",0.0,0.984375,1.0,0.0,0.0,1.0,0.9375,0.046875,0.015625,1.0,0.0,0.0,0.0,5.37356805006663,7.59112099558115,ok,,sampled_with_repeated_indices;right_hand_fallback_limit_reached=3;left_hand_black_frames=64;right_hand_prev_bbox_fallback_frames=3;right_hand_black_frames=1
wlasl:00629,00629,00629,accident,51,train,F:/DMV/Recognizing-sign-language-at-the-word-level/data/datasets/WLASL/branch_inputs/regions/rtmw_l/tensors/nslt100/train/00629.npz,,F:/DMV/Recognizing-sign-language-at-the-word-level/data/datasets/WLASL/branch_inputs/regions/rtmw_l/previews/nslt100/train/00629_preview.jpg,126,64,"[3, 3, 64, 112, 112]",0.859375,0.875,1.0,0.859375,0.0,0.140625,0.875,0.0,0.125,1.0,0.0,0.0,6.390883675488559,6.26649010181427,7.935117594897747,ok,,left_hand_black_frames=9;right_hand_black_frames=8
wlasl:00631,00631,00631,accident,51,train,F:/DMV/Recognizing-sign-language-at-the-word-level/data/datasets/WLASL/branch_inputs/regions/rtmw_l/tensors/nslt100/train/00631.npz,,F:/DMV/Recognizing-sign-language-at-the-word-level/data/datasets/WLASL/branch_inputs/regions/rtmw_l/previews/nslt100/train/00631_preview.jpg,64,64,"[3, 3, 64, 112, 112]",1.0,1.0,1.0,1.0,0.0,0.0,1.0,0.0,0.0,1.0,0.0,0.0,6.699859946966171,6.936459563672543,7.992317847907543,ok,,
wlasl:00632,00632,00632,accident,51,train,F:/DMV/Recognizing-sign-language-at-the-word-level/data/datasets/WLASL/branch_inputs/regions/rtmw_l/tensors/nslt100/train/00632.npz,,F:/DMV/Recognizing-sign-language-at-the-word-level/data/datasets/WLASL/branch_inputs/regions/rtmw_l/previews/nslt100/train/00632_preview.jpg,48,64,"[3, 3, 64, 112, 112]",1.0,1.0,1.0,1.0,0.0,0.0,1.0,0.0,0.0,1.0,0.0,0.0,5.251304097473621,5.521432399749756,7.496588319540024,ok,,sampled_with_repeated_indices
wlasl:00633,00633,00633,accident,51,train,F:/DMV/Recognizing-sign-language-at-the-word-level/data/datasets/WLASL/branch_inputs/regions/rtmw_l/tensors/nslt100/train/00633.npz,,F:/DMV/Recognizing-sign-language-at-the-word-level/data/datasets/WLASL/branch_inputs/regions/rtmw_l/previews/nslt100/train/00633_preview.jpg,23,64,"[3, 3, 64, 112, 112]",0.25,1.0,1.0,0.25,0.0,0.75,1.0,0.0,0.0,1.0,0.0,0.0,2.0845300555229187,4.431538447737694,6.587904617190361,ok,,sampled_with_repeated_indices;left_hand_black_frames=48
wlasl:00639,00639,00639,accident,51,train,F:/DMV/Recognizing-sign-language-at-the-word-level/data/datasets/WLASL/branch_inputs/regions/rtmw_l/tensors/nslt100/train/00639.npz,,F:/DMV/Recognizing-sign-language-at-the-word-level/data/datasets/WLASL/branch_inputs/regions/rtmw_l/previews/nslt100/train/00639_preview.jpg,89,64,"[3, 3, 64, 112, 112]",1.0,1.0,1.0,1.0,0.0,0.0,1.0,0.0,0.0,1.0,0.0,0.0,4.965503543615341,5.146311856806278,7.741582274436951,ok,,
wlasl:01383,01383,01383,africa,76,train,F:/DMV/Recognizing-sign-language-at-the-word-level/data/datasets/WLASL/branch_inputs/regions/rtmw_l/tensors/nslt100/train/01383.npz,,F:/DMV/Recognizing-sign-language-at-the-word-level/data/datasets/WLASL/branch_inputs/regions/rtmw_l/previews/nslt100/train/01383_preview.jpg,124,64,"[3, 3, 64, 112, 112]",0.09375,0.5,1.0,0.078125,0.015625,0.90625,0.5,0.0,0.5,1.0,0.0,0.0,1.1266168355941772,5.018002528697252,7.615207828581333,ok,,left_hand_prev_bbox_fallback_frames=1;left_hand_black_frames=58;right_hand_black_frames=32
wlasl:01384,01384,01384,africa,76,train,F:/DMV/Recognizing-sign-language-at-the-word-level/data/datasets/WLASL/branch_inputs/regions/rtmw_l/tensors/nslt100/train/01384.npz,,F:/DMV/Recognizing-sign-language-at-the-word-level/data/datasets/WLASL/branch_inputs/regions/rtmw_l/previews/nslt100/train/01384_preview.jpg,56,64,"[3, 3, 64, 112, 112]",1.0,1.0,1.0,1.0,0.0,0.0,0.96875,0.03125,0.0,1.0,0.0,0.0,6.481291010975838,5.538577602755639,7.87980255484581,ok,,sampled_with_repeated_indices;right_hand_prev_bbox_fallback_frames=2
wlasl:01385,01385,01385,africa,76,train,F:/DMV/Recognizing-sign-language-at-the-word-level/data/datasets/WLASL/branch_inputs/regions/rtmw_l/tensors/nslt100/train/01385.npz,,F:/DMV/Recognizing-sign-language-at-the-word-level/data/datasets/WLASL/branch_inputs/regions/rtmw_l/previews/nslt100/train/01385_preview.jpg,47,64,"[3, 3, 64, 112, 112]",0.828125,0.953125,1.0,0.3125,0.515625,0.171875,0.8125,0.140625,0.046875,1.0,0.0,0.0,2.1102940261363985,4.5381031311475315,7.401189260184765,ok,,end_frame_clipped_to_video_end;sampled_with_repeated_indices;left_hand_fallback_limit_reached=3;right_hand_fallback_limit_reached=3;left_hand_prev_bbox_fallback_frames=33;left_hand_black_frames=11;right_hand_prev_bbox_fallback_frames=9;right_hand_black_frames=3
wlasl:01387,01387,01387,africa,76,train,F:/DMV/Recognizing-sign-language-at-the-word-level/data/datasets/WLASL/branch_inputs/regions/rtmw_l/tensors/nslt100/train/01387.npz,,F:/DMV/Recognizing-sign-language-at-the-word-level/data/datasets/WLASL/branch_inputs/regions/rtmw_l/previews/nslt100/train/01387_preview.jpg,39,64,"[3, 3, 64, 112, 112]",0.890625,0.9375,1.0,0.609375,0.28125,0.109375,0.75,0.1875,0.0625,1.0,0.0,0.0,1.8856046138665614,5.407991061607997,7.816913314163685,ok,,end_frame_clipped_to_video_end;sampled_with_repeated_indices;left_hand_fallback_limit_reached=3;right_hand_fallback_limit_reached=3;left_hand_prev_bbox_fallback_frames=18;left_hand_black_frames=7;right_hand_prev_bbox_fallback_frames=12;right_hand_black_frames=4
wlasl:01388,01388,01388,africa,76,train,F:/DMV/Recognizing-sign-language-at-the-word-level/data/datasets/WLASL/branch_inputs/regions/rtmw_l/tensors/nslt100/train/01388.npz,,F:/DMV/Recognizing-sign-language-at-the-word-level/data/datasets/WLASL/branch_inputs/regions/rtmw_l/previews/nslt100/train/01388_preview.jpg,104,64,"[3, 3, 64, 112, 112]",0.703125,0.6875,1.0,0.515625,0.1875,0.296875,0.453125,0.234375,0.3125,1.0,0.0,0.0,1.7237839518171367,6.657917910608752,8.142275154590607,ok,,right_hand_fallback_limit_reached=3;left_hand_fallback_limit_reached=3;left_hand_prev_bbox_fallback_frames=12;left_hand_black_frames=19;right_hand_prev_bbox_fallback_frames=15;right_hand_black_frames=20
wlasl:01987,01987,01987,all,18,train,F:/DMV/Recognizing-sign-language-at-the-word-level/data/datasets/WLASL/branch_inputs/regions/rtmw_l/tensors/nslt100/train/01987.npz,,F:/DMV/Recognizing-sign-language-at-the-word-level/data/datasets/WLASL/branch_inputs/regions/rtmw_l/previews/nslt100/train/01987_preview.jpg,64,64,"[3, 3, 64, 112, 112]",1.0,1.0,1.0,1.0,0.0,0.0,1.0,0.0,0.0,1.0,0.0,0.0,6.3132606744766235,5.130659949034452,8.061828501522541,ok,,
wlasl:01988,01988,01988,all,18,train,F:/DMV/Recognizing-sign-language-at-the-word-level/data/datasets/WLASL/branch_inputs/regions/rtmw_l/tensors/nslt100/train/01988.npz,,F:/DMV/Recognizing-sign-language-at-the-word-level/data/datasets/WLASL/branch_inputs/regions/rtmw_l/previews/nslt100/train/01988_preview.jpg,122,64,"[3, 3, 64, 112, 112]",0.890625,1.0,1.0,0.890625,0.0,0.109375,1.0,0.0,0.0,1.0,0.0,0.0,6.909600748304735,4.83590997941792,7.711690336465836,ok,,left_hand_black_frames=7
wlasl:01991,01991,01991,all,18,train,F:/DMV/Recognizing-sign-language-at-the-word-level/data/datasets/WLASL/branch_inputs/regions/rtmw_l/tensors/nslt100/train/01991.npz,,F:/DMV/Recognizing-sign-language-at-the-word-level/data/datasets/WLASL/branch_inputs/regions/rtmw_l/previews/nslt100/train/01991_preview.jpg,43,64,"[3, 3, 64, 112, 112]",0.0,1.0,1.0,0.0,0.0,1.0,1.0,0.0,0.0,1.0,0.0,0.0,0.0,5.849273845553398,7.457003779709339,ok,,sampled_with_repeated_indices;left_hand_black_frames=64
wlasl:01992,01992,01992,all,18,train,F:/DMV/Recognizing-sign-language-at-the-word-level/data/datasets/WLASL/branch_inputs/regions/rtmw_l/tensors/nslt100/train/01992.npz,,F:/DMV/Recognizing-sign-language-at-the-word-level/data/datasets/WLASL/branch_inputs/regions/rtmw_l/previews/nslt100/train/01992_preview.jpg,51,64,"[3, 3, 64, 112, 112]",1.0,1.0,1.0,1.0,0.0,0.0,1.0,0.0,0.0,1.0,0.0,0.0,6.210569031536579,5.612472891807556,7.211141228675842,ok,,sampled_with_repeated_indices
wlasl:02003,02003,02003,all,18,train,F:/DMV/Recognizing-sign-language-at-the-word-level/data/datasets/WLASL/branch_inputs/regions/rtmw_l/tensors/nslt100/train/02003.npz,,F:/DMV/Recognizing-sign-language-at-the-word-level/data/datasets/WLASL/branch_inputs/regions/rtmw_l/previews/nslt100/train/02003_preview.jpg,65,64,"[3, 3, 64, 112, 112]",1.0,1.0,1.0,1.0,0.0,0.0,1.0,0.0,0.0,1.0,0.0,0.0,6.10594043135643,5.601798068732023,7.785986565053463,ok,,
wlasl:03000,03000,03000,apple,52,train,F:/DMV/Recognizing-sign-language-at-the-word-level/data/datasets/WLASL/branch_inputs/regions/rtmw_l/tensors/nslt100/train/03000.npz,,F:/DMV/Recognizing-sign-language-at-the-word-level/data/datasets/WLASL/branch_inputs/regions/rtmw_l/previews/nslt100/train/03000_preview.jpg,89,64,"[3, 3, 64, 112, 112]",0.0,0.890625,1.0,0.0,0.0,1.0,0.875,0.015625,0.109375,1.0,0.0,0.0,0.0,5.622329618249621,8.054457001388073,ok,,left_hand_black_frames=64;right_hand_prev_bbox_fallback_frames=1;right_hand_black_frames=7
wlasl:03001,03001,03001,apple,52,train,F:/DMV/Recognizing-sign-language-at-the-word-level/data/datasets/WLASL/branch_inputs/regions/rtmw_l/tensors/nslt100/train/03001.npz,,F:/DMV/Recognizing-sign-language-at-the-word-level/data/datasets/WLASL/branch_inputs/regions/rtmw_l/previews/nslt100/train/03001_preview.jpg,78,64,"[3, 3, 64, 112, 112]",1.0,1.0,1.0,1.0,0.0,0.0,1.0,0.0,0.0,1.0,0.0,0.0,6.564685553312302,5.934625446796417,7.945873744785786,ok,,
wlasl:03002,03002,03002,apple,52,train,F:/DMV/Recognizing-sign-language-at-the-word-level/data/datasets/WLASL/branch_inputs/regions/rtmw_l/tensors/nslt100/train/03002.npz,,F:/DMV/Recognizing-sign-language-at-the-word-level/data/datasets/WLASL/branch_inputs/regions/rtmw_l/previews/nslt100/train/03002_preview.jpg,57,64,"[3, 3, 64, 112, 112]",0.71875,0.953125,1.0,0.421875,0.296875,0.28125,0.953125,0.0,0.046875,1.0,0.0,0.0,4.252568403879802,5.992392539978027,8.22876127064228,ok,,sampled_with_repeated_indices;left_hand_fallback_limit_reached=3;left_hand_prev_bbox_fallback_frames=19;left_hand_black_frames=18;right_hand_black_frames=3
wlasl:03003,03003,03003,apple,52,train,F:/DMV/Recognizing-sign-language-at-the-word-level/data/datasets/WLASL/branch_inputs/regions/rtmw_l/tensors/nslt100/train/03003.npz,,F:/DMV/Recognizing-sign-language-at-the-word-level/data/datasets/WLASL/branch_inputs/regions/rtmw_l/previews/nslt100/train/03003_preview.jpg,108,64,"[3, 3, 64, 112, 112]",0.625,0.828125,1.0,0.03125,0.59375,0.375,0.828125,0.0,0.171875,1.0,0.0,0.0,2.0990525484085083,6.011504085558765,7.960112318396568,ok,,left_hand_fallback_limit_reached=3;left_hand_prev_bbox_fallback_frames=38;left_hand_black_frames=24;right_hand_black_frames=11
wlasl:03005,03005,03005,apple,52,train,F:/DMV/Recognizing-sign-language-at-the-word-level/data/datasets/WLASL/branch_inputs/regions/rtmw_l/tensors/nslt100/train/03005.npz,,F:/DMV/Recognizing-sign-language-at-the-word-level/data/datasets/WLASL/branch_inputs/regions/rtmw_l/previews/nslt100/train/03005_preview.jpg,38,64,"[3, 3, 64, 112, 112]",0.0,1.0,1.0,0.0,0.0,1.0,1.0,0.0,0.0,1.0,0.0,0.0,0.0,4.944139666855335,7.186764530837536,ok,,sampled_with_repeated_indices;left_hand_black_frames=64
wlasl:03008,03008,03008,apple,52,train,F:/DMV/Recognizing-sign-language-at-the-word-level/data/datasets/WLASL/branch_inputs/regions/rtmw_l/tensors/nslt100/train/03008.npz,,F:/DMV/Recognizing-sign-language-at-the-word-level/data/datasets/WLASL/branch_inputs/regions/rtmw_l/previews/nslt100/train/03008_preview.jpg,75,64,"[3, 3, 64, 112, 112]",0.890625,1.0,1.0,0.5,0.390625,0.109375,1.0,0.0,0.0,1.0,0.0,0.0,2.9126952588558197,5.1764182560145855,7.640627309679985,ok,,left_hand_fallback_limit_reached=3;left_hand_prev_bbox_fallback_frames=25;left_hand_black_frames=7
wlasl:05229,05229,05229,basketball,77,train,F:/DMV/Recognizing-sign-language-at-the-word-level/data/datasets/WLASL/branch_inputs/regions/rtmw_l/tensors/nslt100/train/05229.npz,,F:/DMV/Recognizing-sign-language-at-the-word-level/data/datasets/WLASL/branch_inputs/regions/rtmw_l/previews/nslt100/train/05229_preview.jpg,71,64,"[3, 3, 64, 112, 112]",0.9375,0.9375,1.0,0.75,0.1875,0.0625,0.84375,0.09375,0.0625,1.0,0.0,0.0,4.168113236625989,5.006632734228064,7.8035189881920815,ok,,end_frame_clipped_to_video_end;left_hand_fallback_limit_reached=3;right_hand_fallback_limit_reached=3;left_hand_prev_bbox_fallback_frames=12;left_hand_black_frames=4;right_hand_prev_bbox_fallback_frames=6;right_hand_black_frames=4
wlasl:05230,05230,05230,basketball,77,train,F:/DMV/Recognizing-sign-language-at-the-word-level/data/datasets/WLASL/branch_inputs/regions/rtmw_l/tensors/nslt100/train/05230.npz,,F:/DMV/Recognizing-sign-language-at-the-word-level/data/datasets/WLASL/branch_inputs/regions/rtmw_l/previews/nslt100/train/05230_preview.jpg,83,64,"[3, 3, 64, 112, 112]",0.65625,0.6875,1.0,0.65625,0.0,0.34375,0.6875,0.0,0.3125,1.0,0.0,0.0,5.794283514931088,5.876727510582317,7.906322821974754,ok,,left_hand_black_frames=22;right_hand_black_frames=20
wlasl:05231,05231,05231,basketball,77,train,F:/DMV/Recognizing-sign-language-at-the-word-level/data/datasets/WLASL/branch_inputs/regions/rtmw_l/tensors/nslt100/train/05231.npz,,F:/DMV/Recognizing-sign-language-at-the-word-level/data/datasets/WLASL/branch_inputs/regions/rtmw_l/previews/nslt100/train/05231_preview.jpg,32,64,"[3, 3, 64, 112, 112]",0.84375,0.921875,1.0,0.53125,0.3125,0.15625,0.625,0.296875,0.078125,1.0,0.0,0.0,4.486996005563175,4.028483325242997,7.916168540716171,ok,,end_frame_clipped_to_video_end;sampled_with_repeated_indices;left_hand_fallback_limit_reached=3;right_hand_fallback_limit_reached=3;left_hand_prev_bbox_fallback_frames=20;left_hand_black_frames=10;right_hand_prev_bbox_fallback_frames=19;right_hand_black_frames=5
wlasl:05233,05233,05233,basketball,77,train,F:/DMV/Recognizing-sign-language-at-the-word-level/data/datasets/WLASL/branch_inputs/regions/rtmw_l/tensors/nslt100/train/05233.npz,,F:/DMV/Recognizing-sign-language-at-the-word-level/data/datasets/WLASL/branch_inputs/regions/rtmw_l/previews/nslt100/train/05233_preview.jpg,101,64,"[3, 3, 64, 112, 112]",0.78125,0.828125,1.0,0.65625,0.125,0.21875,0.75,0.078125,0.171875,1.0,0.0,0.0,5.064361018793924,5.313913154105346,7.565254412591457,ok,,left_hand_fallback_limit_reached=3;right_hand_fallback_limit_reached=3;left_hand_prev_bbox_fallback_frames=8;left_hand_black_frames=14;right_hand_prev_bbox_fallback_frames=5;right_hand_black_frames=11
wlasl:05234,05234,05234,basketball,77,train,F:/DMV/Recognizing-sign-language-at-the-word-level/data/datasets/WLASL/branch_inputs/regions/rtmw_l/tensors/nslt100/train/05234.npz,,F:/DMV/Recognizing-sign-language-at-the-word-level/data/datasets/WLASL/branch_inputs/regions/rtmw_l/previews/nslt100/train/05234_preview.jpg,80,64,"[3, 3, 64, 112, 112]",0.8125,0.984375,1.0,0.75,0.0625,0.1875,0.9375,0.046875,0.015625,1.0,0.0,0.0,5.416436639924844,4.593539504210154,8.052420794963837,ok,,right_hand_fallback_limit_reached=3;left_hand_fallback_limit_reached=3;left_hand_prev_bbox_fallback_frames=4;left_hand_black_frames=12;right_hand_prev_bbox_fallback_frames=3;right_hand_black_frames=1
wlasl:05238,05238,05238,basketball,77,train,F:/DMV/Recognizing-sign-language-at-the-word-level/data/datasets/WLASL/branch_inputs/regions/rtmw_l/tensors/nslt100/train/05238.npz,,F:/DMV/Recognizing-sign-language-at-the-word-level/data/datasets/WLASL/branch_inputs/regions/rtmw_l/previews/nslt100/train/05238_preview.jpg,36,64,"[3, 3, 64, 112, 112]",1.0,1.0,1.0,1.0,0.0,0.0,1.0,0.0,0.0,1.0,0.0,0.0,5.53307168930769,5.113192610442638,8.20993123203516,ok,,sampled_with_repeated_indices
wlasl:05243,05243,05243,basketball,77,train,F:/DMV/Recognizing-sign-language-at-the-word-level/data/datasets/WLASL/branch_inputs/regions/rtmw_l/tensors/nslt100/train/05243.npz,,F:/DMV/Recognizing-sign-language-at-the-word-level/data/datasets/WLASL/branch_inputs/regions/rtmw_l/previews/nslt100/train/05243_preview.jpg,68,64,"[3, 3, 64, 112, 112]",1.0,1.0,1.0,0.9375,0.0625,0.0,1.0,0.0,0.0,1.0,0.0,0.0,4.779802906513214,4.770650632679462,7.736224673688412,ok,,left_hand_prev_bbox_fallback_frames=4
wlasl:05629,05629,05629,bed,32,train,F:/DMV/Recognizing-sign-language-at-the-word-level/data/datasets/WLASL/branch_inputs/regions/rtmw_l/tensors/nslt100/train/05629.npz,,F:/DMV/Recognizing-sign-language-at-the-word-level/data/datasets/WLASL/branch_inputs/regions/rtmw_l/previews/nslt100/train/05629_preview.jpg,68,64,"[3, 3, 64, 112, 112]",0.703125,0.90625,1.0,0.140625,0.5625,0.296875,0.546875,0.359375,0.09375,1.0,0.0,0.0,2.4453694886631436,4.285839143821171,7.751457430422306,ok,,end_frame_clipped_to_video_end;right_hand_fallback_limit_reached=3;left_hand_fallback_limit_reached=3;left_hand_prev_bbox_fallback_frames=36;left_hand_black_frames=19;right_hand_prev_bbox_fallback_frames=23;right_hand_black_frames=6
wlasl:05630,05630,05630,bed,32,train,F:/DMV/Recognizing-sign-language-at-the-word-level/data/datasets/WLASL/branch_inputs/regions/rtmw_l/tensors/nslt100/train/05630.npz,,F:/DMV/Recognizing-sign-language-at-the-word-level/data/datasets/WLASL/branch_inputs/regions/rtmw_l/previews/nslt100/train/05630_preview.jpg,74,64,"[3, 3, 64, 112, 112]",1.0,1.0,1.0,1.0,0.0,0.0,1.0,0.0,0.0,1.0,0.0,0.0,6.425458177924156,5.819232031702995,7.753981806337833,ok,,
wlasl:05631,05631,05631,bed,32,train,F:/DMV/Recognizing-sign-language-at-the-word-level/data/datasets/WLASL/branch_inputs/regions/rtmw_l/tensors/nslt100/train/05631.npz,,F:/DMV/Recognizing-sign-language-at-the-word-level/data/datasets/WLASL/branch_inputs/regions/rtmw_l/previews/nslt100/train/05631_preview.jpg,23,64,"[3, 3, 64, 112, 112]",0.671875,0.984375,1.0,0.046875,0.625,0.328125,0.921875,0.0625,0.015625,1.0,0.0,0.0,1.7773374319076538,5.868576057886673,8.236879669129848,ok,,end_frame_clipped_to_video_end;sampled_with_repeated_indices;left_hand_fallback_limit_reached=3;right_hand_fallback_limit_reached=3;left_hand_prev_bbox_fallback_frames=40;left_hand_black_frames=21;right_hand_prev_bbox_fallback_frames=4;right_hand_black_frames=1
wlasl:05632,05632,05632,bed,32,train,F:/DMV/Recognizing-sign-language-at-the-word-level/data/datasets/WLASL/branch_inputs/regions/rtmw_l/tensors/nslt100/train/05632.npz,,F:/DMV/Recognizing-sign-language-at-the-word-level/data/datasets/WLASL/branch_inputs/regions/rtmw_l/previews/nslt100/train/05632_preview.jpg,32,64,"[3, 3, 64, 112, 112]",0.796875,1.0,1.0,0.59375,0.203125,0.203125,1.0,0.0,0.0,1.0,0.0,0.0,2.072738826274872,4.74963616579771,8.073326781392097,ok,,end_frame_clipped_to_video_end;sampled_with_repeated_indices;left_hand_fallback_limit_reached=3;left_hand_prev_bbox_fallback_frames=13;left_hand_black_frames=13
wlasl:05633,05633,05633,bed,32,train,F:/DMV/Recognizing-sign-language-at-the-word-level/data/datasets/WLASL/branch_inputs/regions/rtmw_l/tensors/nslt100/train/05633.npz,,F:/DMV/Recognizing-sign-language-at-the-word-level/data/datasets/WLASL/branch_inputs/regions/rtmw_l/previews/nslt100/train/05633_preview.jpg,26,64,"[3, 3, 64, 112, 112]",0.984375,0.984375,1.0,0.890625,0.09375,0.015625,0.9375,0.046875,0.015625,1.0,0.0,0.0,4.226991858398705,4.5695627729098005,7.6581199169158936,ok,,end_frame_clipped_to_video_end;sampled_with_repeated_indices;left_hand_fallback_limit_reached=3;right_hand_fallback_limit_reached=3;left_hand_prev_bbox_fallback_frames=6;left_hand_black_frames=1;right_hand_prev_bbox_fallback_frames=3;right_hand_black_frames=1
wlasl:05634,05634,05634,bed,32,train,F:/DMV/Recognizing-sign-language-at-the-word-level/data/datasets/WLASL/branch_inputs/regions/rtmw_l/tensors/nslt100/train/05634.npz,,F:/DMV/Recognizing-sign-language-at-the-word-level/data/datasets/WLASL/branch_inputs/regions/rtmw_l/previews/nslt100/train/05634_preview.jpg,88,64,"[3, 3, 64, 112, 112]",0.84375,0.828125,1.0,0.84375,0.0,0.15625,0.703125,0.125,0.171875,1.0,0.0,0.0,4.658411692689966,5.591789107852512,7.780097536742687,ok,,right_hand_fallback_limit_reached=3;left_hand_black_frames=10;right_hand_prev_bbox_fallback_frames=8;right_hand_black_frames=11
wlasl:05636,05636,05636,bed,32,train,F:/DMV/Recognizing-sign-language-at-the-word-level/data/datasets/WLASL/branch_inputs/regions/rtmw_l/tensors/nslt100/train/05636.npz,,F:/DMV/Recognizing-sign-language-at-the-word-level/data/datasets/WLASL/branch_inputs/regions/rtmw_l/previews/nslt100/train/05636_preview.jpg,57,64,"[3, 3, 64, 112, 112]",0.9375,1.0,1.0,0.75,0.1875,0.0625,1.0,0.0,0.0,1.0,0.0,0.0,4.297772139310837,5.278836630284786,8.171138562262058,ok,,sampled_with_repeated_indices;left_hand_fallback_limit_reached=3;left_hand_prev_bbox_fallback_frames=12;left_hand_black_frames=4
wlasl:05637,05637,05637,bed,32,train,F:/DMV/Recognizing-sign-language-at-the-word-level/data/datasets/WLASL/branch_inputs/regions/rtmw_l/tensors/nslt100/train/05637.npz,,F:/DMV/Recognizing-sign-language-at-the-word-level/data/datasets/WLASL/branch_inputs/regions/rtmw_l/previews/nslt100/train/05637_preview.jpg,43,64,"[3, 3, 64, 112, 112]",1.0,1.0,1.0,1.0,0.0,0.0,1.0,0.0,0.0,1.0,0.0,0.0,3.7879113033413887,4.47556871175766,6.835181795060635,ok,,sampled_with_repeated_indices
wlasl:05638,05638,05638,bed,32,train,F:/DMV/Recognizing-sign-language-at-the-word-level/data/datasets/WLASL/branch_inputs/regions/rtmw_l/tensors/nslt100/train/05638.npz,,F:/DMV/Recognizing-sign-language-at-the-word-level/data/datasets/WLASL/branch_inputs/regions/rtmw_l/previews/nslt100/train/05638_preview.jpg,32,64,"[3, 3, 64, 112, 112]",0.0,1.0,1.0,0.0,0.0,1.0,1.0,0.0,0.0,1.0,0.0,0.0,0.0,4.882889524102211,6.9002446830272675,ok,,sampled_with_repeated_indices;left_hand_black_frames=64
wlasl:05644,05644,05644,bed,32,train,F:/DMV/Recognizing-sign-language-at-the-word-level/data/datasets/WLASL/branch_inputs/regions/rtmw_l/tensors/nslt100/train/05644.npz,,F:/DMV/Recognizing-sign-language-at-the-word-level/data/datasets/WLASL/branch_inputs/regions/rtmw_l/previews/nslt100/train/05644_preview.jpg,72,64,"[3, 3, 64, 112, 112]",1.0,1.0,1.0,0.984375,0.015625,0.0,1.0,0.0,0.0,1.0,0.0,0.0,4.053622245788574,4.169253101572394,7.611565560102463,ok,,left_hand_prev_bbox_fallback_frames=1
wlasl:05728,05728,05728,before,3,train,F:/DMV/Recognizing-sign-language-at-the-word-level/data/datasets/WLASL/branch_inputs/regions/rtmw_l/tensors/nslt100/train/05728.npz,,F:/DMV/Recognizing-sign-language-at-the-word-level/data/datasets/WLASL/branch_inputs/regions/rtmw_l/previews/nslt100/train/05728_preview.jpg,25,64,"[3, 3, 64, 112, 112]",0.96875,0.96875,1.0,0.9375,0.03125,0.03125,0.9375,0.03125,0.03125,1.0,0.0,0.0,1.6816654741764068,5.280338676770528,7.527807593345642,ok,,end_frame_clipped_to_video_end;sampled_with_repeated_indices;left_hand_prev_bbox_fallback_frames=2;left_hand_black_frames=2;right_hand_prev_bbox_fallback_frames=2;right_hand_black_frames=2
wlasl:05729,05729,05729,before,3,train,F:/DMV/Recognizing-sign-language-at-the-word-level/data/datasets/WLASL/branch_inputs/regions/rtmw_l/tensors/nslt100/train/05729.npz,,F:/DMV/Recognizing-sign-language-at-the-word-level/data/datasets/WLASL/branch_inputs/regions/rtmw_l/previews/nslt100/train/05729_preview.jpg,45,64,"[3, 3, 64, 112, 112]",1.0,1.0,1.0,1.0,0.0,0.0,1.0,0.0,0.0,1.0,0.0,0.0,6.33202962577343,6.745658304542303,8.19736646860838,ok,,sampled_with_repeated_indices
wlasl:05730,05730,05730,before,3,train,F:/DMV/Recognizing-sign-language-at-the-word-level/data/datasets/WLASL/branch_inputs/regions/rtmw_l/tensors/nslt100/train/05730.npz,,F:/DMV/Recognizing-sign-language-at-the-word-level/data/datasets/WLASL/branch_inputs/regions/rtmw_l/previews/nslt100/train/05730_preview.jpg,30,64,"[3, 3, 64, 112, 112]",0.796875,0.9375,1.0,0.4375,0.359375,0.203125,0.9375,0.0,0.0625,1.0,0.0,0.0,5.515309299741473,5.631785384813944,7.548365630209446,ok,,end_frame_clipped_to_video_end;sampled_with_repeated_indices;left_hand_fallback_limit_reached=3;left_hand_prev_bbox_fallback_frames=23;left_hand_black_frames=13;right_hand_black_frames=4
wlasl:05731,05731,05731,before,3,train,F:/DMV/Recognizing-sign-language-at-the-word-level/data/datasets/WLASL/branch_inputs/regions/rtmw_l/tensors/nslt100/train/05731.npz,,F:/DMV/Recognizing-sign-language-at-the-word-level/data/datasets/WLASL/branch_inputs/regions/rtmw_l/previews/nslt100/train/05731_preview.jpg,44,64,"[3, 3, 64, 112, 112]",0.0,0.953125,1.0,0.0,0.0,1.0,0.90625,0.046875,0.046875,1.0,0.0,0.0,0.0,6.672319198476857,8.480665519833565,ok,,end_frame_clipped_to_video_end;sampled_with_repeated_indices;left_hand_black_frames=64;right_hand_prev_bbox_fallback_frames=3;right_hand_black_frames=3
wlasl:05732,05732,05732,before,3,train,F:/DMV/Recognizing-sign-language-at-the-word-level/data/datasets/WLASL/branch_inputs/regions/rtmw_l/tensors/nslt100/train/05732.npz,,F:/DMV/Recognizing-sign-language-at-the-word-level/data/datasets/WLASL/branch_inputs/regions/rtmw_l/previews/nslt100/train/05732_preview.jpg,73,64,"[3, 3, 64, 112, 112]",0.859375,1.0,1.0,0.84375,0.015625,0.140625,0.953125,0.046875,0.0,1.0,0.0,0.0,2.919758869542016,6.5414409871961245,8.051466576755047,ok,,left_hand_prev_bbox_fallback_frames=1;left_hand_black_frames=9;right_hand_prev_bbox_fallback_frames=3
wlasl:05733,05733,05733,before,3,train,F:/DMV/Recognizing-sign-language-at-the-word-level/data/datasets/WLASL/branch_inputs/regions/rtmw_l/tensors/nslt100/train/05733.npz,,F:/DMV/Recognizing-sign-language-at-the-word-level/data/datasets/WLASL/branch_inputs/regions/rtmw_l/previews/nslt100/train/05733_preview.jpg,92,64,"[3, 3, 64, 112, 112]",0.859375,0.984375,1.0,0.859375,0.0,0.140625,0.875,0.109375,0.015625,1.0,0.0,0.0,6.958363776857203,5.403416455856392,8.14644804596901,ok,,right_hand_fallback_limit_reached=3;left_hand_black_frames=9;right_hand_prev_bbox_fallback_frames=7;right_hand_black_frames=1
wlasl:05734,05734,05734,before,3,train,F:/DMV/Recognizing-sign-language-at-the-word-level/data/datasets/WLASL/branch_inputs/regions/rtmw_l/tensors/nslt100/train/05734.npz,,F:/DMV/Recognizing-sign-language-at-the-word-level/data/datasets/WLASL/branch_inputs/regions/rtmw_l/previews/nslt100/train/05734_preview.jpg,69,64,"[3, 3, 64, 112, 112]",0.96875,0.96875,1.0,0.8125,0.15625,0.03125,0.96875,0.0,0.03125,1.0,0.0,0.0,2.0695372132154612,7.195113191681523,8.357487723231316,ok,,left_hand_fallback_limit_reached=3;left_hand_prev_bbox_fallback_frames=10;left_hand_black_frames=2;right_hand_black_frames=2
wlasl:05740,05740,05740,before,3,train,F:/DMV/Recognizing-sign-language-at-the-word-level/data/datasets/WLASL/branch_inputs/regions/rtmw_l/tensors/nslt100/train/05740.npz,,F:/DMV/Recognizing-sign-language-at-the-word-level/data/datasets/WLASL/branch_inputs/regions/rtmw_l/previews/nslt100/train/05740_preview.jpg,42,64,"[3, 3, 64, 112, 112]",0.0,0.0,1.0,0.0,0.0,1.0,0.0,0.0,1.0,1.0,0.0,0.0,0.0,0.0,7.017815478146076,ok,,sampled_with_repeated_indices;left_hand_black_frames=64;right_hand_black_frames=64
wlasl:05742,05742,05742,before,3,train,F:/DMV/Recognizing-sign-language-at-the-word-level/data/datasets/WLASL/branch_inputs/regions/rtmw_l/tensors/nslt100/train/05742.npz,,F:/DMV/Recognizing-sign-language-at-the-word-level/data/datasets/WLASL/branch_inputs/regions/rtmw_l/previews/nslt100/train/05742_preview.jpg,25,64,"[3, 3, 64, 112, 112]",0.0,1.0,1.0,0.0,0.0,1.0,1.0,0.0,0.0,1.0,0.0,0.0,0.0,6.201523460447788,7.2269930094480515,ok,,sampled_with_repeated_indices;left_hand_black_frames=64
wlasl:05743,05743,05743,before,3,train,F:/DMV/Recognizing-sign-language-at-the-word-level/data/datasets/WLASL/branch_inputs/regions/rtmw_l/tensors/nslt100/train/05743.npz,,F:/DMV/Recognizing-sign-language-at-the-word-level/data/datasets/WLASL/branch_inputs/regions/rtmw_l/previews/nslt100/train/05743_preview.jpg,41,64,"[3, 3, 64, 112, 112]",0.859375,1.0,1.0,0.734375,0.125,0.140625,1.0,0.0,0.0,1.0,0.0,0.0,2.8816907304398556,5.817431081086397,7.337948985397816,ok,,sampled_with_repeated_indices;left_hand_prev_bbox_fallback_frames=8;left_hand_black_frames=9
wlasl:05749,05749,05749,before,3,train,F:/DMV/Recognizing-sign-language-at-the-word-level/data/datasets/WLASL/branch_inputs/regions/rtmw_l/tensors/nslt100/train/05749.npz,,F:/DMV/Recognizing-sign-language-at-the-word-level/data/datasets/WLASL/branch_inputs/regions/rtmw_l/previews/nslt100/train/05749_preview.jpg,77,64,"[3, 3, 64, 112, 112]",0.9375,1.0,1.0,0.703125,0.234375,0.0625,1.0,0.0,0.0,1.0,0.0,0.0,2.3531116326649983,3.8793843258172274,7.731719449162483,ok,,left_hand_fallback_limit_reached=3;left_hand_prev_bbox_fallback_frames=15;left_hand_black_frames=4
wlasl:06331,06331,06331,bird,53,train,F:/DMV/Recognizing-sign-language-at-the-word-level/data/datasets/WLASL/branch_inputs/regions/rtmw_l/tensors/nslt100/train/06331.npz,,F:/DMV/Recognizing-sign-language-at-the-word-level/data/datasets/WLASL/branch_inputs/regions/rtmw_l/previews/nslt100/train/06331_preview.jpg,62,64,"[3, 3, 64, 112, 112]",0.875,0.796875,1.0,0.5,0.375,0.125,0.65625,0.140625,0.203125,1.0,0.0,0.0,1.7440198548138142,4.860264465922401,7.827840566635132,ok,,end_frame_clipped_to_video_end;sampled_with_repeated_indices;left_hand_fallback_limit_reached=3;right_hand_fallback_limit_reached=3;left_hand_prev_bbox_fallback_frames=24;left_hand_black_frames=8;right_hand_prev_bbox_fallback_frames=9;right_hand_black_frames=13
wlasl:06332,06332,06332,bird,53,train,F:/DMV/Recognizing-sign-language-at-the-word-level/data/datasets/WLASL/branch_inputs/regions/rtmw_l/tensors/nslt100/train/06332.npz,,F:/DMV/Recognizing-sign-language-at-the-word-level/data/datasets/WLASL/branch_inputs/regions/rtmw_l/previews/nslt100/train/06332_preview.jpg,78,64,"[3, 3, 64, 112, 112]",0.609375,0.734375,1.0,0.40625,0.203125,0.390625,0.71875,0.015625,0.265625,1.0,0.0,0.0,2.992034669105823,5.467041725697725,8.116422474384308,ok,,left_hand_fallback_limit_reached=3;left_hand_prev_bbox_fallback_frames=13;left_hand_black_frames=25;right_hand_prev_bbox_fallback_frames=1;right_hand_black_frames=17
wlasl:06333,06333,06333,bird,53,train,F:/DMV/Recognizing-sign-language-at-the-word-level/data/datasets/WLASL/branch_inputs/regions/rtmw_l/tensors/nslt100/train/06333.npz,,F:/DMV/Recognizing-sign-language-at-the-word-level/data/datasets/WLASL/branch_inputs/regions/rtmw_l/previews/nslt100/train/06333_preview.jpg,35,64,"[3, 3, 64, 112, 112]",0.859375,0.890625,1.0,0.8125,0.046875,0.140625,0.875,0.015625,0.109375,1.0,0.0,0.0,1.5600075790515313,4.529273101261684,7.392299190163612,ok,,end_frame_clipped_to_video_end;sampled_with_repeated_indices;left_hand_prev_bbox_fallback_frames=3;left_hand_black_frames=9;right_hand_prev_bbox_fallback_frames=1;right_hand_black_frames=7
wlasl:06334,06334,06334,bird,53,train,F:/DMV/Recognizing-sign-language-at-the-word-level/data/datasets/WLASL/branch_inputs/regions/rtmw_l/tensors/nslt100/train/06334.npz,,F:/DMV/Recognizing-sign-language-at-the-word-level/data/datasets/WLASL/branch_inputs/regions/rtmw_l/previews/nslt100/train/06334_preview.jpg,18,64,"[3, 3, 64, 112, 112]",0.875,1.0,1.0,0.46875,0.40625,0.125,1.0,0.0,0.0,1.0,0.0,0.0,1.4717238863309225,5.187152802944183,8.035864308476448,ok,,end_frame_clipped_to_video_end;sampled_with_repeated_indices;left_hand_fallback_limit_reached=3;left_hand_prev_bbox_fallback_frames=26;left_hand_black_frames=8
wlasl:06337,06337,06337,bird,53,train,F:/DMV/Recognizing-sign-language-at-the-word-level/data/datasets/WLASL/branch_inputs/regions/rtmw_l/tensors/nslt100/train/06337.npz,,F:/DMV/Recognizing-sign-language-at-the-word-level/data/datasets/WLASL/branch_inputs/regions/rtmw_l/previews/nslt100/train/06337_preview.jpg,55,64,"[3, 3, 64, 112, 112]",0.734375,1.0,1.0,0.5,0.234375,0.265625,1.0,0.0,0.0,1.0,0.0,0.0,2.663273446261883,5.4918918162584305,7.209360301494598,ok,,sampled_with_repeated_indices;left_hand_fallback_limit_reached=3;left_hand_prev_bbox_fallback_frames=15;left_hand_black_frames=17
wlasl:06343,06343,06343,bird,53,train,F:/DMV/Recognizing-sign-language-at-the-word-level/data/datasets/WLASL/branch_inputs/regions/rtmw_l/tensors/nslt100/train/06343.npz,,F:/DMV/Recognizing-sign-language-at-the-word-level/data/datasets/WLASL/branch_inputs/regions/rtmw_l/previews/nslt100/train/06343_preview.jpg,70,64,"[3, 3, 64, 112, 112]",0.859375,1.0,1.0,0.375,0.484375,0.140625,0.984375,0.015625,0.0,1.0,0.0,0.0,1.966755524277687,4.348790539635552,7.352100372314453,ok,,left_hand_fallback_limit_reached=3;left_hand_prev_bbox_fallback_frames=31;left_hand_black_frames=9;right_hand_prev_bbox_fallback_frames=1
wlasl:06359,06359,06359,birthday,78,train,F:/DMV/Recognizing-sign-language-at-the-word-level/data/datasets/WLASL/branch_inputs/regions/rtmw_l/tensors/nslt100/train/06359.npz,,F:/DMV/Recognizing-sign-language-at-the-word-level/data/datasets/WLASL/branch_inputs/regions/rtmw_l/previews/nslt100/train/06359_preview.jpg,50,64,"[3, 3, 64, 112, 112]",1.0,1.0,1.0,1.0,0.0,0.0,1.0,0.0,0.0,1.0,0.0,0.0,6.496591955423355,6.46477384865284,8.094804555177689,ok,,sampled_with_repeated_indices
wlasl:06363,06363,06363,birthday,78,train,F:/DMV/Recognizing-sign-language-at-the-word-level/data/datasets/WLASL/branch_inputs/regions/rtmw_l/tensors/nslt100/train/06363.npz,,F:/DMV/Recognizing-sign-language-at-the-word-level/data/datasets/WLASL/branch_inputs/regions/rtmw_l/previews/nslt100/train/06363_preview.jpg,56,64,"[3, 3, 64, 112, 112]",1.0,1.0,1.0,1.0,0.0,0.0,1.0,0.0,0.0,1.0,0.0,0.0,5.683372791856527,5.2517117112874985,7.5189821273088455,ok,,sampled_with_repeated_indices
wlasl:06365,06365,06365,birthday,78,train,F:/DMV/Recognizing-sign-language-at-the-word-level/data/datasets/WLASL/branch_inputs/regions/rtmw_l/tensors/nslt100/train/06365.npz,,F:/DMV/Recognizing-sign-language-at-the-word-level/data/datasets/WLASL/branch_inputs/regions/rtmw_l/previews/nslt100/train/06365_preview.jpg,64,64,"[3, 3, 64, 112, 112]",0.0,1.0,1.0,0.0,0.0,1.0,1.0,0.0,0.0,1.0,0.0,0.0,0.0,6.047274045646191,6.774039223790169,ok,,left_hand_black_frames=64
wlasl:06371,06371,06371,birthday,78,train,F:/DMV/Recognizing-sign-language-at-the-word-level/data/datasets/WLASL/branch_inputs/regions/rtmw_l/tensors/nslt100/train/06371.npz,,F:/DMV/Recognizing-sign-language-at-the-word-level/data/datasets/WLASL/branch_inputs/regions/rtmw_l/previews/nslt100/train/06371_preview.jpg,66,64,"[3, 3, 64, 112, 112]",0.875,1.0,1.0,0.4375,0.4375,0.125,1.0,0.0,0.0,1.0,0.0,0.0,2.0660702756472995,5.069240255281329,7.75640482455492,ok,,left_hand_fallback_limit_reached=3;left_hand_prev_bbox_fallback_frames=28;left_hand_black_frames=8
wlasl:06471,06471,06471,black,19,train,F:/DMV/Recognizing-sign-language-at-the-word-level/data/datasets/WLASL/branch_inputs/regions/rtmw_l/tensors/nslt100/train/06471.npz,,F:/DMV/Recognizing-sign-language-at-the-word-level/data/datasets/WLASL/branch_inputs/regions/rtmw_l/previews/nslt100/train/06471_preview.jpg,66,64,"[3, 3, 64, 112, 112]",0.90625,1.0,1.0,0.59375,0.3125,0.09375,1.0,0.0,0.0,1.0,0.0,0.0,2.473604164625469,3.143637040629983,8.510706327855587,ok,,left_hand_fallback_limit_reached=3;left_hand_prev_bbox_fallback_frames=20;left_hand_black_frames=6
wlasl:06472,06472,06472,black,19,train,F:/DMV/Recognizing-sign-language-at-the-word-level/data/datasets/WLASL/branch_inputs/regions/rtmw_l/tensors/nslt100/train/06472.npz,,F:/DMV/Recognizing-sign-language-at-the-word-level/data/datasets/WLASL/branch_inputs/regions/rtmw_l/previews/nslt100/train/06472_preview.jpg,78,64,"[3, 3, 64, 112, 112]",0.703125,0.78125,1.0,0.46875,0.234375,0.296875,0.78125,0.0,0.21875,1.0,0.0,0.0,3.0061702013015745,5.9827720737457275,8.3337022960186,ok,,left_hand_fallback_limit_reached=3;left_hand_prev_bbox_fallback_frames=15;left_hand_black_frames=19;right_hand_black_frames=14
wlasl:06473,06473,06473,black,19,train,F:/DMV/Recognizing-sign-language-at-the-word-level/data/datasets/WLASL/branch_inputs/regions/rtmw_l/tensors/nslt100/train/06473.npz,,F:/DMV/Recognizing-sign-language-at-the-word-level/data/datasets/WLASL/branch_inputs/regions/rtmw_l/previews/nslt100/train/06473_preview.jpg,55,64,"[3, 3, 64, 112, 112]",0.640625,0.96875,1.0,0.3125,0.328125,0.359375,0.78125,0.1875,0.03125,1.0,0.0,0.0,1.1799832433462143,4.864086644649506,7.894063331186771,ok,,end_frame_clipped_to_video_end;sampled_with_repeated_indices;right_hand_fallback_limit_reached=3;left_hand_fallback_limit_reached=3;left_hand_prev_bbox_fallback_frames=21;left_hand_black_frames=23;right_hand_prev_bbox_fallback_frames=12;right_hand_black_frames=2
wlasl:06474,06474,06474,black,19,train,F:/DMV/Recognizing-sign-language-at-the-word-level/data/datasets/WLASL/branch_inputs/regions/rtmw_l/tensors/nslt100/train/06474.npz,,F:/DMV/Recognizing-sign-language-at-the-word-level/data/datasets/WLASL/branch_inputs/regions/rtmw_l/previews/nslt100/train/06474_preview.jpg,68,64,"[3, 3, 64, 112, 112]",0.0625,0.78125,1.0,0.046875,0.015625,0.9375,0.78125,0.0,0.21875,1.0,0.0,0.0,2.986798365910848,4.5268492507934575,7.734008356928825,ok,,left_hand_prev_bbox_fallback_frames=1;left_hand_black_frames=60;right_hand_black_frames=14
wlasl:06477,06477,06477,black,19,train,F:/DMV/Recognizing-sign-language-at-the-word-level/data/datasets/WLASL/branch_inputs/regions/rtmw_l/tensors/nslt100/train/06477.npz,,F:/DMV/Recognizing-sign-language-at-the-word-level/data/datasets/WLASL/branch_inputs/regions/rtmw_l/previews/nslt100/train/06477_preview.jpg,21,64,"[3, 3, 64, 112, 112]",0.484375,1.0,1.0,0.15625,0.328125,0.515625,1.0,0.0,0.0,1.0,0.0,0.0,2.237575078010559,4.77762708067894,6.785309538245201,ok,,sampled_with_repeated_indices;left_hand_fallback_limit_reached=3;left_hand_prev_bbox_fallback_frames=21;left_hand_black_frames=33
wlasl:06478,06478,06478,black,19,train,F:/DMV/Recognizing-sign-language-at-the-word-level/data/datasets/WLASL/branch_inputs/regions/rtmw_l/tensors/nslt100/train/06478.npz,,F:/DMV/Recognizing-sign-language-at-the-word-level/data/datasets/WLASL/branch_inputs/regions/rtmw_l/previews/nslt100/train/06478_preview.jpg,38,64,"[3, 3, 64, 112, 112]",0.875,1.0,1.0,0.828125,0.046875,0.125,1.0,0.0,0.0,1.0,0.0,0.0,4.753478275155121,4.855692602694035,7.168794497847557,ok,,sampled_with_repeated_indices;left_hand_prev_bbox_fallback_frames=3;left_hand_black_frames=8
wlasl:06486,06486,06486,black,19,train,F:/DMV/Recognizing-sign-language-at-the-word-level/data/datasets/WLASL/branch_inputs/regions/rtmw_l/tensors/nslt100/train/06486.npz,,F:/DMV/Recognizing-sign-language-at-the-word-level/data/datasets/WLASL/branch_inputs/regions/rtmw_l/previews/nslt100/train/06486_preview.jpg,94,64,"[3, 3, 64, 112, 112]",0.921875,1.0,1.0,0.6875,0.234375,0.078125,1.0,0.0,0.0,1.0,0.0,0.0,2.5935826897621155,4.0578706711530685,7.59956531971693,ok,,left_hand_fallback_limit_reached=3;left_hand_prev_bbox_fallback_frames=15;left_hand_black_frames=5
wlasl:06832,06832,06832,blue,33,train,F:/DMV/Recognizing-sign-language-at-the-word-level/data/datasets/WLASL/branch_inputs/regions/rtmw_l/tensors/nslt100/train/06832.npz,,F:/DMV/Recognizing-sign-language-at-the-word-level/data/datasets/WLASL/branch_inputs/regions/rtmw_l/previews/nslt100/train/06832_preview.jpg,63,64,"[3, 3, 64, 112, 112]",0.78125,0.9375,1.0,0.078125,0.703125,0.21875,0.84375,0.09375,0.0625,1.0,0.0,0.0,1.3417953491210937,4.835707821227886,7.641774535179138,ok,,end_frame_clipped_to_video_end;sampled_with_repeated_indices;left_hand_fallback_limit_reached=3;right_hand_fallback_limit_reached=3;left_hand_prev_bbox_fallback_frames=45;left_hand_black_frames=14;right_hand_prev_bbox_fallback_frames=6;right_hand_black_frames=4
wlasl:06833,06833,06833,blue,33,train,F:/DMV/Recognizing-sign-language-at-the-word-level/data/datasets/WLASL/branch_inputs/regions/rtmw_l/tensors/nslt100/train/06833.npz,,F:/DMV/Recognizing-sign-language-at-the-word-level/data/datasets/WLASL/branch_inputs/regions/rtmw_l/previews/nslt100/train/06833_preview.jpg,59,64,"[3, 3, 64, 112, 112]",0.671875,0.90625,1.0,0.296875,0.375,0.328125,0.875,0.03125,0.09375,1.0,0.0,0.0,3.0190977548298084,5.894117257424763,8.269998207688332,ok,,sampled_with_repeated_indices;left_hand_fallback_limit_reached=3;left_hand_prev_bbox_fallback_frames=24;left_hand_black_frames=21;right_hand_prev_bbox_fallback_frames=2;right_hand_black_frames=6
wlasl:06834,06834,06834,blue,33,train,F:/DMV/Recognizing-sign-language-at-the-word-level/data/datasets/WLASL/branch_inputs/regions/rtmw_l/tensors/nslt100/train/06834.npz,,F:/DMV/Recognizing-sign-language-at-the-word-level/data/datasets/WLASL/branch_inputs/regions/rtmw_l/previews/nslt100/train/06834_preview.jpg,43,64,"[3, 3, 64, 112, 112]",1.0,1.0,1.0,1.0,0.0,0.0,1.0,0.0,0.0,1.0,0.0,0.0,3.678636785596609,5.913508638739586,8.134406812489033,ok,,sampled_with_repeated_indices
wlasl:06835,06835,06835,blue,33,train,F:/DMV/Recognizing-sign-language-at-the-word-level/data/datasets/WLASL/branch_inputs/regions/rtmw_l/tensors/nslt100/train/06835.npz,,F:/DMV/Recognizing-sign-language-at-the-word-level/data/datasets/WLASL/branch_inputs/regions/rtmw_l/previews/nslt100/train/06835_preview.jpg,68,64,"[3, 3, 64, 112, 112]",0.640625,0.65625,1.0,0.359375,0.28125,0.359375,0.40625,0.25,0.34375,1.0,0.0,0.0,1.8659974284794019,4.620445902530964,7.143894426524639,ok,,left_hand_fallback_limit_reached=3;right_hand_fallback_limit_reached=3;left_hand_prev_bbox_fallback_frames=18;left_hand_black_frames=23;right_hand_prev_bbox_fallback_frames=16;right_hand_black_frames=22
wlasl:06839,06839,06839,blue,33,train,F:/DMV/Recognizing-sign-language-at-the-word-level/data/datasets/WLASL/branch_inputs/regions/rtmw_l/tensors/nslt100/train/06839.npz,,F:/DMV/Recognizing-sign-language-at-the-word-level/data/datasets/WLASL/branch_inputs/regions/rtmw_l/previews/nslt100/train/06839_preview.jpg,31,64,"[3, 3, 64, 112, 112]",0.546875,1.0,1.0,0.515625,0.03125,0.453125,1.0,0.0,0.0,1.0,0.0,0.0,2.420237533973925,6.9582322761416435,7.951527118682861,ok,,sampled_with_repeated_indices;left_hand_prev_bbox_fallback_frames=2;left_hand_black_frames=29
wlasl:07068,07068,07068,book,0,train,F:/DMV/Recognizing-sign-language-at-the-word-level/data/datasets/WLASL/branch_inputs/regions/rtmw_l/tensors/nslt100/train/07068.npz,,F:/DMV/Recognizing-sign-language-at-the-word-level/data/datasets/WLASL/branch_inputs/regions/rtmw_l/previews/nslt100/train/07068_preview.jpg,58,64,"[3, 3, 64, 112, 112]",0.9375,0.9375,1.0,0.890625,0.046875,0.0625,0.921875,0.015625,0.0625,1.0,0.0,0.0,5.459241783409788,5.6020398907742255,7.98380434513092,ok,,sampled_with_repeated_indices;left_hand_prev_bbox_fallback_frames=3;left_hand_black_frames=4;right_hand_prev_bbox_fallback_frames=1;right_hand_black_frames=4
wlasl:07069,07069,07069,book,0,train,F:/DMV/Recognizing-sign-language-at-the-word-level/data/datasets/WLASL/branch_inputs/regions/rtmw_l/tensors/nslt100/train/07069.npz,,F:/DMV/Recognizing-sign-language-at-the-word-level/data/datasets/WLASL/branch_inputs/regions/rtmw_l/previews/nslt100/train/07069_preview.jpg,29,64,"[3, 3, 64, 112, 112]",0.953125,0.96875,1.0,0.90625,0.046875,0.046875,0.90625,0.0625,0.03125,1.0,0.0,0.0,4.442430668863757,4.663721832735785,7.596192307770252,ok,,end_frame_clipped_to_video_end;sampled_with_repeated_indices;left_hand_fallback_limit_reached=3;left_hand_prev_bbox_fallback_frames=3;left_hand_black_frames=3;right_hand_prev_bbox_fallback_frames=4;right_hand_black_frames=2
wlasl:07070,07070,07070,book,0,train,F:/DMV/Recognizing-sign-language-at-the-word-level/data/datasets/WLASL/branch_inputs/regions/rtmw_l/tensors/nslt100/train/07070.npz,,F:/DMV/Recognizing-sign-language-at-the-word-level/data/datasets/WLASL/branch_inputs/regions/rtmw_l/previews/nslt100/train/07070_preview.jpg,73,64,"[3, 3, 64, 112, 112]",0.78125,0.78125,1.0,0.78125,0.0,0.21875,0.78125,0.0,0.21875,1.0,0.0,0.0,4.6834597539901734,4.407502975463867,7.264902487397194,ok,,left_hand_black_frames=14;right_hand_black_frames=14
wlasl:07074,07074,07074,book,0,train,F:/DMV/Recognizing-sign-language-at-the-word-level/data/datasets/WLASL/branch_inputs/regions/rtmw_l/tensors/nslt100/train/07074.npz,,F:/DMV/Recognizing-sign-language-at-the-word-level/data/datasets/WLASL/branch_inputs/regions/rtmw_l/previews/nslt100/train/07074_preview.jpg,33,64,"[3, 3, 64, 112, 112]",1.0,1.0,1.0,1.0,0.0,0.0,1.0,0.0,0.0,1.0,0.0,0.0,4.534402213990688,4.410166531801224,6.720469385385513,ok,,sampled_with_repeated_indices
wlasl:07389,07389,07389,bowling,34,train,F:/DMV/Recognizing-sign-language-at-the-word-level/data/datasets/WLASL/branch_inputs/regions/rtmw_l/tensors/nslt100/train/07389.npz,,F:/DMV/Recognizing-sign-language-at-the-word-level/data/datasets/WLASL/branch_inputs/regions/rtmw_l/previews/nslt100/train/07389_preview.jpg,70,64,"[3, 3, 64, 112, 112]",1.0,1.0,1.0,1.0,0.0,0.0,1.0,0.0,0.0,1.0,0.0,0.0,6.0126625299453735,6.367853429168463,8.010238692164421,ok,,
wlasl:07390,07390,07390,bowling,34,train,F:/DMV/Recognizing-sign-language-at-the-word-level/data/datasets/WLASL/branch_inputs/regions/rtmw_l/tensors/nslt100/train/07390.npz,,F:/DMV/Recognizing-sign-language-at-the-word-level/data/datasets/WLASL/branch_inputs/regions/rtmw_l/previews/nslt100/train/07390_preview.jpg,27,64,"[3, 3, 64, 112, 112]",0.96875,0.328125,1.0,0.9375,0.03125,0.03125,0.078125,0.25,0.671875,1.0,0.0,0.0,4.681070391337077,2.6775253772735597,7.855840377509594,ok,,end_frame_clipped_to_video_end;sampled_with_repeated_indices;right_hand_fallback_limit_reached=3;left_hand_prev_bbox_fallback_frames=2;left_hand_black_frames=2;right_hand_prev_bbox_fallback_frames=16;right_hand_black_frames=43
wlasl:07391,07391,07391,bowling,34,train,F:/DMV/Recognizing-sign-language-at-the-word-level/data/datasets/WLASL/branch_inputs/regions/rtmw_l/tensors/nslt100/train/07391.npz,,F:/DMV/Recognizing-sign-language-at-the-word-level/data/datasets/WLASL/branch_inputs/regions/rtmw_l/previews/nslt100/train/07391_preview.jpg,25,64,"[3, 3, 64, 112, 112]",1.0,0.0,1.0,0.96875,0.03125,0.0,0.0,0.0,1.0,1.0,0.0,0.0,5.44354958303513,0.0,8.186759732663631,ok,,end_frame_clipped_to_video_end;sampled_with_repeated_indices;left_hand_prev_bbox_fallback_frames=2;right_hand_black_frames=64
wlasl:07392,07392,07392,bowling,34,train,F:/DMV/Recognizing-sign-language-at-the-word-level/data/datasets/WLASL/branch_inputs/regions/rtmw_l/tensors/nslt100/train/07392.npz,,F:/DMV/Recognizing-sign-language-at-the-word-level/data/datasets/WLASL/branch_inputs/regions/rtmw_l/previews/nslt100/train/07392_preview.jpg,29,64,"[3, 3, 64, 112, 112]",0.984375,0.171875,1.0,0.9375,0.046875,0.015625,0.0625,0.109375,0.828125,1.0,0.0,0.0,5.154218828678131,1.1266563534736633,8.465042367577553,ok,,end_frame_clipped_to_video_end;sampled_with_repeated_indices;right_hand_fallback_limit_reached=3;left_hand_fallback_limit_reached=3;left_hand_prev_bbox_fallback_frames=3;left_hand_black_frames=1;right_hand_prev_bbox_fallback_frames=7;right_hand_black_frames=53
wlasl:07393,07393,07393,bowling,34,train,F:/DMV/Recognizing-sign-language-at-the-word-level/data/datasets/WLASL/branch_inputs/regions/rtmw_l/tensors/nslt100/train/07393.npz,,F:/DMV/Recognizing-sign-language-at-the-word-level/data/datasets/WLASL/branch_inputs/regions/rtmw_l/previews/nslt100/train/07393_preview.jpg,53,64,"[3, 3, 64, 112, 112]",0.0,0.921875,1.0,0.0,0.0,1.0,0.921875,0.0,0.078125,1.0,0.0,0.0,0.0,9.155240293276512,8.50137259811163,ok,,sampled_with_repeated_indices;left_hand_black_frames=64;right_hand_black_frames=5
wlasl:07394,07394,07394,bowling,34,train,F:/DMV/Recognizing-sign-language-at-the-word-level/data/datasets/WLASL/branch_inputs/regions/rtmw_l/tensors/nslt100/train/07394.npz,,F:/DMV/Recognizing-sign-language-at-the-word-level/data/datasets/WLASL/branch_inputs/regions/rtmw_l/previews/nslt100/train/07394_preview.jpg,83,64,"[3, 3, 64, 112, 112]",0.734375,0.75,1.0,0.671875,0.0625,0.265625,0.75,0.0,0.25,1.0,0.0,0.0,1.6813516755436742,6.061862297356129,7.8949950486421585,ok,,left_hand_prev_bbox_fallback_frames=4;left_hand_black_frames=17;right_hand_black_frames=16
wlasl:07397,07397,07397,bowling,34,train,F:/DMV/Recognizing-sign-language-at-the-word-level/data/datasets/WLASL/branch_inputs/regions/rtmw_l/tensors/nslt100/train/07397.npz,,F:/DMV/Recognizing-sign-language-at-the-word-level/data/datasets/WLASL/branch_inputs/regions/rtmw_l/previews/nslt100/train/07397_preview.jpg,44,64,"[3, 3, 64, 112, 112]",0.34375,1.0,1.0,0.03125,0.3125,0.65625,1.0,0.0,0.0,1.0,0.0,0.0,3.055100202560425,4.266749918460846,7.073954366147518,ok,,sampled_with_repeated_indices;left_hand_fallback_limit_reached=3;left_hand_prev_bbox_fallback_frames=20;left_hand_black_frames=42
wlasl:07399,07399,07399,bowling,34,train,F:/DMV/Recognizing-sign-language-at-the-word-level/data/datasets/WLASL/branch_inputs/regions/rtmw_l/tensors/nslt100/train/07399.npz,,F:/DMV/Recognizing-sign-language-at-the-word-level/data/datasets/WLASL/branch_inputs/regions/rtmw_l/previews/nslt100/train/07399_preview.jpg,56,64,"[3, 3, 64, 112, 112]",0.90625,1.0,1.0,0.546875,0.359375,0.09375,1.0,0.0,0.0,1.0,0.0,0.0,2.3092934335981097,5.108104184269905,7.129571378231049,ok,,sampled_with_repeated_indices;left_hand_fallback_limit_reached=3;left_hand_prev_bbox_fallback_frames=23;left_hand_black_frames=6
wlasl:07960,07960,07960,brown,79,train,F:/DMV/Recognizing-sign-language-at-the-word-level/data/datasets/WLASL/branch_inputs/regions/rtmw_l/tensors/nslt100/train/07960.npz,,F:/DMV/Recognizing-sign-language-at-the-word-level/data/datasets/WLASL/branch_inputs/regions/rtmw_l/previews/nslt100/train/07960_preview.jpg,77,64,"[3, 3, 64, 112, 112]",0.859375,0.859375,1.0,0.421875,0.4375,0.140625,0.796875,0.0625,0.140625,1.0,0.0,0.0,2.2573397336182772,5.31446985169953,8.206017076969147,ok,,end_frame_clipped_to_video_end;left_hand_fallback_limit_reached=3;right_hand_fallback_limit_reached=3;left_hand_prev_bbox_fallback_frames=28;left_hand_black_frames=9;right_hand_prev_bbox_fallback_frames=4;right_hand_black_frames=9
wlasl:07961,07961,07961,brown,79,train,F:/DMV/Recognizing-sign-language-at-the-word-level/data/datasets/WLASL/branch_inputs/regions/rtmw_l/tensors/nslt100/train/07961.npz,,F:/DMV/Recognizing-sign-language-at-the-word-level/data/datasets/WLASL/branch_inputs/regions/rtmw_l/previews/nslt100/train/07961_preview.jpg,70,64,"[3, 3, 64, 112, 112]",0.65625,0.8125,1.0,0.390625,0.265625,0.34375,0.8125,0.0,0.1875,1.0,0.0,0.0,4.1337568473815915,5.380375564098358,8.260812595486641,ok,,left_hand_fallback_limit_reached=3;left_hand_prev_bbox_fallback_frames=17;left_hand_black_frames=22;right_hand_black_frames=12
wlasl:07962,07962,07962,brown,79,train,F:/DMV/Recognizing-sign-language-at-the-word-level/data/datasets/WLASL/branch_inputs/regions/rtmw_l/tensors/nslt100/train/07962.npz,,F:/DMV/Recognizing-sign-language-at-the-word-level/data/datasets/WLASL/branch_inputs/regions/rtmw_l/previews/nslt100/train/07962_preview.jpg,49,64,"[3, 3, 64, 112, 112]",0.6875,0.875,1.0,0.125,0.5625,0.3125,0.71875,0.15625,0.125,1.0,0.0,0.0,1.9426346868276596,6.521564032720483,8.003116346895695,ok,,end_frame_clipped_to_video_end;sampled_with_repeated_indices;left_hand_fallback_limit_reached=3;right_hand_fallback_limit_reached=3;left_hand_prev_bbox_fallback_frames=36;left_hand_black_frames=20;right_hand_prev_bbox_fallback_frames=10;right_hand_black_frames=8
wlasl:07963,07963,07963,brown,79,train,F:/DMV/Recognizing-sign-language-at-the-word-level/data/datasets/WLASL/branch_inputs/regions/rtmw_l/tensors/nslt100/train/07963.npz,,F:/DMV/Recognizing-sign-language-at-the-word-level/data/datasets/WLASL/branch_inputs/regions/rtmw_l/previews/nslt100/train/07963_preview.jpg,74,64,"[3, 3, 64, 112, 112]",0.625,0.75,1.0,0.140625,0.484375,0.375,0.609375,0.140625,0.25,1.0,0.0,0.0,2.3766762150658503,5.481845232156607,7.954054109752178,ok,,left_hand_fallback_limit_reached=3;right_hand_fallback_limit_reached=3;left_hand_prev_bbox_fallback_frames=31;left_hand_black_frames=24;right_hand_prev_bbox_fallback_frames=9;right_hand_black_frames=16
wlasl:07966,07966,07966,brown,79,train,F:/DMV/Recognizing-sign-language-at-the-word-level/data/datasets/WLASL/branch_inputs/regions/rtmw_l/tensors/nslt100/train/07966.npz,,F:/DMV/Recognizing-sign-language-at-the-word-level/data/datasets/WLASL/branch_inputs/regions/rtmw_l/previews/nslt100/train/07966_preview.jpg,28,64,"[3, 3, 64, 112, 112]",0.0,1.0,1.0,0.0,0.0,1.0,1.0,0.0,0.0,1.0,0.0,0.0,0.0,5.337206229567528,6.93728419393301,ok,,sampled_with_repeated_indices;left_hand_black_frames=64
wlasl:08424,08424,08424,but,80,train,F:/DMV/Recognizing-sign-language-at-the-word-level/data/datasets/WLASL/branch_inputs/regions/rtmw_l/tensors/nslt100/train/08424.npz,,F:/DMV/Recognizing-sign-language-at-the-word-level/data/datasets/WLASL/branch_inputs/regions/rtmw_l/previews/nslt100/train/08424_preview.jpg,61,64,"[3, 3, 64, 112, 112]",0.828125,0.875,1.0,0.65625,0.171875,0.171875,0.765625,0.109375,0.125,1.0,0.0,0.0,5.432797783897037,5.534315410925418,7.955807983875275,ok,,end_frame_clipped_to_video_end;sampled_with_repeated_indices;left_hand_fallback_limit_reached=3;right_hand_fallback_limit_reached=3;left_hand_prev_bbox_fallback_frames=11;left_hand_black_frames=11;right_hand_prev_bbox_fallback_frames=7;right_hand_black_frames=8
wlasl:08431,08431,08431,but,80,train,F:/DMV/Recognizing-sign-language-at-the-word-level/data/datasets/WLASL/branch_inputs/regions/rtmw_l/tensors/nslt100/train/08431.npz,,F:/DMV/Recognizing-sign-language-at-the-word-level/data/datasets/WLASL/branch_inputs/regions/rtmw_l/previews/nslt100/train/08431_preview.jpg,26,64,"[3, 3, 64, 112, 112]",1.0,1.0,1.0,1.0,0.0,0.0,1.0,0.0,0.0,1.0,0.0,0.0,5.310698255896568,5.005143828690052,6.76166283339262,ok,,sampled_with_repeated_indices
wlasl:08437,08437,08437,but,80,train,F:/DMV/Recognizing-sign-language-at-the-word-level/data/datasets/WLASL/branch_inputs/regions/rtmw_l/tensors/nslt100/train/08437.npz,,F:/DMV/Recognizing-sign-language-at-the-word-level/data/datasets/WLASL/branch_inputs/regions/rtmw_l/previews/nslt100/train/08437_preview.jpg,73,64,"[3, 3, 64, 112, 112]",1.0,1.0,1.0,1.0,0.0,0.0,1.0,0.0,0.0,1.0,0.0,0.0,4.734434865415096,4.724606636911631,7.948207825422287,ok,,
wlasl:08916,08916,08916,candy,8,train,F:/DMV/Recognizing-sign-language-at-the-word-level/data/datasets/WLASL/branch_inputs/regions/rtmw_l/tensors/nslt100/train/08916.npz,,F:/DMV/Recognizing-sign-language-at-the-word-level/data/datasets/WLASL/branch_inputs/regions/rtmw_l/previews/nslt100/train/08916_preview.jpg,75,64,"[3, 3, 64, 112, 112]",0.625,0.765625,1.0,0.515625,0.109375,0.375,0.765625,0.0,0.234375,1.0,0.0,0.0,2.8953152642105566,5.903079694631148,8.409773215651512,ok,,left_hand_fallback_limit_reached=3;left_hand_prev_bbox_fallback_frames=7;left_hand_black_frames=24;right_hand_black_frames=15
wlasl:08917,08917,08917,candy,8,train,F:/DMV/Recognizing-sign-language-at-the-word-level/data/datasets/WLASL/branch_inputs/regions/rtmw_l/tensors/nslt100/train/08917.npz,,F:/DMV/Recognizing-sign-language-at-the-word-level/data/datasets/WLASL/branch_inputs/regions/rtmw_l/previews/nslt100/train/08917_preview.jpg,28,64,"[3, 3, 64, 112, 112]",0.875,1.0,1.0,0.390625,0.484375,0.125,1.0,0.0,0.0,1.0,0.0,0.0,1.5394984579086304,5.534847185015678,8.223929814994335,ok,,sampled_with_repeated_indices;left_hand_fallback_limit_reached=3;left_hand_prev_bbox_fallback_frames=31;left_hand_black_frames=8
wlasl:08919,08919,08919,candy,8,train,F:/DMV/Recognizing-sign-language-at-the-word-level/data/datasets/WLASL/branch_inputs/regions/rtmw_l/tensors/nslt100/train/08919.npz,,F:/DMV/Recognizing-sign-language-at-the-word-level/data/datasets/WLASL/branch_inputs/regions/rtmw_l/previews/nslt100/train/08919_preview.jpg,74,64,"[3, 3, 64, 112, 112]",0.203125,1.0,1.0,0.015625,0.1875,0.796875,0.921875,0.078125,0.0,1.0,0.0,0.0,1.9133682250976562,4.939688846216363,8.259501829743385,ok,,left_hand_fallback_limit_reached=3;left_hand_prev_bbox_fallback_frames=12;left_hand_black_frames=51;right_hand_prev_bbox_fallback_frames=5
wlasl:08920,08920,08920,candy,8,train,F:/DMV/Recognizing-sign-language-at-the-word-level/data/datasets/WLASL/branch_inputs/regions/rtmw_l/tensors/nslt100/train/08920.npz,,F:/DMV/Recognizing-sign-language-at-the-word-level/data/datasets/WLASL/branch_inputs/regions/rtmw_l/previews/nslt100/train/08920_preview.jpg,64,64,"[3, 3, 64, 112, 112]",0.421875,0.9375,1.0,0.09375,0.328125,0.578125,0.640625,0.296875,0.0625,1.0,0.0,0.0,2.0172000726064048,6.204599665432442,8.470953807234764,ok,,right_hand_fallback_limit_reached=3;left_hand_fallback_limit_reached=3;left_hand_prev_bbox_fallback_frames=21;left_hand_black_frames=37;right_hand_prev_bbox_fallback_frames=19;right_hand_black_frames=4
wlasl:08921,08921,08921,candy,8,train,F:/DMV/Recognizing-sign-language-at-the-word-level/data/datasets/WLASL/branch_inputs/regions/rtmw_l/tensors/nslt100/train/08921.npz,,F:/DMV/Recognizing-sign-language-at-the-word-level/data/datasets/WLASL/branch_inputs/regions/rtmw_l/previews/nslt100/train/08921_preview.jpg,50,64,"[3, 3, 64, 112, 112]",1.0,1.0,1.0,0.984375,0.015625,0.0,1.0,0.0,0.0,1.0,0.0,0.0,1.7646724297886802,4.794844535179436,7.847357779741287,ok,,sampled_with_repeated_indices;left_hand_prev_bbox_fallback_frames=1
wlasl:08924,08924,08924,candy,8,train,F:/DMV/Recognizing-sign-language-at-the-word-level/data/datasets/WLASL/branch_inputs/regions/rtmw_l/tensors/nslt100/train/08924.npz,,F:/DMV/Recognizing-sign-language-at-the-word-level/data/datasets/WLASL/branch_inputs/regions/rtmw_l/previews/nslt100/train/08924_preview.jpg,25,64,"[3, 3, 64, 112, 112]",0.0,1.0,1.0,0.0,0.0,1.0,1.0,0.0,0.0,1.0,0.0,0.0,0.0,5.410314068198204,6.994869478046894,ok,,sampled_with_repeated_indices;left_hand_black_frames=64
wlasl:08935,08935,08935,can,35,train,F:/DMV/Recognizing-sign-language-at-the-word-level/data/datasets/WLASL/branch_inputs/regions/rtmw_l/tensors/nslt100/train/08935.npz,,F:/DMV/Recognizing-sign-language-at-the-word-level/data/datasets/WLASL/branch_inputs/regions/rtmw_l/previews/nslt100/train/08935_preview.jpg,50,64,"[3, 3, 64, 112, 112]",1.0,1.0,1.0,1.0,0.0,0.0,1.0,0.0,0.0,1.0,0.0,0.0,7.157791256904602,6.733947791159153,8.165137179195881,ok,,sampled_with_repeated_indices
wlasl:08936,08936,08936,can,35,train,F:/DMV/Recognizing-sign-language-at-the-word-level/data/datasets/WLASL/branch_inputs/regions/rtmw_l/tensors/nslt100/train/08936.npz,,F:/DMV/Recognizing-sign-language-at-the-word-level/data/datasets/WLASL/branch_inputs/regions/rtmw_l/previews/nslt100/train/08936_preview.jpg,54,64,"[3, 3, 64, 112, 112]",1.0,1.0,1.0,1.0,0.0,0.0,1.0,0.0,0.0,1.0,0.0,0.0,3.2614028193056583,3.6817660853266716,7.5440733432769775,ok,,sampled_with_repeated_indices
wlasl:08937,08937,08937,can,35,train,F:/DMV/Recognizing-sign-language-at-the-word-level/data/datasets/WLASL/branch_inputs/regions/rtmw_l/tensors/nslt100/train/08937.npz,,F:/DMV/Recognizing-sign-language-at-the-word-level/data/datasets/WLASL/branch_inputs/regions/rtmw_l/previews/nslt100/train/08937_preview.jpg,76,64,"[3, 3, 64, 112, 112]",0.765625,0.75,1.0,0.640625,0.125,0.234375,0.640625,0.109375,0.25,1.0,0.0,0.0,6.07732700720066,6.481378122073848,8.089531801640987,ok,,left_hand_fallback_limit_reached=3;right_hand_fallback_limit_reached=3;left_hand_prev_bbox_fallback_frames=8;left_hand_black_frames=15;right_hand_prev_bbox_fallback_frames=7;right_hand_black_frames=16
wlasl:08938,08938,08938,can,35,train,F:/DMV/Recognizing-sign-language-at-the-word-level/data/datasets/WLASL/branch_inputs/regions/rtmw_l/tensors/nslt100/train/08938.npz,,F:/DMV/Recognizing-sign-language-at-the-word-level/data/datasets/WLASL/branch_inputs/regions/rtmw_l/previews/nslt100/train/08938_preview.jpg,49,64,"[3, 3, 64, 112, 112]",1.0,1.0,1.0,1.0,0.0,0.0,1.0,0.0,0.0,1.0,0.0,0.0,5.608326230198145,5.588093061000109,8.282076209783554,ok,,sampled_with_repeated_indices
wlasl:08942,08942,08942,can,35,train,F:/DMV/Recognizing-sign-language-at-the-word-level/data/datasets/WLASL/branch_inputs/regions/rtmw_l/tensors/nslt100/train/08942.npz,,F:/DMV/Recognizing-sign-language-at-the-word-level/data/datasets/WLASL/branch_inputs/regions/rtmw_l/previews/nslt100/train/08942_preview.jpg,35,64,"[3, 3, 64, 112, 112]",1.0,1.0,1.0,1.0,0.0,0.0,1.0,0.0,0.0,1.0,0.0,0.0,6.242855362594128,6.047461815178394,7.057171240448952,ok,,sampled_with_repeated_indices
wlasl:08944,08944,08944,can,35,train,F:/DMV/Recognizing-sign-language-at-the-word-level/data/datasets/WLASL/branch_inputs/regions/rtmw_l/tensors/nslt100/train/08944.npz,,F:/DMV/Recognizing-sign-language-at-the-word-level/data/datasets/WLASL/branch_inputs/regions/rtmw_l/previews/nslt100/train/08944_preview.jpg,34,64,"[3, 3, 64, 112, 112]",1.0,1.0,1.0,1.0,0.0,0.0,1.0,0.0,0.0,1.0,0.0,0.0,6.141402922570705,5.767599172890186,7.188427917659283,ok,,sampled_with_repeated_indices
wlasl:08955,08955,08955,can,35,train,F:/DMV/Recognizing-sign-language-at-the-word-level/data/datasets/WLASL/branch_inputs/regions/rtmw_l/tensors/nslt100/train/08955.npz,,F:/DMV/Recognizing-sign-language-at-the-word-level/data/datasets/WLASL/branch_inputs/regions/rtmw_l/previews/nslt100/train/08955_preview.jpg,66,64,"[3, 3, 64, 112, 112]",1.0,1.0,1.0,0.828125,0.171875,0.0,0.90625,0.09375,0.0,1.0,0.0,0.0,5.515624140793422,5.609133897156551,8.020850509405136,ok,,left_hand_prev_bbox_fallback_frames=11;right_hand_prev_bbox_fallback_frames=6
wlasl:09848,09848,09848,chair,4,train,F:/DMV/Recognizing-sign-language-at-the-word-level/data/datasets/WLASL/branch_inputs/regions/rtmw_l/tensors/nslt100/train/09848.npz,,F:/DMV/Recognizing-sign-language-at-the-word-level/data/datasets/WLASL/branch_inputs/regions/rtmw_l/previews/nslt100/train/09848_preview.jpg,95,64,"[3, 3, 64, 112, 112]",0.84375,0.859375,1.0,0.609375,0.234375,0.15625,0.625,0.234375,0.140625,1.0,0.0,0.0,5.213057392682785,5.2995604306459425,8.153862535953522,ok,,end_frame_clipped_to_video_end;left_hand_fallback_limit_reached=3;right_hand_fallback_limit_reached=3;left_hand_prev_bbox_fallback_frames=15;left_hand_black_frames=10;right_hand_prev_bbox_fallback_frames=15;right_hand_black_frames=9
wlasl:09849,09849,09849,chair,4,train,F:/DMV/Recognizing-sign-language-at-the-word-level/data/datasets/WLASL/branch_inputs/regions/rtmw_l/tensors/nslt100/train/09849.npz,,F:/DMV/Recognizing-sign-language-at-the-word-level/data/datasets/WLASL/branch_inputs/regions/rtmw_l/previews/nslt100/train/09849_preview.jpg,69,64,"[3, 3, 64, 112, 112]",0.96875,1.0,1.0,0.84375,0.125,0.03125,1.0,0.0,0.0,1.0,0.0,0.0,5.864820233097783,5.548332590609789,8.147113904356956,ok,,left_hand_fallback_limit_reached=3;left_hand_prev_bbox_fallback_frames=8;left_hand_black_frames=2
wlasl:09850,09850,09850,chair,4,train,F:/DMV/Recognizing-sign-language-at-the-word-level/data/datasets/WLASL/branch_inputs/regions/rtmw_l/tensors/nslt100/train/09850.npz,,F:/DMV/Recognizing-sign-language-at-the-word-level/data/datasets/WLASL/branch_inputs/regions/rtmw_l/previews/nslt100/train/09850_preview.jpg,30,64,"[3, 3, 64, 112, 112]",0.96875,1.0,1.0,0.84375,0.125,0.03125,1.0,0.0,0.0,1.0,0.0,0.0,4.249940881022701,4.323914498090744,8.013123258948326,ok,,end_frame_clipped_to_video_end;sampled_with_repeated_indices;left_hand_fallback_limit_reached=3;left_hand_prev_bbox_fallback_frames=8;left_hand_black_frames=2
wlasl:09869,09869,09869,chair,4,train,F:/DMV/Recognizing-sign-language-at-the-word-level/data/datasets/WLASL/branch_inputs/regions/rtmw_l/tensors/nslt100/train/09869.npz,,F:/DMV/Recognizing-sign-language-at-the-word-level/data/datasets/WLASL/branch_inputs/regions/rtmw_l/previews/nslt100/train/09869_preview.jpg,79,64,"[3, 3, 64, 112, 112]",1.0,1.0,1.0,1.0,0.0,0.0,1.0,0.0,0.0,1.0,0.0,0.0,4.285441655665636,4.688644342124462,7.76255276799202,ok,,
wlasl:09949,09949,09949,change,54,train,F:/DMV/Recognizing-sign-language-at-the-word-level/data/datasets/WLASL/branch_inputs/regions/rtmw_l/tensors/nslt100/train/09949.npz,,F:/DMV/Recognizing-sign-language-at-the-word-level/data/datasets/WLASL/branch_inputs/regions/rtmw_l/previews/nslt100/train/09949_preview.jpg,75,64,"[3, 3, 64, 112, 112]",1.0,1.0,1.0,1.0,0.0,0.0,1.0,0.0,0.0,1.0,0.0,0.0,5.134196914732456,5.515303861349821,8.39099234342575,ok,,end_frame_clipped_to_video_end
wlasl:09953,09953,09953,change,54,train,F:/DMV/Recognizing-sign-language-at-the-word-level/data/datasets/WLASL/branch_inputs/regions/rtmw_l/tensors/nslt100/train/09953.npz,,F:/DMV/Recognizing-sign-language-at-the-word-level/data/datasets/WLASL/branch_inputs/regions/rtmw_l/previews/nslt100/train/09953_preview.jpg,75,64,"[3, 3, 64, 112, 112]",1.0,1.0,1.0,1.0,0.0,0.0,1.0,0.0,0.0,1.0,0.0,0.0,5.501429066061974,5.514586973935366,7.785545207560062,ok,,
wlasl:09954,09954,09954,change,54,train,F:/DMV/Recognizing-sign-language-at-the-word-level/data/datasets/WLASL/branch_inputs/regions/rtmw_l/tensors/nslt100/train/09954.npz,,F:/DMV/Recognizing-sign-language-at-the-word-level/data/datasets/WLASL/branch_inputs/regions/rtmw_l/previews/nslt100/train/09954_preview.jpg,30,64,"[3, 3, 64, 112, 112]",0.921875,0.875,1.0,0.84375,0.078125,0.078125,0.84375,0.03125,0.125,1.0,0.0,0.0,3.922250928702178,3.45762680194996,7.676223210990429,ok,,end_frame_clipped_to_video_end;sampled_with_repeated_indices;left_hand_fallback_limit_reached=3;left_hand_prev_bbox_fallback_frames=5;left_hand_black_frames=5;right_hand_prev_bbox_fallback_frames=2;right_hand_black_frames=8
wlasl:09956,09956,09956,change,54,train,F:/DMV/Recognizing-sign-language-at-the-word-level/data/datasets/WLASL/branch_inputs/regions/rtmw_l/tensors/nslt100/train/09956.npz,,F:/DMV/Recognizing-sign-language-at-the-word-level/data/datasets/WLASL/branch_inputs/regions/rtmw_l/previews/nslt100/train/09956_preview.jpg,28,64,"[3, 3, 64, 112, 112]",0.96875,0.9375,1.0,0.9375,0.03125,0.03125,0.9375,0.0,0.0625,1.0,0.0,0.0,4.525814700126648,3.5250904599825543,7.735986158251762,ok,,end_frame_clipped_to_video_end;sampled_with_repeated_indices;left_hand_prev_bbox_fallback_frames=2;left_hand_black_frames=2;right_hand_black_frames=4
wlasl:09960,09960,09960,change,54,train,F:/DMV/Recognizing-sign-language-at-the-word-level/data/datasets/WLASL/branch_inputs/regions/rtmw_l/tensors/nslt100/train/09960.npz,,F:/DMV/Recognizing-sign-language-at-the-word-level/data/datasets/WLASL/branch_inputs/regions/rtmw_l/previews/nslt100/train/09960_preview.jpg,83,64,"[3, 3, 64, 112, 112]",0.984375,0.828125,1.0,0.890625,0.09375,0.015625,0.828125,0.0,0.171875,1.0,0.0,0.0,4.786781417696099,5.790484216977966,7.97138761729002,ok,,left_hand_fallback_limit_reached=3;left_hand_prev_bbox_fallback_frames=6;left_hand_black_frames=1;right_hand_black_frames=11
wlasl:09963,09963,09963,change,54,train,F:/DMV/Recognizing-sign-language-at-the-word-level/data/datasets/WLASL/branch_inputs/regions/rtmw_l/tensors/nslt100/train/09963.npz,,F:/DMV/Recognizing-sign-language-at-the-word-level/data/datasets/WLASL/branch_inputs/regions/rtmw_l/previews/nslt100/train/09963_preview.jpg,44,64,"[3, 3, 64, 112, 112]",1.0,1.0,1.0,1.0,0.0,0.0,1.0,0.0,0.0,1.0,0.0,0.0,4.299189496785402,3.7350278086960316,6.418799996376038,ok,,sampled_with_repeated_indices
wlasl:09966,09966,09966,change,54,train,F:/DMV/Recognizing-sign-language-at-the-word-level/data/datasets/WLASL/branch_inputs/regions/rtmw_l/tensors/nslt100/train/09966.npz,,F:/DMV/Recognizing-sign-language-at-the-word-level/data/datasets/WLASL/branch_inputs/regions/rtmw_l/previews/nslt100/train/09966_preview.jpg,62,64,"[3, 3, 64, 112, 112]",1.0,1.0,1.0,1.0,0.0,0.0,1.0,0.0,0.0,1.0,0.0,0.0,4.421551834791899,4.175741642713547,7.098896570503712,ok,,sampled_with_repeated_indices
wlasl:09967,09967,09967,change,54,train,F:/DMV/Recognizing-sign-language-at-the-word-level/data/datasets/WLASL/branch_inputs/regions/rtmw_l/tensors/nslt100/train/09967.npz,,F:/DMV/Recognizing-sign-language-at-the-word-level/data/datasets/WLASL/branch_inputs/regions/rtmw_l/previews/nslt100/train/09967_preview.jpg,39,64,"[3, 3, 64, 112, 112]",1.0,1.0,1.0,1.0,0.0,0.0,1.0,0.0,0.0,1.0,0.0,0.0,4.987795397639275,5.170204255729914,7.48554590344429,ok,,sampled_with_repeated_indices
wlasl:09970,09970,09970,change,54,train,F:/DMV/Recognizing-sign-language-at-the-word-level/data/datasets/WLASL/branch_inputs/regions/rtmw_l/tensors/nslt100/train/09970.npz,,F:/DMV/Recognizing-sign-language-at-the-word-level/data/datasets/WLASL/branch_inputs/regions/rtmw_l/previews/nslt100/train/09970_preview.jpg,72,64,"[3, 3, 64, 112, 112]",1.0,1.0,1.0,1.0,0.0,0.0,1.0,0.0,0.0,1.0,0.0,0.0,4.310516802594066,4.285409485921264,7.638541780412197,ok,,
wlasl:10147,10147,10147,cheat,81,train,F:/DMV/Recognizing-sign-language-at-the-word-level/data/datasets/WLASL/branch_inputs/regions/rtmw_l/tensors/nslt100/train/10147.npz,,F:/DMV/Recognizing-sign-language-at-the-word-level/data/datasets/WLASL/branch_inputs/regions/rtmw_l/previews/nslt100/train/10147_preview.jpg,71,64,"[3, 3, 64, 112, 112]",0.671875,0.625,1.0,0.515625,0.15625,0.328125,0.296875,0.328125,0.375,1.0,0.0,0.0,3.8698365941192163,4.416951317536204,7.955979272723198,ok,,end_frame_clipped_to_video_end;right_hand_fallback_limit_reached=3;left_hand_fallback_limit_reached=3;left_hand_prev_bbox_fallback_frames=10;left_hand_black_frames=21;right_hand_prev_bbox_fallback_frames=21;right_hand_black_frames=24
wlasl:10148,10148,10148,cheat,81,train,F:/DMV/Recognizing-sign-language-at-the-word-level/data/datasets/WLASL/branch_inputs/regions/rtmw_l/tensors/nslt100/train/10148.npz,,F:/DMV/Recognizing-sign-language-at-the-word-level/data/datasets/WLASL/branch_inputs/regions/rtmw_l/previews/nslt100/train/10148_preview.jpg,32,64,"[3, 3, 64, 112, 112]",0.9375,0.984375,1.0,0.9375,0.0,0.0625,0.875,0.109375,0.015625,1.0,0.0,0.0,4.624807898203532,4.360811293125153,7.9699306935071945,ok,,end_frame_clipped_to_video_end;sampled_with_repeated_indices;right_hand_fallback_limit_reached=3;left_hand_black_frames=4;right_hand_prev_bbox_fallback_frames=7;right_hand_black_frames=1
wlasl:10149,10149,10149,cheat,81,train,F:/DMV/Recognizing-sign-language-at-the-word-level/data/datasets/WLASL/branch_inputs/regions/rtmw_l/tensors/nslt100/train/10149.npz,,F:/DMV/Recognizing-sign-language-at-the-word-level/data/datasets/WLASL/branch_inputs/regions/rtmw_l/previews/nslt100/train/10149_preview.jpg,40,64,"[3, 3, 64, 112, 112]",0.984375,1.0,1.0,0.984375,0.0,0.015625,1.0,0.0,0.0,1.0,0.0,0.0,5.237206803427802,4.597819782793522,7.7380983009934425,ok,,end_frame_clipped_to_video_end;sampled_with_repeated_indices;left_hand_black_frames=1
wlasl:10157,10157,10157,cheat,81,train,F:/DMV/Recognizing-sign-language-at-the-word-level/data/datasets/WLASL/branch_inputs/regions/rtmw_l/tensors/nslt100/train/10157.npz,,F:/DMV/Recognizing-sign-language-at-the-word-level/data/datasets/WLASL/branch_inputs/regions/rtmw_l/previews/nslt100/train/10157_preview.jpg,46,64,"[3, 3, 64, 112, 112]",1.0,1.0,1.0,1.0,0.0,0.0,1.0,0.0,0.0,1.0,0.0,0.0,3.6633830964565277,5.288215309381485,6.97152066975832,ok,,sampled_with_repeated_indices
wlasl:10158,10158,10158,cheat,81,train,F:/DMV/Recognizing-sign-language-at-the-word-level/data/datasets/WLASL/branch_inputs/regions/rtmw_l/tensors/nslt100/train/10158.npz,,F:/DMV/Recognizing-sign-language-at-the-word-level/data/datasets/WLASL/branch_inputs/regions/rtmw_l/previews/nslt100/train/10158_preview.jpg,36,64,"[3, 3, 64, 112, 112]",1.0,1.0,1.0,1.0,0.0,0.0,1.0,0.0,0.0,1.0,0.0,0.0,4.652665734291077,5.008465111255646,6.740762174129486,ok,,sampled_with_repeated_indices
wlasl:10166,10166,10166,cheat,81,train,F:/DMV/Recognizing-sign-language-at-the-word-level/data/datasets/WLASL/branch_inputs/regions/rtmw_l/tensors/nslt100/train/10166.npz,,F:/DMV/Recognizing-sign-language-at-the-word-level/data/datasets/WLASL/branch_inputs/regions/rtmw_l/previews/nslt100/train/10166_preview.jpg,80,64,"[3, 3, 64, 112, 112]",1.0,1.0,1.0,0.984375,0.015625,0.0,1.0,0.0,0.0,1.0,0.0,0.0,4.414818833744715,4.148587180301547,7.742784880101681,ok,,left_hand_prev_bbox_fallback_frames=1
wlasl:10892,10892,10892,city,82,train,F:/DMV/Recognizing-sign-language-at-the-word-level/data/datasets/WLASL/branch_inputs/regions/rtmw_l/tensors/nslt100/train/10892.npz,,F:/DMV/Recognizing-sign-language-at-the-word-level/data/datasets/WLASL/branch_inputs/regions/rtmw_l/previews/nslt100/train/10892_preview.jpg,194,64,"[3, 3, 64, 112, 112]",0.90625,1.0,1.0,0.671875,0.234375,0.09375,1.0,0.0,0.0,1.0,0.0,0.0,6.152774293755376,6.018565829843283,7.952597886323929,ok,,end_frame_clipped_to_video_end;left_hand_fallback_limit_reached=3;left_hand_prev_bbox_fallback_frames=15;left_hand_black_frames=6
wlasl:10893,10893,10893,city,82,train,F:/DMV/Recognizing-sign-language-at-the-word-level/data/datasets/WLASL/branch_inputs/regions/rtmw_l/tensors/nslt100/train/10893.npz,,F:/DMV/Recognizing-sign-language-at-the-word-level/data/datasets/WLASL/branch_inputs/regions/rtmw_l/previews/nslt100/train/10893_preview.jpg,50,64,"[3, 3, 64, 112, 112]",1.0,1.0,1.0,1.0,0.0,0.0,0.953125,0.046875,0.0,1.0,0.0,0.0,4.432095445692539,4.327728427824427,8.064816556870937,ok,,sampled_with_repeated_indices;right_hand_prev_bbox_fallback_frames=3
wlasl:10894,10894,10894,city,82,train,F:/DMV/Recognizing-sign-language-at-the-word-level/data/datasets/WLASL/branch_inputs/regions/rtmw_l/tensors/nslt100/train/10894.npz,,F:/DMV/Recognizing-sign-language-at-the-word-level/data/datasets/WLASL/branch_inputs/regions/rtmw_l/previews/nslt100/train/10894_preview.jpg,36,64,"[3, 3, 64, 112, 112]",1.0,1.0,1.0,0.96875,0.03125,0.0,1.0,0.0,0.0,1.0,0.0,0.0,6.307189313634749,5.503542982041836,8.146540075540543,ok,,end_frame_clipped_to_video_end;sampled_with_repeated_indices;left_hand_prev_bbox_fallback_frames=2
wlasl:10895,10895,10895,city,82,train,F:/DMV/Recognizing-sign-language-at-the-word-level/data/datasets/WLASL/branch_inputs/regions/rtmw_l/tensors/nslt100/train/10895.npz,,F:/DMV/Recognizing-sign-language-at-the-word-level/data/datasets/WLASL/branch_inputs/regions/rtmw_l/previews/nslt100/train/10895_preview.jpg,108,64,"[3, 3, 64, 112, 112]",0.703125,0.6875,1.0,0.6875,0.015625,0.296875,0.671875,0.015625,0.3125,1.0,0.0,0.0,5.17042920535261,4.938991416332334,7.7565774992108345,ok,,left_hand_prev_bbox_fallback_frames=1;left_hand_black_frames=19;right_hand_prev_bbox_fallback_frames=1;right_hand_black_frames=20
wlasl:11309,11309,11309,clothes,6,train,F:/DMV/Recognizing-sign-language-at-the-word-level/data/datasets/WLASL/branch_inputs/regions/rtmw_l/tensors/nslt100/train/11309.npz,,F:/DMV/Recognizing-sign-language-at-the-word-level/data/datasets/WLASL/branch_inputs/regions/rtmw_l/previews/nslt100/train/11309_preview.jpg,58,64,"[3, 3, 64, 112, 112]",1.0,1.0,1.0,1.0,0.0,0.0,1.0,0.0,0.0,1.0,0.0,0.0,5.8067963644862175,5.71783047541976,8.331671603024006,ok,,sampled_with_repeated_indices
wlasl:11310,11310,11310,clothes,6,train,F:/DMV/Recognizing-sign-language-at-the-word-level/data/datasets/WLASL/branch_inputs/regions/rtmw_l/tensors/nslt100/train/11310.npz,,F:/DMV/Recognizing-sign-language-at-the-word-level/data/datasets/WLASL/branch_inputs/regions/rtmw_l/previews/nslt100/train/11310_preview.jpg,76,64,"[3, 3, 64, 112, 112]",1.0,1.0,1.0,1.0,0.0,0.0,1.0,0.0,0.0,1.0,0.0,0.0,6.3053897097706795,6.350775428116322,7.837591663002968,ok,,
wlasl:11313,11313,11313,clothes,6,train,F:/DMV/Recognizing-sign-language-at-the-word-level/data/datasets/WLASL/branch_inputs/regions/rtmw_l/tensors/nslt100/train/11313.npz,,F:/DMV/Recognizing-sign-language-at-the-word-level/data/datasets/WLASL/branch_inputs/regions/rtmw_l/previews/nslt100/train/11313_preview.jpg,31,64,"[3, 3, 64, 112, 112]",1.0,1.0,1.0,1.0,0.0,0.0,1.0,0.0,0.0,1.0,0.0,0.0,5.218274347484112,5.427498422563076,7.13126028329134,ok,,sampled_with_repeated_indices
wlasl:11330,11330,11330,clothes,6,train,F:/DMV/Recognizing-sign-language-at-the-word-level/data/datasets/WLASL/branch_inputs/regions/rtmw_l/tensors/nslt100/train/11330.npz,,F:/DMV/Recognizing-sign-language-at-the-word-level/data/datasets/WLASL/branch_inputs/regions/rtmw_l/previews/nslt100/train/11330_preview.jpg,71,64,"[3, 3, 64, 112, 112]",1.0,1.0,1.0,0.984375,0.015625,0.0,1.0,0.0,0.0,1.0,0.0,0.0,5.0665589362855945,5.1932119987905025,7.793730743229389,ok,,left_hand_prev_bbox_fallback_frames=1
wlasl:11767,11767,11767,color,55,train,F:/DMV/Recognizing-sign-language-at-the-word-level/data/datasets/WLASL/branch_inputs/regions/rtmw_l/tensors/nslt100/train/11767.npz,,F:/DMV/Recognizing-sign-language-at-the-word-level/data/datasets/WLASL/branch_inputs/regions/rtmw_l/previews/nslt100/train/11767_preview.jpg,63,64,"[3, 3, 64, 112, 112]",0.71875,0.875,1.0,0.296875,0.421875,0.28125,0.734375,0.140625,0.125,1.0,0.0,0.0,2.8949381803211414,6.133990267489819,8.043600253760815,ok,,sampled_with_repeated_indices;left_hand_fallback_limit_reached=3;right_hand_fallback_limit_reached=3;left_hand_prev_bbox_fallback_frames=27;left_hand_black_frames=18;right_hand_prev_bbox_fallback_frames=9;right_hand_black_frames=8
wlasl:11768,11768,11768,color,55,train,F:/DMV/Recognizing-sign-language-at-the-word-level/data/datasets/WLASL/branch_inputs/regions/rtmw_l/tensors/nslt100/train/11768.npz,,F:/DMV/Recognizing-sign-language-at-the-word-level/data/datasets/WLASL/branch_inputs/regions/rtmw_l/previews/nslt100/train/11768_preview.jpg,58,64,"[3, 3, 64, 112, 112]",1.0,1.0,1.0,1.0,0.0,0.0,0.984375,0.015625,0.0,1.0,0.0,0.0,6.2147668823599815,6.038610435667492,7.535964027047157,ok,,sampled_with_repeated_indices;right_hand_prev_bbox_fallback_frames=1
wlasl:11769,11769,11769,color,55,train,F:/DMV/Recognizing-sign-language-at-the-word-level/data/datasets/WLASL/branch_inputs/regions/rtmw_l/tensors/nslt100/train/11769.npz,,F:/DMV/Recognizing-sign-language-at-the-word-level/data/datasets/WLASL/branch_inputs/regions/rtmw_l/previews/nslt100/train/11769_preview.jpg,42,64,"[3, 3, 64, 112, 112]",0.890625,0.953125,1.0,0.6875,0.203125,0.109375,0.734375,0.21875,0.046875,1.0,0.0,0.0,1.9527824195948513,6.553126999672423,8.534420862793922,ok,,end_frame_clipped_to_video_end;sampled_with_repeated_indices;right_hand_fallback_limit_reached=3;left_hand_fallback_limit_reached=3;left_hand_prev_bbox_fallback_frames=13;left_hand_black_frames=7;right_hand_prev_bbox_fallback_frames=14;right_hand_black_frames=3
wlasl:11770,11770,11770,color,55,train,F:/DMV/Recognizing-sign-language-at-the-word-level/data/datasets/WLASL/branch_inputs/regions/rtmw_l/tensors/nslt100/train/11770.npz,,F:/DMV/Recognizing-sign-language-at-the-word-level/data/datasets/WLASL/branch_inputs/regions/rtmw_l/previews/nslt100/train/11770_preview.jpg,78,64,"[3, 3, 64, 112, 112]",0.703125,0.71875,1.0,0.65625,0.046875,0.296875,0.65625,0.0625,0.28125,1.0,0.0,0.0,2.2985924028214955,6.410279396034422,7.637331299483776,ok,,left_hand_fallback_limit_reached=3;left_hand_prev_bbox_fallback_frames=3;left_hand_black_frames=19;right_hand_prev_bbox_fallback_frames=4;right_hand_black_frames=18
wlasl:11773,11773,11773,color,55,train,F:/DMV/Recognizing-sign-language-at-the-word-level/data/datasets/WLASL/branch_inputs/regions/rtmw_l/tensors/nslt100/train/11773.npz,,F:/DMV/Recognizing-sign-language-at-the-word-level/data/datasets/WLASL/branch_inputs/regions/rtmw_l/previews/nslt100/train/11773_preview.jpg,48,64,"[3, 3, 64, 112, 112]",0.0,0.0,1.0,0.0,0.0,1.0,0.0,0.0,1.0,1.0,0.0,0.0,0.0,0.0,6.450906753540039,ok,,sampled_with_repeated_indices;left_hand_black_frames=64;right_hand_black_frames=64
wlasl:11780,11780,11780,color,55,train,F:/DMV/Recognizing-sign-language-at-the-word-level/data/datasets/WLASL/branch_inputs/regions/rtmw_l/tensors/nslt100/train/11780.npz,,F:/DMV/Recognizing-sign-language-at-the-word-level/data/datasets/WLASL/branch_inputs/regions/rtmw_l/previews/nslt100/train/11780_preview.jpg,77,64,"[3, 3, 64, 112, 112]",0.890625,1.0,1.0,0.515625,0.375,0.109375,1.0,0.0,0.0,1.0,0.0,0.0,2.5076109423781885,4.737550241872668,7.57331832498312,ok,,left_hand_fallback_limit_reached=3;left_hand_prev_bbox_fallback_frames=24;left_hand_black_frames=7
wlasl:12311,12311,12311,computer,2,train,F:/DMV/Recognizing-sign-language-at-the-word-level/data/datasets/WLASL/branch_inputs/regions/rtmw_l/tensors/nslt100/train/12311.npz,,F:/DMV/Recognizing-sign-language-at-the-word-level/data/datasets/WLASL/branch_inputs/regions/rtmw_l/previews/nslt100/train/12311_preview.jpg,62,64,"[3, 3, 64, 112, 112]",0.78125,0.75,1.0,0.703125,0.078125,0.21875,0.640625,0.109375,0.25,1.0,0.0,0.0,5.686335019270579,5.769714300225421,8.256719090044498,ok,,sampled_with_repeated_indices;right_hand_fallback_limit_reached=3;left_hand_prev_bbox_fallback_frames=5;left_hand_black_frames=14;right_hand_prev_bbox_fallback_frames=7;right_hand_black_frames=16
wlasl:12313,12313,12313,computer,2,train,F:/DMV/Recognizing-sign-language-at-the-word-level/data/datasets/WLASL/branch_inputs/regions/rtmw_l/tensors/nslt100/train/12313.npz,,F:/DMV/Recognizing-sign-language-at-the-word-level/data/datasets/WLASL/branch_inputs/regions/rtmw_l/previews/nslt100/train/12313_preview.jpg,69,64,"[3, 3, 64, 112, 112]",0.953125,1.0,1.0,0.703125,0.25,0.046875,0.890625,0.109375,0.0,1.0,0.0,0.0,6.235835345586141,6.326120343124657,7.757970325648785,ok,,left_hand_fallback_limit_reached=3;left_hand_prev_bbox_fallback_frames=16;left_hand_black_frames=3;right_hand_prev_bbox_fallback_frames=7
wlasl:12314,12314,12314,computer,2,train,F:/DMV/Recognizing-sign-language-at-the-word-level/data/datasets/WLASL/branch_inputs/regions/rtmw_l/tensors/nslt100/train/12314.npz,,F:/DMV/Recognizing-sign-language-at-the-word-level/data/datasets/WLASL/branch_inputs/regions/rtmw_l/previews/nslt100/train/12314_preview.jpg,38,64,"[3, 3, 64, 112, 112]",0.953125,1.0,1.0,0.953125,0.0,0.046875,1.0,0.0,0.0,1.0,0.0,0.0,5.8935929282766875,5.298884101212025,7.871934317052364,ok,,sampled_with_repeated_indices;left_hand_black_frames=3
wlasl:12316,12316,12316,computer,2,train,F:/DMV/Recognizing-sign-language-at-the-word-level/data/datasets/WLASL/branch_inputs/regions/rtmw_l/tensors/nslt100/train/12316.npz,,F:/DMV/Recognizing-sign-language-at-the-word-level/data/datasets/WLASL/branch_inputs/regions/rtmw_l/previews/nslt100/train/12316_preview.jpg,38,64,"[3, 3, 64, 112, 112]",0.0,1.0,1.0,0.0,0.0,1.0,1.0,0.0,0.0,1.0,0.0,0.0,0.0,7.020391091704369,8.382863342761993,ok,,sampled_with_repeated_indices;left_hand_black_frames=64
wlasl:12317,12317,12317,computer,2,train,F:/DMV/Recognizing-sign-language-at-the-word-level/data/datasets/WLASL/branch_inputs/regions/rtmw_l/tensors/nslt100/train/12317.npz,,F:/DMV/Recognizing-sign-language-at-the-word-level/data/datasets/WLASL/branch_inputs/regions/rtmw_l/previews/nslt100/train/12317_preview.jpg,46,64,"[3, 3, 64, 112, 112]",0.6875,1.0,1.0,0.0625,0.625,0.3125,1.0,0.0,0.0,1.0,0.0,0.0,0.9563291072845459,6.887424491345882,7.863110579550266,ok,,sampled_with_repeated_indices;left_hand_fallback_limit_reached=3;left_hand_prev_bbox_fallback_frames=40;left_hand_black_frames=20
wlasl:12318,12318,12318,computer,2,train,F:/DMV/Recognizing-sign-language-at-the-word-level/data/datasets/WLASL/branch_inputs/regions/rtmw_l/tensors/nslt100/train/12318.npz,,F:/DMV/Recognizing-sign-language-at-the-word-level/data/datasets/WLASL/branch_inputs/regions/rtmw_l/previews/nslt100/train/12318_preview.jpg,39,64,"[3, 3, 64, 112, 112]",0.953125,1.0,1.0,0.953125,0.0,0.046875,1.0,0.0,0.0,1.0,0.0,0.0,5.868874116022079,5.714111767709255,7.90771296620369,ok,,sampled_with_repeated_indices;left_hand_black_frames=3
wlasl:12319,12319,12319,computer,2,train,F:/DMV/Recognizing-sign-language-at-the-word-level/data/datasets/WLASL/branch_inputs/regions/rtmw_l/tensors/nslt100/train/12319.npz,,F:/DMV/Recognizing-sign-language-at-the-word-level/data/datasets/WLASL/branch_inputs/regions/rtmw_l/previews/nslt100/train/12319_preview.jpg,35,64,"[3, 3, 64, 112, 112]",0.828125,1.0,1.0,0.40625,0.421875,0.171875,1.0,0.0,0.0,1.0,0.0,0.0,1.608383242900555,5.19879399612546,7.344068109989166,ok,,sampled_with_repeated_indices;left_hand_fallback_limit_reached=3;left_hand_prev_bbox_fallback_frames=27;left_hand_black_frames=11
wlasl:12327,12327,12327,computer,2,train,F:/DMV/Recognizing-sign-language-at-the-word-level/data/datasets/WLASL/branch_inputs/regions/rtmw_l/tensors/nslt100/train/12327.npz,,F:/DMV/Recognizing-sign-language-at-the-word-level/data/datasets/WLASL/branch_inputs/regions/rtmw_l/previews/nslt100/train/12327_preview.jpg,40,64,"[3, 3, 64, 112, 112]",0.484375,1.0,1.0,0.09375,0.390625,0.515625,1.0,0.0,0.0,1.0,0.0,0.0,2.272753198941549,5.6367930471897125,7.015106558799744,ok,,sampled_with_repeated_indices;left_hand_fallback_limit_reached=3;left_hand_prev_bbox_fallback_frames=25;left_hand_black_frames=33
wlasl:12328,12328,12328,computer,2,train,F:/DMV/Recognizing-sign-language-at-the-word-level/data/datasets/WLASL/branch_inputs/regions/rtmw_l/tensors/nslt100/train/12328.npz,,F:/DMV/Recognizing-sign-language-at-the-word-level/data/datasets/WLASL/branch_inputs/regions/rtmw_l/previews/nslt100/train/12328_preview.jpg,75,64,"[3, 3, 64, 112, 112]",1.0,1.0,1.0,1.0,0.0,0.0,1.0,0.0,0.0,1.0,0.0,0.0,6.089862838387489,6.004319071769714,7.187220752239227,ok,,
wlasl:12338,12338,12338,computer,2,train,F:/DMV/Recognizing-sign-language-at-the-word-level/data/datasets/WLASL/branch_inputs/regions/rtmw_l/tensors/nslt100/train/12338.npz,,F:/DMV/Recognizing-sign-language-at-the-word-level/data/datasets/WLASL/branch_inputs/regions/rtmw_l/previews/nslt100/train/12338_preview.jpg,91,64,"[3, 3, 64, 112, 112]",1.0,1.0,1.0,1.0,0.0,0.0,1.0,0.0,0.0,1.0,0.0,0.0,5.427267074584961,5.535234358161688,8.077475525438786,ok,,
wlasl:13156,13156,13156,cook,83,train,F:/DMV/Recognizing-sign-language-at-the-word-level/data/datasets/WLASL/branch_inputs/regions/rtmw_l/tensors/nslt100/train/13156.npz,,F:/DMV/Recognizing-sign-language-at-the-word-level/data/datasets/WLASL/branch_inputs/regions/rtmw_l/previews/nslt100/train/13156_preview.jpg,85,64,"[3, 3, 64, 112, 112]",0.78125,0.78125,1.0,0.765625,0.015625,0.21875,0.765625,0.015625,0.21875,1.0,0.0,0.0,5.725080383067229,5.51292499717401,8.268991529941559,ok,,left_hand_prev_bbox_fallback_frames=1;left_hand_black_frames=14;right_hand_prev_bbox_fallback_frames=1;right_hand_black_frames=14
wlasl:13157,13157,13157,cook,83,train,F:/DMV/Recognizing-sign-language-at-the-word-level/data/datasets/WLASL/branch_inputs/regions/rtmw_l/tensors/nslt100/train/13157.npz,,F:/DMV/Recognizing-sign-language-at-the-word-level/data/datasets/WLASL/branch_inputs/regions/rtmw_l/previews/nslt100/train/13157_preview.jpg,40,64,"[3, 3, 64, 112, 112]",1.0,1.0,1.0,1.0,0.0,0.0,1.0,0.0,0.0,1.0,0.0,0.0,5.861252248287201,6.15498560667038,7.73397471755743,ok,,sampled_with_repeated_indices
wlasl:13158,13158,13158,cook,83,train,F:/DMV/Recognizing-sign-language-at-the-word-level/data/datasets/WLASL/branch_inputs/regions/rtmw_l/tensors/nslt100/train/13158.npz,,F:/DMV/Recognizing-sign-language-at-the-word-level/data/datasets/WLASL/branch_inputs/regions/rtmw_l/previews/nslt100/train/13158_preview.jpg,73,64,"[3, 3, 64, 112, 112]",0.796875,0.8125,1.0,0.796875,0.0,0.203125,0.8125,0.0,0.1875,1.0,0.0,0.0,5.18749476297229,5.667134871849647,8.065681144595146,ok,,left_hand_black_frames=13;right_hand_black_frames=12
wlasl:13160,13160,13160,cook,83,train,F:/DMV/Recognizing-sign-language-at-the-word-level/data/datasets/WLASL/branch_inputs/regions/rtmw_l/tensors/nslt100/train/13160.npz,,F:/DMV/Recognizing-sign-language-at-the-word-level/data/datasets/WLASL/branch_inputs/regions/rtmw_l/previews/nslt100/train/13160_preview.jpg,43,64,"[3, 3, 64, 112, 112]",1.0,1.0,1.0,1.0,0.0,0.0,1.0,0.0,0.0,1.0,0.0,0.0,4.684396401047707,4.167446795850992,7.061568915843964,ok,,sampled_with_repeated_indices
wlasl:13161,13161,13161,cook,83,train,F:/DMV/Recognizing-sign-language-at-the-word-level/data/datasets/WLASL/branch_inputs/regions/rtmw_l/tensors/nslt100/train/13161.npz,,F:/DMV/Recognizing-sign-language-at-the-word-level/data/datasets/WLASL/branch_inputs/regions/rtmw_l/previews/nslt100/train/13161_preview.jpg,48,64,"[3, 3, 64, 112, 112]",1.0,1.0,1.0,1.0,0.0,0.0,1.0,0.0,0.0,1.0,0.0,0.0,5.130289770662785,4.698149237781763,7.336040519177914,ok,,sampled_with_repeated_indices
wlasl:13167,13167,13167,cook,83,train,F:/DMV/Recognizing-sign-language-at-the-word-level/data/datasets/WLASL/branch_inputs/regions/rtmw_l/tensors/nslt100/train/13167.npz,,F:/DMV/Recognizing-sign-language-at-the-word-level/data/datasets/WLASL/branch_inputs/regions/rtmw_l/previews/nslt100/train/13167_preview.jpg,74,64,"[3, 3, 64, 112, 112]",0.984375,0.984375,1.0,0.984375,0.0,0.015625,0.984375,0.0,0.015625,1.0,0.0,0.0,4.866041387830462,5.325679784729367,7.808027125895023,ok,,left_hand_black_frames=1;right_hand_black_frames=1
wlasl:13168,13168,13168,cook,83,train,F:/DMV/Recognizing-sign-language-at-the-word-level/data/datasets/WLASL/branch_inputs/regions/rtmw_l/tensors/nslt100/train/13168.npz,,F:/DMV/Recognizing-sign-language-at-the-word-level/data/datasets/WLASL/branch_inputs/regions/rtmw_l/previews/nslt100/train/13168_preview.jpg,66,64,"[3, 3, 64, 112, 112]",0.921875,0.984375,1.0,0.90625,0.015625,0.078125,0.96875,0.015625,0.015625,1.0,0.0,0.0,4.710302225474654,4.931595169728802,7.81809139996767,ok,,left_hand_prev_bbox_fallback_frames=1;left_hand_black_frames=5;right_hand_prev_bbox_fallback_frames=1;right_hand_black_frames=1
wlasl:13199,13199,13199,cool,20,train,F:/DMV/Recognizing-sign-language-at-the-word-level/data/datasets/WLASL/branch_inputs/regions/rtmw_l/tensors/nslt100/train/13199.npz,,F:/DMV/Recognizing-sign-language-at-the-word-level/data/datasets/WLASL/branch_inputs/regions/rtmw_l/previews/nslt100/train/13199_preview.jpg,48,64,"[3, 3, 64, 112, 112]",0.90625,0.84375,1.0,0.796875,0.109375,0.09375,0.703125,0.140625,0.15625,1.0,0.0,0.0,5.561392472070806,6.835961516698202,8.205570444464684,ok,,sampled_with_repeated_indices;right_hand_fallback_limit_reached=3;left_hand_fallback_limit_reached=3;left_hand_prev_bbox_fallback_frames=7;left_hand_black_frames=6;right_hand_prev_bbox_fallback_frames=9;right_hand_black_frames=10
wlasl:13200,13200,13200,cool,20,train,F:/DMV/Recognizing-sign-language-at-the-word-level/data/datasets/WLASL/branch_inputs/regions/rtmw_l/tensors/nslt100/train/13200.npz,,F:/DMV/Recognizing-sign-language-at-the-word-level/data/datasets/WLASL/branch_inputs/regions/rtmw_l/previews/nslt100/train/13200_preview.jpg,22,64,"[3, 3, 64, 112, 112]",0.109375,0.96875,1.0,0.046875,0.0625,0.890625,0.9375,0.03125,0.03125,1.0,0.0,0.0,1.4034841060638428,5.822066342830658,8.264688581228256,ok,,end_frame_clipped_to_video_end;sampled_with_repeated_indices;left_hand_fallback_limit_reached=3;left_hand_prev_bbox_fallback_frames=4;left_hand_black_frames=57;right_hand_prev_bbox_fallback_frames=2;right_hand_black_frames=2
wlasl:13201,13201,13201,cool,20,train,F:/DMV/Recognizing-sign-language-at-the-word-level/data/datasets/WLASL/branch_inputs/regions/rtmw_l/tensors/nslt100/train/13201.npz,,F:/DMV/Recognizing-sign-language-at-the-word-level/data/datasets/WLASL/branch_inputs/regions/rtmw_l/previews/nslt100/train/13201_preview.jpg,78,64,"[3, 3, 64, 112, 112]",0.8125,0.8125,1.0,0.78125,0.03125,0.1875,0.796875,0.015625,0.1875,1.0,0.0,0.0,6.759366977214813,6.94428222319659,7.814789615571499,ok,,left_hand_prev_bbox_fallback_frames=2;left_hand_black_frames=12;right_hand_prev_bbox_fallback_frames=1;right_hand_black_frames=12
wlasl:13202,13202,13202,cool,20,train,F:/DMV/Recognizing-sign-language-at-the-word-level/data/datasets/WLASL/branch_inputs/regions/rtmw_l/tensors/nslt100/train/13202.npz,,F:/DMV/Recognizing-sign-language-at-the-word-level/data/datasets/WLASL/branch_inputs/regions/rtmw_l/previews/nslt100/train/13202_preview.jpg,65,64,"[3, 3, 64, 112, 112]",0.609375,0.765625,1.0,0.09375,0.515625,0.390625,0.765625,0.0,0.234375,1.0,0.0,0.0,1.8500905434290569,5.5254459235132956,7.819229260087013,ok,,left_hand_fallback_limit_reached=3;left_hand_prev_bbox_fallback_frames=33;left_hand_black_frames=25;right_hand_black_frames=15
wlasl:13208,13208,13208,cool,20,train,F:/DMV/Recognizing-sign-language-at-the-word-level/data/datasets/WLASL/branch_inputs/regions/rtmw_l/tensors/nslt100/train/13208.npz,,F:/DMV/Recognizing-sign-language-at-the-word-level/data/datasets/WLASL/branch_inputs/regions/rtmw_l/previews/nslt100/train/13208_preview.jpg,49,64,"[3, 3, 64, 112, 112]",0.375,1.0,1.0,0.03125,0.34375,0.625,1.0,0.0,0.0,1.0,0.0,0.0,1.924966812133789,4.724648550152779,7.347047008574009,ok,,sampled_with_repeated_indices;left_hand_fallback_limit_reached=3;left_hand_prev_bbox_fallback_frames=22;left_hand_black_frames=40
wlasl:13209,13209,13209,cool,20,train,F:/DMV/Recognizing-sign-language-at-the-word-level/data/datasets/WLASL/branch_inputs/regions/rtmw_l/tensors/nslt100/train/13209.npz,,F:/DMV/Recognizing-sign-language-at-the-word-level/data/datasets/WLASL/branch_inputs/regions/rtmw_l/previews/nslt100/train/13209_preview.jpg,58,64,"[3, 3, 64, 112, 112]",0.0,1.0,1.0,0.0,0.0,1.0,1.0,0.0,0.0,1.0,0.0,0.0,0.0,5.992374233901501,7.571163207292557,ok,,sampled_with_repeated_indices;left_hand_black_frames=64
wlasl:13213,13213,13213,cool,20,train,F:/DMV/Recognizing-sign-language-at-the-word-level/data/datasets/WLASL/branch_inputs/regions/rtmw_l/tensors/nslt100/train/13213.npz,,F:/DMV/Recognizing-sign-language-at-the-word-level/data/datasets/WLASL/branch_inputs/regions/rtmw_l/previews/nslt100/train/13213_preview.jpg,48,64,"[3, 3, 64, 112, 112]",1.0,1.0,1.0,1.0,0.0,0.0,1.0,0.0,0.0,1.0,0.0,0.0,7.517135865986347,7.564282886683941,7.484182260930538,ok,,sampled_with_repeated_indices
wlasl:13216,13216,13216,cool,20,train,F:/DMV/Recognizing-sign-language-at-the-word-level/data/datasets/WLASL/branch_inputs/regions/rtmw_l/tensors/nslt100/train/13216.npz,,F:/DMV/Recognizing-sign-language-at-the-word-level/data/datasets/WLASL/branch_inputs/regions/rtmw_l/previews/nslt100/train/13216_preview.jpg,61,64,"[3, 3, 64, 112, 112]",1.0,1.0,1.0,1.0,0.0,0.0,1.0,0.0,0.0,1.0,0.0,0.0,5.3148942440748215,5.530411437153816,7.658494673669338,ok,,sampled_with_repeated_indices
wlasl:13217,13217,13217,cool,20,train,F:/DMV/Recognizing-sign-language-at-the-word-level/data/datasets/WLASL/branch_inputs/regions/rtmw_l/tensors/nslt100/train/13217.npz,,F:/DMV/Recognizing-sign-language-at-the-word-level/data/datasets/WLASL/branch_inputs/regions/rtmw_l/previews/nslt100/train/13217_preview.jpg,63,64,"[3, 3, 64, 112, 112]",0.875,1.0,1.0,0.390625,0.484375,0.125,0.9375,0.0625,0.0,1.0,0.0,0.0,1.9567974853515624,4.779981064796448,7.681733958423138,ok,,sampled_with_repeated_indices;left_hand_fallback_limit_reached=3;left_hand_prev_bbox_fallback_frames=31;left_hand_black_frames=8;right_hand_prev_bbox_fallback_frames=4
wlasl:13323,13323,13323,corn,56,train,F:/DMV/Recognizing-sign-language-at-the-word-level/data/datasets/WLASL/branch_inputs/regions/rtmw_l/tensors/nslt100/train/13323.npz,,F:/DMV/Recognizing-sign-language-at-the-word-level/data/datasets/WLASL/branch_inputs/regions/rtmw_l/previews/nslt100/train/13323_preview.jpg,56,64,"[3, 3, 64, 112, 112]",0.875,0.890625,1.0,0.4375,0.4375,0.125,0.6875,0.203125,0.109375,1.0,0.0,0.0,1.9176051020622253,4.634491978721186,7.861837796866894,ok,,end_frame_clipped_to_video_end;sampled_with_repeated_indices;left_hand_fallback_limit_reached=3;right_hand_fallback_limit_reached=3;left_hand_prev_bbox_fallback_frames=28;left_hand_black_frames=8;right_hand_prev_bbox_fallback_frames=13;right_hand_black_frames=7
wlasl:13326,13326,13326,corn,56,train,F:/DMV/Recognizing-sign-language-at-the-word-level/data/datasets/WLASL/branch_inputs/regions/rtmw_l/tensors/nslt100/train/13326.npz,,F:/DMV/Recognizing-sign-language-at-the-word-level/data/datasets/WLASL/branch_inputs/regions/rtmw_l/previews/nslt100/train/13326_preview.jpg,77,64,"[3, 3, 64, 112, 112]",0.265625,0.71875,1.0,0.109375,0.15625,0.734375,0.5625,0.15625,0.28125,1.0,0.0,0.0,2.554352879524231,6.325572556919521,8.077948614954948,ok,,left_hand_fallback_limit_reached=3;right_hand_fallback_limit_reached=3;left_hand_prev_bbox_fallback_frames=10;left_hand_black_frames=47;right_hand_prev_bbox_fallback_frames=10;right_hand_black_frames=18
wlasl:13327,13327,13327,corn,56,train,F:/DMV/Recognizing-sign-language-at-the-word-level/data/datasets/WLASL/branch_inputs/regions/rtmw_l/tensors/nslt100/train/13327.npz,,F:/DMV/Recognizing-sign-language-at-the-word-level/data/datasets/WLASL/branch_inputs/regions/rtmw_l/previews/nslt100/train/13327_preview.jpg,74,64,"[3, 3, 64, 112, 112]",0.21875,0.703125,1.0,0.078125,0.140625,0.78125,0.578125,0.125,0.296875,1.0,0.0,0.0,1.903695321083069,6.378352526071909,8.42854080349207,ok,,left_hand_fallback_limit_reached=3;right_hand_fallback_limit_reached=3;left_hand_prev_bbox_fallback_frames=9;left_hand_black_frames=50;right_hand_prev_bbox_fallback_frames=8;right_hand_black_frames=19
wlasl:13328,13328,13328,corn,56,train,F:/DMV/Recognizing-sign-language-at-the-word-level/data/datasets/WLASL/branch_inputs/regions/rtmw_l/tensors/nslt100/train/13328.npz,,F:/DMV/Recognizing-sign-language-at-the-word-level/data/datasets/WLASL/branch_inputs/regions/rtmw_l/previews/nslt100/train/13328_preview.jpg,32,64,"[3, 3, 64, 112, 112]",0.8125,0.96875,1.0,0.25,0.5625,0.1875,0.96875,0.0,0.03125,1.0,0.0,0.0,1.858066588640213,4.4380951850645,7.409923851490021,ok,,end_frame_clipped_to_video_end;sampled_with_repeated_indices;left_hand_fallback_limit_reached=3;left_hand_prev_bbox_fallback_frames=36;left_hand_black_frames=12;right_hand_black_frames=2
wlasl:13329,13329,13329,corn,56,train,F:/DMV/Recognizing-sign-language-at-the-word-level/data/datasets/WLASL/branch_inputs/regions/rtmw_l/tensors/nslt100/train/13329.npz,,F:/DMV/Recognizing-sign-language-at-the-word-level/data/datasets/WLASL/branch_inputs/regions/rtmw_l/previews/nslt100/train/13329_preview.jpg,73,64,"[3, 3, 64, 112, 112]",0.671875,0.828125,1.0,0.15625,0.515625,0.328125,0.78125,0.046875,0.171875,1.0,0.0,0.0,2.8831703782081606,5.615189356803894,7.754791297018528,ok,,left_hand_fallback_limit_reached=3;right_hand_fallback_limit_reached=3;left_hand_prev_bbox_fallback_frames=33;left_hand_black_frames=21;right_hand_prev_bbox_fallback_frames=3;right_hand_black_frames=11
wlasl:13333,13333,13333,corn,56,train,F:/DMV/Recognizing-sign-language-at-the-word-level/data/datasets/WLASL/branch_inputs/regions/rtmw_l/tensors/nslt100/train/13333.npz,,F:/DMV/Recognizing-sign-language-at-the-word-level/data/datasets/WLASL/branch_inputs/regions/rtmw_l/previews/nslt100/train/13333_preview.jpg,28,64,"[3, 3, 64, 112, 112]",0.625,1.0,1.0,0.53125,0.09375,0.375,1.0,0.0,0.0,1.0,0.0,0.0,2.382927508915172,5.065967224538326,6.952035404741764,ok,,sampled_with_repeated_indices;left_hand_fallback_limit_reached=3;left_hand_prev_bbox_fallback_frames=6;left_hand_black_frames=24
wlasl:13337,13337,13337,corn,56,train,F:/DMV/Recognizing-sign-language-at-the-word-level/data/datasets/WLASL/branch_inputs/regions/rtmw_l/tensors/nslt100/train/13337.npz,,F:/DMV/Recognizing-sign-language-at-the-word-level/data/datasets/WLASL/branch_inputs/regions/rtmw_l/previews/nslt100/train/13337_preview.jpg,68,64,"[3, 3, 64, 112, 112]",0.875,1.0,1.0,0.5,0.375,0.125,1.0,0.0,0.0,1.0,0.0,0.0,2.631327599287033,4.4759775921702385,7.566087104380131,ok,,left_hand_fallback_limit_reached=3;left_hand_prev_bbox_fallback_frames=24;left_hand_black_frames=8
wlasl:13630,13630,13630,cousin,9,train,F:/DMV/Recognizing-sign-language-at-the-word-level/data/datasets/WLASL/branch_inputs/regions/rtmw_l/tensors/nslt100/train/13630.npz,,F:/DMV/Recognizing-sign-language-at-the-word-level/data/datasets/WLASL/branch_inputs/regions/rtmw_l/previews/nslt100/train/13630_preview.jpg,90,64,"[3, 3, 64, 112, 112]",0.515625,0.65625,1.0,0.09375,0.421875,0.484375,0.609375,0.046875,0.34375,1.0,0.0,0.0,2.541551431020101,5.956983523491101,7.9746939688920975,ok,,left_hand_fallback_limit_reached=3;right_hand_fallback_limit_reached=3;left_hand_prev_bbox_fallback_frames=27;left_hand_black_frames=31;right_hand_prev_bbox_fallback_frames=3;right_hand_black_frames=22
wlasl:13631,13631,13631,cousin,9,train,F:/DMV/Recognizing-sign-language-at-the-word-level/data/datasets/WLASL/branch_inputs/regions/rtmw_l/tensors/nslt100/train/13631.npz,,F:/DMV/Recognizing-sign-language-at-the-word-level/data/datasets/WLASL/branch_inputs/regions/rtmw_l/previews/nslt100/train/13631_preview.jpg,61,64,"[3, 3, 64, 112, 112]",1.0,1.0,1.0,1.0,0.0,0.0,1.0,0.0,0.0,1.0,0.0,0.0,5.940583810210228,5.941498346626759,8.11288519948721,ok,,sampled_with_repeated_indices
wlasl:13632,13632,13632,cousin,9,train,F:/DMV/Recognizing-sign-language-at-the-word-level/data/datasets/WLASL/branch_inputs/regions/rtmw_l/tensors/nslt100/train/13632.npz,,F:/DMV/Recognizing-sign-language-at-the-word-level/data/datasets/WLASL/branch_inputs/regions/rtmw_l/previews/nslt100/train/13632_preview.jpg,61,64,"[3, 3, 64, 112, 112]",1.0,1.0,1.0,1.0,0.0,0.0,1.0,0.0,0.0,1.0,0.0,0.0,6.07473087310791,6.172166761010885,8.101015746593475,ok,,sampled_with_repeated_indices
wlasl:13636,13636,13636,cousin,9,train,F:/DMV/Recognizing-sign-language-at-the-word-level/data/datasets/WLASL/branch_inputs/regions/rtmw_l/tensors/nslt100/train/13636.npz,,F:/DMV/Recognizing-sign-language-at-the-word-level/data/datasets/WLASL/branch_inputs/regions/rtmw_l/previews/nslt100/train/13636_preview.jpg,112,64,"[3, 3, 64, 112, 112]",0.390625,0.515625,1.0,0.0625,0.328125,0.609375,0.515625,0.0,0.484375,1.0,0.0,0.0,2.7624540627002716,6.382037003835042,7.836267024278641,ok,,left_hand_fallback_limit_reached=3;left_hand_prev_bbox_fallback_frames=21;left_hand_black_frames=39;right_hand_black_frames=31
wlasl:13640,13640,13640,cousin,9,train,F:/DMV/Recognizing-sign-language-at-the-word-level/data/datasets/WLASL/branch_inputs/regions/rtmw_l/tensors/nslt100/train/13640.npz,,F:/DMV/Recognizing-sign-language-at-the-word-level/data/datasets/WLASL/branch_inputs/regions/rtmw_l/previews/nslt100/train/13640_preview.jpg,51,64,"[3, 3, 64, 112, 112]",0.0,1.0,1.0,0.0,0.0,1.0,1.0,0.0,0.0,1.0,0.0,0.0,0.0,5.602433033287525,7.400071002542973,ok,,sampled_with_repeated_indices;left_hand_black_frames=64
wlasl:13642,13642,13642,cousin,9,train,F:/DMV/Recognizing-sign-language-at-the-word-level/data/datasets/WLASL/branch_inputs/regions/rtmw_l/tensors/nslt100/train/13642.npz,,F:/DMV/Recognizing-sign-language-at-the-word-level/data/datasets/WLASL/branch_inputs/regions/rtmw_l/previews/nslt100/train/13642_preview.jpg,34,64,"[3, 3, 64, 112, 112]",0.0,1.0,1.0,0.0,0.0,1.0,1.0,0.0,0.0,1.0,0.0,0.0,0.0,5.219218283891678,7.189812503755093,ok,,sampled_with_repeated_indices;left_hand_black_frames=64
wlasl:13646,13646,13646,cousin,9,train,F:/DMV/Recognizing-sign-language-at-the-word-level/data/datasets/WLASL/branch_inputs/regions/rtmw_l/tensors/nslt100/train/13646.npz,,F:/DMV/Recognizing-sign-language-at-the-word-level/data/datasets/WLASL/branch_inputs/regions/rtmw_l/previews/nslt100/train/13646_preview.jpg,62,64,"[3, 3, 64, 112, 112]",0.828125,1.0,1.0,0.265625,0.5625,0.171875,1.0,0.0,0.0,1.0,0.0,0.0,3.547053337097168,5.829838462173939,7.825097970664501,ok,,sampled_with_repeated_indices;left_hand_fallback_limit_reached=3;left_hand_prev_bbox_fallback_frames=36;left_hand_black_frames=11
wlasl:13647,13647,13647,cousin,9,train,F:/DMV/Recognizing-sign-language-at-the-word-level/data/datasets/WLASL/branch_inputs/regions/rtmw_l/tensors/nslt100/train/13647.npz,,F:/DMV/Recognizing-sign-language-at-the-word-level/data/datasets/WLASL/branch_inputs/regions/rtmw_l/previews/nslt100/train/13647_preview.jpg,68,64,"[3, 3, 64, 112, 112]",0.890625,1.0,1.0,0.546875,0.34375,0.109375,1.0,0.0,0.0,1.0,0.0,0.0,3.1670791217259,5.147845331579447,7.945154495537281,ok,,left_hand_fallback_limit_reached=3;left_hand_prev_bbox_fallback_frames=22;left_hand_black_frames=7
wlasl:13648,13648,13648,cousin,9,train,F:/DMV/Recognizing-sign-language-at-the-word-level/data/datasets/WLASL/branch_inputs/regions/rtmw_l/tensors/nslt100/train/13648.npz,,F:/DMV/Recognizing-sign-language-at-the-word-level/data/datasets/WLASL/branch_inputs/regions/rtmw_l/previews/nslt100/train/13648_preview.jpg,60,64,"[3, 3, 64, 112, 112]",0.90625,1.0,1.0,0.578125,0.328125,0.09375,1.0,0.0,0.0,1.0,0.0,0.0,3.326268821149259,5.227638151496649,7.985460534691811,ok,,sampled_with_repeated_indices;left_hand_fallback_limit_reached=3;left_hand_prev_bbox_fallback_frames=21;left_hand_black_frames=6
wlasl:13695,13695,13695,cow,57,train,F:/DMV/Recognizing-sign-language-at-the-word-level/data/datasets/WLASL/branch_inputs/regions/rtmw_l/tensors/nslt100/train/13695.npz,,F:/DMV/Recognizing-sign-language-at-the-word-level/data/datasets/WLASL/branch_inputs/regions/rtmw_l/previews/nslt100/train/13695_preview.jpg,61,64,"[3, 3, 64, 112, 112]",0.75,0.96875,1.0,0.25,0.5,0.25,0.921875,0.046875,0.03125,1.0,0.0,0.0,3.303837463259697,4.9984896001169234,8.189454182982445,ok,,sampled_with_repeated_indices;left_hand_fallback_limit_reached=3;left_hand_prev_bbox_fallback_frames=32;left_hand_black_frames=16;right_hand_prev_bbox_fallback_frames=3;right_hand_black_frames=2
wlasl:13697,13697,13697,cow,57,train,F:/DMV/Recognizing-sign-language-at-the-word-level/data/datasets/WLASL/branch_inputs/regions/rtmw_l/tensors/nslt100/train/13697.npz,,F:/DMV/Recognizing-sign-language-at-the-word-level/data/datasets/WLASL/branch_inputs/regions/rtmw_l/previews/nslt100/train/13697_preview.jpg,36,64,"[3, 3, 64, 112, 112]",0.984375,1.0,1.0,0.953125,0.03125,0.015625,0.921875,0.078125,0.0,1.0,0.0,0.0,4.726751649966006,4.692710926977255,7.584247000515461,ok,,end_frame_clipped_to_video_end;sampled_with_repeated_indices;left_hand_prev_bbox_fallback_frames=2;left_hand_black_frames=1;right_hand_prev_bbox_fallback_frames=5
wlasl:13699,13699,13699,cow,57,train,F:/DMV/Recognizing-sign-language-at-the-word-level/data/datasets/WLASL/branch_inputs/regions/rtmw_l/tensors/nslt100/train/13699.npz,,F:/DMV/Recognizing-sign-language-at-the-word-level/data/datasets/WLASL/branch_inputs/regions/rtmw_l/previews/nslt100/train/13699_preview.jpg,66,64,"[3, 3, 64, 112, 112]",0.890625,0.890625,1.0,0.890625,0.0,0.109375,0.890625,0.0,0.109375,1.0,0.0,0.0,4.825742792664912,5.421451008110716,7.725999280810356,ok,,left_hand_black_frames=7;right_hand_black_frames=7
wlasl:13702,13702,13702,cow,57,train,F:/DMV/Recognizing-sign-language-at-the-word-level/data/datasets/WLASL/branch_inputs/regions/rtmw_l/tensors/nslt100/train/13702.npz,,F:/DMV/Recognizing-sign-language-at-the-word-level/data/datasets/WLASL/branch_inputs/regions/rtmw_l/previews/nslt100/train/13702_preview.jpg,44,64,"[3, 3, 64, 112, 112]",0.890625,1.0,1.0,0.453125,0.4375,0.109375,1.0,0.0,0.0,1.0,0.0,0.0,2.3160714856509506,5.24814397841692,7.208056733012199,ok,,sampled_with_repeated_indices;left_hand_fallback_limit_reached=3;left_hand_prev_bbox_fallback_frames=28;left_hand_black_frames=7
wlasl:14622,14622,14622,dance,58,train,F:/DMV/Recognizing-sign-language-at-the-word-level/data/datasets/WLASL/branch_inputs/regions/rtmw_l/tensors/nslt100/train/14622.npz,,F:/DMV/Recognizing-sign-language-at-the-word-level/data/datasets/WLASL/branch_inputs/regions/rtmw_l/previews/nslt100/train/14622_preview.jpg,91,64,"[3, 3, 64, 112, 112]",0.9375,0.859375,1.0,0.703125,0.234375,0.0625,0.578125,0.28125,0.140625,1.0,0.0,0.0,6.222413704130385,6.690498416488235,8.546806640923023,ok,,end_frame_clipped_to_video_end;right_hand_fallback_limit_reached=3;left_hand_fallback_limit_reached=3;left_hand_prev_bbox_fallback_frames=15;left_hand_black_frames=4;right_hand_prev_bbox_fallback_frames=18;right_hand_black_frames=9
wlasl:14623,14623,14623,dance,58,train,F:/DMV/Recognizing-sign-language-at-the-word-level/data/datasets/WLASL/branch_inputs/regions/rtmw_l/tensors/nslt100/train/14623.npz,,F:/DMV/Recognizing-sign-language-at-the-word-level/data/datasets/WLASL/branch_inputs/regions/rtmw_l/previews/nslt100/train/14623_preview.jpg,88,64,"[3, 3, 64, 112, 112]",1.0,1.0,1.0,1.0,0.0,0.0,1.0,0.0,0.0,1.0,0.0,0.0,5.9139683693647385,5.538688626140356,7.991300240159035,ok,,
wlasl:14624,14624,14624,dance,58,train,F:/DMV/Recognizing-sign-language-at-the-word-level/data/datasets/WLASL/branch_inputs/regions/rtmw_l/tensors/nslt100/train/14624.npz,,F:/DMV/Recognizing-sign-language-at-the-word-level/data/datasets/WLASL/branch_inputs/regions/rtmw_l/previews/nslt100/train/14624_preview.jpg,38,64,"[3, 3, 64, 112, 112]",1.0,1.0,1.0,0.984375,0.015625,0.0,0.984375,0.015625,0.0,1.0,0.0,0.0,5.087337991547963,5.02141319002424,7.668183155357838,ok,,end_frame_clipped_to_video_end;sampled_with_repeated_indices;left_hand_prev_bbox_fallback_frames=1;right_hand_prev_bbox_fallback_frames=1
wlasl:14625,14625,14625,dance,58,train,F:/DMV/Recognizing-sign-language-at-the-word-level/data/datasets/WLASL/branch_inputs/regions/rtmw_l/tensors/nslt100/train/14625.npz,,F:/DMV/Recognizing-sign-language-at-the-word-level/data/datasets/WLASL/branch_inputs/regions/rtmw_l/previews/nslt100/train/14625_preview.jpg,67,64,"[3, 3, 64, 112, 112]",0.890625,0.90625,1.0,0.890625,0.0,0.109375,0.90625,0.0,0.09375,1.0,0.0,0.0,6.336208958374827,5.512249580745039,8.110328488051891,ok,,left_hand_black_frames=7;right_hand_black_frames=6
wlasl:14627,14627,14627,dance,58,train,F:/DMV/Recognizing-sign-language-at-the-word-level/data/datasets/WLASL/branch_inputs/regions/rtmw_l/tensors/nslt100/train/14627.npz,,F:/DMV/Recognizing-sign-language-at-the-word-level/data/datasets/WLASL/branch_inputs/regions/rtmw_l/previews/nslt100/train/14627_preview.jpg,41,64,"[3, 3, 64, 112, 112]",1.0,1.0,1.0,1.0,0.0,0.0,1.0,0.0,0.0,1.0,0.0,0.0,4.620666086673737,5.158850625157356,7.029805518686771,ok,,sampled_with_repeated_indices
wlasl:14633,14633,14633,dance,58,train,F:/DMV/Recognizing-sign-language-at-the-word-level/data/datasets/WLASL/branch_inputs/regions/rtmw_l/tensors/nslt100/train/14633.npz,,F:/DMV/Recognizing-sign-language-at-the-word-level/data/datasets/WLASL/branch_inputs/regions/rtmw_l/previews/nslt100/train/14633_preview.jpg,92,64,"[3, 3, 64, 112, 112]",1.0,1.0,1.0,1.0,0.0,0.0,1.0,0.0,0.0,1.0,0.0,0.0,5.246452625840902,5.173331655561924,7.894957326352596,ok,,
wlasl:14671,14671,14671,dark,59,train,F:/DMV/Recognizing-sign-language-at-the-word-level/data/datasets/WLASL/branch_inputs/regions/rtmw_l/tensors/nslt100/train/14671.npz,,F:/DMV/Recognizing-sign-language-at-the-word-level/data/datasets/WLASL/branch_inputs/regions/rtmw_l/previews/nslt100/train/14671_preview.jpg,77,64,"[3, 3, 64, 112, 112]",0.65625,0.65625,1.0,0.640625,0.015625,0.34375,0.65625,0.0,0.34375,1.0,0.0,0.0,4.822565337506736,4.311423982892718,7.881979003548622,ok,,left_hand_prev_bbox_fallback_frames=1;left_hand_black_frames=22;right_hand_black_frames=22
wlasl:14674,14674,14674,dark,59,train,F:/DMV/Recognizing-sign-language-at-the-word-level/data/datasets/WLASL/branch_inputs/regions/rtmw_l/tensors/nslt100/train/14674.npz,,F:/DMV/Recognizing-sign-language-at-the-word-level/data/datasets/WLASL/branch_inputs/regions/rtmw_l/previews/nslt100/train/14674_preview.jpg,35,64,"[3, 3, 64, 112, 112]",1.0,1.0,1.0,1.0,0.0,0.0,1.0,0.0,0.0,1.0,0.0,0.0,5.325435061007738,5.1155160292983055,7.784024767577648,ok,,end_frame_clipped_to_video_end;sampled_with_repeated_indices
wlasl:14675,14675,14675,dark,59,train,F:/DMV/Recognizing-sign-language-at-the-word-level/data/datasets/WLASL/branch_inputs/regions/rtmw_l/tensors/nslt100/train/14675.npz,,F:/DMV/Recognizing-sign-language-at-the-word-level/data/datasets/WLASL/branch_inputs/regions/rtmw_l/previews/nslt100/train/14675_preview.jpg,67,64,"[3, 3, 64, 112, 112]",0.796875,0.8125,1.0,0.796875,0.0,0.203125,0.8125,0.0,0.1875,1.0,0.0,0.0,5.809194910760019,5.5626454536731424,7.373558849096298,ok,,left_hand_black_frames=13;right_hand_black_frames=12
wlasl:14676,14676,14676,dark,59,train,F:/DMV/Recognizing-sign-language-at-the-word-level/data/datasets/WLASL/branch_inputs/regions/rtmw_l/tensors/nslt100/train/14676.npz,,F:/DMV/Recognizing-sign-language-at-the-word-level/data/datasets/WLASL/branch_inputs/regions/rtmw_l/previews/nslt100/train/14676_preview.jpg,71,64,"[3, 3, 64, 112, 112]",0.96875,1.0,1.0,0.875,0.09375,0.03125,0.953125,0.046875,0.0,1.0,0.0,0.0,6.722829392978123,6.261345437315644,7.754067733883858,ok,,left_hand_fallback_limit_reached=3;left_hand_prev_bbox_fallback_frames=6;left_hand_black_frames=2;right_hand_prev_bbox_fallback_frames=3
wlasl:14680,14680,14680,dark,59,train,F:/DMV/Recognizing-sign-language-at-the-word-level/data/datasets/WLASL/branch_inputs/regions/rtmw_l/tensors/nslt100/train/14680.npz,,F:/DMV/Recognizing-sign-language-at-the-word-level/data/datasets/WLASL/branch_inputs/regions/rtmw_l/previews/nslt100/train/14680_preview.jpg,31,64,"[3, 3, 64, 112, 112]",1.0,1.0,1.0,1.0,0.0,0.0,1.0,0.0,0.0,1.0,0.0,0.0,5.6224676594138145,5.041270054876804,6.77483169734478,ok,,sampled_with_repeated_indices
wlasl:14681,14681,14681,dark,59,train,F:/DMV/Recognizing-sign-language-at-the-word-level/data/datasets/WLASL/branch_inputs/regions/rtmw_l/tensors/nslt100/train/14681.npz,,F:/DMV/Recognizing-sign-language-at-the-word-level/data/datasets/WLASL/branch_inputs/regions/rtmw_l/previews/nslt100/train/14681_preview.jpg,43,64,"[3, 3, 64, 112, 112]",0.421875,0.4375,1.0,0.421875,0.0,0.578125,0.4375,0.0,0.5625,1.0,0.0,0.0,6.242497797365542,6.456615124429975,7.035048767924309,ok,,sampled_with_repeated_indices;left_hand_black_frames=37;right_hand_black_frames=36
wlasl:14882,14882,14882,deaf,10,train,F:/DMV/Recognizing-sign-language-at-the-word-level/data/datasets/WLASL/branch_inputs/regions/rtmw_l/tensors/nslt100/train/14882.npz,,F:/DMV/Recognizing-sign-language-at-the-word-level/data/datasets/WLASL/branch_inputs/regions/rtmw_l/previews/nslt100/train/14882_preview.jpg,92,64,"[3, 3, 64, 112, 112]",0.5625,0.65625,1.0,0.28125,0.28125,0.4375,0.65625,0.0,0.34375,1.0,0.0,0.0,4.830809699164496,5.510375885736375,8.341571599245071,ok,,left_hand_fallback_limit_reached=3;left_hand_prev_bbox_fallback_frames=18;left_hand_black_frames=28;right_hand_black_frames=22
wlasl:14884,14884,14884,deaf,10,train,F:/DMV/Recognizing-sign-language-at-the-word-level/data/datasets/WLASL/branch_inputs/regions/rtmw_l/tensors/nslt100/train/14884.npz,,F:/DMV/Recognizing-sign-language-at-the-word-level/data/datasets/WLASL/branch_inputs/regions/rtmw_l/previews/nslt100/train/14884_preview.jpg,33,64,"[3, 3, 64, 112, 112]",0.765625,0.96875,1.0,0.03125,0.734375,0.234375,0.8125,0.15625,0.03125,1.0,0.0,0.0,2.4518954753875732,6.300539429371174,8.102593466639519,ok,,sampled_with_repeated_indices;left_hand_fallback_limit_reached=3;right_hand_fallback_limit_reached=3;left_hand_prev_bbox_fallback_frames=47;left_hand_black_frames=15;right_hand_prev_bbox_fallback_frames=10;right_hand_black_frames=2
wlasl:14885,14885,14885,deaf,10,train,F:/DMV/Recognizing-sign-language-at-the-word-level/data/datasets/WLASL/branch_inputs/regions/rtmw_l/tensors/nslt100/train/14885.npz,,F:/DMV/Recognizing-sign-language-at-the-word-level/data/datasets/WLASL/branch_inputs/regions/rtmw_l/previews/nslt100/train/14885_preview.jpg,23,64,"[3, 3, 64, 112, 112]",0.984375,0.953125,1.0,0.859375,0.125,0.015625,0.734375,0.21875,0.046875,1.0,0.0,0.0,1.790605954690413,5.064179187125348,7.364800907671452,ok,,sampled_with_repeated_indices;right_hand_fallback_limit_reached=3;left_hand_fallback_limit_reached=3;left_hand_prev_bbox_fallback_frames=8;left_hand_black_frames=1;right_hand_prev_bbox_fallback_frames=14;right_hand_black_frames=3
wlasl:14886,14886,14886,deaf,10,train,F:/DMV/Recognizing-sign-language-at-the-word-level/data/datasets/WLASL/branch_inputs/regions/rtmw_l/tensors/nslt100/train/14886.npz,,F:/DMV/Recognizing-sign-language-at-the-word-level/data/datasets/WLASL/branch_inputs/regions/rtmw_l/previews/nslt100/train/14886_preview.jpg,33,64,"[3, 3, 64, 112, 112]",0.78125,1.0,1.0,0.109375,0.671875,0.21875,0.96875,0.03125,0.0,1.0,0.0,0.0,2.132634997367859,6.285539942402994,8.208210833370686,ok,,sampled_with_repeated_indices;left_hand_fallback_limit_reached=3;left_hand_prev_bbox_fallback_frames=43;left_hand_black_frames=14;right_hand_prev_bbox_fallback_frames=2
wlasl:14893,14893,14893,deaf,10,train,F:/DMV/Recognizing-sign-language-at-the-word-level/data/datasets/WLASL/branch_inputs/regions/rtmw_l/tensors/nslt100/train/14893.npz,,F:/DMV/Recognizing-sign-language-at-the-word-level/data/datasets/WLASL/branch_inputs/regions/rtmw_l/previews/nslt100/train/14893_preview.jpg,38,64,"[3, 3, 64, 112, 112]",0.453125,1.0,1.0,0.03125,0.421875,0.546875,1.0,0.0,0.0,1.0,0.0,0.0,1.903193473815918,5.729322865605354,7.493383064866066,ok,,sampled_with_repeated_indices;left_hand_fallback_limit_reached=3;left_hand_prev_bbox_fallback_frames=27;left_hand_black_frames=35
wlasl:14894,14894,14894,deaf,10,train,F:/DMV/Recognizing-sign-language-at-the-word-level/data/datasets/WLASL/branch_inputs/regions/rtmw_l/tensors/nslt100/train/14894.npz,,F:/DMV/Recognizing-sign-language-at-the-word-level/data/datasets/WLASL/branch_inputs/regions/rtmw_l/previews/nslt100/train/14894_preview.jpg,34,64,"[3, 3, 64, 112, 112]",0.359375,1.0,1.0,0.28125,0.078125,0.640625,1.0,0.0,0.0,1.0,0.0,0.0,2.123767932256063,5.737631566822529,7.60969465225935,ok,,sampled_with_repeated_indices;left_hand_fallback_limit_reached=3;left_hand_prev_bbox_fallback_frames=5;left_hand_black_frames=41
wlasl:15032,15032,15032,decide,84,train,F:/DMV/Recognizing-sign-language-at-the-word-level/data/datasets/WLASL/branch_inputs/regions/rtmw_l/tensors/nslt100/train/15032.npz,,F:/DMV/Recognizing-sign-language-at-the-word-level/data/datasets/WLASL/branch_inputs/regions/rtmw_l/previews/nslt100/train/15032_preview.jpg,58,64,"[3, 3, 64, 112, 112]",1.0,1.0,1.0,0.984375,0.015625,0.0,0.984375,0.015625,0.0,1.0,0.0,0.0,4.339863084611439,3.7133907477060952,8.149385869503021,ok,,sampled_with_repeated_indices;left_hand_prev_bbox_fallback_frames=1;right_hand_prev_bbox_fallback_frames=1
wlasl:15033,15033,15033,decide,84,train,F:/DMV/Recognizing-sign-language-at-the-word-level/data/datasets/WLASL/branch_inputs/regions/rtmw_l/tensors/nslt100/train/15033.npz,,F:/DMV/Recognizing-sign-language-at-the-word-level/data/datasets/WLASL/branch_inputs/regions/rtmw_l/previews/nslt100/train/15033_preview.jpg,45,64,"[3, 3, 64, 112, 112]",1.0,1.0,1.0,0.96875,0.03125,0.0,1.0,0.0,0.0,1.0,0.0,0.0,5.701035918727998,5.322716034948826,8.153713375329971,ok,,sampled_with_repeated_indices;left_hand_prev_bbox_fallback_frames=2
wlasl:15034,15034,15034,decide,84,train,F:/DMV/Recognizing-sign-language-at-the-word-level/data/datasets/WLASL/branch_inputs/regions/rtmw_l/tensors/nslt100/train/15034.npz,,F:/DMV/Recognizing-sign-language-at-the-word-level/data/datasets/WLASL/branch_inputs/regions/rtmw_l/previews/nslt100/train/15034_preview.jpg,28,64,"[3, 3, 64, 112, 112]",0.96875,0.96875,1.0,0.9375,0.03125,0.03125,0.9375,0.03125,0.03125,1.0,0.0,0.0,5.515271000067393,5.487868436177572,8.058452256023884,ok,,end_frame_clipped_to_video_end;sampled_with_repeated_indices;left_hand_prev_bbox_fallback_frames=2;left_hand_black_frames=2;right_hand_prev_bbox_fallback_frames=2;right_hand_black_frames=2
wlasl:15035,15035,15035,decide,84,train,F:/DMV/Recognizing-sign-language-at-the-word-level/data/datasets/WLASL/branch_inputs/regions/rtmw_l/tensors/nslt100/train/15035.npz,,F:/DMV/Recognizing-sign-language-at-the-word-level/data/datasets/WLASL/branch_inputs/regions/rtmw_l/previews/nslt100/train/15035_preview.jpg,65,64,"[3, 3, 64, 112, 112]",0.828125,0.90625,1.0,0.78125,0.046875,0.171875,0.90625,0.0,0.09375,1.0,0.0,0.0,5.689045085906982,5.085525368822032,7.767165020108223,ok,,left_hand_prev_bbox_fallback_frames=3;left_hand_black_frames=11;right_hand_black_frames=6
wlasl:15038,15038,15038,decide,84,train,F:/DMV/Recognizing-sign-language-at-the-word-level/data/datasets/WLASL/branch_inputs/regions/rtmw_l/tensors/nslt100/train/15038.npz,,F:/DMV/Recognizing-sign-language-at-the-word-level/data/datasets/WLASL/branch_inputs/regions/rtmw_l/previews/nslt100/train/15038_preview.jpg,45,64,"[3, 3, 64, 112, 112]",0.953125,1.0,1.0,0.953125,0.0,0.046875,1.0,0.0,0.0,1.0,0.0,0.0,5.449085610811828,5.659937687218189,7.318990454077721,ok,,sampled_with_repeated_indices;left_hand_black_frames=3
wlasl:17013,17013,17013,doctor,60,train,F:/DMV/Recognizing-sign-language-at-the-word-level/data/datasets/WLASL/branch_inputs/regions/rtmw_l/tensors/nslt100/train/17013.npz,,F:/DMV/Recognizing-sign-language-at-the-word-level/data/datasets/WLASL/branch_inputs/regions/rtmw_l/previews/nslt100/train/17013_preview.jpg,73,64,"[3, 3, 64, 112, 112]",0.96875,0.890625,1.0,0.8125,0.15625,0.03125,0.5625,0.328125,0.109375,1.0,0.0,0.0,5.6441469719776745,5.878495097160339,7.793276995420456,ok,,end_frame_clipped_to_video_end;right_hand_fallback_limit_reached=3;left_hand_fallback_limit_reached=3;left_hand_prev_bbox_fallback_frames=10;left_hand_black_frames=2;right_hand_prev_bbox_fallback_frames=21;right_hand_black_frames=7
wlasl:17014,17014,17014,doctor,60,train,F:/DMV/Recognizing-sign-language-at-the-word-level/data/datasets/WLASL/branch_inputs/regions/rtmw_l/tensors/nslt100/train/17014.npz,,F:/DMV/Recognizing-sign-language-at-the-word-level/data/datasets/WLASL/branch_inputs/regions/rtmw_l/previews/nslt100/train/17014_preview.jpg,75,64,"[3, 3, 64, 112, 112]",0.765625,0.84375,1.0,0.75,0.015625,0.234375,0.84375,0.0,0.15625,1.0,0.0,0.0,7.106363256772359,5.754536747932434,8.34679190814495,ok,,left_hand_prev_bbox_fallback_frames=1;left_hand_black_frames=15;right_hand_black_frames=10
wlasl:17015,17015,17015,doctor,60,train,F:/DMV/Recognizing-sign-language-at-the-word-level/data/datasets/WLASL/branch_inputs/regions/rtmw_l/tensors/nslt100/train/17015.npz,,F:/DMV/Recognizing-sign-language-at-the-word-level/data/datasets/WLASL/branch_inputs/regions/rtmw_l/previews/nslt100/train/17015_preview.jpg,93,64,"[3, 3, 64, 112, 112]",0.640625,0.65625,1.0,0.546875,0.09375,0.359375,0.59375,0.0625,0.34375,1.0,0.0,0.0,7.046373741967337,6.391501897259762,8.33708070218563,ok,,left_hand_fallback_limit_reached=3;right_hand_fallback_limit_reached=3;left_hand_prev_bbox_fallback_frames=6;left_hand_black_frames=23;right_hand_prev_bbox_fallback_frames=4;right_hand_black_frames=22
wlasl:17017,17017,17017,doctor,60,train,F:/DMV/Recognizing-sign-language-at-the-word-level/data/datasets/WLASL/branch_inputs/regions/rtmw_l/tensors/nslt100/train/17017.npz,,F:/DMV/Recognizing-sign-language-at-the-word-level/data/datasets/WLASL/branch_inputs/regions/rtmw_l/previews/nslt100/train/17017_preview.jpg,73,64,"[3, 3, 64, 112, 112]",0.828125,0.84375,1.0,0.75,0.078125,0.171875,0.796875,0.046875,0.15625,1.0,0.0,0.0,6.24526363114516,5.40765480667937,7.8272620514035225,ok,,left_hand_fallback_limit_reached=3;left_hand_prev_bbox_fallback_frames=5;left_hand_black_frames=11;right_hand_prev_bbox_fallback_frames=3;right_hand_black_frames=10
wlasl:17019,17019,17019,doctor,60,train,F:/DMV/Recognizing-sign-language-at-the-word-level/data/datasets/WLASL/branch_inputs/regions/rtmw_l/tensors/nslt100/train/17019.npz,,F:/DMV/Recognizing-sign-language-at-the-word-level/data/datasets/WLASL/branch_inputs/regions/rtmw_l/previews/nslt100/train/17019_preview.jpg,41,64,"[3, 3, 64, 112, 112]",1.0,1.0,1.0,1.0,0.0,0.0,1.0,0.0,0.0,1.0,0.0,0.0,7.020582437515259,7.613850101828575,8.311669543385506,ok,,sampled_with_repeated_indices
wlasl:17026,17026,17026,doctor,60,train,F:/DMV/Recognizing-sign-language-at-the-word-level/data/datasets/WLASL/branch_inputs/regions/rtmw_l/tensors/nslt100/train/17026.npz,,F:/DMV/Recognizing-sign-language-at-the-word-level/data/datasets/WLASL/branch_inputs/regions/rtmw_l/previews/nslt100/train/17026_preview.jpg,88,64,"[3, 3, 64, 112, 112]",0.96875,0.859375,1.0,0.875,0.09375,0.03125,0.78125,0.078125,0.140625,1.0,0.0,0.0,4.53786358663014,5.703900699615478,7.723725251853466,ok,,left_hand_fallback_limit_reached=3;left_hand_prev_bbox_fallback_frames=6;left_hand_black_frames=2;right_hand_prev_bbox_fallback_frames=5;right_hand_black_frames=9
wlasl:17084,17084,17084,dog,36,train,F:/DMV/Recognizing-sign-language-at-the-word-level/data/datasets/WLASL/branch_inputs/regions/rtmw_l/tensors/nslt100/train/17084.npz,,F:/DMV/Recognizing-sign-language-at-the-word-level/data/datasets/WLASL/branch_inputs/regions/rtmw_l/previews/nslt100/train/17084_preview.jpg,57,64,"[3, 3, 64, 112, 112]",0.875,1.0,1.0,0.375,0.5,0.125,0.96875,0.03125,0.0,1.0,0.0,0.0,2.0800799479087195,4.689405937348643,7.356572687625885,ok,,end_frame_clipped_to_video_end;sampled_with_repeated_indices;left_hand_fallback_limit_reached=3;left_hand_prev_bbox_fallback_frames=32;left_hand_black_frames=8;right_hand_prev_bbox_fallback_frames=2
wlasl:17085,17085,17085,dog,36,train,F:/DMV/Recognizing-sign-language-at-the-word-level/data/datasets/WLASL/branch_inputs/regions/rtmw_l/tensors/nslt100/train/17085.npz,,F:/DMV/Recognizing-sign-language-at-the-word-level/data/datasets/WLASL/branch_inputs/regions/rtmw_l/previews/nslt100/train/17085_preview.jpg,58,64,"[3, 3, 64, 112, 112]",0.390625,0.390625,1.0,0.390625,0.0,0.609375,0.390625,0.0,0.609375,0.9375,0.0625,0.0,2.1568347215652466,6.57858437538147,1.929367517431577,ok,,sampled_with_repeated_indices;left_hand_black_frames=39;right_hand_black_frames=39;face_prev_bbox_fallback_frames=4
wlasl:17086,17086,17086,dog,36,train,F:/DMV/Recognizing-sign-language-at-the-word-level/data/datasets/WLASL/branch_inputs/regions/rtmw_l/tensors/nslt100/train/17086.npz,,F:/DMV/Recognizing-sign-language-at-the-word-level/data/datasets/WLASL/branch_inputs/regions/rtmw_l/previews/nslt100/train/17086_preview.jpg,66,64,"[3, 3, 64, 112, 112]",0.0,0.78125,1.0,0.0,0.0,1.0,0.078125,0.703125,0.21875,1.0,0.0,0.0,0.0,0.7389923810958863,8.111302636563778,ok,,right_hand_fallback_limit_reached=3;left_hand_black_frames=64;right_hand_prev_bbox_fallback_frames=45;right_hand_black_frames=14
wlasl:17087,17087,17087,dog,36,train,F:/DMV/Recognizing-sign-language-at-the-word-level/data/datasets/WLASL/branch_inputs/regions/rtmw_l/tensors/nslt100/train/17087.npz,,F:/DMV/Recognizing-sign-language-at-the-word-level/data/datasets/WLASL/branch_inputs/regions/rtmw_l/previews/nslt100/train/17087_preview.jpg,82,64,"[3, 3, 64, 112, 112]",0.96875,1.0,1.0,0.921875,0.046875,0.03125,1.0,0.0,0.0,1.0,0.0,0.0,1.776329634553295,6.398790746927261,8.117622040212154,ok,,left_hand_prev_bbox_fallback_frames=3;left_hand_black_frames=2
wlasl:17090,17090,17090,dog,36,train,F:/DMV/Recognizing-sign-language-at-the-word-level/data/datasets/WLASL/branch_inputs/regions/rtmw_l/tensors/nslt100/train/17090.npz,,F:/DMV/Recognizing-sign-language-at-the-word-level/data/datasets/WLASL/branch_inputs/regions/rtmw_l/previews/nslt100/train/17090_preview.jpg,44,64,"[3, 3, 64, 112, 112]",1.0,1.0,1.0,1.0,0.0,0.0,1.0,0.0,0.0,1.0,0.0,0.0,7.0455495193600655,8.327486850321293,8.345235884189606,ok,,sampled_with_repeated_indices
wlasl:17091,17091,17091,dog,36,train,F:/DMV/Recognizing-sign-language-at-the-word-level/data/datasets/WLASL/branch_inputs/regions/rtmw_l/tensors/nslt100/train/17091.npz,,F:/DMV/Recognizing-sign-language-at-the-word-level/data/datasets/WLASL/branch_inputs/regions/rtmw_l/previews/nslt100/train/17091_preview.jpg,40,64,"[3, 3, 64, 112, 112]",1.0,1.0,1.0,1.0,0.0,0.0,1.0,0.0,0.0,1.0,0.0,0.0,7.278856515884399,5.668344058096409,7.569360144436359,ok,,sampled_with_repeated_indices
wlasl:17709,17709,17709,drink,1,train,F:/DMV/Recognizing-sign-language-at-the-word-level/data/datasets/WLASL/branch_inputs/regions/rtmw_l/tensors/nslt100/train/17709.npz,,F:/DMV/Recognizing-sign-language-at-the-word-level/data/datasets/WLASL/branch_inputs/regions/rtmw_l/previews/nslt100/train/17709_preview.jpg,104,64,"[3, 3, 64, 112, 112]",0.71875,0.75,1.0,0.375,0.34375,0.28125,0.5,0.25,0.25,1.0,0.0,0.0,1.8274283061424892,6.099204130470753,8.01110877096653,ok,,end_frame_clipped_to_video_end;left_hand_fallback_limit_reached=3;right_hand_fallback_limit_reached=3;left_hand_prev_bbox_fallback_frames=22;left_hand_black_frames=18;right_hand_prev_bbox_fallback_frames=16;right_hand_black_frames=16
wlasl:17710,17710,17710,drink,1,train,F:/DMV/Recognizing-sign-language-at-the-word-level/data/datasets/WLASL/branch_inputs/regions/rtmw_l/tensors/nslt100/train/17710.npz,,F:/DMV/Recognizing-sign-language-at-the-word-level/data/datasets/WLASL/branch_inputs/regions/rtmw_l/previews/nslt100/train/17710_preview.jpg,60,64,"[3, 3, 64, 112, 112]",0.609375,0.953125,1.0,0.078125,0.53125,0.390625,0.8125,0.140625,0.046875,1.0,0.0,0.0,2.3784435987472534,5.911989161601434,8.30990695208311,ok,,sampled_with_repeated_indices;left_hand_fallback_limit_reached=3;right_hand_fallback_limit_reached=3;left_hand_prev_bbox_fallback_frames=34;left_hand_black_frames=25;right_hand_prev_bbox_fallback_frames=9;right_hand_black_frames=3
wlasl:17711,17711,17711,drink,1,train,F:/DMV/Recognizing-sign-language-at-the-word-level/data/datasets/WLASL/branch_inputs/regions/rtmw_l/tensors/nslt100/train/17711.npz,,F:/DMV/Recognizing-sign-language-at-the-word-level/data/datasets/WLASL/branch_inputs/regions/rtmw_l/previews/nslt100/train/17711_preview.jpg,69,64,"[3, 3, 64, 112, 112]",0.90625,1.0,1.0,0.578125,0.328125,0.09375,1.0,0.0,0.0,1.0,0.0,0.0,2.0227728389404915,4.76450340077281,8.005964569747448,ok,,left_hand_fallback_limit_reached=3;left_hand_prev_bbox_fallback_frames=21;left_hand_black_frames=6
wlasl:17712,17712,17712,drink,1,train,F:/DMV/Recognizing-sign-language-at-the-word-level/data/datasets/WLASL/branch_inputs/regions/rtmw_l/tensors/nslt100/train/17712.npz,,F:/DMV/Recognizing-sign-language-at-the-word-level/data/datasets/WLASL/branch_inputs/regions/rtmw_l/previews/nslt100/train/17712_preview.jpg,42,64,"[3, 3, 64, 112, 112]",0.8125,0.953125,1.0,0.21875,0.59375,0.1875,0.84375,0.109375,0.046875,1.0,0.0,0.0,2.4239523581096103,4.593416624599033,7.2673129588365555,ok,,end_frame_clipped_to_video_end;sampled_with_repeated_indices;left_hand_fallback_limit_reached=3;right_hand_fallback_limit_reached=3;left_hand_prev_bbox_fallback_frames=38;left_hand_black_frames=12;right_hand_prev_bbox_fallback_frames=7;right_hand_black_frames=3
wlasl:17720,17720,17720,drink,1,train,F:/DMV/Recognizing-sign-language-at-the-word-level/data/datasets/WLASL/branch_inputs/regions/rtmw_l/tensors/nslt100/train/17720.npz,,F:/DMV/Recognizing-sign-language-at-the-word-level/data/datasets/WLASL/branch_inputs/regions/rtmw_l/previews/nslt100/train/17720_preview.jpg,35,64,"[3, 3, 64, 112, 112]",0.0,1.0,1.0,0.0,0.0,1.0,1.0,0.0,0.0,1.0,0.0,0.0,0.0,5.43815229088068,6.5098976492881775,ok,,sampled_with_repeated_indices;left_hand_black_frames=64
wlasl:17721,17721,17721,drink,1,train,F:/DMV/Recognizing-sign-language-at-the-word-level/data/datasets/WLASL/branch_inputs/regions/rtmw_l/tensors/nslt100/train/17721.npz,,F:/DMV/Recognizing-sign-language-at-the-word-level/data/datasets/WLASL/branch_inputs/regions/rtmw_l/previews/nslt100/train/17721_preview.jpg,42,64,"[3, 3, 64, 112, 112]",0.0,1.0,1.0,0.0,0.0,1.0,1.0,0.0,0.0,1.0,0.0,0.0,0.0,4.237359315156937,7.2292965948581696,ok,,sampled_with_repeated_indices;left_hand_black_frames=64
wlasl:17722,17722,17722,drink,1,train,F:/DMV/Recognizing-sign-language-at-the-word-level/data/datasets/WLASL/branch_inputs/regions/rtmw_l/tensors/nslt100/train/17722.npz,,F:/DMV/Recognizing-sign-language-at-the-word-level/data/datasets/WLASL/branch_inputs/regions/rtmw_l/previews/nslt100/train/17722_preview.jpg,42,64,"[3, 3, 64, 112, 112]",0.0,1.0,1.0,0.0,0.0,1.0,1.0,0.0,0.0,1.0,0.0,0.0,0.0,4.237359315156937,7.2292965948581696,ok,,sampled_with_repeated_indices;left_hand_black_frames=64
wlasl:17723,17723,17723,drink,1,train,F:/DMV/Recognizing-sign-language-at-the-word-level/data/datasets/WLASL/branch_inputs/regions/rtmw_l/tensors/nslt100/train/17723.npz,,F:/DMV/Recognizing-sign-language-at-the-word-level/data/datasets/WLASL/branch_inputs/regions/rtmw_l/previews/nslt100/train/17723_preview.jpg,51,64,"[3, 3, 64, 112, 112]",0.328125,1.0,1.0,0.265625,0.0625,0.671875,1.0,0.0,0.0,1.0,0.0,0.0,2.1140397716971004,5.59193704277277,7.191790707409382,ok,,sampled_with_repeated_indices;left_hand_prev_bbox_fallback_frames=4;left_hand_black_frames=43
wlasl:17733,17733,17733,drink,1,train,F:/DMV/Recognizing-sign-language-at-the-word-level/data/datasets/WLASL/branch_inputs/regions/rtmw_l/tensors/nslt100/train/17733.npz,,F:/DMV/Recognizing-sign-language-at-the-word-level/data/datasets/WLASL/branch_inputs/regions/rtmw_l/previews/nslt100/train/17733_preview.jpg,79,64,"[3, 3, 64, 112, 112]",0.859375,1.0,1.0,0.390625,0.46875,0.140625,1.0,0.0,0.0,1.0,0.0,0.0,2.7808463954925537,4.722626488655806,7.481019005179405,ok,,left_hand_fallback_limit_reached=3;left_hand_prev_bbox_fallback_frames=30;left_hand_black_frames=9
wlasl:18324,18324,18324,eat,61,train,F:/DMV/Recognizing-sign-language-at-the-word-level/data/datasets/WLASL/branch_inputs/regions/rtmw_l/tensors/nslt100/train/18324.npz,,F:/DMV/Recognizing-sign-language-at-the-word-level/data/datasets/WLASL/branch_inputs/regions/rtmw_l/previews/nslt100/train/18324_preview.jpg,58,64,"[3, 3, 64, 112, 112]",0.609375,0.84375,1.0,0.234375,0.375,0.390625,0.703125,0.140625,0.15625,1.0,0.0,0.0,3.8288140455881754,5.455280060238309,8.149003893136978,ok,,sampled_with_repeated_indices;left_hand_fallback_limit_reached=3;right_hand_fallback_limit_reached=3;left_hand_prev_bbox_fallback_frames=24;left_hand_black_frames=25;right_hand_prev_bbox_fallback_frames=9;right_hand_black_frames=10
wlasl:18325,18325,18325,eat,61,train,F:/DMV/Recognizing-sign-language-at-the-word-level/data/datasets/WLASL/branch_inputs/regions/rtmw_l/tensors/nslt100/train/18325.npz,,F:/DMV/Recognizing-sign-language-at-the-word-level/data/datasets/WLASL/branch_inputs/regions/rtmw_l/previews/nslt100/train/18325_preview.jpg,62,64,"[3, 3, 64, 112, 112]",0.765625,1.0,1.0,0.671875,0.09375,0.234375,0.984375,0.015625,0.0,1.0,0.0,0.0,2.1380701009617296,4.182172911507743,8.061390310525894,ok,,sampled_with_repeated_indices;left_hand_fallback_limit_reached=3;left_hand_prev_bbox_fallback_frames=6;left_hand_black_frames=15;right_hand_prev_bbox_fallback_frames=1
wlasl:18329,18329,18329,eat,61,train,F:/DMV/Recognizing-sign-language-at-the-word-level/data/datasets/WLASL/branch_inputs/regions/rtmw_l/tensors/nslt100/train/18329.npz,,F:/DMV/Recognizing-sign-language-at-the-word-level/data/datasets/WLASL/branch_inputs/regions/rtmw_l/previews/nslt100/train/18329_preview.jpg,43,64,"[3, 3, 64, 112, 112]",0.0,1.0,1.0,0.0,0.0,1.0,1.0,0.0,0.0,1.0,0.0,0.0,0.0,4.207304690033197,6.610071174800396,ok,,sampled_with_repeated_indices;left_hand_black_frames=64
wlasl:18335,18335,18335,eat,61,train,F:/DMV/Recognizing-sign-language-at-the-word-level/data/datasets/WLASL/branch_inputs/regions/rtmw_l/tensors/nslt100/train/18335.npz,,F:/DMV/Recognizing-sign-language-at-the-word-level/data/datasets/WLASL/branch_inputs/regions/rtmw_l/previews/nslt100/train/18335_preview.jpg,72,64,"[3, 3, 64, 112, 112]",0.78125,0.90625,1.0,0.15625,0.625,0.21875,0.84375,0.0625,0.09375,1.0,0.0,0.0,1.9169166326522826,5.088492733460885,7.524255201220512,ok,,right_hand_fallback_limit_reached=3;left_hand_fallback_limit_reached=3;left_hand_prev_bbox_fallback_frames=40;left_hand_black_frames=14;right_hand_prev_bbox_fallback_frames=4;right_hand_black_frames=6
wlasl:19258,19258,19258,enjoy,62,train,F:/DMV/Recognizing-sign-language-at-the-word-level/data/datasets/WLASL/branch_inputs/regions/rtmw_l/tensors/nslt100/train/19258.npz,,F:/DMV/Recognizing-sign-language-at-the-word-level/data/datasets/WLASL/branch_inputs/regions/rtmw_l/previews/nslt100/train/19258_preview.jpg,52,64,"[3, 3, 64, 112, 112]",1.0,1.0,1.0,1.0,0.0,0.0,1.0,0.0,0.0,1.0,0.0,0.0,8.241142243146896,7.525951109826565,8.335162051022053,ok,,sampled_with_repeated_indices
wlasl:19259,19259,19259,enjoy,62,train,F:/DMV/Recognizing-sign-language-at-the-word-level/data/datasets/WLASL/branch_inputs/regions/rtmw_l/tensors/nslt100/train/19259.npz,,F:/DMV/Recognizing-sign-language-at-the-word-level/data/datasets/WLASL/branch_inputs/regions/rtmw_l/previews/nslt100/train/19259_preview.jpg,41,64,"[3, 3, 64, 112, 112]",1.0,1.0,1.0,1.0,0.0,0.0,1.0,0.0,0.0,1.0,0.0,0.0,6.497964734211564,7.556019052863121,8.310477517545223,ok,,sampled_with_repeated_indices
wlasl:19260,19260,19260,enjoy,62,train,F:/DMV/Recognizing-sign-language-at-the-word-level/data/datasets/WLASL/branch_inputs/regions/rtmw_l/tensors/nslt100/train/19260.npz,,F:/DMV/Recognizing-sign-language-at-the-word-level/data/datasets/WLASL/branch_inputs/regions/rtmw_l/previews/nslt100/train/19260_preview.jpg,38,64,"[3, 3, 64, 112, 112]",0.8125,0.984375,1.0,0.171875,0.640625,0.1875,0.921875,0.0625,0.015625,1.0,0.0,0.0,3.1587002927606758,5.48919810278941,7.798377074301243,ok,,sampled_with_repeated_indices;left_hand_fallback_limit_reached=3;right_hand_fallback_limit_reached=3;left_hand_prev_bbox_fallback_frames=41;left_hand_black_frames=12;right_hand_prev_bbox_fallback_frames=4;right_hand_black_frames=1
wlasl:19261,19261,19261,enjoy,62,train,F:/DMV/Recognizing-sign-language-at-the-word-level/data/datasets/WLASL/branch_inputs/regions/rtmw_l/tensors/nslt100/train/19261.npz,,F:/DMV/Recognizing-sign-language-at-the-word-level/data/datasets/WLASL/branch_inputs/regions/rtmw_l/previews/nslt100/train/19261_preview.jpg,75,64,"[3, 3, 64, 112, 112]",1.0,1.0,1.0,1.0,0.0,0.0,1.0,0.0,0.0,1.0,0.0,0.0,5.255054967477918,7.190974242985249,8.358136996626854,ok,,
wlasl:19264,19264,19264,enjoy,62,train,F:/DMV/Recognizing-sign-language-at-the-word-level/data/datasets/WLASL/branch_inputs/regions/rtmw_l/tensors/nslt100/train/19264.npz,,F:/DMV/Recognizing-sign-language-at-the-word-level/data/datasets/WLASL/branch_inputs/regions/rtmw_l/previews/nslt100/train/19264_preview.jpg,56,64,"[3, 3, 64, 112, 112]",1.0,1.0,1.0,1.0,0.0,0.0,1.0,0.0,0.0,1.0,0.0,0.0,6.970203064382076,6.577196508646011,7.313813306391239,ok,,sampled_with_repeated_indices
wlasl:19269,19269,19269,enjoy,62,train,F:/DMV/Recognizing-sign-language-at-the-word-level/data/datasets/WLASL/branch_inputs/regions/rtmw_l/tensors/nslt100/train/19269.npz,,F:/DMV/Recognizing-sign-language-at-the-word-level/data/datasets/WLASL/branch_inputs/regions/rtmw_l/previews/nslt100/train/19269_preview.jpg,81,64,"[3, 3, 64, 112, 112]",1.0,1.0,1.0,1.0,0.0,0.0,1.0,0.0,0.0,1.0,0.0,0.0,6.7525251023471355,6.955163426697254,8.080356732010841,ok,,
wlasl:20978,20978,20978,family,37,train,F:/DMV/Recognizing-sign-language-at-the-word-level/data/datasets/WLASL/branch_inputs/regions/rtmw_l/tensors/nslt100/train/20978.npz,,F:/DMV/Recognizing-sign-language-at-the-word-level/data/datasets/WLASL/branch_inputs/regions/rtmw_l/previews/nslt100/train/20978_preview.jpg,100,64,"[3, 3, 64, 112, 112]",1.0,1.0,1.0,0.9375,0.0625,0.0,1.0,0.0,0.0,1.0,0.0,0.0,5.084235243002573,5.192008778452873,8.099953509867191,ok,,end_frame_clipped_to_video_end;left_hand_prev_bbox_fallback_frames=4
wlasl:20979,20979,20979,family,37,train,F:/DMV/Recognizing-sign-language-at-the-word-level/data/datasets/WLASL/branch_inputs/regions/rtmw_l/tensors/nslt100/train/20979.npz,,F:/DMV/Recognizing-sign-language-at-the-word-level/data/datasets/WLASL/branch_inputs/regions/rtmw_l/previews/nslt100/train/20979_preview.jpg,80,64,"[3, 3, 64, 112, 112]",0.84375,0.84375,1.0,0.5625,0.28125,0.15625,0.5625,0.28125,0.15625,1.0,0.0,0.0,4.655727989143795,4.286312275462681,7.596636578440666,ok,,end_frame_clipped_to_video_end;right_hand_fallback_limit_reached=3;left_hand_fallback_limit_reached=3;left_hand_prev_bbox_fallback_frames=18;left_hand_black_frames=10;right_hand_prev_bbox_fallback_frames=18;right_hand_black_frames=10
wlasl:20980,20980,20980,family,37,train,F:/DMV/Recognizing-sign-language-at-the-word-level/data/datasets/WLASL/branch_inputs/regions/rtmw_l/tensors/nslt100/train/20980.npz,,F:/DMV/Recognizing-sign-language-at-the-word-level/data/datasets/WLASL/branch_inputs/regions/rtmw_l/previews/nslt100/train/20980_preview.jpg,71,64,"[3, 3, 64, 112, 112]",0.859375,0.859375,1.0,0.8125,0.046875,0.140625,0.78125,0.078125,0.140625,1.0,0.0,0.0,4.6447363449977,4.720323085784912,8.086108431220055,ok,,right_hand_fallback_limit_reached=3;left_hand_prev_bbox_fallback_frames=3;left_hand_black_frames=9;right_hand_prev_bbox_fallback_frames=5;right_hand_black_frames=9
wlasl:20981,20981,20981,family,37,train,F:/DMV/Recognizing-sign-language-at-the-word-level/data/datasets/WLASL/branch_inputs/regions/rtmw_l/tensors/nslt100/train/20981.npz,,F:/DMV/Recognizing-sign-language-at-the-word-level/data/datasets/WLASL/branch_inputs/regions/rtmw_l/previews/nslt100/train/20981_preview.jpg,67,64,"[3, 3, 64, 112, 112]",0.921875,1.0,1.0,0.546875,0.375,0.078125,0.984375,0.015625,0.0,1.0,0.0,0.0,4.353200949941363,5.408598305687072,7.683245092630386,ok,,left_hand_fallback_limit_reached=3;left_hand_prev_bbox_fallback_frames=24;left_hand_black_frames=5;right_hand_prev_bbox_fallback_frames=1
wlasl:20982,20982,20982,family,37,train,F:/DMV/Recognizing-sign-language-at-the-word-level/data/datasets/WLASL/branch_inputs/regions/rtmw_l/tensors/nslt100/train/20982.npz,,F:/DMV/Recognizing-sign-language-at-the-word-level/data/datasets/WLASL/branch_inputs/regions/rtmw_l/previews/nslt100/train/20982_preview.jpg,35,64,"[3, 3, 64, 112, 112]",0.890625,0.921875,1.0,0.671875,0.21875,0.109375,0.75,0.171875,0.078125,1.0,0.0,0.0,4.604646699373112,5.530734429756801,7.429040305316448,ok,,end_frame_clipped_to_video_end;sampled_with_repeated_indices;right_hand_fallback_limit_reached=3;left_hand_fallback_limit_reached=3;left_hand_prev_bbox_fallback_frames=14;left_hand_black_frames=7;right_hand_prev_bbox_fallback_frames=11;right_hand_black_frames=5
wlasl:20983,20983,20983,family,37,train,F:/DMV/Recognizing-sign-language-at-the-word-level/data/datasets/WLASL/branch_inputs/regions/rtmw_l/tensors/nslt100/train/20983.npz,,F:/DMV/Recognizing-sign-language-at-the-word-level/data/datasets/WLASL/branch_inputs/regions/rtmw_l/previews/nslt100/train/20983_preview.jpg,75,64,"[3, 3, 64, 112, 112]",1.0,1.0,1.0,1.0,0.0,0.0,1.0,0.0,0.0,1.0,0.0,0.0,4.82085183262825,4.996712788939476,7.306347832083702,ok,,
wlasl:20986,20986,20986,family,37,train,F:/DMV/Recognizing-sign-language-at-the-word-level/data/datasets/WLASL/branch_inputs/regions/rtmw_l/tensors/nslt100/train/20986.npz,,F:/DMV/Recognizing-sign-language-at-the-word-level/data/datasets/WLASL/branch_inputs/regions/rtmw_l/previews/nslt100/train/20986_preview.jpg,52,64,"[3, 3, 64, 112, 112]",0.5625,0.5625,1.0,0.5,0.0625,0.4375,0.5625,0.0,0.4375,1.0,0.0,0.0,5.039014503359795,4.812653872701857,6.524270512163639,ok,,sampled_with_repeated_indices;left_hand_fallback_limit_reached=3;left_hand_prev_bbox_fallback_frames=4;left_hand_black_frames=28;right_hand_black_frames=28
wlasl:20987,20987,20987,family,37,train,F:/DMV/Recognizing-sign-language-at-the-word-level/data/datasets/WLASL/branch_inputs/regions/rtmw_l/tensors/nslt100/train/20987.npz,,F:/DMV/Recognizing-sign-language-at-the-word-level/data/datasets/WLASL/branch_inputs/regions/rtmw_l/previews/nslt100/train/20987_preview.jpg,36,64,"[3, 3, 64, 112, 112]",0.859375,0.828125,1.0,0.390625,0.46875,0.140625,0.3125,0.515625,0.171875,1.0,0.0,0.0,4.669988460540772,4.79640531539917,6.377396740019321,ok,,sampled_with_repeated_indices;right_hand_fallback_limit_reached=3;left_hand_fallback_limit_reached=3;left_hand_prev_bbox_fallback_frames=30;left_hand_black_frames=9;right_hand_prev_bbox_fallback_frames=33;right_hand_black_frames=11
wlasl:20992,20992,20992,family,37,train,F:/DMV/Recognizing-sign-language-at-the-word-level/data/datasets/WLASL/branch_inputs/regions/rtmw_l/tensors/nslt100/train/20992.npz,,F:/DMV/Recognizing-sign-language-at-the-word-level/data/datasets/WLASL/branch_inputs/regions/rtmw_l/previews/nslt100/train/20992_preview.jpg,71,64,"[3, 3, 64, 112, 112]",1.0,1.0,1.0,1.0,0.0,0.0,1.0,0.0,0.0,1.0,0.0,0.0,4.760620720684528,4.518052984029055,7.733261600136757,ok,,
wlasl:21869,21869,21869,fine,11,train,F:/DMV/Recognizing-sign-language-at-the-word-level/data/datasets/WLASL/branch_inputs/regions/rtmw_l/tensors/nslt100/train/21869.npz,,F:/DMV/Recognizing-sign-language-at-the-word-level/data/datasets/WLASL/branch_inputs/regions/rtmw_l/previews/nslt100/train/21869_preview.jpg,83,64,"[3, 3, 64, 112, 112]",0.84375,0.71875,1.0,0.578125,0.265625,0.15625,0.109375,0.609375,0.28125,1.0,0.0,0.0,2.400825075201086,4.265713044575283,8.194468833506107,ok,,end_frame_clipped_to_video_end;right_hand_fallback_limit_reached=3;left_hand_fallback_limit_reached=3;left_hand_prev_bbox_fallback_frames=17;left_hand_black_frames=10;right_hand_prev_bbox_fallback_frames=39;right_hand_black_frames=18
wlasl:21870,21870,21870,fine,11,train,F:/DMV/Recognizing-sign-language-at-the-word-level/data/datasets/WLASL/branch_inputs/regions/rtmw_l/tensors/nslt100/train/21870.npz,,F:/DMV/Recognizing-sign-language-at-the-word-level/data/datasets/WLASL/branch_inputs/regions/rtmw_l/previews/nslt100/train/21870_preview.jpg,56,64,"[3, 3, 64, 112, 112]",1.0,1.0,1.0,1.0,0.0,0.0,1.0,0.0,0.0,1.0,0.0,0.0,6.3055178970098495,6.301871430128813,7.6909728944301605,ok,,sampled_with_repeated_indices
wlasl:21871,21871,21871,fine,11,train,F:/DMV/Recognizing-sign-language-at-the-word-level/data/datasets/WLASL/branch_inputs/regions/rtmw_l/tensors/nslt100/train/21871.npz,,F:/DMV/Recognizing-sign-language-at-the-word-level/data/datasets/WLASL/branch_inputs/regions/rtmw_l/previews/nslt100/train/21871_preview.jpg,68,64,"[3, 3, 64, 112, 112]",0.734375,0.859375,1.0,0.4375,0.296875,0.265625,0.796875,0.0625,0.140625,1.0,0.0,0.0,2.526287751538413,6.124493164174697,8.35276997089386,ok,,left_hand_fallback_limit_reached=3;right_hand_fallback_limit_reached=3;left_hand_prev_bbox_fallback_frames=19;left_hand_black_frames=17;right_hand_prev_bbox_fallback_frames=4;right_hand_black_frames=9
wlasl:21878,21878,21878,fine,11,train,F:/DMV/Recognizing-sign-language-at-the-word-level/data/datasets/WLASL/branch_inputs/regions/rtmw_l/tensors/nslt100/train/21878.npz,,F:/DMV/Recognizing-sign-language-at-the-word-level/data/datasets/WLASL/branch_inputs/regions/rtmw_l/previews/nslt100/train/21878_preview.jpg,33,64,"[3, 3, 64, 112, 112]",0.0,1.0,1.0,0.0,0.0,1.0,1.0,0.0,0.0,1.0,0.0,0.0,0.0,5.36238794028759,7.149958543479443,ok,,sampled_with_repeated_indices;left_hand_black_frames=64
wlasl:21883,21883,21883,fine,11,train,F:/DMV/Recognizing-sign-language-at-the-word-level/data/datasets/WLASL/branch_inputs/regions/rtmw_l/tensors/nslt100/train/21883.npz,,F:/DMV/Recognizing-sign-language-at-the-word-level/data/datasets/WLASL/branch_inputs/regions/rtmw_l/previews/nslt100/train/21883_preview.jpg,28,64,"[3, 3, 64, 112, 112]",0.0,1.0,1.0,0.0,0.0,1.0,1.0,0.0,0.0,1.0,0.0,0.0,0.0,4.746177814900875,7.072406314313412,ok,,sampled_with_repeated_indices;left_hand_black_frames=64
wlasl:21891,21891,21891,fine,11,train,F:/DMV/Recognizing-sign-language-at-the-word-level/data/datasets/WLASL/branch_inputs/regions/rtmw_l/tensors/nslt100/train/21891.npz,,F:/DMV/Recognizing-sign-language-at-the-word-level/data/datasets/WLASL/branch_inputs/regions/rtmw_l/previews/nslt100/train/21891_preview.jpg,66,64,"[3, 3, 64, 112, 112]",0.84375,1.0,1.0,0.34375,0.5,0.15625,0.96875,0.03125,0.0,1.0,0.0,0.0,1.7514538927511736,4.10798446593746,7.7032212764024734,ok,,left_hand_fallback_limit_reached=3;left_hand_prev_bbox_fallback_frames=32;left_hand_black_frames=10;right_hand_prev_bbox_fallback_frames=2
wlasl:21941,21941,21941,finish,21,train,F:/DMV/Recognizing-sign-language-at-the-word-level/data/datasets/WLASL/branch_inputs/regions/rtmw_l/tensors/nslt100/train/21941.npz,,F:/DMV/Recognizing-sign-language-at-the-word-level/data/datasets/WLASL/branch_inputs/regions/rtmw_l/previews/nslt100/train/21941_preview.jpg,55,64,"[3, 3, 64, 112, 112]",0.75,0.921875,1.0,0.390625,0.359375,0.25,0.65625,0.265625,0.078125,1.0,0.0,0.0,3.5102137470245363,2.841424811454046,7.689722292125225,ok,,end_frame_clipped_to_video_end;sampled_with_repeated_indices;left_hand_fallback_limit_reached=3;right_hand_fallback_limit_reached=3;left_hand_prev_bbox_fallback_frames=23;left_hand_black_frames=16;right_hand_prev_bbox_fallback_frames=17;right_hand_black_frames=5
wlasl:21943,21943,21943,finish,21,train,F:/DMV/Recognizing-sign-language-at-the-word-level/data/datasets/WLASL/branch_inputs/regions/rtmw_l/tensors/nslt100/train/21943.npz,,F:/DMV/Recognizing-sign-language-at-the-word-level/data/datasets/WLASL/branch_inputs/regions/rtmw_l/previews/nslt100/train/21943_preview.jpg,27,64,"[3, 3, 64, 112, 112]",0.640625,0.71875,1.0,0.234375,0.40625,0.359375,0.3125,0.40625,0.28125,1.0,0.0,0.0,1.793536909421285,3.1201578259468077,7.45184563100338,ok,,end_frame_clipped_to_video_end;sampled_with_repeated_indices;right_hand_fallback_limit_reached=3;left_hand_fallback_limit_reached=3;left_hand_prev_bbox_fallback_frames=26;left_hand_black_frames=23;right_hand_prev_bbox_fallback_frames=26;right_hand_black_frames=18
wlasl:21945,21945,21945,finish,21,train,F:/DMV/Recognizing-sign-language-at-the-word-level/data/datasets/WLASL/branch_inputs/regions/rtmw_l/tensors/nslt100/train/21945.npz,,F:/DMV/Recognizing-sign-language-at-the-word-level/data/datasets/WLASL/branch_inputs/regions/rtmw_l/previews/nslt100/train/21945_preview.jpg,59,64,"[3, 3, 64, 112, 112]",0.8125,0.90625,1.0,0.515625,0.296875,0.1875,0.875,0.03125,0.09375,1.0,0.0,0.0,3.677779775677305,5.4915874898433685,7.850810155272484,ok,,sampled_with_repeated_indices;left_hand_fallback_limit_reached=3;left_hand_prev_bbox_fallback_frames=19;left_hand_black_frames=12;right_hand_prev_bbox_fallback_frames=2;right_hand_black_frames=6
wlasl:21950,21950,21950,finish,21,train,F:/DMV/Recognizing-sign-language-at-the-word-level/data/datasets/WLASL/branch_inputs/regions/rtmw_l/tensors/nslt100/train/21950.npz,,F:/DMV/Recognizing-sign-language-at-the-word-level/data/datasets/WLASL/branch_inputs/regions/rtmw_l/previews/nslt100/train/21950_preview.jpg,26,64,"[3, 3, 64, 112, 112]",1.0,1.0,1.0,1.0,0.0,0.0,1.0,0.0,0.0,1.0,0.0,0.0,6.396940998733044,6.175896912813187,6.852412782609463,ok,,sampled_with_repeated_indices
wlasl:21951,21951,21951,finish,21,train,F:/DMV/Recognizing-sign-language-at-the-word-level/data/datasets/WLASL/branch_inputs/regions/rtmw_l/tensors/nslt100/train/21951.npz,,F:/DMV/Recognizing-sign-language-at-the-word-level/data/datasets/WLASL/branch_inputs/regions/rtmw_l/previews/nslt100/train/21951_preview.jpg,26,64,"[3, 3, 64, 112, 112]",0.0,0.9375,1.0,0.0,0.0,1.0,0.625,0.3125,0.0625,1.0,0.0,0.0,0.0,5.895523226261139,6.732024908065796,ok,,sampled_with_repeated_indices;right_hand_fallback_limit_reached=3;left_hand_black_frames=64;right_hand_prev_bbox_fallback_frames=20;right_hand_black_frames=4
wlasl:22115,22115,22115,fish,38,train,F:/DMV/Recognizing-sign-language-at-the-word-level/data/datasets/WLASL/branch_inputs/regions/rtmw_l/tensors/nslt100/train/22115.npz,,F:/DMV/Recognizing-sign-language-at-the-word-level/data/datasets/WLASL/branch_inputs/regions/rtmw_l/previews/nslt100/train/22115_preview.jpg,53,64,"[3, 3, 64, 112, 112]",1.0,1.0,1.0,1.0,0.0,0.0,1.0,0.0,0.0,1.0,0.0,0.0,6.296125389635563,5.835478872060776,8.251576773822308,ok,,sampled_with_repeated_indices
wlasl:22116,22116,22116,fish,38,train,F:/DMV/Recognizing-sign-language-at-the-word-level/data/datasets/WLASL/branch_inputs/regions/rtmw_l/tensors/nslt100/train/22116.npz,,F:/DMV/Recognizing-sign-language-at-the-word-level/data/datasets/WLASL/branch_inputs/regions/rtmw_l/previews/nslt100/train/22116_preview.jpg,29,64,"[3, 3, 64, 112, 112]",0.796875,0.953125,1.0,0.25,0.546875,0.203125,0.875,0.078125,0.046875,1.0,0.0,0.0,2.0488382279872894,5.464000003678458,7.63197448849678,ok,,end_frame_clipped_to_video_end;sampled_with_repeated_indices;left_hand_fallback_limit_reached=3;right_hand_fallback_limit_reached=3;left_hand_prev_bbox_fallback_frames=35;left_hand_black_frames=13;right_hand_prev_bbox_fallback_frames=5;right_hand_black_frames=3
wlasl:22120,22120,22120,fish,38,train,F:/DMV/Recognizing-sign-language-at-the-word-level/data/datasets/WLASL/branch_inputs/regions/rtmw_l/tensors/nslt100/train/22120.npz,,F:/DMV/Recognizing-sign-language-at-the-word-level/data/datasets/WLASL/branch_inputs/regions/rtmw_l/previews/nslt100/train/22120_preview.jpg,29,64,"[3, 3, 64, 112, 112]",1.0,1.0,1.0,1.0,0.0,0.0,1.0,0.0,0.0,1.0,0.0,0.0,5.793088018894196,5.374381393194199,7.247864201664925,ok,,sampled_with_repeated_indices
wlasl:22121,22121,22121,fish,38,train,F:/DMV/Recognizing-sign-language-at-the-word-level/data/datasets/WLASL/branch_inputs/regions/rtmw_l/tensors/nslt100/train/22121.npz,,F:/DMV/Recognizing-sign-language-at-the-word-level/data/datasets/WLASL/branch_inputs/regions/rtmw_l/previews/nslt100/train/22121_preview.jpg,43,64,"[3, 3, 64, 112, 112]",0.6875,1.0,1.0,0.578125,0.109375,0.3125,1.0,0.0,0.0,1.0,0.0,0.0,2.6788604903865503,6.152649834752083,7.464286684989929,ok,,sampled_with_repeated_indices;left_hand_fallback_limit_reached=3;left_hand_prev_bbox_fallback_frames=7;left_hand_black_frames=20
wlasl:22130,22130,22130,fish,38,train,F:/DMV/Recognizing-sign-language-at-the-word-level/data/datasets/WLASL/branch_inputs/regions/rtmw_l/tensors/nslt100/train/22130.npz,,F:/DMV/Recognizing-sign-language-at-the-word-level/data/datasets/WLASL/branch_inputs/regions/rtmw_l/previews/nslt100/train/22130_preview.jpg,73,64,"[3, 3, 64, 112, 112]",0.890625,1.0,1.0,0.5625,0.328125,0.109375,1.0,0.0,0.0,1.0,0.0,0.0,3.541979584428999,5.401354759931564,8.05747775733471,ok,,left_hand_fallback_limit_reached=3;left_hand_prev_bbox_fallback_frames=21;left_hand_black_frames=7
wlasl:22952,22952,22952,forget,63,train,F:/DMV/Recognizing-sign-language-at-the-word-level/data/datasets/WLASL/branch_inputs/regions/rtmw_l/tensors/nslt100/train/22952.npz,,F:/DMV/Recognizing-sign-language-at-the-word-level/data/datasets/WLASL/branch_inputs/regions/rtmw_l/previews/nslt100/train/22952_preview.jpg,48,64,"[3, 3, 64, 112, 112]",1.0,1.0,1.0,1.0,0.0,0.0,1.0,0.0,0.0,1.0,0.0,0.0,6.727909982204437,5.948361419141293,7.87692266702652,ok,,sampled_with_repeated_indices
wlasl:22953,22953,22953,forget,63,train,F:/DMV/Recognizing-sign-language-at-the-word-level/data/datasets/WLASL/branch_inputs/regions/rtmw_l/tensors/nslt100/train/22953.npz,,F:/DMV/Recognizing-sign-language-at-the-word-level/data/datasets/WLASL/branch_inputs/regions/rtmw_l/previews/nslt100/train/22953_preview.jpg,36,64,"[3, 3, 64, 112, 112]",0.71875,0.984375,1.0,0.1875,0.53125,0.28125,0.921875,0.0625,0.015625,1.0,0.0,0.0,1.9792800347010295,5.950329954341306,7.97596599906683,ok,,end_frame_clipped_to_video_end;sampled_with_repeated_indices;right_hand_fallback_limit_reached=3;left_hand_fallback_limit_reached=3;left_hand_prev_bbox_fallback_frames=34;left_hand_black_frames=18;right_hand_prev_bbox_fallback_frames=4;right_hand_black_frames=1
wlasl:22955,22955,22955,forget,63,train,F:/DMV/Recognizing-sign-language-at-the-word-level/data/datasets/WLASL/branch_inputs/regions/rtmw_l/tensors/nslt100/train/22955.npz,,F:/DMV/Recognizing-sign-language-at-the-word-level/data/datasets/WLASL/branch_inputs/regions/rtmw_l/previews/nslt100/train/22955_preview.jpg,57,64,"[3, 3, 64, 112, 112]",0.859375,1.0,1.0,0.421875,0.4375,0.140625,1.0,0.0,0.0,1.0,0.0,0.0,2.1592522020693177,5.558270612731576,8.172915197908878,ok,,sampled_with_repeated_indices;left_hand_fallback_limit_reached=3;left_hand_prev_bbox_fallback_frames=28;left_hand_black_frames=9
wlasl:22960,22960,22960,forget,63,train,F:/DMV/Recognizing-sign-language-at-the-word-level/data/datasets/WLASL/branch_inputs/regions/rtmw_l/tensors/nslt100/train/22960.npz,,F:/DMV/Recognizing-sign-language-at-the-word-level/data/datasets/WLASL/branch_inputs/regions/rtmw_l/previews/nslt100/train/22960_preview.jpg,36,64,"[3, 3, 64, 112, 112]",0.0,1.0,1.0,0.0,0.0,1.0,1.0,0.0,0.0,1.0,0.0,0.0,0.0,5.8177351132035255,6.779349319636822,ok,,sampled_with_repeated_indices;left_hand_black_frames=64
wlasl:22967,22967,22967,forget,63,train,F:/DMV/Recognizing-sign-language-at-the-word-level/data/datasets/WLASL/branch_inputs/regions/rtmw_l/tensors/nslt100/train/22967.npz,,F:/DMV/Recognizing-sign-language-at-the-word-level/data/datasets/WLASL/branch_inputs/regions/rtmw_l/previews/nslt100/train/22967_preview.jpg,65,64,"[3, 3, 64, 112, 112]",0.921875,1.0,1.0,0.609375,0.3125,0.078125,1.0,0.0,0.0,1.0,0.0,0.0,2.6167607338000565,5.423931818455458,7.639893189072609,ok,,left_hand_fallback_limit_reached=3;left_hand_prev_bbox_fallback_frames=20;left_hand_black_frames=5
wlasl:23766,23766,23766,full,85,train,F:/DMV/Recognizing-sign-language-at-the-word-level/data/datasets/WLASL/branch_inputs/regions/rtmw_l/tensors/nslt100/train/23766.npz,,F:/DMV/Recognizing-sign-language-at-the-word-level/data/datasets/WLASL/branch_inputs/regions/rtmw_l/previews/nslt100/train/23766_preview.jpg,65,64,"[3, 3, 64, 112, 112]",1.0,0.859375,1.0,1.0,0.0,0.0,0.6875,0.171875,0.140625,1.0,0.0,0.0,4.421604048460722,5.976098662072962,8.261373370885849,ok,,right_hand_fallback_limit_reached=3;right_hand_prev_bbox_fallback_frames=11;right_hand_black_frames=9
wlasl:23768,23768,23768,full,85,train,F:/DMV/Recognizing-sign-language-at-the-word-level/data/datasets/WLASL/branch_inputs/regions/rtmw_l/tensors/nslt100/train/23768.npz,,F:/DMV/Recognizing-sign-language-at-the-word-level/data/datasets/WLASL/branch_inputs/regions/rtmw_l/previews/nslt100/train/23768_preview.jpg,25,64,"[3, 3, 64, 112, 112]",0.984375,1.0,1.0,0.84375,0.140625,0.015625,1.0,0.0,0.0,1.0,0.0,0.0,3.9114368557929993,4.217898631468415,7.686368450522423,ok,,end_frame_clipped_to_video_end;sampled_with_repeated_indices;left_hand_fallback_limit_reached=3;left_hand_prev_bbox_fallback_frames=9;left_hand_black_frames=1
wlasl:23769,23769,23769,full,85,train,F:/DMV/Recognizing-sign-language-at-the-word-level/data/datasets/WLASL/branch_inputs/regions/rtmw_l/tensors/nslt100/train/23769.npz,,F:/DMV/Recognizing-sign-language-at-the-word-level/data/datasets/WLASL/branch_inputs/regions/rtmw_l/previews/nslt100/train/23769_preview.jpg,86,64,"[3, 3, 64, 112, 112]",0.734375,1.0,1.0,0.671875,0.0625,0.265625,0.90625,0.09375,0.0,1.0,0.0,0.0,2.2338326393171797,5.351305560819034,7.808758266270161,ok,,left_hand_fallback_limit_reached=3;left_hand_prev_bbox_fallback_frames=4;left_hand_black_frames=17;right_hand_prev_bbox_fallback_frames=6
wlasl:23771,23771,23771,full,85,train,F:/DMV/Recognizing-sign-language-at-the-word-level/data/datasets/WLASL/branch_inputs/regions/rtmw_l/tensors/nslt100/train/23771.npz,,F:/DMV/Recognizing-sign-language-at-the-word-level/data/datasets/WLASL/branch_inputs/regions/rtmw_l/previews/nslt100/train/23771_preview.jpg,78,64,"[3, 3, 64, 112, 112]",0.890625,1.0,1.0,0.453125,0.4375,0.109375,1.0,0.0,0.0,1.0,0.0,0.0,2.3289992891508957,5.290298976004124,8.071432709693909,ok,,left_hand_fallback_limit_reached=3;left_hand_prev_bbox_fallback_frames=28;left_hand_black_frames=7
wlasl:23774,23774,23774,full,85,train,F:/DMV/Recognizing-sign-language-at-the-word-level/data/datasets/WLASL/branch_inputs/regions/rtmw_l/tensors/nslt100/train/23774.npz,,F:/DMV/Recognizing-sign-language-at-the-word-level/data/datasets/WLASL/branch_inputs/regions/rtmw_l/previews/nslt100/train/23774_preview.jpg,48,64,"[3, 3, 64, 112, 112]",0.84375,1.0,1.0,0.265625,0.578125,0.15625,1.0,0.0,0.0,1.0,0.0,0.0,2.5553414821624756,5.954967498779297,7.805774003267288,ok,,sampled_with_repeated_indices;left_hand_fallback_limit_reached=3;left_hand_prev_bbox_fallback_frames=37;left_hand_black_frames=10
wlasl:23782,23782,23782,full,85,train,F:/DMV/Recognizing-sign-language-at-the-word-level/data/datasets/WLASL/branch_inputs/regions/rtmw_l/tensors/nslt100/train/23782.npz,,F:/DMV/Recognizing-sign-language-at-the-word-level/data/datasets/WLASL/branch_inputs/regions/rtmw_l/previews/nslt100/train/23782_preview.jpg,63,64,"[3, 3, 64, 112, 112]",1.0,1.0,1.0,1.0,0.0,0.0,0.90625,0.09375,0.0,1.0,0.0,0.0,5.120740119367838,4.922455302600203,7.819836847484112,ok,,sampled_with_repeated_indices;right_hand_prev_bbox_fallback_frames=6
wlasl:24638,24638,24638,give,64,train,F:/DMV/Recognizing-sign-language-at-the-word-level/data/datasets/WLASL/branch_inputs/regions/rtmw_l/tensors/nslt100/train/24638.npz,,F:/DMV/Recognizing-sign-language-at-the-word-level/data/datasets/WLASL/branch_inputs/regions/rtmw_l/previews/nslt100/train/24638_preview.jpg,27,64,"[3, 3, 64, 112, 112]",0.96875,0.96875,1.0,0.96875,0.0,0.03125,0.96875,0.0,0.03125,1.0,0.0,0.0,2.133470506437363,4.239493100873886,7.3198648020625114,ok,,sampled_with_repeated_indices;left_hand_black_frames=2;right_hand_black_frames=2
wlasl:24640,24640,24640,give,64,train,F:/DMV/Recognizing-sign-language-at-the-word-level/data/datasets/WLASL/branch_inputs/regions/rtmw_l/tensors/nslt100/train/24640.npz,,F:/DMV/Recognizing-sign-language-at-the-word-level/data/datasets/WLASL/branch_inputs/regions/rtmw_l/previews/nslt100/train/24640_preview.jpg,34,64,"[3, 3, 64, 112, 112]",0.921875,0.953125,1.0,0.78125,0.140625,0.078125,0.890625,0.0625,0.046875,1.0,0.0,0.0,4.877650737762451,5.0109166157873055,7.672874704003334,ok,,end_frame_clipped_to_video_end;sampled_with_repeated_indices;left_hand_fallback_limit_reached=3;left_hand_prev_bbox_fallback_frames=9;left_hand_black_frames=5;right_hand_prev_bbox_fallback_frames=4;right_hand_black_frames=3
wlasl:24648,24648,24648,give,64,train,F:/DMV/Recognizing-sign-language-at-the-word-level/data/datasets/WLASL/branch_inputs/regions/rtmw_l/tensors/nslt100/train/24648.npz,,F:/DMV/Recognizing-sign-language-at-the-word-level/data/datasets/WLASL/branch_inputs/regions/rtmw_l/previews/nslt100/train/24648_preview.jpg,34,64,"[3, 3, 64, 112, 112]",1.0,1.0,1.0,1.0,0.0,0.0,1.0,0.0,0.0,1.0,0.0,0.0,5.894562736153603,6.056523352861404,7.33426208794117,ok,,sampled_with_repeated_indices
wlasl:24651,24651,24651,give,64,train,F:/DMV/Recognizing-sign-language-at-the-word-level/data/datasets/WLASL/branch_inputs/regions/rtmw_l/tensors/nslt100/train/24651.npz,,F:/DMV/Recognizing-sign-language-at-the-word-level/data/datasets/WLASL/branch_inputs/regions/rtmw_l/previews/nslt100/train/24651_preview.jpg,25,64,"[3, 3, 64, 112, 112]",1.0,1.0,1.0,1.0,0.0,0.0,1.0,0.0,0.0,1.0,0.0,0.0,5.442948378622532,4.9931745529174805,6.9586915001273155,ok,,sampled_with_repeated_indices
wlasl:24660,24660,24660,give,64,train,F:/DMV/Recognizing-sign-language-at-the-word-level/data/datasets/WLASL/branch_inputs/regions/rtmw_l/tensors/nslt100/train/24660.npz,,F:/DMV/Recognizing-sign-language-at-the-word-level/data/datasets/WLASL/branch_inputs/regions/rtmw_l/previews/nslt100/train/24660_preview.jpg,60,64,"[3, 3, 64, 112, 112]",0.96875,1.0,1.0,0.875,0.09375,0.03125,0.9375,0.0625,0.0,1.0,0.0,0.0,5.027193693178041,5.020647805929184,7.742051050066948,ok,,sampled_with_repeated_indices;left_hand_fallback_limit_reached=3;left_hand_prev_bbox_fallback_frames=6;left_hand_black_frames=2;right_hand_prev_bbox_fallback_frames=4
wlasl:24940,24940,24940,go,5,train,F:/DMV/Recognizing-sign-language-at-the-word-level/data/datasets/WLASL/branch_inputs/regions/rtmw_l/tensors/nslt100/train/24940.npz,,F:/DMV/Recognizing-sign-language-at-the-word-level/data/datasets/WLASL/branch_inputs/regions/rtmw_l/previews/nslt100/train/24940_preview.jpg,87,64,"[3, 3, 64, 112, 112]",0.796875,0.796875,1.0,0.515625,0.28125,0.203125,0.515625,0.28125,0.203125,1.0,0.0,0.0,4.467465032230724,5.296940543434837,7.966577164828777,ok,,end_frame_clipped_to_video_end;left_hand_fallback_limit_reached=3;right_hand_fallback_limit_reached=3;left_hand_prev_bbox_fallback_frames=18;left_hand_black_frames=13;right_hand_prev_bbox_fallback_frames=18;right_hand_black_frames=13
wlasl:24941,24941,24941,go,5,train,F:/DMV/Recognizing-sign-language-at-the-word-level/data/datasets/WLASL/branch_inputs/regions/rtmw_l/tensors/nslt100/train/24941.npz,,F:/DMV/Recognizing-sign-language-at-the-word-level/data/datasets/WLASL/branch_inputs/regions/rtmw_l/previews/nslt100/train/24941_preview.jpg,57,64,"[3, 3, 64, 112, 112]",0.828125,0.828125,1.0,0.6875,0.140625,0.171875,0.6875,0.140625,0.171875,1.0,0.0,0.0,5.4173859845508225,5.563887932083824,8.242815002799034,ok,,sampled_with_repeated_indices;right_hand_fallback_limit_reached=3;left_hand_fallback_limit_reached=3;left_hand_prev_bbox_fallback_frames=9;left_hand_black_frames=11;right_hand_prev_bbox_fallback_frames=9;right_hand_black_frames=11
wlasl:24943,24943,24943,go,5,train,F:/DMV/Recognizing-sign-language-at-the-word-level/data/datasets/WLASL/branch_inputs/regions/rtmw_l/tensors/nslt100/train/24943.npz,,F:/DMV/Recognizing-sign-language-at-the-word-level/data/datasets/WLASL/branch_inputs/regions/rtmw_l/previews/nslt100/train/24943_preview.jpg,53,64,"[3, 3, 64, 112, 112]",0.84375,0.984375,1.0,0.84375,0.0,0.15625,0.984375,0.0,0.015625,1.0,0.0,0.0,5.599003712336223,5.046802244489155,7.901079818606377,ok,,sampled_with_repeated_indices;left_hand_black_frames=10;right_hand_black_frames=1
wlasl:24947,24947,24947,go,5,train,F:/DMV/Recognizing-sign-language-at-the-word-level/data/datasets/WLASL/branch_inputs/regions/rtmw_l/tensors/nslt100/train/24947.npz,,F:/DMV/Recognizing-sign-language-at-the-word-level/data/datasets/WLASL/branch_inputs/regions/rtmw_l/previews/nslt100/train/24947_preview.jpg,54,64,"[3, 3, 64, 112, 112]",1.0,1.0,1.0,1.0,0.0,0.0,0.953125,0.046875,0.0,1.0,0.0,0.0,4.316757520660758,4.570856338641683,7.858923688530922,ok,,sampled_with_repeated_indices;right_hand_prev_bbox_fallback_frames=3
wlasl:24954,24954,24954,go,5,train,F:/DMV/Recognizing-sign-language-at-the-word-level/data/datasets/WLASL/branch_inputs/regions/rtmw_l/tensors/nslt100/train/24954.npz,,F:/DMV/Recognizing-sign-language-at-the-word-level/data/datasets/WLASL/branch_inputs/regions/rtmw_l/previews/nslt100/train/24954_preview.jpg,52,64,"[3, 3, 64, 112, 112]",0.953125,0.953125,1.0,0.8125,0.140625,0.046875,0.8125,0.140625,0.046875,1.0,0.0,0.0,5.958003722704374,5.958609489294199,7.951543420553207,ok,,sampled_with_repeated_indices;right_hand_fallback_limit_reached=3;left_hand_fallback_limit_reached=3;left_hand_prev_bbox_fallback_frames=9;left_hand_black_frames=3;right_hand_prev_bbox_fallback_frames=9;right_hand_black_frames=3
wlasl:24955,24955,24955,go,5,train,F:/DMV/Recognizing-sign-language-at-the-word-level/data/datasets/WLASL/branch_inputs/regions/rtmw_l/tensors/nslt100/train/24955.npz,,F:/DMV/Recognizing-sign-language-at-the-word-level/data/datasets/WLASL/branch_inputs/regions/rtmw_l/previews/nslt100/train/24955_preview.jpg,52,64,"[3, 3, 64, 112, 112]",0.953125,0.953125,1.0,0.8125,0.140625,0.046875,0.8125,0.140625,0.046875,1.0,0.0,0.0,5.958003722704374,5.958609489294199,7.951543420553207,ok,,sampled_with_repeated_indices;right_hand_fallback_limit_reached=3;left_hand_fallback_limit_reached=3;left_hand_prev_bbox_fallback_frames=9;left_hand_black_frames=3;right_hand_prev_bbox_fallback_frames=9;right_hand_black_frames=3
wlasl:24956,24956,24956,go,5,train,F:/DMV/Recognizing-sign-language-at-the-word-level/data/datasets/WLASL/branch_inputs/regions/rtmw_l/tensors/nslt100/train/24956.npz,,F:/DMV/Recognizing-sign-language-at-the-word-level/data/datasets/WLASL/branch_inputs/regions/rtmw_l/previews/nslt100/train/24956_preview.jpg,39,64,"[3, 3, 64, 112, 112]",1.0,0.5,1.0,1.0,0.0,0.0,0.390625,0.109375,0.5,1.0,0.0,0.0,5.460108503699303,6.108821010589599,7.9067933931946754,ok,,sampled_with_repeated_indices;right_hand_fallback_limit_reached=3;right_hand_prev_bbox_fallback_frames=7;right_hand_black_frames=32
wlasl:24961,24961,24961,go,5,train,F:/DMV/Recognizing-sign-language-at-the-word-level/data/datasets/WLASL/branch_inputs/regions/rtmw_l/tensors/nslt100/train/24961.npz,,F:/DMV/Recognizing-sign-language-at-the-word-level/data/datasets/WLASL/branch_inputs/regions/rtmw_l/previews/nslt100/train/24961_preview.jpg,39,64,"[3, 3, 64, 112, 112]",0.890625,1.0,1.0,0.484375,0.40625,0.109375,1.0,0.0,0.0,1.0,0.0,0.0,2.0570058207358084,6.073311418294907,7.776592060923576,ok,,sampled_with_repeated_indices;left_hand_fallback_limit_reached=3;left_hand_prev_bbox_fallback_frames=26;left_hand_black_frames=7
wlasl:24962,24962,24962,go,5,train,F:/DMV/Recognizing-sign-language-at-the-word-level/data/datasets/WLASL/branch_inputs/regions/rtmw_l/tensors/nslt100/train/24962.npz,,F:/DMV/Recognizing-sign-language-at-the-word-level/data/datasets/WLASL/branch_inputs/regions/rtmw_l/previews/nslt100/train/24962_preview.jpg,37,64,"[3, 3, 64, 112, 112]",0.609375,1.0,1.0,0.171875,0.4375,0.390625,1.0,0.0,0.0,1.0,0.0,0.0,3.936816518956965,6.479748725891113,7.895589575171471,ok,,sampled_with_repeated_indices;left_hand_fallback_limit_reached=3;left_hand_prev_bbox_fallback_frames=28;left_hand_black_frames=25
wlasl:24973,24973,24973,go,5,train,F:/DMV/Recognizing-sign-language-at-the-word-level/data/datasets/WLASL/branch_inputs/regions/rtmw_l/tensors/nslt100/train/24973.npz,,F:/DMV/Recognizing-sign-language-at-the-word-level/data/datasets/WLASL/branch_inputs/regions/rtmw_l/previews/nslt100/train/24973_preview.jpg,92,64,"[3, 3, 64, 112, 112]",1.0,1.0,1.0,0.984375,0.015625,0.0,1.0,0.0,0.0,1.0,0.0,0.0,4.277321543012347,4.565401211380959,8.009441055357456,ok,,left_hand_prev_bbox_fallback_frames=1
wlasl:25321,25321,25321,graduate,39,train,F:/DMV/Recognizing-sign-language-at-the-word-level/data/datasets/WLASL/branch_inputs/regions/rtmw_l/tensors/nslt100/train/25321.npz,,F:/DMV/Recognizing-sign-language-at-the-word-level/data/datasets/WLASL/branch_inputs/regions/rtmw_l/previews/nslt100/train/25321_preview.jpg,91,64,"[3, 3, 64, 112, 112]",0.734375,0.734375,1.0,0.421875,0.3125,0.265625,0.4375,0.296875,0.265625,1.0,0.0,0.0,4.890603348060891,4.550421276262829,7.734274059534073,ok,,end_frame_clipped_to_video_end;left_hand_fallback_limit_reached=3;right_hand_fallback_limit_reached=3;left_hand_prev_bbox_fallback_frames=20;left_hand_black_frames=17;right_hand_prev_bbox_fallback_frames=19;right_hand_black_frames=17
wlasl:25322,25322,25322,graduate,39,train,F:/DMV/Recognizing-sign-language-at-the-word-level/data/datasets/WLASL/branch_inputs/regions/rtmw_l/tensors/nslt100/train/25322.npz,,F:/DMV/Recognizing-sign-language-at-the-word-level/data/datasets/WLASL/branch_inputs/regions/rtmw_l/previews/nslt100/train/25322_preview.jpg,49,64,"[3, 3, 64, 112, 112]",1.0,1.0,1.0,1.0,0.0,0.0,1.0,0.0,0.0,1.0,0.0,0.0,5.688758842647076,5.300530206412077,8.022555597126484,ok,,sampled_with_repeated_indices
wlasl:25323,25323,25323,graduate,39,train,F:/DMV/Recognizing-sign-language-at-the-word-level/data/datasets/WLASL/branch_inputs/regions/rtmw_l/tensors/nslt100/train/25323.npz,,F:/DMV/Recognizing-sign-language-at-the-word-level/data/datasets/WLASL/branch_inputs/regions/rtmw_l/previews/nslt100/train/25323_preview.jpg,28,64,"[3, 3, 64, 112, 112]",1.0,1.0,1.0,0.953125,0.046875,0.0,1.0,0.0,0.0,1.0,0.0,0.0,3.999522240435491,4.134571131318808,7.497713461518288,ok,,sampled_with_repeated_indices;left_hand_prev_bbox_fallback_frames=3
wlasl:25324,25324,25324,graduate,39,train,F:/DMV/Recognizing-sign-language-at-the-word-level/data/datasets/WLASL/branch_inputs/regions/rtmw_l/tensors/nslt100/train/25324.npz,,F:/DMV/Recognizing-sign-language-at-the-word-level/data/datasets/WLASL/branch_inputs/regions/rtmw_l/previews/nslt100/train/25324_preview.jpg,28,64,"[3, 3, 64, 112, 112]",0.921875,1.0,1.0,0.671875,0.25,0.078125,0.96875,0.03125,0.0,1.0,0.0,0.0,3.002026363860729,3.3815949078529113,7.3438325226306915,ok,,sampled_with_repeated_indices;left_hand_fallback_limit_reached=3;left_hand_prev_bbox_fallback_frames=16;left_hand_black_frames=5;right_hand_prev_bbox_fallback_frames=2
wlasl:25325,25325,25325,graduate,39,train,F:/DMV/Recognizing-sign-language-at-the-word-level/data/datasets/WLASL/branch_inputs/regions/rtmw_l/tensors/nslt100/train/25325.npz,,F:/DMV/Recognizing-sign-language-at-the-word-level/data/datasets/WLASL/branch_inputs/regions/rtmw_l/previews/nslt100/train/25325_preview.jpg,28,64,"[3, 3, 64, 112, 112]",1.0,1.0,1.0,0.953125,0.046875,0.0,1.0,0.0,0.0,1.0,0.0,0.0,3.6433750371463964,3.654121395200491,7.351553358137608,ok,,sampled_with_repeated_indices;left_hand_prev_bbox_fallback_frames=3
wlasl:25326,25326,25326,graduate,39,train,F:/DMV/Recognizing-sign-language-at-the-word-level/data/datasets/WLASL/branch_inputs/regions/rtmw_l/tensors/nslt100/train/25326.npz,,F:/DMV/Recognizing-sign-language-at-the-word-level/data/datasets/WLASL/branch_inputs/regions/rtmw_l/previews/nslt100/train/25326_preview.jpg,55,64,"[3, 3, 64, 112, 112]",0.984375,1.0,1.0,0.984375,0.0,0.015625,1.0,0.0,0.0,1.0,0.0,0.0,5.477919495294964,4.281078603118658,7.856326729059219,ok,,sampled_with_repeated_indices;left_hand_black_frames=1
wlasl:25329,25329,25329,graduate,39,train,F:/DMV/Recognizing-sign-language-at-the-word-level/data/datasets/WLASL/branch_inputs/regions/rtmw_l/tensors/nslt100/train/25329.npz,,F:/DMV/Recognizing-sign-language-at-the-word-level/data/datasets/WLASL/branch_inputs/regions/rtmw_l/previews/nslt100/train/25329_preview.jpg,43,64,"[3, 3, 64, 112, 112]",1.0,1.0,1.0,1.0,0.0,0.0,1.0,0.0,0.0,1.0,0.0,0.0,4.691586688160896,4.743638202548027,6.808529622852802,ok,,sampled_with_repeated_indices
wlasl:25339,25339,25339,graduate,39,train,F:/DMV/Recognizing-sign-language-at-the-word-level/data/datasets/WLASL/branch_inputs/regions/rtmw_l/tensors/nslt100/train/25339.npz,,F:/DMV/Recognizing-sign-language-at-the-word-level/data/datasets/WLASL/branch_inputs/regions/rtmw_l/previews/nslt100/train/25339_preview.jpg,74,64,"[3, 3, 64, 112, 112]",1.0,0.9375,1.0,0.890625,0.109375,0.0,0.78125,0.15625,0.0625,1.0,0.0,0.0,4.001042999719319,4.517148959636688,7.63642593473196,ok,,right_hand_fallback_limit_reached=3;left_hand_prev_bbox_fallback_frames=7;right_hand_prev_bbox_fallback_frames=10;right_hand_black_frames=4
wlasl:26712,26712,26712,hat,40,train,F:/DMV/Recognizing-sign-language-at-the-word-level/data/datasets/WLASL/branch_inputs/regions/rtmw_l/tensors/nslt100/train/26712.npz,,F:/DMV/Recognizing-sign-language-at-the-word-level/data/datasets/WLASL/branch_inputs/regions/rtmw_l/previews/nslt100/train/26712_preview.jpg,78,64,"[3, 3, 64, 112, 112]",0.640625,0.734375,1.0,0.359375,0.28125,0.359375,0.6875,0.046875,0.265625,1.0,0.0,0.0,2.1169680305149243,4.781957377086986,7.956400245428085,ok,,left_hand_fallback_limit_reached=3;left_hand_prev_bbox_fallback_frames=18;left_hand_black_frames=23;right_hand_prev_bbox_fallback_frames=3;right_hand_black_frames=17
wlasl:26713,26713,26713,hat,40,train,F:/DMV/Recognizing-sign-language-at-the-word-level/data/datasets/WLASL/branch_inputs/regions/rtmw_l/tensors/nslt100/train/26713.npz,,F:/DMV/Recognizing-sign-language-at-the-word-level/data/datasets/WLASL/branch_inputs/regions/rtmw_l/previews/nslt100/train/26713_preview.jpg,58,64,"[3, 3, 64, 112, 112]",1.0,1.0,1.0,1.0,0.0,0.0,1.0,0.0,0.0,1.0,0.0,0.0,6.361915864050388,5.822603054344654,7.827527716755867,ok,,sampled_with_repeated_indices
wlasl:26714,26714,26714,hat,40,train,F:/DMV/Recognizing-sign-language-at-the-word-level/data/datasets/WLASL/branch_inputs/regions/rtmw_l/tensors/nslt100/train/26714.npz,,F:/DMV/Recognizing-sign-language-at-the-word-level/data/datasets/WLASL/branch_inputs/regions/rtmw_l/previews/nslt100/train/26714_preview.jpg,33,64,"[3, 3, 64, 112, 112]",0.78125,0.984375,1.0,0.078125,0.703125,0.21875,0.859375,0.125,0.015625,1.0,0.0,0.0,1.9174560546875,4.573016704212535,7.638810396194458,ok,,end_frame_clipped_to_video_end;sampled_with_repeated_indices;left_hand_fallback_limit_reached=3;right_hand_fallback_limit_reached=3;left_hand_prev_bbox_fallback_frames=45;left_hand_black_frames=14;right_hand_prev_bbox_fallback_frames=8;right_hand_black_frames=1
wlasl:26715,26715,26715,hat,40,train,F:/DMV/Recognizing-sign-language-at-the-word-level/data/datasets/WLASL/branch_inputs/regions/rtmw_l/tensors/nslt100/train/26715.npz,,F:/DMV/Recognizing-sign-language-at-the-word-level/data/datasets/WLASL/branch_inputs/regions/rtmw_l/previews/nslt100/train/26715_preview.jpg,75,64,"[3, 3, 64, 112, 112]",0.796875,0.953125,1.0,0.390625,0.40625,0.203125,0.953125,0.0,0.046875,1.0,0.0,0.0,1.724644660949707,4.66049415947961,7.867930941283703,ok,,left_hand_fallback_limit_reached=3;left_hand_prev_bbox_fallback_frames=26;left_hand_black_frames=13;right_hand_black_frames=3
wlasl:26717,26717,26717,hat,40,train,F:/DMV/Recognizing-sign-language-at-the-word-level/data/datasets/WLASL/branch_inputs/regions/rtmw_l/tensors/nslt100/train/26717.npz,,F:/DMV/Recognizing-sign-language-at-the-word-level/data/datasets/WLASL/branch_inputs/regions/rtmw_l/previews/nslt100/train/26717_preview.jpg,32,64,"[3, 3, 64, 112, 112]",1.0,1.0,1.0,1.0,0.0,0.0,1.0,0.0,0.0,1.0,0.0,0.0,2.901971213519573,5.503737434744835,7.502687007188797,ok,,sampled_with_repeated_indices
wlasl:26719,26719,26719,hat,40,train,F:/DMV/Recognizing-sign-language-at-the-word-level/data/datasets/WLASL/branch_inputs/regions/rtmw_l/tensors/nslt100/train/26719.npz,,F:/DMV/Recognizing-sign-language-at-the-word-level/data/datasets/WLASL/branch_inputs/regions/rtmw_l/previews/nslt100/train/26719_preview.jpg,28,64,"[3, 3, 64, 112, 112]",1.0,1.0,1.0,1.0,0.0,0.0,1.0,0.0,0.0,1.0,0.0,0.0,2.8693399727344513,4.939879857003689,7.0950498059391975,ok,,sampled_with_repeated_indices
wlasl:26739,26739,26739,hat,40,train,F:/DMV/Recognizing-sign-language-at-the-word-level/data/datasets/WLASL/branch_inputs/regions/rtmw_l/tensors/nslt100/train/26739.npz,,F:/DMV/Recognizing-sign-language-at-the-word-level/data/datasets/WLASL/branch_inputs/regions/rtmw_l/previews/nslt100/train/26739_preview.jpg,84,64,"[3, 3, 64, 112, 112]",0.828125,1.0,1.0,0.4375,0.390625,0.171875,0.890625,0.109375,0.0,1.0,0.0,0.0,2.4850546547344754,4.494763443344517,7.753529384732246,ok,,left_hand_fallback_limit_reached=3;left_hand_prev_bbox_fallback_frames=25;left_hand_black_frames=11;right_hand_prev_bbox_fallback_frames=7
wlasl:26741,26741,26741,hat,40,train,F:/DMV/Recognizing-sign-language-at-the-word-level/data/datasets/WLASL/branch_inputs/regions/rtmw_l/tensors/nslt100/train/26741.npz,,F:/DMV/Recognizing-sign-language-at-the-word-level/data/datasets/WLASL/branch_inputs/regions/rtmw_l/previews/nslt100/train/26741_preview.jpg,56,64,"[3, 3, 64, 112, 112]",0.890625,1.0,1.0,0.515625,0.375,0.109375,1.0,0.0,0.0,1.0,0.0,0.0,3.0256046851476035,5.295607816427946,7.808569081127644,ok,,sampled_with_repeated_indices;left_hand_fallback_limit_reached=3;left_hand_prev_bbox_fallback_frames=24;left_hand_black_frames=7
wlasl:26971,26971,26971,hearing,41,train,F:/DMV/Recognizing-sign-language-at-the-word-level/data/datasets/WLASL/branch_inputs/regions/rtmw_l/tensors/nslt100/train/26971.npz,,F:/DMV/Recognizing-sign-language-at-the-word-level/data/datasets/WLASL/branch_inputs/regions/rtmw_l/previews/nslt100/train/26971_preview.jpg,100,64,"[3, 3, 64, 112, 112]",0.65625,0.796875,1.0,0.0625,0.59375,0.34375,0.5625,0.234375,0.203125,1.0,0.0,0.0,2.982818603515625,5.259946720467673,7.939875304698944,ok,,end_frame_clipped_to_video_end;left_hand_fallback_limit_reached=3;right_hand_fallback_limit_reached=3;left_hand_prev_bbox_fallback_frames=38;left_hand_black_frames=22;right_hand_prev_bbox_fallback_frames=15;right_hand_black_frames=13
wlasl:26972,26972,26972,hearing,41,train,F:/DMV/Recognizing-sign-language-at-the-word-level/data/datasets/WLASL/branch_inputs/regions/rtmw_l/tensors/nslt100/train/26972.npz,,F:/DMV/Recognizing-sign-language-at-the-word-level/data/datasets/WLASL/branch_inputs/regions/rtmw_l/previews/nslt100/train/26972_preview.jpg,53,64,"[3, 3, 64, 112, 112]",0.78125,0.953125,1.0,0.390625,0.390625,0.21875,0.8125,0.140625,0.046875,1.0,0.0,0.0,2.887427816390991,5.869781429951008,8.390962585806847,ok,,sampled_with_repeated_indices;left_hand_fallback_limit_reached=3;right_hand_fallback_limit_reached=3;left_hand_prev_bbox_fallback_frames=25;left_hand_black_frames=14;right_hand_prev_bbox_fallback_frames=9;right_hand_black_frames=3
wlasl:26973,26973,26973,hearing,41,train,F:/DMV/Recognizing-sign-language-at-the-word-level/data/datasets/WLASL/branch_inputs/regions/rtmw_l/tensors/nslt100/train/26973.npz,,F:/DMV/Recognizing-sign-language-at-the-word-level/data/datasets/WLASL/branch_inputs/regions/rtmw_l/previews/nslt100/train/26973_preview.jpg,28,64,"[3, 3, 64, 112, 112]",0.984375,1.0,1.0,0.859375,0.125,0.015625,1.0,0.0,0.0,1.0,0.0,0.0,1.9645552375099875,4.478718630969524,7.652234114706516,ok,,sampled_with_repeated_indices;left_hand_fallback_limit_reached=3;left_hand_prev_bbox_fallback_frames=8;left_hand_black_frames=1
wlasl:26974,26974,26974,hearing,41,train,F:/DMV/Recognizing-sign-language-at-the-word-level/data/datasets/WLASL/branch_inputs/regions/rtmw_l/tensors/nslt100/train/26974.npz,,F:/DMV/Recognizing-sign-language-at-the-word-level/data/datasets/WLASL/branch_inputs/regions/rtmw_l/previews/nslt100/train/26974_preview.jpg,39,64,"[3, 3, 64, 112, 112]",0.796875,1.0,1.0,0.1875,0.609375,0.203125,1.0,0.0,0.0,1.0,0.0,0.0,3.0207461516062417,6.296883016824722,8.21311416476965,ok,,sampled_with_repeated_indices;left_hand_fallback_limit_reached=3;left_hand_prev_bbox_fallback_frames=39;left_hand_black_frames=13
wlasl:26975,26975,26975,hearing,41,train,F:/DMV/Recognizing-sign-language-at-the-word-level/data/datasets/WLASL/branch_inputs/regions/rtmw_l/tensors/nslt100/train/26975.npz,,F:/DMV/Recognizing-sign-language-at-the-word-level/data/datasets/WLASL/branch_inputs/regions/rtmw_l/previews/nslt100/train/26975_preview.jpg,66,64,"[3, 3, 64, 112, 112]",0.8125,1.0,1.0,0.234375,0.578125,0.1875,0.953125,0.046875,0.0,1.0,0.0,0.0,2.4738291104634604,4.821160590062376,7.936073020100594,ok,,left_hand_fallback_limit_reached=3;left_hand_prev_bbox_fallback_frames=37;left_hand_black_frames=12;right_hand_prev_bbox_fallback_frames=3
wlasl:26976,26976,26976,hearing,41,train,F:/DMV/Recognizing-sign-language-at-the-word-level/data/datasets/WLASL/branch_inputs/regions/rtmw_l/tensors/nslt100/train/26976.npz,,F:/DMV/Recognizing-sign-language-at-the-word-level/data/datasets/WLASL/branch_inputs/regions/rtmw_l/previews/nslt100/train/26976_preview.jpg,67,64,"[3, 3, 64, 112, 112]",0.828125,0.953125,1.0,0.265625,0.5625,0.171875,0.765625,0.1875,0.046875,1.0,0.0,0.0,2.7330803380293003,5.433499134316737,8.076075106859207,ok,,left_hand_fallback_limit_reached=3;right_hand_fallback_limit_reached=3;left_hand_prev_bbox_fallback_frames=36;left_hand_black_frames=11;right_hand_prev_bbox_fallback_frames=12;right_hand_black_frames=3
wlasl:26980,26980,26980,hearing,41,train,F:/DMV/Recognizing-sign-language-at-the-word-level/data/datasets/WLASL/branch_inputs/regions/rtmw_l/tensors/nslt100/train/26980.npz,,F:/DMV/Recognizing-sign-language-at-the-word-level/data/datasets/WLASL/branch_inputs/regions/rtmw_l/previews/nslt100/train/26980_preview.jpg,48,64,"[3, 3, 64, 112, 112]",0.765625,1.0,1.0,0.140625,0.625,0.234375,1.0,0.0,0.0,1.0,0.0,0.0,1.6141213046179876,4.827365688979626,7.043923318386078,ok,,sampled_with_repeated_indices;left_hand_fallback_limit_reached=3;left_hand_prev_bbox_fallback_frames=40;left_hand_black_frames=15
wlasl:27206,27206,27206,help,12,train,F:/DMV/Recognizing-sign-language-at-the-word-level/data/datasets/WLASL/branch_inputs/regions/rtmw_l/tensors/nslt100/train/27206.npz,,F:/DMV/Recognizing-sign-language-at-the-word-level/data/datasets/WLASL/branch_inputs/regions/rtmw_l/previews/nslt100/train/27206_preview.jpg,61,64,"[3, 3, 64, 112, 112]",0.9375,0.9375,1.0,0.84375,0.09375,0.0625,0.875,0.0625,0.0625,1.0,0.0,0.0,5.019932932323879,5.637743949890137,8.274663299322128,ok,,sampled_with_repeated_indices;left_hand_fallback_limit_reached=3;right_hand_fallback_limit_reached=3;left_hand_prev_bbox_fallback_frames=6;left_hand_black_frames=4;right_hand_prev_bbox_fallback_frames=4;right_hand_black_frames=4
wlasl:27207,27207,27207,help,12,train,F:/DMV/Recognizing-sign-language-at-the-word-level/data/datasets/WLASL/branch_inputs/regions/rtmw_l/tensors/nslt100/train/27207.npz,,F:/DMV/Recognizing-sign-language-at-the-word-level/data/datasets/WLASL/branch_inputs/regions/rtmw_l/previews/nslt100/train/27207_preview.jpg,50,64,"[3, 3, 64, 112, 112]",0.90625,0.984375,1.0,0.890625,0.015625,0.09375,0.984375,0.0,0.015625,1.0,0.0,0.0,6.571402901097348,5.466297179933578,8.266244821250439,ok,,sampled_with_repeated_indices;left_hand_prev_bbox_fallback_frames=1;left_hand_black_frames=6;right_hand_black_frames=1
wlasl:27208,27208,27208,help,12,train,F:/DMV/Recognizing-sign-language-at-the-word-level/data/datasets/WLASL/branch_inputs/regions/rtmw_l/tensors/nslt100/train/27208.npz,,F:/DMV/Recognizing-sign-language-at-the-word-level/data/datasets/WLASL/branch_inputs/regions/rtmw_l/previews/nslt100/train/27208_preview.jpg,58,64,"[3, 3, 64, 112, 112]",0.96875,0.96875,1.0,0.828125,0.140625,0.03125,0.859375,0.109375,0.03125,1.0,0.0,0.0,4.733511816780522,4.598908324675127,7.82106389850378,ok,,sampled_with_repeated_indices;left_hand_fallback_limit_reached=3;right_hand_fallback_limit_reached=3;left_hand_prev_bbox_fallback_frames=9;left_hand_black_frames=2;right_hand_prev_bbox_fallback_frames=7;right_hand_black_frames=2
wlasl:27214,27214,27214,help,12,train,F:/DMV/Recognizing-sign-language-at-the-word-level/data/datasets/WLASL/branch_inputs/regions/rtmw_l/tensors/nslt100/train/27214.npz,,F:/DMV/Recognizing-sign-language-at-the-word-level/data/datasets/WLASL/branch_inputs/regions/rtmw_l/previews/nslt100/train/27214_preview.jpg,46,64,"[3, 3, 64, 112, 112]",1.0,1.0,1.0,1.0,0.0,0.0,1.0,0.0,0.0,1.0,0.0,0.0,4.143272142857313,5.171347498893738,6.989424765110016,ok,,sampled_with_repeated_indices
wlasl:27215,27215,27215,help,12,train,F:/DMV/Recognizing-sign-language-at-the-word-level/data/datasets/WLASL/branch_inputs/regions/rtmw_l/tensors/nslt100/train/27215.npz,,F:/DMV/Recognizing-sign-language-at-the-word-level/data/datasets/WLASL/branch_inputs/regions/rtmw_l/previews/nslt100/train/27215_preview.jpg,27,64,"[3, 3, 64, 112, 112]",1.0,1.0,1.0,1.0,0.0,0.0,1.0,0.0,0.0,1.0,0.0,0.0,3.8528341837227345,5.106593184173107,7.0529147535562515,ok,,sampled_with_repeated_indices
wlasl:27216,27216,27216,help,12,train,F:/DMV/Recognizing-sign-language-at-the-word-level/data/datasets/WLASL/branch_inputs/regions/rtmw_l/tensors/nslt100/train/27216.npz,,F:/DMV/Recognizing-sign-language-at-the-word-level/data/datasets/WLASL/branch_inputs/regions/rtmw_l/previews/nslt100/train/27216_preview.jpg,46,64,"[3, 3, 64, 112, 112]",1.0,1.0,1.0,1.0,0.0,0.0,1.0,0.0,0.0,1.0,0.0,0.0,3.5733443535864353,3.7870551012456417,6.891298741102219,ok,,sampled_with_repeated_indices
wlasl:27217,27217,27217,help,12,train,F:/DMV/Recognizing-sign-language-at-the-word-level/data/datasets/WLASL/branch_inputs/regions/rtmw_l/tensors/nslt100/train/27217.npz,,F:/DMV/Recognizing-sign-language-at-the-word-level/data/datasets/WLASL/branch_inputs/regions/rtmw_l/previews/nslt100/train/27217_preview.jpg,54,64,"[3, 3, 64, 112, 112]",1.0,1.0,1.0,1.0,0.0,0.0,1.0,0.0,0.0,1.0,0.0,0.0,4.533829506486654,4.562082935124636,6.860205329954624,ok,,sampled_with_repeated_indices
wlasl:27221,27221,27221,help,12,train,F:/DMV/Recognizing-sign-language-at-the-word-level/data/datasets/WLASL/branch_inputs/regions/rtmw_l/tensors/nslt100/train/27221.npz,,F:/DMV/Recognizing-sign-language-at-the-word-level/data/datasets/WLASL/branch_inputs/regions/rtmw_l/previews/nslt100/train/27221_preview.jpg,66,64,"[3, 3, 64, 112, 112]",1.0,1.0,1.0,1.0,0.0,0.0,1.0,0.0,0.0,1.0,0.0,0.0,4.281795766204596,4.5382936131209135,7.638437069952488,ok,,
wlasl:28107,28107,28107,hot,22,train,F:/DMV/Recognizing-sign-language-at-the-word-level/data/datasets/WLASL/branch_inputs/regions/rtmw_l/tensors/nslt100/train/28107.npz,,F:/DMV/Recognizing-sign-language-at-the-word-level/data/datasets/WLASL/branch_inputs/regions/rtmw_l/previews/nslt100/train/28107_preview.jpg,80,64,"[3, 3, 64, 112, 112]",0.75,0.75,1.0,0.484375,0.265625,0.25,0.484375,0.265625,0.25,1.0,0.0,0.0,2.3404442071914673,4.895774360625975,7.385330714285374,ok,,end_frame_clipped_to_video_end;left_hand_fallback_limit_reached=3;right_hand_fallback_limit_reached=3;left_hand_prev_bbox_fallback_frames=17;left_hand_black_frames=16;right_hand_prev_bbox_fallback_frames=17;right_hand_black_frames=16
wlasl:28108,28108,28108,hot,22,train,F:/DMV/Recognizing-sign-language-at-the-word-level/data/datasets/WLASL/branch_inputs/regions/rtmw_l/tensors/nslt100/train/28108.npz,,F:/DMV/Recognizing-sign-language-at-the-word-level/data/datasets/WLASL/branch_inputs/regions/rtmw_l/previews/nslt100/train/28108_preview.jpg,59,64,"[3, 3, 64, 112, 112]",0.734375,0.890625,1.0,0.3125,0.421875,0.265625,0.734375,0.15625,0.109375,1.0,0.0,0.0,3.2198890924453734,6.711048542185033,8.385803885757923,ok,,sampled_with_repeated_indices;left_hand_fallback_limit_reached=3;right_hand_fallback_limit_reached=3;left_hand_prev_bbox_fallback_frames=27;left_hand_black_frames=17;right_hand_prev_bbox_fallback_frames=10;right_hand_black_frames=7
wlasl:28109,28109,28109,hot,22,train,F:/DMV/Recognizing-sign-language-at-the-word-level/data/datasets/WLASL/branch_inputs/regions/rtmw_l/tensors/nslt100/train/28109.npz,,F:/DMV/Recognizing-sign-language-at-the-word-level/data/datasets/WLASL/branch_inputs/regions/rtmw_l/previews/nslt100/train/28109_preview.jpg,51,64,"[3, 3, 64, 112, 112]",0.796875,0.859375,1.0,0.71875,0.078125,0.203125,0.65625,0.203125,0.140625,1.0,0.0,0.0,2.812443944423095,5.62905278092339,7.96841748803854,ok,,sampled_with_repeated_indices;right_hand_fallback_limit_reached=3;left_hand_fallback_limit_reached=3;left_hand_prev_bbox_fallback_frames=5;left_hand_black_frames=13;right_hand_prev_bbox_fallback_frames=13;right_hand_black_frames=9
wlasl:28110,28110,28110,hot,22,train,F:/DMV/Recognizing-sign-language-at-the-word-level/data/datasets/WLASL/branch_inputs/regions/rtmw_l/tensors/nslt100/train/28110.npz,,F:/DMV/Recognizing-sign-language-at-the-word-level/data/datasets/WLASL/branch_inputs/regions/rtmw_l/previews/nslt100/train/28110_preview.jpg,31,64,"[3, 3, 64, 112, 112]",0.0,0.9375,1.0,0.0,0.0,1.0,0.75,0.1875,0.0625,1.0,0.0,0.0,0.0,5.67957545320193,7.685409359633923,ok,,sampled_with_repeated_indices;right_hand_fallback_limit_reached=3;left_hand_black_frames=64;right_hand_prev_bbox_fallback_frames=12;right_hand_black_frames=4
wlasl:28111,28111,28111,hot,22,train,F:/DMV/Recognizing-sign-language-at-the-word-level/data/datasets/WLASL/branch_inputs/regions/rtmw_l/tensors/nslt100/train/28111.npz,,F:/DMV/Recognizing-sign-language-at-the-word-level/data/datasets/WLASL/branch_inputs/regions/rtmw_l/previews/nslt100/train/28111_preview.jpg,31,64,"[3, 3, 64, 112, 112]",0.796875,1.0,1.0,0.1875,0.609375,0.203125,1.0,0.0,0.0,1.0,0.0,0.0,2.901935656865438,5.818205550312996,8.316086508333683,ok,,sampled_with_repeated_indices;left_hand_fallback_limit_reached=3;left_hand_prev_bbox_fallback_frames=39;left_hand_black_frames=13
wlasl:28115,28115,28115,hot,22,train,F:/DMV/Recognizing-sign-language-at-the-word-level/data/datasets/WLASL/branch_inputs/regions/rtmw_l/tensors/nslt100/train/28115.npz,,F:/DMV/Recognizing-sign-language-at-the-word-level/data/datasets/WLASL/branch_inputs/regions/rtmw_l/previews/nslt100/train/28115_preview.jpg,29,64,"[3, 3, 64, 112, 112]",0.0,1.0,1.0,0.0,0.0,1.0,1.0,0.0,0.0,1.0,0.0,0.0,0.0,5.3517119735479355,6.738869085907936,ok,,sampled_with_repeated_indices;left_hand_black_frames=64
wlasl:28116,28116,28116,hot,22,train,F:/DMV/Recognizing-sign-language-at-the-word-level/data/datasets/WLASL/branch_inputs/regions/rtmw_l/tensors/nslt100/train/28116.npz,,F:/DMV/Recognizing-sign-language-at-the-word-level/data/datasets/WLASL/branch_inputs/regions/rtmw_l/previews/nslt100/train/28116_preview.jpg,38,64,"[3, 3, 64, 112, 112]",0.578125,1.0,1.0,0.171875,0.40625,0.421875,1.0,0.0,0.0,1.0,0.0,0.0,2.1736985336650503,5.4131858348846436,6.924062624573708,ok,,sampled_with_repeated_indices;left_hand_fallback_limit_reached=3;left_hand_prev_bbox_fallback_frames=26;left_hand_black_frames=27
wlasl:28125,28125,28125,hot,22,train,F:/DMV/Recognizing-sign-language-at-the-word-level/data/datasets/WLASL/branch_inputs/regions/rtmw_l/tensors/nslt100/train/28125.npz,,F:/DMV/Recognizing-sign-language-at-the-word-level/data/datasets/WLASL/branch_inputs/regions/rtmw_l/previews/nslt100/train/28125_preview.jpg,61,64,"[3, 3, 64, 112, 112]",0.90625,1.0,1.0,0.59375,0.3125,0.09375,1.0,0.0,0.0,1.0,0.0,0.0,2.7214896490699365,4.259758964180946,7.743428453803062,ok,,sampled_with_repeated_indices;left_hand_fallback_limit_reached=3;left_hand_prev_bbox_fallback_frames=20;left_hand_black_frames=6
wlasl:28202,28202,28202,how,86,train,F:/DMV/Recognizing-sign-language-at-the-word-level/data/datasets/WLASL/branch_inputs/regions/rtmw_l/tensors/nslt100/train/28202.npz,,F:/DMV/Recognizing-sign-language-at-the-word-level/data/datasets/WLASL/branch_inputs/regions/rtmw_l/previews/nslt100/train/28202_preview.jpg,68,64,"[3, 3, 64, 112, 112]",0.84375,0.875,1.0,0.84375,0.0,0.15625,0.875,0.0,0.125,1.0,0.0,0.0,5.161399616135491,5.687568038702011,8.006869465112686,ok,,left_hand_black_frames=10;right_hand_black_frames=8
wlasl:28204,28204,28204,how,86,train,F:/DMV/Recognizing-sign-language-at-the-word-level/data/datasets/WLASL/branch_inputs/regions/rtmw_l/tensors/nslt100/train/28204.npz,,F:/DMV/Recognizing-sign-language-at-the-word-level/data/datasets/WLASL/branch_inputs/regions/rtmw_l/previews/nslt100/train/28204_preview.jpg,79,64,"[3, 3, 64, 112, 112]",1.0,1.0,1.0,1.0,0.0,0.0,1.0,0.0,0.0,1.0,0.0,0.0,4.481734797358513,4.819047376513481,7.995729058980942,ok,,
wlasl:28205,28205,28205,how,86,train,F:/DMV/Recognizing-sign-language-at-the-word-level/data/datasets/WLASL/branch_inputs/regions/rtmw_l/tensors/nslt100/train/28205.npz,,F:/DMV/Recognizing-sign-language-at-the-word-level/data/datasets/WLASL/branch_inputs/regions/rtmw_l/previews/nslt100/train/28205_preview.jpg,57,64,"[3, 3, 64, 112, 112]",0.96875,1.0,1.0,0.890625,0.078125,0.03125,0.953125,0.046875,0.0,1.0,0.0,0.0,5.478421849116945,5.3211242918108335,7.8024493008852005,ok,,sampled_with_repeated_indices;left_hand_fallback_limit_reached=3;left_hand_prev_bbox_fallback_frames=5;left_hand_black_frames=2;right_hand_prev_bbox_fallback_frames=3
wlasl:28210,28210,28210,how,86,train,F:/DMV/Recognizing-sign-language-at-the-word-level/data/datasets/WLASL/branch_inputs/regions/rtmw_l/tensors/nslt100/train/28210.npz,,F:/DMV/Recognizing-sign-language-at-the-word-level/data/datasets/WLASL/branch_inputs/regions/rtmw_l/previews/nslt100/train/28210_preview.jpg,24,64,"[3, 3, 64, 112, 112]",1.0,1.0,1.0,1.0,0.0,0.0,1.0,0.0,0.0,1.0,0.0,0.0,4.9536997601389885,5.074597030878067,7.0630907490849495,ok,,sampled_with_repeated_indices
wlasl:28211,28211,28211,how,86,train,F:/DMV/Recognizing-sign-language-at-the-word-level/data/datasets/WLASL/branch_inputs/regions/rtmw_l/tensors/nslt100/train/28211.npz,,F:/DMV/Recognizing-sign-language-at-the-word-level/data/datasets/WLASL/branch_inputs/regions/rtmw_l/previews/nslt100/train/28211_preview.jpg,28,64,"[3, 3, 64, 112, 112]",1.0,1.0,1.0,1.0,0.0,0.0,1.0,0.0,0.0,1.0,0.0,0.0,4.936446405947208,4.877245672047138,6.832791708409786,ok,,sampled_with_repeated_indices
wlasl:28214,28214,28214,how,86,train,F:/DMV/Recognizing-sign-language-at-the-word-level/data/datasets/WLASL/branch_inputs/regions/rtmw_l/tensors/nslt100/train/28214.npz,,F:/DMV/Recognizing-sign-language-at-the-word-level/data/datasets/WLASL/branch_inputs/regions/rtmw_l/previews/nslt100/train/28214_preview.jpg,69,64,"[3, 3, 64, 112, 112]",1.0,1.0,1.0,1.0,0.0,0.0,1.0,0.0,0.0,1.0,0.0,0.0,5.025645110756159,5.074476294219494,7.972783729434013,ok,,
wlasl:30831,30831,30831,jacket,87,train,F:/DMV/Recognizing-sign-language-at-the-word-level/data/datasets/WLASL/branch_inputs/regions/rtmw_l/tensors/nslt100/train/30831.npz,,F:/DMV/Recognizing-sign-language-at-the-word-level/data/datasets/WLASL/branch_inputs/regions/rtmw_l/previews/nslt100/train/30831_preview.jpg,66,64,"[3, 3, 64, 112, 112]",0.96875,1.0,1.0,0.84375,0.125,0.03125,0.96875,0.03125,0.0,1.0,0.0,0.0,5.253571598618119,4.921164781816544,7.880178406834602,ok,,end_frame_clipped_to_video_end;left_hand_fallback_limit_reached=3;left_hand_prev_bbox_fallback_frames=8;left_hand_black_frames=2;right_hand_prev_bbox_fallback_frames=2
wlasl:30832,30832,30832,jacket,87,train,F:/DMV/Recognizing-sign-language-at-the-word-level/data/datasets/WLASL/branch_inputs/regions/rtmw_l/tensors/nslt100/train/30832.npz,,F:/DMV/Recognizing-sign-language-at-the-word-level/data/datasets/WLASL/branch_inputs/regions/rtmw_l/previews/nslt100/train/30832_preview.jpg,76,64,"[3, 3, 64, 112, 112]",1.0,1.0,1.0,1.0,0.0,0.0,1.0,0.0,0.0,1.0,0.0,0.0,6.342290420085192,6.250881426036358,7.861559860408306,ok,,
wlasl:30834,30834,30834,jacket,87,train,F:/DMV/Recognizing-sign-language-at-the-word-level/data/datasets/WLASL/branch_inputs/regions/rtmw_l/tensors/nslt100/train/30834.npz,,F:/DMV/Recognizing-sign-language-at-the-word-level/data/datasets/WLASL/branch_inputs/regions/rtmw_l/previews/nslt100/train/30834_preview.jpg,45,64,"[3, 3, 64, 112, 112]",0.9375,0.953125,1.0,0.890625,0.046875,0.0625,0.953125,0.0,0.046875,1.0,0.0,0.0,4.4074244582862185,4.848011192728261,7.543664924800396,ok,,end_frame_clipped_to_video_end;sampled_with_repeated_indices;left_hand_fallback_limit_reached=3;left_hand_prev_bbox_fallback_frames=3;left_hand_black_frames=4;right_hand_black_frames=3
wlasl:30835,30835,30835,jacket,87,train,F:/DMV/Recognizing-sign-language-at-the-word-level/data/datasets/WLASL/branch_inputs/regions/rtmw_l/tensors/nslt100/train/30835.npz,,F:/DMV/Recognizing-sign-language-at-the-word-level/data/datasets/WLASL/branch_inputs/regions/rtmw_l/previews/nslt100/train/30835_preview.jpg,58,64,"[3, 3, 64, 112, 112]",0.953125,0.953125,1.0,0.953125,0.0,0.046875,0.953125,0.0,0.046875,1.0,0.0,0.0,5.028511018049522,4.991744404933492,8.107971273362637,ok,,sampled_with_repeated_indices;left_hand_black_frames=3;right_hand_black_frames=3
wlasl:30840,30840,30840,jacket,87,train,F:/DMV/Recognizing-sign-language-at-the-word-level/data/datasets/WLASL/branch_inputs/regions/rtmw_l/tensors/nslt100/train/30840.npz,,F:/DMV/Recognizing-sign-language-at-the-word-level/data/datasets/WLASL/branch_inputs/regions/rtmw_l/previews/nslt100/train/30840_preview.jpg,38,64,"[3, 3, 64, 112, 112]",1.0,1.0,1.0,1.0,0.0,0.0,1.0,0.0,0.0,1.0,0.0,0.0,6.679017461836338,6.5607565715909,7.526145949959755,ok,,sampled_with_repeated_indices
wlasl:31752,31752,31752,kiss,42,train,F:/DMV/Recognizing-sign-language-at-the-word-level/data/datasets/WLASL/branch_inputs/regions/rtmw_l/tensors/nslt100/train/31752.npz,,F:/DMV/Recognizing-sign-language-at-the-word-level/data/datasets/WLASL/branch_inputs/regions/rtmw_l/previews/nslt100/train/31752_preview.jpg,25,64,"[3, 3, 64, 112, 112]",1.0,1.0,1.0,1.0,0.0,0.0,0.96875,0.03125,0.0,1.0,0.0,0.0,5.298649776726961,5.653483617690302,7.640235483646393,ok,,end_frame_clipped_to_video_end;sampled_with_repeated_indices;right_hand_prev_bbox_fallback_frames=2
wlasl:31753,31753,31753,kiss,42,train,F:/DMV/Recognizing-sign-language-at-the-word-level/data/datasets/WLASL/branch_inputs/regions/rtmw_l/tensors/nslt100/train/31753.npz,,F:/DMV/Recognizing-sign-language-at-the-word-level/data/datasets/WLASL/branch_inputs/regions/rtmw_l/previews/nslt100/train/31753_preview.jpg,50,64,"[3, 3, 64, 112, 112]",0.921875,1.0,1.0,0.875,0.046875,0.078125,1.0,0.0,0.0,1.0,0.0,0.0,5.384450316429138,4.618328750133514,7.816132918000221,ok,,sampled_with_repeated_indices;left_hand_fallback_limit_reached=3;left_hand_prev_bbox_fallback_frames=3;left_hand_black_frames=5
wlasl:31755,31755,31755,kiss,42,train,F:/DMV/Recognizing-sign-language-at-the-word-level/data/datasets/WLASL/branch_inputs/regions/rtmw_l/tensors/nslt100/train/31755.npz,,F:/DMV/Recognizing-sign-language-at-the-word-level/data/datasets/WLASL/branch_inputs/regions/rtmw_l/previews/nslt100/train/31755_preview.jpg,29,64,"[3, 3, 64, 112, 112]",1.0,1.0,1.0,1.0,0.0,0.0,1.0,0.0,0.0,1.0,0.0,0.0,5.582712471485138,4.571669444441795,6.593177989125252,ok,,sampled_with_repeated_indices
wlasl:31756,31756,31756,kiss,42,train,F:/DMV/Recognizing-sign-language-at-the-word-level/data/datasets/WLASL/branch_inputs/regions/rtmw_l/tensors/nslt100/train/31756.npz,,F:/DMV/Recognizing-sign-language-at-the-word-level/data/datasets/WLASL/branch_inputs/regions/rtmw_l/previews/nslt100/train/31756_preview.jpg,30,64,"[3, 3, 64, 112, 112]",0.625,1.0,1.0,0.265625,0.359375,0.375,1.0,0.0,0.0,1.0,0.0,0.0,2.142488213146434,4.77535916864872,6.8586344718933105,ok,,sampled_with_repeated_indices;left_hand_fallback_limit_reached=3;left_hand_prev_bbox_fallback_frames=23;left_hand_black_frames=24
wlasl:31767,31767,31767,kiss,42,train,F:/DMV/Recognizing-sign-language-at-the-word-level/data/datasets/WLASL/branch_inputs/regions/rtmw_l/tensors/nslt100/train/31767.npz,,F:/DMV/Recognizing-sign-language-at-the-word-level/data/datasets/WLASL/branch_inputs/regions/rtmw_l/previews/nslt100/train/31767_preview.jpg,93,64,"[3, 3, 64, 112, 112]",0.984375,0.984375,1.0,0.984375,0.0,0.015625,0.984375,0.0,0.015625,1.0,0.0,0.0,5.244029173775325,4.78322276236519,7.656527779996395,ok,,left_hand_black_frames=1;right_hand_black_frames=1
wlasl:32155,32155,32155,language,43,train,F:/DMV/Recognizing-sign-language-at-the-word-level/data/datasets/WLASL/branch_inputs/regions/rtmw_l/tensors/nslt100/train/32155.npz,,F:/DMV/Recognizing-sign-language-at-the-word-level/data/datasets/WLASL/branch_inputs/regions/rtmw_l/previews/nslt100/train/32155_preview.jpg,40,64,"[3, 3, 64, 112, 112]",1.0,0.984375,1.0,1.0,0.0,0.0,0.921875,0.0625,0.015625,1.0,0.0,0.0,4.691107727587223,5.526539430779926,8.381581768393517,ok,,end_frame_clipped_to_video_end;sampled_with_repeated_indices;right_hand_prev_bbox_fallback_frames=4;right_hand_black_frames=1
wlasl:32158,32158,32158,language,43,train,F:/DMV/Recognizing-sign-language-at-the-word-level/data/datasets/WLASL/branch_inputs/regions/rtmw_l/tensors/nslt100/train/32158.npz,,F:/DMV/Recognizing-sign-language-at-the-word-level/data/datasets/WLASL/branch_inputs/regions/rtmw_l/previews/nslt100/train/32158_preview.jpg,44,64,"[3, 3, 64, 112, 112]",0.875,0.984375,1.0,0.796875,0.078125,0.125,0.828125,0.15625,0.015625,1.0,0.0,0.0,4.755543989293716,5.401137948036194,8.16064964234829,ok,,end_frame_clipped_to_video_end;sampled_with_repeated_indices;right_hand_fallback_limit_reached=3;left_hand_fallback_limit_reached=3;left_hand_prev_bbox_fallback_frames=5;left_hand_black_frames=8;right_hand_prev_bbox_fallback_frames=10;right_hand_black_frames=1
wlasl:32160,32160,32160,language,43,train,F:/DMV/Recognizing-sign-language-at-the-word-level/data/datasets/WLASL/branch_inputs/regions/rtmw_l/tensors/nslt100/train/32160.npz,,F:/DMV/Recognizing-sign-language-at-the-word-level/data/datasets/WLASL/branch_inputs/regions/rtmw_l/previews/nslt100/train/32160_preview.jpg,98,64,"[3, 3, 64, 112, 112]",1.0,1.0,1.0,1.0,0.0,0.0,1.0,0.0,0.0,1.0,0.0,0.0,4.8368542939424515,4.699552042409778,8.110399283468723,ok,,
wlasl:32163,32163,32163,language,43,train,F:/DMV/Recognizing-sign-language-at-the-word-level/data/datasets/WLASL/branch_inputs/regions/rtmw_l/tensors/nslt100/train/32163.npz,,F:/DMV/Recognizing-sign-language-at-the-word-level/data/datasets/WLASL/branch_inputs/regions/rtmw_l/previews/nslt100/train/32163_preview.jpg,33,64,"[3, 3, 64, 112, 112]",1.0,1.0,1.0,1.0,0.0,0.0,1.0,0.0,0.0,1.0,0.0,0.0,5.473360262811184,5.533011861145496,7.290535442531109,ok,,sampled_with_repeated_indices
wlasl:32248,32248,32248,last,65,train,F:/DMV/Recognizing-sign-language-at-the-word-level/data/datasets/WLASL/branch_inputs/regions/rtmw_l/tensors/nslt100/train/32248.npz,,F:/DMV/Recognizing-sign-language-at-the-word-level/data/datasets/WLASL/branch_inputs/regions/rtmw_l/previews/nslt100/train/32248_preview.jpg,27,64,"[3, 3, 64, 112, 112]",0.875,1.0,1.0,0.828125,0.046875,0.125,0.953125,0.046875,0.0,1.0,0.0,0.0,5.036510831904861,4.961870682044108,8.239999316632748,ok,,end_frame_clipped_to_video_end;sampled_with_repeated_indices;left_hand_fallback_limit_reached=3;left_hand_prev_bbox_fallback_frames=3;left_hand_black_frames=8;right_hand_prev_bbox_fallback_frames=3
wlasl:32249,32249,32249,last,65,train,F:/DMV/Recognizing-sign-language-at-the-word-level/data/datasets/WLASL/branch_inputs/regions/rtmw_l/tensors/nslt100/train/32249.npz,,F:/DMV/Recognizing-sign-language-at-the-word-level/data/datasets/WLASL/branch_inputs/regions/rtmw_l/previews/nslt100/train/32249_preview.jpg,77,64,"[3, 3, 64, 112, 112]",0.890625,1.0,1.0,0.890625,0.0,0.109375,1.0,0.0,0.0,1.0,0.0,0.0,5.281596811194169,4.544765647500753,8.201026976108551,ok,,left_hand_black_frames=7
wlasl:32250,32250,32250,last,65,train,F:/DMV/Recognizing-sign-language-at-the-word-level/data/datasets/WLASL/branch_inputs/regions/rtmw_l/tensors/nslt100/train/32250.npz,,F:/DMV/Recognizing-sign-language-at-the-word-level/data/datasets/WLASL/branch_inputs/regions/rtmw_l/previews/nslt100/train/32250_preview.jpg,50,64,"[3, 3, 64, 112, 112]",1.0,1.0,1.0,1.0,0.0,0.0,0.890625,0.109375,0.0,1.0,0.0,0.0,4.909712385386229,5.786647361621522,8.124490164220333,ok,,sampled_with_repeated_indices;right_hand_prev_bbox_fallback_frames=7
wlasl:32254,32254,32254,last,65,train,F:/DMV/Recognizing-sign-language-at-the-word-level/data/datasets/WLASL/branch_inputs/regions/rtmw_l/tensors/nslt100/train/32254.npz,,F:/DMV/Recognizing-sign-language-at-the-word-level/data/datasets/WLASL/branch_inputs/regions/rtmw_l/previews/nslt100/train/32254_preview.jpg,29,64,"[3, 3, 64, 112, 112]",1.0,1.0,1.0,1.0,0.0,0.0,1.0,0.0,0.0,1.0,0.0,0.0,5.477145068347454,5.304799862205982,7.06962563097477,ok,,sampled_with_repeated_indices
wlasl:32257,32257,32257,last,65,train,F:/DMV/Recognizing-sign-language-at-the-word-level/data/datasets/WLASL/branch_inputs/regions/rtmw_l/tensors/nslt100/train/32257.npz,,F:/DMV/Recognizing-sign-language-at-the-word-level/data/datasets/WLASL/branch_inputs/regions/rtmw_l/previews/nslt100/train/32257_preview.jpg,41,64,"[3, 3, 64, 112, 112]",0.859375,1.0,1.0,0.734375,0.125,0.140625,1.0,0.0,0.0,1.0,0.0,0.0,2.8816907304398556,5.817431081086397,7.337948985397816,ok,,sampled_with_repeated_indices;left_hand_prev_bbox_fallback_frames=8;left_hand_black_frames=9
wlasl:32260,32260,32260,last,65,train,F:/DMV/Recognizing-sign-language-at-the-word-level/data/datasets/WLASL/branch_inputs/regions/rtmw_l/tensors/nslt100/train/32260.npz,,F:/DMV/Recognizing-sign-language-at-the-word-level/data/datasets/WLASL/branch_inputs/regions/rtmw_l/previews/nslt100/train/32260_preview.jpg,80,64,"[3, 3, 64, 112, 112]",0.953125,1.0,1.0,0.796875,0.15625,0.046875,1.0,0.0,0.0,1.0,0.0,0.0,4.807324465583353,5.45360104739666,7.942516945302486,ok,,left_hand_fallback_limit_reached=3;left_hand_prev_bbox_fallback_frames=10;left_hand_black_frames=3
wlasl:32261,32261,32261,last,65,train,F:/DMV/Recognizing-sign-language-at-the-word-level/data/datasets/WLASL/branch_inputs/regions/rtmw_l/tensors/nslt100/train/32261.npz,,F:/DMV/Recognizing-sign-language-at-the-word-level/data/datasets/WLASL/branch_inputs/regions/rtmw_l/previews/nslt100/train/32261_preview.jpg,78,64,"[3, 3, 64, 112, 112]",0.859375,1.0,1.0,0.4375,0.421875,0.140625,0.984375,0.015625,0.0,1.0,0.0,0.0,2.5161361694335938,4.947390013270908,7.791431270539761,ok,,left_hand_fallback_limit_reached=3;left_hand_prev_bbox_fallback_frames=27;left_hand_black_frames=9;right_hand_prev_bbox_fallback_frames=1
wlasl:32321,32321,32321,later,44,train,F:/DMV/Recognizing-sign-language-at-the-word-level/data/datasets/WLASL/branch_inputs/regions/rtmw_l/tensors/nslt100/train/32321.npz,,F:/DMV/Recognizing-sign-language-at-the-word-level/data/datasets/WLASL/branch_inputs/regions/rtmw_l/previews/nslt100/train/32321_preview.jpg,28,64,"[3, 3, 64, 112, 112]",0.203125,0.953125,1.0,0.203125,0.0,0.796875,0.90625,0.046875,0.046875,1.0,0.0,0.0,1.9846475766255305,5.879935700317909,8.515930652618408,ok,,end_frame_clipped_to_video_end;sampled_with_repeated_indices;right_hand_fallback_limit_reached=3;left_hand_black_frames=51;right_hand_prev_bbox_fallback_frames=3;right_hand_black_frames=3
wlasl:32322,32322,32322,later,44,train,F:/DMV/Recognizing-sign-language-at-the-word-level/data/datasets/WLASL/branch_inputs/regions/rtmw_l/tensors/nslt100/train/32322.npz,,F:/DMV/Recognizing-sign-language-at-the-word-level/data/datasets/WLASL/branch_inputs/regions/rtmw_l/previews/nslt100/train/32322_preview.jpg,34,64,"[3, 3, 64, 112, 112]",0.984375,0.953125,1.0,0.984375,0.0,0.015625,0.9375,0.015625,0.046875,1.0,0.0,0.0,4.565283722347683,5.3677670876185095,7.837685756385326,ok,,end_frame_clipped_to_video_end;sampled_with_repeated_indices;left_hand_black_frames=1;right_hand_prev_bbox_fallback_frames=1;right_hand_black_frames=3
wlasl:32324,32324,32324,later,44,train,F:/DMV/Recognizing-sign-language-at-the-word-level/data/datasets/WLASL/branch_inputs/regions/rtmw_l/tensors/nslt100/train/32324.npz,,F:/DMV/Recognizing-sign-language-at-the-word-level/data/datasets/WLASL/branch_inputs/regions/rtmw_l/previews/nslt100/train/32324_preview.jpg,34,64,"[3, 3, 64, 112, 112]",0.78125,1.0,1.0,0.09375,0.6875,0.21875,0.96875,0.03125,0.0,1.0,0.0,0.0,1.3341763019561768,5.33651622264616,7.935867816209793,ok,,sampled_with_repeated_indices;left_hand_fallback_limit_reached=3;left_hand_prev_bbox_fallback_frames=44;left_hand_black_frames=14;right_hand_prev_bbox_fallback_frames=2
wlasl:32326,32326,32326,later,44,train,F:/DMV/Recognizing-sign-language-at-the-word-level/data/datasets/WLASL/branch_inputs/regions/rtmw_l/tensors/nslt100/train/32326.npz,,F:/DMV/Recognizing-sign-language-at-the-word-level/data/datasets/WLASL/branch_inputs/regions/rtmw_l/previews/nslt100/train/32326_preview.jpg,92,64,"[3, 3, 64, 112, 112]",0.828125,1.0,1.0,0.265625,0.5625,0.171875,0.953125,0.046875,0.0,1.0,0.0,0.0,3.4469265517066505,5.093833088874817,7.832713760435581,ok,,left_hand_fallback_limit_reached=3;left_hand_prev_bbox_fallback_frames=36;left_hand_black_frames=11;right_hand_prev_bbox_fallback_frames=3
wlasl:32333,32333,32333,later,44,train,F:/DMV/Recognizing-sign-language-at-the-word-level/data/datasets/WLASL/branch_inputs/regions/rtmw_l/tensors/nslt100/train/32333.npz,,F:/DMV/Recognizing-sign-language-at-the-word-level/data/datasets/WLASL/branch_inputs/regions/rtmw_l/previews/nslt100/train/32333_preview.jpg,33,64,"[3, 3, 64, 112, 112]",1.0,1.0,1.0,1.0,0.0,0.0,1.0,0.0,0.0,1.0,0.0,0.0,3.553699567914009,4.583647735416889,6.768185473978519,ok,,sampled_with_repeated_indices
wlasl:32337,32337,32337,later,44,train,F:/DMV/Recognizing-sign-language-at-the-word-level/data/datasets/WLASL/branch_inputs/regions/rtmw_l/tensors/nslt100/train/32337.npz,,F:/DMV/Recognizing-sign-language-at-the-word-level/data/datasets/WLASL/branch_inputs/regions/rtmw_l/previews/nslt100/train/32337_preview.jpg,87,64,"[3, 3, 64, 112, 112]",0.875,0.578125,1.0,0.578125,0.296875,0.125,0.515625,0.0625,0.421875,1.0,0.0,0.0,4.261798120833732,5.757938074343132,7.564285576343536,ok,,left_hand_fallback_limit_reached=3;right_hand_fallback_limit_reached=3;left_hand_prev_bbox_fallback_frames=19;left_hand_black_frames=8;right_hand_prev_bbox_fallback_frames=4;right_hand_black_frames=27
wlasl:32338,32338,32338,later,44,train,F:/DMV/Recognizing-sign-language-at-the-word-level/data/datasets/WLASL/branch_inputs/regions/rtmw_l/tensors/nslt100/train/32338.npz,,F:/DMV/Recognizing-sign-language-at-the-word-level/data/datasets/WLASL/branch_inputs/regions/rtmw_l/previews/nslt100/train/32338_preview.jpg,87,64,"[3, 3, 64, 112, 112]",0.875,0.578125,1.0,0.578125,0.296875,0.125,0.515625,0.0625,0.421875,1.0,0.0,0.0,4.261798120833732,5.757938074343132,7.564285576343536,ok,,left_hand_fallback_limit_reached=3;right_hand_fallback_limit_reached=3;left_hand_prev_bbox_fallback_frames=19;left_hand_black_frames=8;right_hand_prev_bbox_fallback_frames=4;right_hand_black_frames=27
wlasl:32945,32945,32945,letter,88,train,F:/DMV/Recognizing-sign-language-at-the-word-level/data/datasets/WLASL/branch_inputs/regions/rtmw_l/tensors/nslt100/train/32945.npz,,F:/DMV/Recognizing-sign-language-at-the-word-level/data/datasets/WLASL/branch_inputs/regions/rtmw_l/previews/nslt100/train/32945_preview.jpg,66,64,"[3, 3, 64, 112, 112]",0.890625,0.90625,1.0,0.828125,0.0625,0.109375,0.828125,0.078125,0.09375,1.0,0.0,0.0,5.827471006591365,4.551092757368988,7.948928996920586,ok,,end_frame_clipped_to_video_end;right_hand_fallback_limit_reached=3;left_hand_fallback_limit_reached=3;left_hand_prev_bbox_fallback_frames=4;left_hand_black_frames=7;right_hand_prev_bbox_fallback_frames=5;right_hand_black_frames=6
wlasl:32946,32946,32946,letter,88,train,F:/DMV/Recognizing-sign-language-at-the-word-level/data/datasets/WLASL/branch_inputs/regions/rtmw_l/tensors/nslt100/train/32946.npz,,F:/DMV/Recognizing-sign-language-at-the-word-level/data/datasets/WLASL/branch_inputs/regions/rtmw_l/previews/nslt100/train/32946_preview.jpg,81,64,"[3, 3, 64, 112, 112]",0.921875,0.921875,1.0,0.859375,0.0625,0.078125,0.84375,0.078125,0.078125,1.0,0.0,0.0,6.177507682280107,4.866846806473202,7.921806246042252,ok,,end_frame_clipped_to_video_end;right_hand_fallback_limit_reached=3;left_hand_fallback_limit_reached=3;left_hand_prev_bbox_fallback_frames=4;left_hand_black_frames=5;right_hand_prev_bbox_fallback_frames=5;right_hand_black_frames=5
wlasl:32947,32947,32947,letter,88,train,F:/DMV/Recognizing-sign-language-at-the-word-level/data/datasets/WLASL/branch_inputs/regions/rtmw_l/tensors/nslt100/train/32947.npz,,F:/DMV/Recognizing-sign-language-at-the-word-level/data/datasets/WLASL/branch_inputs/regions/rtmw_l/previews/nslt100/train/32947_preview.jpg,29,64,"[3, 3, 64, 112, 112]",0.890625,0.953125,1.0,0.84375,0.046875,0.109375,0.75,0.203125,0.046875,1.0,0.0,0.0,5.418810213053668,5.144881576299667,7.906122259795666,ok,,end_frame_clipped_to_video_end;sampled_with_repeated_indices;right_hand_fallback_limit_reached=3;left_hand_fallback_limit_reached=3;left_hand_prev_bbox_fallback_frames=3;left_hand_black_frames=7;right_hand_prev_bbox_fallback_frames=13;right_hand_black_frames=3
wlasl:32949,32949,32949,letter,88,train,F:/DMV/Recognizing-sign-language-at-the-word-level/data/datasets/WLASL/branch_inputs/regions/rtmw_l/tensors/nslt100/train/32949.npz,,F:/DMV/Recognizing-sign-language-at-the-word-level/data/datasets/WLASL/branch_inputs/regions/rtmw_l/previews/nslt100/train/32949_preview.jpg,83,64,"[3, 3, 64, 112, 112]",0.875,0.875,1.0,0.859375,0.015625,0.125,0.875,0.0,0.125,1.0,0.0,0.0,6.4600351376967,5.616856532437461,8.229449264705181,ok,,left_hand_prev_bbox_fallback_frames=1;left_hand_black_frames=8;right_hand_black_frames=8
wlasl:32953,32953,32953,letter,88,train,F:/DMV/Recognizing-sign-language-at-the-word-level/data/datasets/WLASL/branch_inputs/regions/rtmw_l/tensors/nslt100/train/32953.npz,,F:/DMV/Recognizing-sign-language-at-the-word-level/data/datasets/WLASL/branch_inputs/regions/rtmw_l/previews/nslt100/train/32953_preview.jpg,29,64,"[3, 3, 64, 112, 112]",1.0,1.0,1.0,1.0,0.0,0.0,1.0,0.0,0.0,1.0,0.0,0.0,5.135707378387451,4.818891264498234,6.671824164688587,ok,,sampled_with_repeated_indices
wlasl:32954,32954,32954,letter,88,train,F:/DMV/Recognizing-sign-language-at-the-word-level/data/datasets/WLASL/branch_inputs/regions/rtmw_l/tensors/nslt100/train/32954.npz,,F:/DMV/Recognizing-sign-language-at-the-word-level/data/datasets/WLASL/branch_inputs/regions/rtmw_l/previews/nslt100/train/32954_preview.jpg,30,64,"[3, 3, 64, 112, 112]",1.0,1.0,1.0,1.0,0.0,0.0,1.0,0.0,0.0,1.0,0.0,0.0,5.844940535724163,4.778665393590927,6.566394746303558,ok,,sampled_with_repeated_indices
wlasl:32955,32955,32955,letter,88,train,F:/DMV/Recognizing-sign-language-at-the-word-level/data/datasets/WLASL/branch_inputs/regions/rtmw_l/tensors/nslt100/train/32955.npz,,F:/DMV/Recognizing-sign-language-at-the-word-level/data/datasets/WLASL/branch_inputs/regions/rtmw_l/previews/nslt100/train/32955_preview.jpg,28,64,"[3, 3, 64, 112, 112]",1.0,1.0,1.0,1.0,0.0,0.0,1.0,0.0,0.0,1.0,0.0,0.0,6.060491323471069,4.832864463329315,6.960424371063709,ok,,sampled_with_repeated_indices
wlasl:32959,32959,32959,letter,88,train,F:/DMV/Recognizing-sign-language-at-the-word-level/data/datasets/WLASL/branch_inputs/regions/rtmw_l/tensors/nslt100/train/32959.npz,,F:/DMV/Recognizing-sign-language-at-the-word-level/data/datasets/WLASL/branch_inputs/regions/rtmw_l/previews/nslt100/train/32959_preview.jpg,70,64,"[3, 3, 64, 112, 112]",1.0,1.0,1.0,1.0,0.0,0.0,1.0,0.0,0.0,1.0,0.0,0.0,6.4242255091667175,5.609350871294737,8.065855652093887,ok,,
wlasl:33266,33266,33266,like,23,train,F:/DMV/Recognizing-sign-language-at-the-word-level/data/datasets/WLASL/branch_inputs/regions/rtmw_l/tensors/nslt100/train/33266.npz,,F:/DMV/Recognizing-sign-language-at-the-word-level/data/datasets/WLASL/branch_inputs/regions/rtmw_l/previews/nslt100/train/33266_preview.jpg,63,64,"[3, 3, 64, 112, 112]",0.0,0.828125,1.0,0.0,0.0,1.0,0.46875,0.359375,0.171875,1.0,0.0,0.0,0.0,3.433338658014933,7.689499348402023,ok,,end_frame_clipped_to_video_end;sampled_with_repeated_indices;right_hand_fallback_limit_reached=3;left_hand_black_frames=64;right_hand_prev_bbox_fallback_frames=23;right_hand_black_frames=11
wlasl:33267,33267,33267,like,23,train,F:/DMV/Recognizing-sign-language-at-the-word-level/data/datasets/WLASL/branch_inputs/regions/rtmw_l/tensors/nslt100/train/33267.npz,,F:/DMV/Recognizing-sign-language-at-the-word-level/data/datasets/WLASL/branch_inputs/regions/rtmw_l/previews/nslt100/train/33267_preview.jpg,64,64,"[3, 3, 64, 112, 112]",1.0,0.984375,1.0,1.0,0.0,0.0,0.875,0.109375,0.015625,1.0,0.0,0.0,6.3531400710344315,6.067945906094143,7.985953897237778,ok,,right_hand_fallback_limit_reached=3;right_hand_prev_bbox_fallback_frames=7;right_hand_black_frames=1
wlasl:33269,33269,33269,like,23,train,F:/DMV/Recognizing-sign-language-at-the-word-level/data/datasets/WLASL/branch_inputs/regions/rtmw_l/tensors/nslt100/train/33269.npz,,F:/DMV/Recognizing-sign-language-at-the-word-level/data/datasets/WLASL/branch_inputs/regions/rtmw_l/previews/nslt100/train/33269_preview.jpg,62,64,"[3, 3, 64, 112, 112]",0.25,0.765625,1.0,0.0625,0.1875,0.75,0.546875,0.21875,0.234375,1.0,0.0,0.0,2.059347242116928,6.0588655744280135,8.270622462034225,ok,,sampled_with_repeated_indices;right_hand_fallback_limit_reached=3;left_hand_fallback_limit_reached=3;left_hand_prev_bbox_fallback_frames=12;left_hand_black_frames=48;right_hand_prev_bbox_fallback_frames=14;right_hand_black_frames=15
wlasl:33273,33273,33273,like,23,train,F:/DMV/Recognizing-sign-language-at-the-word-level/data/datasets/WLASL/branch_inputs/regions/rtmw_l/tensors/nslt100/train/33273.npz,,F:/DMV/Recognizing-sign-language-at-the-word-level/data/datasets/WLASL/branch_inputs/regions/rtmw_l/previews/nslt100/train/33273_preview.jpg,32,64,"[3, 3, 64, 112, 112]",0.0,0.40625,1.0,0.0,0.0,1.0,0.1875,0.21875,0.59375,1.0,0.0,0.0,0.0,5.4515918890635175,6.967667579650879,ok,,sampled_with_repeated_indices;right_hand_fallback_limit_reached=3;left_hand_black_frames=64;right_hand_prev_bbox_fallback_frames=14;right_hand_black_frames=38
wlasl:33274,33274,33274,like,23,train,F:/DMV/Recognizing-sign-language-at-the-word-level/data/datasets/WLASL/branch_inputs/regions/rtmw_l/tensors/nslt100/train/33274.npz,,F:/DMV/Recognizing-sign-language-at-the-word-level/data/datasets/WLASL/branch_inputs/regions/rtmw_l/previews/nslt100/train/33274_preview.jpg,27,64,"[3, 3, 64, 112, 112]",0.0,1.0,1.0,0.0,0.0,1.0,1.0,0.0,0.0,1.0,0.0,0.0,0.0,5.467943862080574,7.061583325266838,ok,,sampled_with_repeated_indices;left_hand_black_frames=64
wlasl:33285,33285,33285,like,23,train,F:/DMV/Recognizing-sign-language-at-the-word-level/data/datasets/WLASL/branch_inputs/regions/rtmw_l/tensors/nslt100/train/33285.npz,,F:/DMV/Recognizing-sign-language-at-the-word-level/data/datasets/WLASL/branch_inputs/regions/rtmw_l/previews/nslt100/train/33285_preview.jpg,87,64,"[3, 3, 64, 112, 112]",0.859375,0.78125,1.0,0.390625,0.46875,0.140625,0.703125,0.078125,0.21875,1.0,0.0,0.0,1.7980698871612548,5.72886308034261,7.731600187718868,ok,,right_hand_fallback_limit_reached=3;left_hand_fallback_limit_reached=3;left_hand_prev_bbox_fallback_frames=30;left_hand_black_frames=9;right_hand_prev_bbox_fallback_frames=5;right_hand_black_frames=14
wlasl:34732,34732,34732,man,45,train,F:/DMV/Recognizing-sign-language-at-the-word-level/data/datasets/WLASL/branch_inputs/regions/rtmw_l/tensors/nslt100/train/34732.npz,,F:/DMV/Recognizing-sign-language-at-the-word-level/data/datasets/WLASL/branch_inputs/regions/rtmw_l/previews/nslt100/train/34732_preview.jpg,71,64,"[3, 3, 64, 112, 112]",0.6875,0.890625,1.0,0.09375,0.59375,0.3125,0.828125,0.0625,0.109375,1.0,0.0,0.0,1.6196462313334148,4.512482251761095,7.650459431111813,ok,,end_frame_clipped_to_video_end;left_hand_fallback_limit_reached=3;right_hand_fallback_limit_reached=3;left_hand_prev_bbox_fallback_frames=38;left_hand_black_frames=20;right_hand_prev_bbox_fallback_frames=4;right_hand_black_frames=7
wlasl:34733,34733,34733,man,45,train,F:/DMV/Recognizing-sign-language-at-the-word-level/data/datasets/WLASL/branch_inputs/regions/rtmw_l/tensors/nslt100/train/34733.npz,,F:/DMV/Recognizing-sign-language-at-the-word-level/data/datasets/WLASL/branch_inputs/regions/rtmw_l/previews/nslt100/train/34733_preview.jpg,74,64,"[3, 3, 64, 112, 112]",0.53125,0.890625,1.0,0.046875,0.484375,0.46875,0.890625,0.0,0.109375,1.0,0.0,0.0,3.1933530966440835,6.525378766812776,8.233591176569462,ok,,left_hand_fallback_limit_reached=3;left_hand_prev_bbox_fallback_frames=31;left_hand_black_frames=30;right_hand_black_frames=7
wlasl:34734,34734,34734,man,45,train,F:/DMV/Recognizing-sign-language-at-the-word-level/data/datasets/WLASL/branch_inputs/regions/rtmw_l/tensors/nslt100/train/34734.npz,,F:/DMV/Recognizing-sign-language-at-the-word-level/data/datasets/WLASL/branch_inputs/regions/rtmw_l/previews/nslt100/train/34734_preview.jpg,83,64,"[3, 3, 64, 112, 112]",0.125,0.734375,1.0,0.015625,0.109375,0.875,0.6875,0.046875,0.265625,1.0,0.0,0.0,3.204777956008911,6.453149763020602,8.435731947422028,ok,,left_hand_fallback_limit_reached=3;left_hand_prev_bbox_fallback_frames=7;left_hand_black_frames=56;right_hand_prev_bbox_fallback_frames=3;right_hand_black_frames=17
wlasl:34736,34736,34736,man,45,train,F:/DMV/Recognizing-sign-language-at-the-word-level/data/datasets/WLASL/branch_inputs/regions/rtmw_l/tensors/nslt100/train/34736.npz,,F:/DMV/Recognizing-sign-language-at-the-word-level/data/datasets/WLASL/branch_inputs/regions/rtmw_l/previews/nslt100/train/34736_preview.jpg,30,64,"[3, 3, 64, 112, 112]",0.78125,0.9375,1.0,0.59375,0.1875,0.21875,0.9375,0.0,0.0625,1.0,0.0,0.0,1.5266995586847003,6.0779259443283085,8.220581911504269,ok,,end_frame_clipped_to_video_end;sampled_with_repeated_indices;left_hand_fallback_limit_reached=3;left_hand_prev_bbox_fallback_frames=12;left_hand_black_frames=14;right_hand_black_frames=4
wlasl:34737,34737,34737,man,45,train,F:/DMV/Recognizing-sign-language-at-the-word-level/data/datasets/WLASL/branch_inputs/regions/rtmw_l/tensors/nslt100/train/34737.npz,,F:/DMV/Recognizing-sign-language-at-the-word-level/data/datasets/WLASL/branch_inputs/regions/rtmw_l/previews/nslt100/train/34737_preview.jpg,30,64,"[3, 3, 64, 112, 112]",0.90625,0.984375,1.0,0.59375,0.3125,0.09375,0.875,0.109375,0.015625,1.0,0.0,0.0,2.0431985980586003,5.084319353103638,7.679967477917671,ok,,sampled_with_repeated_indices;left_hand_fallback_limit_reached=3;right_hand_fallback_limit_reached=3;left_hand_prev_bbox_fallback_frames=20;left_hand_black_frames=6;right_hand_prev_bbox_fallback_frames=7;right_hand_black_frames=1
wlasl:34738,34738,34738,man,45,train,F:/DMV/Recognizing-sign-language-at-the-word-level/data/datasets/WLASL/branch_inputs/regions/rtmw_l/tensors/nslt100/train/34738.npz,,F:/DMV/Recognizing-sign-language-at-the-word-level/data/datasets/WLASL/branch_inputs/regions/rtmw_l/previews/nslt100/train/34738_preview.jpg,131,64,"[3, 3, 64, 112, 112]",0.953125,0.96875,1.0,0.703125,0.25,0.046875,0.8125,0.15625,0.03125,1.0,0.0,0.0,4.356915926933288,5.155043260409282,8.320966742932796,ok,,left_hand_fallback_limit_reached=3;right_hand_fallback_limit_reached=3;left_hand_prev_bbox_fallback_frames=16;left_hand_black_frames=3;right_hand_prev_bbox_fallback_frames=10;right_hand_black_frames=2
wlasl:34742,34742,34742,man,45,train,F:/DMV/Recognizing-sign-language-at-the-word-level/data/datasets/WLASL/branch_inputs/regions/rtmw_l/tensors/nslt100/train/34742.npz,,F:/DMV/Recognizing-sign-language-at-the-word-level/data/datasets/WLASL/branch_inputs/regions/rtmw_l/previews/nslt100/train/34742_preview.jpg,23,64,"[3, 3, 64, 112, 112]",0.453125,1.0,1.0,0.21875,0.234375,0.546875,1.0,0.0,0.0,1.0,0.0,0.0,2.334384935242789,4.702018059790134,6.888995684683323,ok,,sampled_with_repeated_indices;left_hand_fallback_limit_reached=3;left_hand_prev_bbox_fallback_frames=15;left_hand_black_frames=35
wlasl:34746,34746,34746,man,45,train,F:/DMV/Recognizing-sign-language-at-the-word-level/data/datasets/WLASL/branch_inputs/regions/rtmw_l/tensors/nslt100/train/34746.npz,,F:/DMV/Recognizing-sign-language-at-the-word-level/data/datasets/WLASL/branch_inputs/regions/rtmw_l/previews/nslt100/train/34746_preview.jpg,69,64,"[3, 3, 64, 112, 112]",0.96875,0.875,1.0,0.671875,0.296875,0.03125,0.84375,0.03125,0.125,1.0,0.0,0.0,2.853394627571106,4.920928208916275,7.648403890430927,ok,,left_hand_fallback_limit_reached=3;left_hand_prev_bbox_fallback_frames=19;left_hand_black_frames=2;right_hand_prev_bbox_fallback_frames=2;right_hand_black_frames=8
wlasl:34823,34823,34823,many,24,train,F:/DMV/Recognizing-sign-language-at-the-word-level/data/datasets/WLASL/branch_inputs/regions/rtmw_l/tensors/nslt100/train/34823.npz,,F:/DMV/Recognizing-sign-language-at-the-word-level/data/datasets/WLASL/branch_inputs/regions/rtmw_l/previews/nslt100/train/34823_preview.jpg,70,64,"[3, 3, 64, 112, 112]",1.0,1.0,1.0,0.984375,0.015625,0.0,0.90625,0.09375,0.0,1.0,0.0,0.0,3.542787760023087,3.763699675428456,8.279352113604546,ok,,end_frame_clipped_to_video_end;left_hand_prev_bbox_fallback_frames=1;right_hand_prev_bbox_fallback_frames=6
wlasl:34824,34824,34824,many,24,train,F:/DMV/Recognizing-sign-language-at-the-word-level/data/datasets/WLASL/branch_inputs/regions/rtmw_l/tensors/nslt100/train/34824.npz,,F:/DMV/Recognizing-sign-language-at-the-word-level/data/datasets/WLASL/branch_inputs/regions/rtmw_l/previews/nslt100/train/34824_preview.jpg,58,64,"[3, 3, 64, 112, 112]",1.0,1.0,1.0,1.0,0.0,0.0,0.96875,0.03125,0.0,1.0,0.0,0.0,6.307579919695854,6.2868174237589685,7.855267137289047,ok,,sampled_with_repeated_indices;right_hand_prev_bbox_fallback_frames=2
wlasl:34825,34825,34825,many,24,train,F:/DMV/Recognizing-sign-language-at-the-word-level/data/datasets/WLASL/branch_inputs/regions/rtmw_l/tensors/nslt100/train/34825.npz,,F:/DMV/Recognizing-sign-language-at-the-word-level/data/datasets/WLASL/branch_inputs/regions/rtmw_l/previews/nslt100/train/34825_preview.jpg,41,64,"[3, 3, 64, 112, 112]",1.0,1.0,1.0,0.9375,0.0625,0.0,1.0,0.0,0.0,1.0,0.0,0.0,5.690815818309784,5.091523502022028,7.630720674991608,ok,,end_frame_clipped_to_video_end;sampled_with_repeated_indices;left_hand_prev_bbox_fallback_frames=4
wlasl:34826,34826,34826,many,24,train,F:/DMV/Recognizing-sign-language-at-the-word-level/data/datasets/WLASL/branch_inputs/regions/rtmw_l/tensors/nslt100/train/34826.npz,,F:/DMV/Recognizing-sign-language-at-the-word-level/data/datasets/WLASL/branch_inputs/regions/rtmw_l/previews/nslt100/train/34826_preview.jpg,34,64,"[3, 3, 64, 112, 112]",0.890625,0.953125,1.0,0.75,0.140625,0.109375,0.9375,0.015625,0.046875,1.0,0.0,0.0,5.764273832241694,5.326668552557627,7.820892930030823,ok,,end_frame_clipped_to_video_end;sampled_with_repeated_indices;left_hand_fallback_limit_reached=3;left_hand_prev_bbox_fallback_frames=9;left_hand_black_frames=7;right_hand_prev_bbox_fallback_frames=1;right_hand_black_frames=3
wlasl:34827,34827,34827,many,24,train,F:/DMV/Recognizing-sign-language-at-the-word-level/data/datasets/WLASL/branch_inputs/regions/rtmw_l/tensors/nslt100/train/34827.npz,,F:/DMV/Recognizing-sign-language-at-the-word-level/data/datasets/WLASL/branch_inputs/regions/rtmw_l/previews/nslt100/train/34827_preview.jpg,69,64,"[3, 3, 64, 112, 112]",0.90625,0.921875,1.0,0.53125,0.375,0.09375,0.578125,0.34375,0.078125,1.0,0.0,0.0,5.606831859139835,5.0166861302143815,8.038244754076004,ok,,left_hand_fallback_limit_reached=3;right_hand_fallback_limit_reached=3;left_hand_prev_bbox_fallback_frames=24;left_hand_black_frames=6;right_hand_prev_bbox_fallback_frames=22;right_hand_black_frames=5
wlasl:34830,34830,34830,many,24,train,F:/DMV/Recognizing-sign-language-at-the-word-level/data/datasets/WLASL/branch_inputs/regions/rtmw_l/tensors/nslt100/train/34830.npz,,F:/DMV/Recognizing-sign-language-at-the-word-level/data/datasets/WLASL/branch_inputs/regions/rtmw_l/previews/nslt100/train/34830_preview.jpg,26,64,"[3, 3, 64, 112, 112]",1.0,1.0,1.0,1.0,0.0,0.0,1.0,0.0,0.0,1.0,0.0,0.0,5.796857923269272,5.619855798780918,6.781271427869797,ok,,sampled_with_repeated_indices
wlasl:34831,34831,34831,many,24,train,F:/DMV/Recognizing-sign-language-at-the-word-level/data/datasets/WLASL/branch_inputs/regions/rtmw_l/tensors/nslt100/train/34831.npz,,F:/DMV/Recognizing-sign-language-at-the-word-level/data/datasets/WLASL/branch_inputs/regions/rtmw_l/previews/nslt100/train/34831_preview.jpg,40,64,"[3, 3, 64, 112, 112]",1.0,1.0,1.0,1.0,0.0,0.0,1.0,0.0,0.0,1.0,0.0,0.0,5.9377816542983055,6.111148126423359,7.110279738903046,ok,,sampled_with_repeated_indices
wlasl:34832,34832,34832,many,24,train,F:/DMV/Recognizing-sign-language-at-the-word-level/data/datasets/WLASL/branch_inputs/regions/rtmw_l/tensors/nslt100/train/34832.npz,,F:/DMV/Recognizing-sign-language-at-the-word-level/data/datasets/WLASL/branch_inputs/regions/rtmw_l/previews/nslt100/train/34832_preview.jpg,36,64,"[3, 3, 64, 112, 112]",1.0,1.0,1.0,1.0,0.0,0.0,1.0,0.0,0.0,1.0,0.0,0.0,5.780835099518299,5.5795484110713005,6.929674871265888,ok,,sampled_with_repeated_indices
wlasl:34839,34839,34839,many,24,train,F:/DMV/Recognizing-sign-language-at-the-word-level/data/datasets/WLASL/branch_inputs/regions/rtmw_l/tensors/nslt100/train/34839.npz,,F:/DMV/Recognizing-sign-language-at-the-word-level/data/datasets/WLASL/branch_inputs/regions/rtmw_l/previews/nslt100/train/34839_preview.jpg,74,64,"[3, 3, 64, 112, 112]",1.0,1.0,1.0,1.0,0.0,0.0,1.0,0.0,0.0,1.0,0.0,0.0,4.188326274976134,3.9684830512851477,7.809836275875568,ok,,
wlasl:35452,35452,35452,medicine,89,train,F:/DMV/Recognizing-sign-language-at-the-word-level/data/datasets/WLASL/branch_inputs/regions/rtmw_l/tensors/nslt100/train/35452.npz,,F:/DMV/Recognizing-sign-language-at-the-word-level/data/datasets/WLASL/branch_inputs/regions/rtmw_l/previews/nslt100/train/35452_preview.jpg,105,64,"[3, 3, 64, 112, 112]",0.96875,0.921875,1.0,0.765625,0.203125,0.03125,0.6875,0.234375,0.078125,1.0,0.0,0.0,2.5769059913499013,3.800950042226098,8.098132528364658,ok,,end_frame_clipped_to_video_end;right_hand_fallback_limit_reached=3;left_hand_fallback_limit_reached=3;left_hand_prev_bbox_fallback_frames=13;left_hand_black_frames=2;right_hand_prev_bbox_fallback_frames=15;right_hand_black_frames=5
wlasl:35453,35453,35453,medicine,89,train,F:/DMV/Recognizing-sign-language-at-the-word-level/data/datasets/WLASL/branch_inputs/regions/rtmw_l/tensors/nslt100/train/35453.npz,,F:/DMV/Recognizing-sign-language-at-the-word-level/data/datasets/WLASL/branch_inputs/regions/rtmw_l/previews/nslt100/train/35453_preview.jpg,75,64,"[3, 3, 64, 112, 112]",1.0,1.0,1.0,1.0,0.0,0.0,1.0,0.0,0.0,1.0,0.0,0.0,5.911904778331518,5.190140660852194,7.972508296370506,ok,,
wlasl:35454,35454,35454,medicine,89,train,F:/DMV/Recognizing-sign-language-at-the-word-level/data/datasets/WLASL/branch_inputs/regions/rtmw_l/tensors/nslt100/train/35454.npz,,F:/DMV/Recognizing-sign-language-at-the-word-level/data/datasets/WLASL/branch_inputs/regions/rtmw_l/previews/nslt100/train/35454_preview.jpg,89,64,"[3, 3, 64, 112, 112]",0.796875,0.8125,1.0,0.671875,0.125,0.203125,0.703125,0.109375,0.1875,1.0,0.0,0.0,4.080138492029767,3.67185541788737,7.432934321463108,ok,,left_hand_fallback_limit_reached=3;right_hand_fallback_limit_reached=3;left_hand_prev_bbox_fallback_frames=8;left_hand_black_frames=13;right_hand_prev_bbox_fallback_frames=7;right_hand_black_frames=12
wlasl:35455,35455,35455,medicine,89,train,F:/DMV/Recognizing-sign-language-at-the-word-level/data/datasets/WLASL/branch_inputs/regions/rtmw_l/tensors/nslt100/train/35455.npz,,F:/DMV/Recognizing-sign-language-at-the-word-level/data/datasets/WLASL/branch_inputs/regions/rtmw_l/previews/nslt100/train/35455_preview.jpg,103,64,"[3, 3, 64, 112, 112]",1.0,1.0,1.0,1.0,0.0,0.0,1.0,0.0,0.0,1.0,0.0,0.0,5.333037544041872,5.337696813046932,8.2361558675766,ok,,
wlasl:35456,35456,35456,medicine,89,train,F:/DMV/Recognizing-sign-language-at-the-word-level/data/datasets/WLASL/branch_inputs/regions/rtmw_l/tensors/nslt100/train/35456.npz,,F:/DMV/Recognizing-sign-language-at-the-word-level/data/datasets/WLASL/branch_inputs/regions/rtmw_l/previews/nslt100/train/35456_preview.jpg,100,64,"[3, 3, 64, 112, 112]",1.0,1.0,1.0,1.0,0.0,0.0,1.0,0.0,0.0,1.0,0.0,0.0,4.262219324707985,4.020984955132008,8.30613149702549,ok,,
wlasl:35458,35458,35458,medicine,89,train,F:/DMV/Recognizing-sign-language-at-the-word-level/data/datasets/WLASL/branch_inputs/regions/rtmw_l/tensors/nslt100/train/35458.npz,,F:/DMV/Recognizing-sign-language-at-the-word-level/data/datasets/WLASL/branch_inputs/regions/rtmw_l/previews/nslt100/train/35458_preview.jpg,43,64,"[3, 3, 64, 112, 112]",0.0,1.0,1.0,0.0,0.0,1.0,1.0,0.0,0.0,1.0,0.0,0.0,0.0,4.4819540455937386,6.758178882300854,ok,,sampled_with_repeated_indices;left_hand_black_frames=64
wlasl:35467,35467,35467,medicine,89,train,F:/DMV/Recognizing-sign-language-at-the-word-level/data/datasets/WLASL/branch_inputs/regions/rtmw_l/tensors/nslt100/train/35467.npz,,F:/DMV/Recognizing-sign-language-at-the-word-level/data/datasets/WLASL/branch_inputs/regions/rtmw_l/previews/nslt100/train/35467_preview.jpg,73,64,"[3, 3, 64, 112, 112]",1.0,1.0,1.0,1.0,0.0,0.0,1.0,0.0,0.0,1.0,0.0,0.0,3.853197142481804,3.841416575014591,7.850144691765308,ok,,
wlasl:35509,35509,35509,meet,66,train,F:/DMV/Recognizing-sign-language-at-the-word-level/data/datasets/WLASL/branch_inputs/regions/rtmw_l/tensors/nslt100/train/35509.npz,,F:/DMV/Recognizing-sign-language-at-the-word-level/data/datasets/WLASL/branch_inputs/regions/rtmw_l/previews/nslt100/train/35509_preview.jpg,80,64,"[3, 3, 64, 112, 112]",1.0,0.734375,1.0,1.0,0.0,0.0,0.6875,0.046875,0.265625,1.0,0.0,0.0,3.3827454540878534,3.76131595806642,8.358205035328865,ok,,right_hand_prev_bbox_fallback_frames=3;right_hand_black_frames=17
wlasl:35511,35511,35511,meet,66,train,F:/DMV/Recognizing-sign-language-at-the-word-level/data/datasets/WLASL/branch_inputs/regions/rtmw_l/tensors/nslt100/train/35511.npz,,F:/DMV/Recognizing-sign-language-at-the-word-level/data/datasets/WLASL/branch_inputs/regions/rtmw_l/previews/nslt100/train/35511_preview.jpg,50,64,"[3, 3, 64, 112, 112]",1.0,1.0,1.0,0.96875,0.03125,0.0,0.984375,0.015625,0.0,1.0,0.0,0.0,5.0935535392453595,5.255050012043545,7.3652656972408295,ok,,end_frame_clipped_to_video_end;sampled_with_repeated_indices;left_hand_prev_bbox_fallback_frames=2;right_hand_prev_bbox_fallback_frames=1
wlasl:35512,35512,35512,meet,66,train,F:/DMV/Recognizing-sign-language-at-the-word-level/data/datasets/WLASL/branch_inputs/regions/rtmw_l/tensors/nslt100/train/35512.npz,,F:/DMV/Recognizing-sign-language-at-the-word-level/data/datasets/WLASL/branch_inputs/regions/rtmw_l/previews/nslt100/train/35512_preview.jpg,47,64,"[3, 3, 64, 112, 112]",1.0,1.0,1.0,1.0,0.0,0.0,1.0,0.0,0.0,1.0,0.0,0.0,3.551319144666195,4.122713077813387,7.563547641038895,ok,,sampled_with_repeated_indices
wlasl:35516,35516,35516,meet,66,train,F:/DMV/Recognizing-sign-language-at-the-word-level/data/datasets/WLASL/branch_inputs/regions/rtmw_l/tensors/nslt100/train/35516.npz,,F:/DMV/Recognizing-sign-language-at-the-word-level/data/datasets/WLASL/branch_inputs/regions/rtmw_l/previews/nslt100/train/35516_preview.jpg,42,64,"[3, 3, 64, 112, 112]",1.0,1.0,1.0,1.0,0.0,0.0,1.0,0.0,0.0,1.0,0.0,0.0,5.011145260185003,5.160136543214321,6.781981833279133,ok,,sampled_with_repeated_indices
wlasl:35517,35517,35517,meet,66,train,F:/DMV/Recognizing-sign-language-at-the-word-level/data/datasets/WLASL/branch_inputs/regions/rtmw_l/tensors/nslt100/train/35517.npz,,F:/DMV/Recognizing-sign-language-at-the-word-level/data/datasets/WLASL/branch_inputs/regions/rtmw_l/previews/nslt100/train/35517_preview.jpg,33,64,"[3, 3, 64, 112, 112]",0.0,0.890625,1.0,0.0,0.0,1.0,0.515625,0.375,0.109375,1.0,0.0,0.0,0.0,4.523814837137858,6.217835381627083,ok,,sampled_with_repeated_indices;right_hand_fallback_limit_reached=3;left_hand_black_frames=64;right_hand_prev_bbox_fallback_frames=24;right_hand_black_frames=7
wlasl:35518,35518,35518,meet,66,train,F:/DMV/Recognizing-sign-language-at-the-word-level/data/datasets/WLASL/branch_inputs/regions/rtmw_l/tensors/nslt100/train/35518.npz,,F:/DMV/Recognizing-sign-language-at-the-word-level/data/datasets/WLASL/branch_inputs/regions/rtmw_l/previews/nslt100/train/35518_preview.jpg,35,64,"[3, 3, 64, 112, 112]",1.0,1.0,1.0,1.0,0.0,0.0,1.0,0.0,0.0,1.0,0.0,0.0,5.2167168110609055,5.155046120285988,6.702706664800644,ok,,sampled_with_repeated_indices
wlasl:35523,35523,35523,meet,66,train,F:/DMV/Recognizing-sign-language-at-the-word-level/data/datasets/WLASL/branch_inputs/regions/rtmw_l/tensors/nslt100/train/35523.npz,,F:/DMV/Recognizing-sign-language-at-the-word-level/data/datasets/WLASL/branch_inputs/regions/rtmw_l/previews/nslt100/train/35523_preview.jpg,66,64,"[3, 3, 64, 112, 112]",1.0,1.0,1.0,1.0,0.0,0.0,1.0,0.0,0.0,1.0,0.0,0.0,4.595407400280237,3.994949195533991,7.738817021250725,ok,,
wlasl:36929,36929,36929,mother,25,train,F:/DMV/Recognizing-sign-language-at-the-word-level/data/datasets/WLASL/branch_inputs/regions/rtmw_l/tensors/nslt100/train/36929.npz,,F:/DMV/Recognizing-sign-language-at-the-word-level/data/datasets/WLASL/branch_inputs/regions/rtmw_l/previews/nslt100/train/36929_preview.jpg,53,64,"[3, 3, 64, 112, 112]",0.921875,0.703125,1.0,0.65625,0.265625,0.078125,0.6875,0.015625,0.296875,1.0,0.0,0.0,2.178476143450964,4.480759707364169,8.62849323451519,ok,,sampled_with_repeated_indices;left_hand_fallback_limit_reached=3;left_hand_prev_bbox_fallback_frames=17;left_hand_black_frames=5;right_hand_prev_bbox_fallback_frames=1;right_hand_black_frames=19
wlasl:36930,36930,36930,mother,25,train,F:/DMV/Recognizing-sign-language-at-the-word-level/data/datasets/WLASL/branch_inputs/regions/rtmw_l/tensors/nslt100/train/36930.npz,,F:/DMV/Recognizing-sign-language-at-the-word-level/data/datasets/WLASL/branch_inputs/regions/rtmw_l/previews/nslt100/train/36930_preview.jpg,58,64,"[3, 3, 64, 112, 112]",0.75,0.90625,1.0,0.515625,0.234375,0.25,0.8125,0.09375,0.09375,1.0,0.0,0.0,3.777360872788863,6.3644187817206745,8.428939685225487,ok,,sampled_with_repeated_indices;left_hand_fallback_limit_reached=3;right_hand_fallback_limit_reached=3;left_hand_prev_bbox_fallback_frames=15;left_hand_black_frames=16;right_hand_prev_bbox_fallback_frames=6;right_hand_black_frames=6
wlasl:36931,36931,36931,mother,25,train,F:/DMV/Recognizing-sign-language-at-the-word-level/data/datasets/WLASL/branch_inputs/regions/rtmw_l/tensors/nslt100/train/36931.npz,,F:/DMV/Recognizing-sign-language-at-the-word-level/data/datasets/WLASL/branch_inputs/regions/rtmw_l/previews/nslt100/train/36931_preview.jpg,70,64,"[3, 3, 64, 112, 112]",0.453125,1.0,1.0,0.09375,0.359375,0.546875,0.890625,0.109375,0.0,1.0,0.0,0.0,2.164290130138397,5.000653116326583,8.446871802210808,ok,,left_hand_fallback_limit_reached=3;left_hand_prev_bbox_fallback_frames=23;left_hand_black_frames=35;right_hand_prev_bbox_fallback_frames=7
wlasl:36932,36932,36932,mother,25,train,F:/DMV/Recognizing-sign-language-at-the-word-level/data/datasets/WLASL/branch_inputs/regions/rtmw_l/tensors/nslt100/train/36932.npz,,F:/DMV/Recognizing-sign-language-at-the-word-level/data/datasets/WLASL/branch_inputs/regions/rtmw_l/previews/nslt100/train/36932_preview.jpg,64,64,"[3, 3, 64, 112, 112]",0.96875,1.0,1.0,0.84375,0.125,0.03125,0.921875,0.078125,0.0,1.0,0.0,0.0,2.4681790117864257,5.0781198275291315,8.010285533964634,ok,,left_hand_fallback_limit_reached=3;left_hand_prev_bbox_fallback_frames=8;left_hand_black_frames=2;right_hand_prev_bbox_fallback_frames=5
wlasl:36933,36933,36933,mother,25,train,F:/DMV/Recognizing-sign-language-at-the-word-level/data/datasets/WLASL/branch_inputs/regions/rtmw_l/tensors/nslt100/train/36933.npz,,F:/DMV/Recognizing-sign-language-at-the-word-level/data/datasets/WLASL/branch_inputs/regions/rtmw_l/previews/nslt100/train/36933_preview.jpg,63,64,"[3, 3, 64, 112, 112]",0.046875,0.171875,1.0,0.046875,0.0,0.953125,0.171875,0.0,0.828125,1.0,0.0,0.0,2.4159059524536133,3.932449600913308,8.401156723499298,ok,,sampled_with_repeated_indices;left_hand_black_frames=61;right_hand_black_frames=53
wlasl:36936,36936,36936,mother,25,train,F:/DMV/Recognizing-sign-language-at-the-word-level/data/datasets/WLASL/branch_inputs/regions/rtmw_l/tensors/nslt100/train/36936.npz,,F:/DMV/Recognizing-sign-language-at-the-word-level/data/datasets/WLASL/branch_inputs/regions/rtmw_l/previews/nslt100/train/36936_preview.jpg,33,64,"[3, 3, 64, 112, 112]",0.0,1.0,1.0,0.0,0.0,1.0,1.0,0.0,0.0,1.0,0.0,0.0,0.0,4.641562290489674,6.617445558309555,ok,,sampled_with_repeated_indices;left_hand_black_frames=64
wlasl:36937,36937,36937,mother,25,train,F:/DMV/Recognizing-sign-language-at-the-word-level/data/datasets/WLASL/branch_inputs/regions/rtmw_l/tensors/nslt100/train/36937.npz,,F:/DMV/Recognizing-sign-language-at-the-word-level/data/datasets/WLASL/branch_inputs/regions/rtmw_l/previews/nslt100/train/36937_preview.jpg,39,64,"[3, 3, 64, 112, 112]",0.0,1.0,1.0,0.0,0.0,1.0,1.0,0.0,0.0,1.0,0.0,0.0,0.0,4.595516815781593,6.651493072509766,ok,,sampled_with_repeated_indices;left_hand_black_frames=64
wlasl:36946,36946,36946,mother,25,train,F:/DMV/Recognizing-sign-language-at-the-word-level/data/datasets/WLASL/branch_inputs/regions/rtmw_l/tensors/nslt100/train/36946.npz,,F:/DMV/Recognizing-sign-language-at-the-word-level/data/datasets/WLASL/branch_inputs/regions/rtmw_l/previews/nslt100/train/36946_preview.jpg,80,64,"[3, 3, 64, 112, 112]",0.90625,1.0,1.0,0.59375,0.3125,0.09375,0.96875,0.03125,0.0,1.0,0.0,0.0,2.6691644191741943,3.7273842826966317,7.757195822894573,ok,,left_hand_fallback_limit_reached=3;left_hand_prev_bbox_fallback_frames=20;left_hand_black_frames=6;right_hand_prev_bbox_fallback_frames=2
wlasl:37881,37881,37881,need,90,train,F:/DMV/Recognizing-sign-language-at-the-word-level/data/datasets/WLASL/branch_inputs/regions/rtmw_l/tensors/nslt100/train/37881.npz,,F:/DMV/Recognizing-sign-language-at-the-word-level/data/datasets/WLASL/branch_inputs/regions/rtmw_l/previews/nslt100/train/37881_preview.jpg,102,64,"[3, 3, 64, 112, 112]",0.3125,0.703125,1.0,0.03125,0.28125,0.6875,0.4375,0.265625,0.296875,1.0,0.0,0.0,2.915880799293518,5.019692714725222,8.031099013984203,ok,,end_frame_clipped_to_video_end;left_hand_fallback_limit_reached=3;right_hand_fallback_limit_reached=3;left_hand_prev_bbox_fallback_frames=18;left_hand_black_frames=44;right_hand_prev_bbox_fallback_frames=17;right_hand_black_frames=19
wlasl:37883,37883,37883,need,90,train,F:/DMV/Recognizing-sign-language-at-the-word-level/data/datasets/WLASL/branch_inputs/regions/rtmw_l/tensors/nslt100/train/37883.npz,,F:/DMV/Recognizing-sign-language-at-the-word-level/data/datasets/WLASL/branch_inputs/regions/rtmw_l/previews/nslt100/train/37883_preview.jpg,55,64,"[3, 3, 64, 112, 112]",0.125,0.984375,1.0,0.03125,0.09375,0.875,0.921875,0.0625,0.015625,1.0,0.0,0.0,1.2345069646835327,4.937345979577404,8.460240989923477,ok,,end_frame_clipped_to_video_end;sampled_with_repeated_indices;left_hand_fallback_limit_reached=3;left_hand_prev_bbox_fallback_frames=6;left_hand_black_frames=56;right_hand_prev_bbox_fallback_frames=4;right_hand_black_frames=1
wlasl:37884,37884,37884,need,90,train,F:/DMV/Recognizing-sign-language-at-the-word-level/data/datasets/WLASL/branch_inputs/regions/rtmw_l/tensors/nslt100/train/37884.npz,,F:/DMV/Recognizing-sign-language-at-the-word-level/data/datasets/WLASL/branch_inputs/regions/rtmw_l/previews/nslt100/train/37884_preview.jpg,81,64,"[3, 3, 64, 112, 112]",0.0,0.828125,1.0,0.0,0.0,1.0,0.8125,0.015625,0.171875,1.0,0.0,0.0,0.0,6.212305550391857,8.134514056146145,ok,,left_hand_black_frames=64;right_hand_prev_bbox_fallback_frames=1;right_hand_black_frames=11
wlasl:37886,37886,37886,need,90,train,F:/DMV/Recognizing-sign-language-at-the-word-level/data/datasets/WLASL/branch_inputs/regions/rtmw_l/tensors/nslt100/train/37886.npz,,F:/DMV/Recognizing-sign-language-at-the-word-level/data/datasets/WLASL/branch_inputs/regions/rtmw_l/previews/nslt100/train/37886_preview.jpg,39,64,"[3, 3, 64, 112, 112]",0.0,1.0,1.0,0.0,0.0,1.0,1.0,0.0,0.0,1.0,0.0,0.0,0.0,5.269575394690037,7.143555238842964,ok,,sampled_with_repeated_indices;left_hand_black_frames=64
wlasl:37894,37894,37894,need,90,train,F:/DMV/Recognizing-sign-language-at-the-word-level/data/datasets/WLASL/branch_inputs/regions/rtmw_l/tensors/nslt100/train/37894.npz,,F:/DMV/Recognizing-sign-language-at-the-word-level/data/datasets/WLASL/branch_inputs/regions/rtmw_l/previews/nslt100/train/37894_preview.jpg,71,64,"[3, 3, 64, 112, 112]",0.90625,0.984375,1.0,0.390625,0.515625,0.09375,0.734375,0.25,0.015625,1.0,0.0,0.0,2.716087522506714,4.730425591164447,7.787991315126419,ok,,left_hand_fallback_limit_reached=3;right_hand_fallback_limit_reached=3;left_hand_prev_bbox_fallback_frames=33;left_hand_black_frames=6;right_hand_prev_bbox_fallback_frames=16;right_hand_black_frames=1
wlasl:38524,38524,38524,no,13,train,F:/DMV/Recognizing-sign-language-at-the-word-level/data/datasets/WLASL/branch_inputs/regions/rtmw_l/tensors/nslt100/train/38524.npz,,F:/DMV/Recognizing-sign-language-at-the-word-level/data/datasets/WLASL/branch_inputs/regions/rtmw_l/previews/nslt100/train/38524_preview.jpg,68,64,"[3, 3, 64, 112, 112]",0.546875,0.65625,1.0,0.296875,0.25,0.453125,0.625,0.03125,0.34375,1.0,0.0,0.0,2.737322769666973,3.970100936293602,8.443145230412483,ok,,left_hand_fallback_limit_reached=3;left_hand_prev_bbox_fallback_frames=16;left_hand_black_frames=29;right_hand_prev_bbox_fallback_frames=2;right_hand_black_frames=22
wlasl:38527,38527,38527,no,13,train,F:/DMV/Recognizing-sign-language-at-the-word-level/data/datasets/WLASL/branch_inputs/regions/rtmw_l/tensors/nslt100/train/38527.npz,,F:/DMV/Recognizing-sign-language-at-the-word-level/data/datasets/WLASL/branch_inputs/regions/rtmw_l/previews/nslt100/train/38527_preview.jpg,40,64,"[3, 3, 64, 112, 112]",0.828125,0.9375,1.0,0.234375,0.59375,0.171875,0.71875,0.21875,0.0625,1.0,0.0,0.0,2.1851852814356487,5.116361918656723,7.8546621054410934,ok,,sampled_with_repeated_indices;left_hand_fallback_limit_reached=3;right_hand_fallback_limit_reached=3;left_hand_prev_bbox_fallback_frames=38;left_hand_black_frames=11;right_hand_prev_bbox_fallback_frames=14;right_hand_black_frames=4
wlasl:38529,38529,38529,no,13,train,F:/DMV/Recognizing-sign-language-at-the-word-level/data/datasets/WLASL/branch_inputs/regions/rtmw_l/tensors/nslt100/train/38529.npz,,F:/DMV/Recognizing-sign-language-at-the-word-level/data/datasets/WLASL/branch_inputs/regions/rtmw_l/previews/nslt100/train/38529_preview.jpg,91,64,"[3, 3, 64, 112, 112]",0.671875,0.875,1.0,0.015625,0.65625,0.328125,0.875,0.0,0.125,1.0,0.0,0.0,0.9204626679420471,6.3476411317076,8.371745124459267,ok,,left_hand_fallback_limit_reached=3;left_hand_prev_bbox_fallback_frames=42;left_hand_black_frames=21;right_hand_black_frames=8
wlasl:38530,38530,38530,no,13,train,F:/DMV/Recognizing-sign-language-at-the-word-level/data/datasets/WLASL/branch_inputs/regions/rtmw_l/tensors/nslt100/train/38530.npz,,F:/DMV/Recognizing-sign-language-at-the-word-level/data/datasets/WLASL/branch_inputs/regions/rtmw_l/previews/nslt100/train/38530_preview.jpg,47,64,"[3, 3, 64, 112, 112]",0.78125,0.9375,1.0,0.125,0.65625,0.21875,0.9375,0.0,0.0625,1.0,0.0,0.0,2.9139177203178406,6.772577897707621,8.156806379556656,ok,,sampled_with_repeated_indices;left_hand_fallback_limit_reached=3;left_hand_prev_bbox_fallback_frames=42;left_hand_black_frames=14;right_hand_black_frames=4
wlasl:38532,38532,38532,no,13,train,F:/DMV/Recognizing-sign-language-at-the-word-level/data/datasets/WLASL/branch_inputs/regions/rtmw_l/tensors/nslt100/train/38532.npz,,F:/DMV/Recognizing-sign-language-at-the-word-level/data/datasets/WLASL/branch_inputs/regions/rtmw_l/previews/nslt100/train/38532_preview.jpg,38,64,"[3, 3, 64, 112, 112]",0.984375,0.984375,1.0,0.875,0.109375,0.015625,0.921875,0.0625,0.015625,1.0,0.0,0.0,3.5907246811049327,6.343392792394606,8.036519281566143,ok,,sampled_with_repeated_indices;right_hand_fallback_limit_reached=3;left_hand_fallback_limit_reached=3;left_hand_prev_bbox_fallback_frames=7;left_hand_black_frames=1;right_hand_prev_bbox_fallback_frames=4;right_hand_black_frames=1
wlasl:38534,38534,38534,no,13,train,F:/DMV/Recognizing-sign-language-at-the-word-level/data/datasets/WLASL/branch_inputs/regions/rtmw_l/tensors/nslt100/train/38534.npz,,F:/DMV/Recognizing-sign-language-at-the-word-level/data/datasets/WLASL/branch_inputs/regions/rtmw_l/previews/nslt100/train/38534_preview.jpg,46,64,"[3, 3, 64, 112, 112]",0.0,1.0,1.0,0.0,0.0,1.0,1.0,0.0,0.0,1.0,0.0,0.0,0.0,5.535653553903103,7.090523406863213,ok,,sampled_with_repeated_indices;left_hand_black_frames=64
wlasl:38544,38544,38544,no,13,train,F:/DMV/Recognizing-sign-language-at-the-word-level/data/datasets/WLASL/branch_inputs/regions/rtmw_l/tensors/nslt100/train/38544.npz,,F:/DMV/Recognizing-sign-language-at-the-word-level/data/datasets/WLASL/branch_inputs/regions/rtmw_l/previews/nslt100/train/38544_preview.jpg,71,64,"[3, 3, 64, 112, 112]",0.953125,0.984375,1.0,0.796875,0.15625,0.046875,0.90625,0.078125,0.015625,1.0,0.0,0.0,2.937431340124093,4.147920756504454,7.768251746892929,ok,,left_hand_fallback_limit_reached=3;right_hand_fallback_limit_reached=3;left_hand_prev_bbox_fallback_frames=10;left_hand_black_frames=3;right_hand_prev_bbox_fallback_frames=5;right_hand_black_frames=1
wlasl:38990,38990,38990,now,26,train,F:/DMV/Recognizing-sign-language-at-the-word-level/data/datasets/WLASL/branch_inputs/regions/rtmw_l/tensors/nslt100/train/38990.npz,,F:/DMV/Recognizing-sign-language-at-the-word-level/data/datasets/WLASL/branch_inputs/regions/rtmw_l/previews/nslt100/train/38990_preview.jpg,77,64,"[3, 3, 64, 112, 112]",0.859375,0.875,1.0,0.765625,0.09375,0.140625,0.875,0.0,0.125,1.0,0.0,0.0,6.673898439018094,5.325269835335868,8.170908749103546,ok,,end_frame_clipped_to_video_end;left_hand_prev_bbox_fallback_frames=6;left_hand_black_frames=9;right_hand_black_frames=8
wlasl:38995,38995,38995,now,26,train,F:/DMV/Recognizing-sign-language-at-the-word-level/data/datasets/WLASL/branch_inputs/regions/rtmw_l/tensors/nslt100/train/38995.npz,,F:/DMV/Recognizing-sign-language-at-the-word-level/data/datasets/WLASL/branch_inputs/regions/rtmw_l/previews/nslt100/train/38995_preview.jpg,71,64,"[3, 3, 64, 112, 112]",0.8125,0.78125,1.0,0.359375,0.453125,0.1875,0.3125,0.46875,0.21875,1.0,0.0,0.0,4.714724960534469,4.2966259062290195,8.312078706920147,ok,,right_hand_fallback_limit_reached=3;left_hand_fallback_limit_reached=3;left_hand_prev_bbox_fallback_frames=29;left_hand_black_frames=12;right_hand_prev_bbox_fallback_frames=30;right_hand_black_frames=14
wlasl:38997,38997,38997,now,26,train,F:/DMV/Recognizing-sign-language-at-the-word-level/data/datasets/WLASL/branch_inputs/regions/rtmw_l/tensors/nslt100/train/38997.npz,,F:/DMV/Recognizing-sign-language-at-the-word-level/data/datasets/WLASL/branch_inputs/regions/rtmw_l/previews/nslt100/train/38997_preview.jpg,36,64,"[3, 3, 64, 112, 112]",1.0,1.0,1.0,1.0,0.0,0.0,1.0,0.0,0.0,1.0,0.0,0.0,5.902899913489819,5.944585487246513,6.951562866568565,ok,,sampled_with_repeated_indices
wlasl:38999,38999,38999,now,26,train,F:/DMV/Recognizing-sign-language-at-the-word-level/data/datasets/WLASL/branch_inputs/regions/rtmw_l/tensors/nslt100/train/38999.npz,,F:/DMV/Recognizing-sign-language-at-the-word-level/data/datasets/WLASL/branch_inputs/regions/rtmw_l/previews/nslt100/train/38999_preview.jpg,27,64,"[3, 3, 64, 112, 112]",1.0,1.0,1.0,1.0,0.0,0.0,1.0,0.0,0.0,1.0,0.0,0.0,5.8797580525279045,6.451138846576214,6.909253336489201,ok,,sampled_with_repeated_indices
wlasl:39006,39006,39006,now,26,train,F:/DMV/Recognizing-sign-language-at-the-word-level/data/datasets/WLASL/branch_inputs/regions/rtmw_l/tensors/nslt100/train/39006.npz,,F:/DMV/Recognizing-sign-language-at-the-word-level/data/datasets/WLASL/branch_inputs/regions/rtmw_l/previews/nslt100/train/39006_preview.jpg,69,64,"[3, 3, 64, 112, 112]",1.0,1.0,1.0,1.0,0.0,0.0,1.0,0.0,0.0,1.0,0.0,0.0,4.957954682409763,4.9593086168169975,7.905663639307022,ok,,
wlasl:40115,40115,40115,orange,27,train,F:/DMV/Recognizing-sign-language-at-the-word-level/data/datasets/WLASL/branch_inputs/regions/rtmw_l/tensors/nslt100/train/40115.npz,,F:/DMV/Recognizing-sign-language-at-the-word-level/data/datasets/WLASL/branch_inputs/regions/rtmw_l/previews/nslt100/train/40115_preview.jpg,83,64,"[3, 3, 64, 112, 112]",0.6875,0.84375,1.0,0.109375,0.578125,0.3125,0.65625,0.1875,0.15625,1.0,0.0,0.0,2.337047679083688,5.368870386055538,7.9064220786094666,ok,,end_frame_clipped_to_video_end;left_hand_fallback_limit_reached=3;right_hand_fallback_limit_reached=3;left_hand_prev_bbox_fallback_frames=37;left_hand_black_frames=20;right_hand_prev_bbox_fallback_frames=12;right_hand_black_frames=10
wlasl:40116,40116,40116,orange,27,train,F:/DMV/Recognizing-sign-language-at-the-word-level/data/datasets/WLASL/branch_inputs/regions/rtmw_l/tensors/nslt100/train/40116.npz,,F:/DMV/Recognizing-sign-language-at-the-word-level/data/datasets/WLASL/branch_inputs/regions/rtmw_l/previews/nslt100/train/40116_preview.jpg,68,64,"[3, 3, 64, 112, 112]",0.515625,0.65625,1.0,0.265625,0.25,0.484375,0.65625,0.0,0.34375,1.0,0.0,0.0,3.1319091039545395,5.032443597203209,8.236371129751205,ok,,left_hand_fallback_limit_reached=3;left_hand_prev_bbox_fallback_frames=16;left_hand_black_frames=31;right_hand_black_frames=22
wlasl:40117,40117,40117,orange,27,train,F:/DMV/Recognizing-sign-language-at-the-word-level/data/datasets/WLASL/branch_inputs/regions/rtmw_l/tensors/nslt100/train/40117.npz,,F:/DMV/Recognizing-sign-language-at-the-word-level/data/datasets/WLASL/branch_inputs/regions/rtmw_l/previews/nslt100/train/40117_preview.jpg,33,64,"[3, 3, 64, 112, 112]",0.875,1.0,1.0,0.46875,0.40625,0.125,1.0,0.0,0.0,1.0,0.0,0.0,2.0217631022135416,4.600446335971355,7.554351344704628,ok,,sampled_with_repeated_indices;left_hand_fallback_limit_reached=3;left_hand_prev_bbox_fallback_frames=26;left_hand_black_frames=8
wlasl:40119,40119,40119,orange,27,train,F:/DMV/Recognizing-sign-language-at-the-word-level/data/datasets/WLASL/branch_inputs/regions/rtmw_l/tensors/nslt100/train/40119.npz,,F:/DMV/Recognizing-sign-language-at-the-word-level/data/datasets/WLASL/branch_inputs/regions/rtmw_l/previews/nslt100/train/40119_preview.jpg,75,64,"[3, 3, 64, 112, 112]",0.671875,0.859375,1.0,0.0625,0.609375,0.328125,0.859375,0.0,0.140625,1.0,0.0,0.0,2.102732837200165,5.594038308750499,8.169567704200745,ok,,left_hand_fallback_limit_reached=3;left_hand_prev_bbox_fallback_frames=39;left_hand_black_frames=21;right_hand_black_frames=9
wlasl:40121,40121,40121,orange,27,train,F:/DMV/Recognizing-sign-language-at-the-word-level/data/datasets/WLASL/branch_inputs/regions/rtmw_l/tensors/nslt100/train/40121.npz,,F:/DMV/Recognizing-sign-language-at-the-word-level/data/datasets/WLASL/branch_inputs/regions/rtmw_l/previews/nslt100/train/40121_preview.jpg,36,64,"[3, 3, 64, 112, 112]",0.0,1.0,1.0,0.0,0.0,1.0,1.0,0.0,0.0,1.0,0.0,0.0,0.0,4.589395970106125,6.582424178719521,ok,,sampled_with_repeated_indices;left_hand_black_frames=64
wlasl:40129,40129,40129,orange,27,train,F:/DMV/Recognizing-sign-language-at-the-word-level/data/datasets/WLASL/branch_inputs/regions/rtmw_l/tensors/nslt100/train/40129.npz,,F:/DMV/Recognizing-sign-language-at-the-word-level/data/datasets/WLASL/branch_inputs/regions/rtmw_l/previews/nslt100/train/40129_preview.jpg,78,64,"[3, 3, 64, 112, 112]",0.890625,1.0,1.0,0.5625,0.328125,0.109375,1.0,0.0,0.0,1.0,0.0,0.0,2.8092746138572693,4.020076062530279,7.686786986887455,ok,,left_hand_fallback_limit_reached=3;left_hand_prev_bbox_fallback_frames=21;left_hand_black_frames=7
wlasl:40130,40130,40130,orange,27,train,F:/DMV/Recognizing-sign-language-at-the-word-level/data/datasets/WLASL/branch_inputs/regions/rtmw_l/tensors/nslt100/train/40130.npz,,F:/DMV/Recognizing-sign-language-at-the-word-level/data/datasets/WLASL/branch_inputs/regions/rtmw_l/previews/nslt100/train/40130_preview.jpg,78,64,"[3, 3, 64, 112, 112]",0.890625,1.0,1.0,0.5625,0.328125,0.109375,1.0,0.0,0.0,1.0,0.0,0.0,2.8092746138572693,4.020076062530279,7.686786986887455,ok,,left_hand_fallback_limit_reached=3;left_hand_prev_bbox_fallback_frames=21;left_hand_black_frames=7
wlasl:40834,40834,40834,paint,91,train,F:/DMV/Recognizing-sign-language-at-the-word-level/data/datasets/WLASL/branch_inputs/regions/rtmw_l/tensors/nslt100/train/40834.npz,,F:/DMV/Recognizing-sign-language-at-the-word-level/data/datasets/WLASL/branch_inputs/regions/rtmw_l/previews/nslt100/train/40834_preview.jpg,33,64,"[3, 3, 64, 112, 112]",0.828125,0.6875,1.0,0.78125,0.046875,0.171875,0.265625,0.421875,0.3125,1.0,0.0,0.0,4.9241464328765865,3.439299422151902,7.740793809294701,ok,,end_frame_clipped_to_video_end;sampled_with_repeated_indices;right_hand_fallback_limit_reached=3;left_hand_prev_bbox_fallback_frames=3;left_hand_black_frames=11;right_hand_prev_bbox_fallback_frames=27;right_hand_black_frames=20
wlasl:40836,40836,40836,paint,91,train,F:/DMV/Recognizing-sign-language-at-the-word-level/data/datasets/WLASL/branch_inputs/regions/rtmw_l/tensors/nslt100/train/40836.npz,,F:/DMV/Recognizing-sign-language-at-the-word-level/data/datasets/WLASL/branch_inputs/regions/rtmw_l/previews/nslt100/train/40836_preview.jpg,30,64,"[3, 3, 64, 112, 112]",0.9375,0.890625,1.0,0.90625,0.03125,0.0625,0.5,0.390625,0.109375,1.0,0.0,0.0,4.203729349991371,4.34772752225399,7.863159745931625,ok,,end_frame_clipped_to_video_end;sampled_with_repeated_indices;right_hand_fallback_limit_reached=3;left_hand_prev_bbox_fallback_frames=2;left_hand_black_frames=4;right_hand_prev_bbox_fallback_frames=25;right_hand_black_frames=7
wlasl:40837,40837,40837,paint,91,train,F:/DMV/Recognizing-sign-language-at-the-word-level/data/datasets/WLASL/branch_inputs/regions/rtmw_l/tensors/nslt100/train/40837.npz,,F:/DMV/Recognizing-sign-language-at-the-word-level/data/datasets/WLASL/branch_inputs/regions/rtmw_l/previews/nslt100/train/40837_preview.jpg,79,64,"[3, 3, 64, 112, 112]",0.71875,0.84375,1.0,0.171875,0.546875,0.28125,0.71875,0.125,0.15625,1.0,0.0,0.0,4.180388884110884,4.850150989449543,7.841316036880016,ok,,left_hand_fallback_limit_reached=3;right_hand_fallback_limit_reached=3;left_hand_prev_bbox_fallback_frames=35;left_hand_black_frames=18;right_hand_prev_bbox_fallback_frames=8;right_hand_black_frames=10
wlasl:40841,40841,40841,paint,91,train,F:/DMV/Recognizing-sign-language-at-the-word-level/data/datasets/WLASL/branch_inputs/regions/rtmw_l/tensors/nslt100/train/40841.npz,,F:/DMV/Recognizing-sign-language-at-the-word-level/data/datasets/WLASL/branch_inputs/regions/rtmw_l/previews/nslt100/train/40841_preview.jpg,46,64,"[3, 3, 64, 112, 112]",0.0,1.0,1.0,0.0,0.0,1.0,1.0,0.0,0.0,1.0,0.0,0.0,0.0,3.908571492880583,5.638679221272469,ok,,sampled_with_repeated_indices;left_hand_black_frames=64
wlasl:40847,40847,40847,paint,91,train,F:/DMV/Recognizing-sign-language-at-the-word-level/data/datasets/WLASL/branch_inputs/regions/rtmw_l/tensors/nslt100/train/40847.npz,,F:/DMV/Recognizing-sign-language-at-the-word-level/data/datasets/WLASL/branch_inputs/regions/rtmw_l/previews/nslt100/train/40847_preview.jpg,71,64,"[3, 3, 64, 112, 112]",1.0,1.0,1.0,1.0,0.0,0.0,1.0,0.0,0.0,1.0,0.0,0.0,4.933939002454281,5.458571128547192,7.764856494963169,ok,,
wlasl:41025,41025,41025,paper,92,train,F:/DMV/Recognizing-sign-language-at-the-word-level/data/datasets/WLASL/branch_inputs/regions/rtmw_l/tensors/nslt100/train/41025.npz,,F:/DMV/Recognizing-sign-language-at-the-word-level/data/datasets/WLASL/branch_inputs/regions/rtmw_l/previews/nslt100/train/41025_preview.jpg,66,64,"[3, 3, 64, 112, 112]",1.0,1.0,1.0,0.96875,0.03125,0.0,1.0,0.0,0.0,1.0,0.0,0.0,4.055752802279688,3.506145818158984,8.337844677269459,ok,,left_hand_prev_bbox_fallback_frames=2
wlasl:41026,41026,41026,paper,92,train,F:/DMV/Recognizing-sign-language-at-the-word-level/data/datasets/WLASL/branch_inputs/regions/rtmw_l/tensors/nslt100/train/41026.npz,,F:/DMV/Recognizing-sign-language-at-the-word-level/data/datasets/WLASL/branch_inputs/regions/rtmw_l/previews/nslt100/train/41026_preview.jpg,67,64,"[3, 3, 64, 112, 112]",0.71875,0.6875,1.0,0.71875,0.0,0.28125,0.6875,0.0,0.3125,1.0,0.0,0.0,5.970914991005607,5.461456445130435,8.381746873259544,ok,,left_hand_black_frames=18;right_hand_black_frames=20
wlasl:41028,41028,41028,paper,92,train,F:/DMV/Recognizing-sign-language-at-the-word-level/data/datasets/WLASL/branch_inputs/regions/rtmw_l/tensors/nslt100/train/41028.npz,,F:/DMV/Recognizing-sign-language-at-the-word-level/data/datasets/WLASL/branch_inputs/regions/rtmw_l/previews/nslt100/train/41028_preview.jpg,36,64,"[3, 3, 64, 112, 112]",0.921875,0.984375,1.0,0.8125,0.109375,0.078125,0.953125,0.03125,0.015625,1.0,0.0,0.0,4.211038584892567,4.355542696890284,7.909703366458416,ok,,end_frame_clipped_to_video_end;sampled_with_repeated_indices;left_hand_fallback_limit_reached=3;left_hand_prev_bbox_fallback_frames=7;left_hand_black_frames=5;right_hand_prev_bbox_fallback_frames=2;right_hand_black_frames=1
wlasl:41029,41029,41029,paper,92,train,F:/DMV/Recognizing-sign-language-at-the-word-level/data/datasets/WLASL/branch_inputs/regions/rtmw_l/tensors/nslt100/train/41029.npz,,F:/DMV/Recognizing-sign-language-at-the-word-level/data/datasets/WLASL/branch_inputs/regions/rtmw_l/previews/nslt100/train/41029_preview.jpg,72,64,"[3, 3, 64, 112, 112]",0.90625,0.90625,1.0,0.90625,0.0,0.09375,0.90625,0.0,0.09375,1.0,0.0,0.0,5.118261045423047,5.023492422597162,8.283820249140263,ok,,left_hand_black_frames=6;right_hand_black_frames=6
wlasl:41030,41030,41030,paper,92,train,F:/DMV/Recognizing-sign-language-at-the-word-level/data/datasets/WLASL/branch_inputs/regions/rtmw_l/tensors/nslt100/train/41030.npz,,F:/DMV/Recognizing-sign-language-at-the-word-level/data/datasets/WLASL/branch_inputs/regions/rtmw_l/previews/nslt100/train/41030_preview.jpg,55,64,"[3, 3, 64, 112, 112]",0.96875,0.984375,1.0,0.84375,0.125,0.03125,0.921875,0.0625,0.015625,1.0,0.0,0.0,4.5643969045745,4.992045061062958,8.09972083568573,ok,,sampled_with_repeated_indices;left_hand_fallback_limit_reached=3;right_hand_fallback_limit_reached=3;left_hand_prev_bbox_fallback_frames=8;left_hand_black_frames=2;right_hand_prev_bbox_fallback_frames=4;right_hand_black_frames=1
wlasl:41032,41032,41032,paper,92,train,F:/DMV/Recognizing-sign-language-at-the-word-level/data/datasets/WLASL/branch_inputs/regions/rtmw_l/tensors/nslt100/train/41032.npz,,F:/DMV/Recognizing-sign-language-at-the-word-level/data/datasets/WLASL/branch_inputs/regions/rtmw_l/previews/nslt100/train/41032_preview.jpg,38,64,"[3, 3, 64, 112, 112]",1.0,1.0,1.0,1.0,0.0,0.0,1.0,0.0,0.0,1.0,0.0,0.0,4.557542540132999,5.0707124918699265,7.1477063447237015,ok,,sampled_with_repeated_indices
wlasl:41037,41037,41037,paper,92,train,F:/DMV/Recognizing-sign-language-at-the-word-level/data/datasets/WLASL/branch_inputs/regions/rtmw_l/tensors/nslt100/train/41037.npz,,F:/DMV/Recognizing-sign-language-at-the-word-level/data/datasets/WLASL/branch_inputs/regions/rtmw_l/previews/nslt100/train/41037_preview.jpg,74,64,"[3, 3, 64, 112, 112]",0.8125,0.671875,1.0,0.671875,0.140625,0.1875,0.609375,0.0625,0.328125,1.0,0.0,0.0,4.841204901074255,4.574751603297698,7.709438301622868,ok,,left_hand_fallback_limit_reached=3;right_hand_fallback_limit_reached=3;left_hand_prev_bbox_fallback_frames=9;left_hand_black_frames=12;right_hand_prev_bbox_fallback_frames=4;right_hand_black_frames=21
wlasl:42829,42829,42829,pink,67,train,F:/DMV/Recognizing-sign-language-at-the-word-level/data/datasets/WLASL/branch_inputs/regions/rtmw_l/tensors/nslt100/train/42829.npz,,F:/DMV/Recognizing-sign-language-at-the-word-level/data/datasets/WLASL/branch_inputs/regions/rtmw_l/previews/nslt100/train/42829_preview.jpg,70,64,"[3, 3, 64, 112, 112]",0.578125,0.65625,1.0,0.3125,0.265625,0.421875,0.59375,0.0625,0.34375,1.0,0.0,0.0,2.3836574763059617,5.2456104849514205,8.37356835603714,ok,,left_hand_fallback_limit_reached=3;right_hand_fallback_limit_reached=3;left_hand_prev_bbox_fallback_frames=17;left_hand_black_frames=27;right_hand_prev_bbox_fallback_frames=4;right_hand_black_frames=22
wlasl:42830,42830,42830,pink,67,train,F:/DMV/Recognizing-sign-language-at-the-word-level/data/datasets/WLASL/branch_inputs/regions/rtmw_l/tensors/nslt100/train/42830.npz,,F:/DMV/Recognizing-sign-language-at-the-word-level/data/datasets/WLASL/branch_inputs/regions/rtmw_l/previews/nslt100/train/42830_preview.jpg,60,64,"[3, 3, 64, 112, 112]",1.0,1.0,1.0,1.0,0.0,0.0,1.0,0.0,0.0,1.0,0.0,0.0,6.263234108686447,5.794566590338945,7.944749005138874,ok,,sampled_with_repeated_indices
wlasl:42831,42831,42831,pink,67,train,F:/DMV/Recognizing-sign-language-at-the-word-level/data/datasets/WLASL/branch_inputs/regions/rtmw_l/tensors/nslt100/train/42831.npz,,F:/DMV/Recognizing-sign-language-at-the-word-level/data/datasets/WLASL/branch_inputs/regions/rtmw_l/previews/nslt100/train/42831_preview.jpg,40,64,"[3, 3, 64, 112, 112]",0.78125,0.828125,1.0,0.4375,0.34375,0.21875,0.578125,0.25,0.171875,1.0,0.0,0.0,1.899607070854732,5.5022020791027995,8.451500862836838,ok,,end_frame_clipped_to_video_end;sampled_with_repeated_indices;left_hand_fallback_limit_reached=3;right_hand_fallback_limit_reached=3;left_hand_prev_bbox_fallback_frames=22;left_hand_black_frames=14;right_hand_prev_bbox_fallback_frames=16;right_hand_black_frames=11
wlasl:42832,42832,42832,pink,67,train,F:/DMV/Recognizing-sign-language-at-the-word-level/data/datasets/WLASL/branch_inputs/regions/rtmw_l/tensors/nslt100/train/42832.npz,,F:/DMV/Recognizing-sign-language-at-the-word-level/data/datasets/WLASL/branch_inputs/regions/rtmw_l/previews/nslt100/train/42832_preview.jpg,39,64,"[3, 3, 64, 112, 112]",0.8125,0.9375,1.0,0.40625,0.40625,0.1875,0.6875,0.25,0.0625,1.0,0.0,0.0,1.9682618150344262,5.247663991017775,8.781547009944916,ok,,end_frame_clipped_to_video_end;sampled_with_repeated_indices;left_hand_fallback_limit_reached=3;right_hand_fallback_limit_reached=3;left_hand_prev_bbox_fallback_frames=26;left_hand_black_frames=12;right_hand_prev_bbox_fallback_frames=16;right_hand_black_frames=4
wlasl:42836,42836,42836,pink,67,train,F:/DMV/Recognizing-sign-language-at-the-word-level/data/datasets/WLASL/branch_inputs/regions/rtmw_l/tensors/nslt100/train/42836.npz,,F:/DMV/Recognizing-sign-language-at-the-word-level/data/datasets/WLASL/branch_inputs/regions/rtmw_l/previews/nslt100/train/42836_preview.jpg,46,64,"[3, 3, 64, 112, 112]",0.0,0.0,1.0,0.0,0.0,1.0,0.0,0.0,1.0,1.0,0.0,0.0,0.0,0.0,7.378676079213619,ok,,sampled_with_repeated_indices;left_hand_black_frames=64;right_hand_black_frames=64
wlasl:42843,42843,42843,pink,67,train,F:/DMV/Recognizing-sign-language-at-the-word-level/data/datasets/WLASL/branch_inputs/regions/rtmw_l/tensors/nslt100/train/42843.npz,,F:/DMV/Recognizing-sign-language-at-the-word-level/data/datasets/WLASL/branch_inputs/regions/rtmw_l/previews/nslt100/train/42843_preview.jpg,63,64,"[3, 3, 64, 112, 112]",0.859375,1.0,1.0,0.375,0.484375,0.140625,0.90625,0.09375,0.0,1.0,0.0,0.0,3.0616014500459037,4.623053435621591,7.726250939071178,ok,,sampled_with_repeated_indices;left_hand_fallback_limit_reached=3;left_hand_prev_bbox_fallback_frames=31;left_hand_black_frames=9;right_hand_prev_bbox_fallback_frames=6
wlasl:42956,42956,42956,pizza,68,train,F:/DMV/Recognizing-sign-language-at-the-word-level/data/datasets/WLASL/branch_inputs/regions/rtmw_l/tensors/nslt100/train/42956.npz,,F:/DMV/Recognizing-sign-language-at-the-word-level/data/datasets/WLASL/branch_inputs/regions/rtmw_l/previews/nslt100/train/42956_preview.jpg,63,64,"[3, 3, 64, 112, 112]",0.671875,0.859375,1.0,0.015625,0.65625,0.328125,0.765625,0.09375,0.140625,1.0,0.0,0.0,1.336313247680664,5.828257212833482,7.803066946566105,ok,,end_frame_clipped_to_video_end;sampled_with_repeated_indices;left_hand_fallback_limit_reached=3;right_hand_fallback_limit_reached=3;left_hand_prev_bbox_fallback_frames=42;left_hand_black_frames=21;right_hand_prev_bbox_fallback_frames=6;right_hand_black_frames=9
wlasl:42958,42958,42958,pizza,68,train,F:/DMV/Recognizing-sign-language-at-the-word-level/data/datasets/WLASL/branch_inputs/regions/rtmw_l/tensors/nslt100/train/42958.npz,,F:/DMV/Recognizing-sign-language-at-the-word-level/data/datasets/WLASL/branch_inputs/regions/rtmw_l/previews/nslt100/train/42958_preview.jpg,63,64,"[3, 3, 64, 112, 112]",1.0,0.984375,1.0,1.0,0.0,0.0,0.84375,0.140625,0.015625,1.0,0.0,0.0,5.905386917293072,6.0354620350731745,8.005315698683262,ok,,sampled_with_repeated_indices;right_hand_fallback_limit_reached=3;right_hand_prev_bbox_fallback_frames=9;right_hand_black_frames=1
wlasl:42959,42959,42959,pizza,68,train,F:/DMV/Recognizing-sign-language-at-the-word-level/data/datasets/WLASL/branch_inputs/regions/rtmw_l/tensors/nslt100/train/42959.npz,,F:/DMV/Recognizing-sign-language-at-the-word-level/data/datasets/WLASL/branch_inputs/regions/rtmw_l/previews/nslt100/train/42959_preview.jpg,88,64,"[3, 3, 64, 112, 112]",1.0,1.0,1.0,1.0,0.0,0.0,1.0,0.0,0.0,1.0,0.0,0.0,6.706565514206886,6.1256319507956505,7.777122586965561,ok,,
wlasl:42961,42961,42961,pizza,68,train,F:/DMV/Recognizing-sign-language-at-the-word-level/data/datasets/WLASL/branch_inputs/regions/rtmw_l/tensors/nslt100/train/42961.npz,,F:/DMV/Recognizing-sign-language-at-the-word-level/data/datasets/WLASL/branch_inputs/regions/rtmw_l/previews/nslt100/train/42961_preview.jpg,39,64,"[3, 3, 64, 112, 112]",0.109375,1.0,1.0,0.03125,0.078125,0.890625,1.0,0.0,0.0,1.0,0.0,0.0,3.2464919090270996,4.57611190341413,7.2639617919921875,ok,,end_frame_clipped_to_video_end;sampled_with_repeated_indices;left_hand_fallback_limit_reached=3;left_hand_prev_bbox_fallback_frames=5;left_hand_black_frames=57
wlasl:42966,42966,42966,pizza,68,train,F:/DMV/Recognizing-sign-language-at-the-word-level/data/datasets/WLASL/branch_inputs/regions/rtmw_l/tensors/nslt100/train/42966.npz,,F:/DMV/Recognizing-sign-language-at-the-word-level/data/datasets/WLASL/branch_inputs/regions/rtmw_l/previews/nslt100/train/42966_preview.jpg,64,64,"[3, 3, 64, 112, 112]",0.0,1.0,1.0,0.0,0.0,1.0,1.0,0.0,0.0,1.0,0.0,0.0,0.0,5.206095263361931,7.1815695613622665,ok,,left_hand_black_frames=64
wlasl:42967,42967,42967,pizza,68,train,F:/DMV/Recognizing-sign-language-at-the-word-level/data/datasets/WLASL/branch_inputs/regions/rtmw_l/tensors/nslt100/train/42967.npz,,F:/DMV/Recognizing-sign-language-at-the-word-level/data/datasets/WLASL/branch_inputs/regions/rtmw_l/previews/nslt100/train/42967_preview.jpg,38,64,"[3, 3, 64, 112, 112]",0.328125,1.0,1.0,0.03125,0.296875,0.671875,1.0,0.0,0.0,1.0,0.0,0.0,1.8448431491851807,5.517566122114658,7.4172374829649925,ok,,sampled_with_repeated_indices;left_hand_fallback_limit_reached=3;left_hand_prev_bbox_fallback_frames=19;left_hand_black_frames=43
wlasl:42969,42969,42969,pizza,68,train,F:/DMV/Recognizing-sign-language-at-the-word-level/data/datasets/WLASL/branch_inputs/regions/rtmw_l/tensors/nslt100/train/42969.npz,,F:/DMV/Recognizing-sign-language-at-the-word-level/data/datasets/WLASL/branch_inputs/regions/rtmw_l/previews/nslt100/train/42969_preview.jpg,29,64,"[3, 3, 64, 112, 112]",0.0,1.0,1.0,0.0,0.0,1.0,1.0,0.0,0.0,1.0,0.0,0.0,0.0,4.800813734531403,6.746561951935291,ok,,sampled_with_repeated_indices;left_hand_black_frames=64
wlasl:43167,43167,43167,play,69,train,F:/DMV/Recognizing-sign-language-at-the-word-level/data/datasets/WLASL/branch_inputs/regions/rtmw_l/tensors/nslt100/train/43167.npz,,F:/DMV/Recognizing-sign-language-at-the-word-level/data/datasets/WLASL/branch_inputs/regions/rtmw_l/previews/nslt100/train/43167_preview.jpg,62,64,"[3, 3, 64, 112, 112]",0.859375,0.8125,1.0,0.765625,0.09375,0.140625,0.703125,0.109375,0.1875,1.0,0.0,0.0,5.912409086616671,6.3209626780615915,8.401484549045563,ok,,sampled_with_repeated_indices;right_hand_fallback_limit_reached=3;left_hand_fallback_limit_reached=3;left_hand_prev_bbox_fallback_frames=6;left_hand_black_frames=9;right_hand_prev_bbox_fallback_frames=7;right_hand_black_frames=12
wlasl:43168,43168,43168,play,69,train,F:/DMV/Recognizing-sign-language-at-the-word-level/data/datasets/WLASL/branch_inputs/regions/rtmw_l/tensors/nslt100/train/43168.npz,,F:/DMV/Recognizing-sign-language-at-the-word-level/data/datasets/WLASL/branch_inputs/regions/rtmw_l/previews/nslt100/train/43168_preview.jpg,28,64,"[3, 3, 64, 112, 112]",1.0,1.0,1.0,1.0,0.0,0.0,1.0,0.0,0.0,1.0,0.0,0.0,5.782353565096855,5.357472985982895,7.723160557448864,ok,,sampled_with_repeated_indices
wlasl:43169,43169,43169,play,69,train,F:/DMV/Recognizing-sign-language-at-the-word-level/data/datasets/WLASL/branch_inputs/regions/rtmw_l/tensors/nslt100/train/43169.npz,,F:/DMV/Recognizing-sign-language-at-the-word-level/data/datasets/WLASL/branch_inputs/regions/rtmw_l/previews/nslt100/train/43169_preview.jpg,46,64,"[3, 3, 64, 112, 112]",0.90625,1.0,1.0,0.5625,0.34375,0.09375,1.0,0.0,0.0,1.0,0.0,0.0,5.210422721174028,5.530237425118685,8.08543211221695,ok,,sampled_with_repeated_indices;left_hand_fallback_limit_reached=3;left_hand_prev_bbox_fallback_frames=22;left_hand_black_frames=6
wlasl:43170,43170,43170,play,69,train,F:/DMV/Recognizing-sign-language-at-the-word-level/data/datasets/WLASL/branch_inputs/regions/rtmw_l/tensors/nslt100/train/43170.npz,,F:/DMV/Recognizing-sign-language-at-the-word-level/data/datasets/WLASL/branch_inputs/regions/rtmw_l/previews/nslt100/train/43170_preview.jpg,75,64,"[3, 3, 64, 112, 112]",0.9375,0.9375,1.0,0.890625,0.046875,0.0625,0.875,0.0625,0.0625,1.0,0.0,0.0,6.316576430672093,5.932426018374307,8.383484899997711,ok,,left_hand_fallback_limit_reached=3;right_hand_fallback_limit_reached=3;left_hand_prev_bbox_fallback_frames=3;left_hand_black_frames=4;right_hand_prev_bbox_fallback_frames=4;right_hand_black_frames=4
wlasl:43173,43173,43173,play,69,train,F:/DMV/Recognizing-sign-language-at-the-word-level/data/datasets/WLASL/branch_inputs/regions/rtmw_l/tensors/nslt100/train/43173.npz,,F:/DMV/Recognizing-sign-language-at-the-word-level/data/datasets/WLASL/branch_inputs/regions/rtmw_l/previews/nslt100/train/43173_preview.jpg,38,64,"[3, 3, 64, 112, 112]",1.0,1.0,1.0,1.0,0.0,0.0,1.0,0.0,0.0,1.0,0.0,0.0,5.902145549654961,5.78504354506731,7.050567232072353,ok,,sampled_with_repeated_indices
wlasl:43174,43174,43174,play,69,train,F:/DMV/Recognizing-sign-language-at-the-word-level/data/datasets/WLASL/branch_inputs/regions/rtmw_l/tensors/nslt100/train/43174.npz,,F:/DMV/Recognizing-sign-language-at-the-word-level/data/datasets/WLASL/branch_inputs/regions/rtmw_l/previews/nslt100/train/43174_preview.jpg,74,64,"[3, 3, 64, 112, 112]",1.0,1.0,1.0,1.0,0.0,0.0,1.0,0.0,0.0,1.0,0.0,0.0,5.450621984899044,5.732633575797081,7.184988163411617,ok,,
wlasl:43179,43179,43179,play,69,train,F:/DMV/Recognizing-sign-language-at-the-word-level/data/datasets/WLASL/branch_inputs/regions/rtmw_l/tensors/nslt100/train/43179.npz,,F:/DMV/Recognizing-sign-language-at-the-word-level/data/datasets/WLASL/branch_inputs/regions/rtmw_l/previews/nslt100/train/43179_preview.jpg,67,64,"[3, 3, 64, 112, 112]",0.984375,1.0,1.0,0.90625,0.078125,0.015625,1.0,0.0,0.0,1.0,0.0,0.0,4.652550874085262,5.188790323212743,7.796903356909752,ok,,left_hand_fallback_limit_reached=3;left_hand_prev_bbox_fallback_frames=5;left_hand_black_frames=1
wlasl:43180,43180,43180,play,69,train,F:/DMV/Recognizing-sign-language-at-the-word-level/data/datasets/WLASL/branch_inputs/regions/rtmw_l/tensors/nslt100/train/43180.npz,,F:/DMV/Recognizing-sign-language-at-the-word-level/data/datasets/WLASL/branch_inputs/regions/rtmw_l/previews/nslt100/train/43180_preview.jpg,68,64,"[3, 3, 64, 112, 112]",1.0,1.0,1.0,1.0,0.0,0.0,1.0,0.0,0.0,1.0,0.0,0.0,4.990971453487873,4.940048266202211,7.628502771258354,ok,,
wlasl:45261,45261,45261,pull,93,train,F:/DMV/Recognizing-sign-language-at-the-word-level/data/datasets/WLASL/branch_inputs/regions/rtmw_l/tensors/nslt100/train/45261.npz,,F:/DMV/Recognizing-sign-language-at-the-word-level/data/datasets/WLASL/branch_inputs/regions/rtmw_l/previews/nslt100/train/45261_preview.jpg,67,64,"[3, 3, 64, 112, 112]",1.0,1.0,1.0,1.0,0.0,0.0,1.0,0.0,0.0,1.0,0.0,0.0,5.8286757580935955,6.751541897654533,8.131211325526237,ok,,
wlasl:45263,45263,45263,pull,93,train,F:/DMV/Recognizing-sign-language-at-the-word-level/data/datasets/WLASL/branch_inputs/regions/rtmw_l/tensors/nslt100/train/45263.npz,,F:/DMV/Recognizing-sign-language-at-the-word-level/data/datasets/WLASL/branch_inputs/regions/rtmw_l/previews/nslt100/train/45263_preview.jpg,32,64,"[3, 3, 64, 112, 112]",0.953125,0.921875,1.0,0.90625,0.046875,0.046875,0.78125,0.140625,0.078125,1.0,0.0,0.0,5.283683834404781,4.849946575164795,7.86602808535099,ok,,end_frame_clipped_to_video_end;sampled_with_repeated_indices;right_hand_fallback_limit_reached=3;left_hand_fallback_limit_reached=3;left_hand_prev_bbox_fallback_frames=3;left_hand_black_frames=3;right_hand_prev_bbox_fallback_frames=9;right_hand_black_frames=5
wlasl:45264,45264,45264,pull,93,train,F:/DMV/Recognizing-sign-language-at-the-word-level/data/datasets/WLASL/branch_inputs/regions/rtmw_l/tensors/nslt100/train/45264.npz,,F:/DMV/Recognizing-sign-language-at-the-word-level/data/datasets/WLASL/branch_inputs/regions/rtmw_l/previews/nslt100/train/45264_preview.jpg,39,64,"[3, 3, 64, 112, 112]",1.0,1.0,1.0,1.0,0.0,0.0,1.0,0.0,0.0,1.0,0.0,0.0,4.126709703356028,3.5130836702883244,7.633520036935806,ok,,end_frame_clipped_to_video_end;sampled_with_repeated_indices
wlasl:45265,45265,45265,pull,93,train,F:/DMV/Recognizing-sign-language-at-the-word-level/data/datasets/WLASL/branch_inputs/regions/rtmw_l/tensors/nslt100/train/45265.npz,,F:/DMV/Recognizing-sign-language-at-the-word-level/data/datasets/WLASL/branch_inputs/regions/rtmw_l/previews/nslt100/train/45265_preview.jpg,73,64,"[3, 3, 64, 112, 112]",0.859375,0.875,1.0,0.859375,0.0,0.140625,0.875,0.0,0.125,1.0,0.0,0.0,4.408648428049955,5.725568924631391,8.14098946750164,ok,,left_hand_black_frames=9;right_hand_black_frames=8
wlasl:45273,45273,45273,pull,93,train,F:/DMV/Recognizing-sign-language-at-the-word-level/data/datasets/WLASL/branch_inputs/regions/rtmw_l/tensors/nslt100/train/45273.npz,,F:/DMV/Recognizing-sign-language-at-the-word-level/data/datasets/WLASL/branch_inputs/regions/rtmw_l/previews/nslt100/train/45273_preview.jpg,74,64,"[3, 3, 64, 112, 112]",1.0,1.0,1.0,1.0,0.0,0.0,1.0,0.0,0.0,1.0,0.0,0.0,5.727510210126638,5.167729448527098,7.943410873413086,ok,,
wlasl:45433,45433,45433,purple,94,train,F:/DMV/Recognizing-sign-language-at-the-word-level/data/datasets/WLASL/branch_inputs/regions/rtmw_l/tensors/nslt100/train/45433.npz,,F:/DMV/Recognizing-sign-language-at-the-word-level/data/datasets/WLASL/branch_inputs/regions/rtmw_l/previews/nslt100/train/45433_preview.jpg,79,64,"[3, 3, 64, 112, 112]",0.515625,0.65625,1.0,0.0625,0.453125,0.484375,0.5625,0.09375,0.34375,1.0,0.0,0.0,2.594456911087036,5.662896931171417,8.363089874386787,ok,,left_hand_fallback_limit_reached=3;right_hand_fallback_limit_reached=3;left_hand_prev_bbox_fallback_frames=29;left_hand_black_frames=31;right_hand_prev_bbox_fallback_frames=6;right_hand_black_frames=22
wlasl:45434,45434,45434,purple,94,train,F:/DMV/Recognizing-sign-language-at-the-word-level/data/datasets/WLASL/branch_inputs/regions/rtmw_l/tensors/nslt100/train/45434.npz,,F:/DMV/Recognizing-sign-language-at-the-word-level/data/datasets/WLASL/branch_inputs/regions/rtmw_l/previews/nslt100/train/45434_preview.jpg,66,64,"[3, 3, 64, 112, 112]",0.578125,0.796875,1.0,0.109375,0.46875,0.421875,0.765625,0.03125,0.203125,1.0,0.0,0.0,2.4319303035736084,5.714710707567176,8.440936103463173,ok,,left_hand_fallback_limit_reached=3;left_hand_prev_bbox_fallback_frames=30;left_hand_black_frames=27;right_hand_prev_bbox_fallback_frames=2;right_hand_black_frames=13
wlasl:45436,45436,45436,purple,94,train,F:/DMV/Recognizing-sign-language-at-the-word-level/data/datasets/WLASL/branch_inputs/regions/rtmw_l/tensors/nslt100/train/45436.npz,,F:/DMV/Recognizing-sign-language-at-the-word-level/data/datasets/WLASL/branch_inputs/regions/rtmw_l/previews/nslt100/train/45436_preview.jpg,78,64,"[3, 3, 64, 112, 112]",0.0,0.875,1.0,0.0,0.0,1.0,0.859375,0.015625,0.125,1.0,0.0,0.0,0.0,5.804193735122681,7.959895983338356,ok,,left_hand_black_frames=64;right_hand_prev_bbox_fallback_frames=1;right_hand_black_frames=8
wlasl:45443,45443,45443,purple,94,train,F:/DMV/Recognizing-sign-language-at-the-word-level/data/datasets/WLASL/branch_inputs/regions/rtmw_l/tensors/nslt100/train/45443.npz,,F:/DMV/Recognizing-sign-language-at-the-word-level/data/datasets/WLASL/branch_inputs/regions/rtmw_l/previews/nslt100/train/45443_preview.jpg,66,64,"[3, 3, 64, 112, 112]",0.875,0.984375,1.0,0.46875,0.40625,0.125,0.9375,0.046875,0.015625,1.0,0.0,0.0,2.6015345056851706,4.906591176986694,7.667411483824253,ok,,left_hand_fallback_limit_reached=3;left_hand_prev_bbox_fallback_frames=26;left_hand_black_frames=8;right_hand_prev_bbox_fallback_frames=3;right_hand_black_frames=1
wlasl:48105,48105,48105,right,95,train,F:/DMV/Recognizing-sign-language-at-the-word-level/data/datasets/WLASL/branch_inputs/regions/rtmw_l/tensors/nslt100/train/48105.npz,,F:/DMV/Recognizing-sign-language-at-the-word-level/data/datasets/WLASL/branch_inputs/regions/rtmw_l/previews/nslt100/train/48105_preview.jpg,71,64,"[3, 3, 64, 112, 112]",0.609375,0.625,1.0,0.53125,0.078125,0.390625,0.546875,0.078125,0.375,1.0,0.0,0.0,5.251897924086627,5.0305317061288015,8.302755571901798,ok,,left_hand_fallback_limit_reached=3;right_hand_fallback_limit_reached=3;left_hand_prev_bbox_fallback_frames=5;left_hand_black_frames=25;right_hand_prev_bbox_fallback_frames=5;right_hand_black_frames=24
wlasl:48106,48106,48106,right,95,train,F:/DMV/Recognizing-sign-language-at-the-word-level/data/datasets/WLASL/branch_inputs/regions/rtmw_l/tensors/nslt100/train/48106.npz,,F:/DMV/Recognizing-sign-language-at-the-word-level/data/datasets/WLASL/branch_inputs/regions/rtmw_l/previews/nslt100/train/48106_preview.jpg,29,64,"[3, 3, 64, 112, 112]",0.984375,1.0,1.0,0.890625,0.09375,0.015625,1.0,0.0,0.0,1.0,0.0,0.0,4.7544823403944045,4.883037865161896,8.117779053747654,ok,,end_frame_clipped_to_video_end;sampled_with_repeated_indices;left_hand_fallback_limit_reached=3;left_hand_prev_bbox_fallback_frames=6;left_hand_black_frames=1
wlasl:48107,48107,48107,right,95,train,F:/DMV/Recognizing-sign-language-at-the-word-level/data/datasets/WLASL/branch_inputs/regions/rtmw_l/tensors/nslt100/train/48107.npz,,F:/DMV/Recognizing-sign-language-at-the-word-level/data/datasets/WLASL/branch_inputs/regions/rtmw_l/previews/nslt100/train/48107_preview.jpg,33,64,"[3, 3, 64, 112, 112]",0.984375,0.078125,1.0,0.953125,0.03125,0.015625,0.078125,0.0,0.921875,1.0,0.0,0.0,4.605811294962148,1.9680703639984132,7.664186127483845,ok,,end_frame_clipped_to_video_end;sampled_with_repeated_indices;left_hand_prev_bbox_fallback_frames=2;left_hand_black_frames=1;right_hand_black_frames=59
wlasl:48109,48109,48109,right,95,train,F:/DMV/Recognizing-sign-language-at-the-word-level/data/datasets/WLASL/branch_inputs/regions/rtmw_l/tensors/nslt100/train/48109.npz,,F:/DMV/Recognizing-sign-language-at-the-word-level/data/datasets/WLASL/branch_inputs/regions/rtmw_l/previews/nslt100/train/48109_preview.jpg,66,64,"[3, 3, 64, 112, 112]",0.84375,1.0,1.0,0.34375,0.5,0.15625,1.0,0.0,0.0,1.0,0.0,0.0,2.119629047133706,5.020993005484343,8.261391013860703,ok,,left_hand_fallback_limit_reached=3;left_hand_prev_bbox_fallback_frames=32;left_hand_black_frames=10
wlasl:48114,48114,48114,right,95,train,F:/DMV/Recognizing-sign-language-at-the-word-level/data/datasets/WLASL/branch_inputs/regions/rtmw_l/tensors/nslt100/train/48114.npz,,F:/DMV/Recognizing-sign-language-at-the-word-level/data/datasets/WLASL/branch_inputs/regions/rtmw_l/previews/nslt100/train/48114_preview.jpg,43,64,"[3, 3, 64, 112, 112]",0.96875,1.0,1.0,0.859375,0.109375,0.03125,1.0,0.0,0.0,1.0,0.0,0.0,3.036776568672874,5.983771227300167,8.354550272226334,ok,,sampled_with_repeated_indices;left_hand_fallback_limit_reached=3;left_hand_prev_bbox_fallback_frames=7;left_hand_black_frames=2
wlasl:49174,49174,49174,same,96,train,F:/DMV/Recognizing-sign-language-at-the-word-level/data/datasets/WLASL/branch_inputs/regions/rtmw_l/tensors/nslt100/train/49174.npz,,F:/DMV/Recognizing-sign-language-at-the-word-level/data/datasets/WLASL/branch_inputs/regions/rtmw_l/previews/nslt100/train/49174_preview.jpg,32,64,"[3, 3, 64, 112, 112]",0.96875,1.0,1.0,0.96875,0.0,0.03125,0.96875,0.03125,0.0,1.0,0.0,0.0,5.267844584680373,5.159666576693135,8.038513422012329,ok,,sampled_with_repeated_indices;left_hand_black_frames=2;right_hand_prev_bbox_fallback_frames=2
wlasl:49175,49175,49175,same,96,train,F:/DMV/Recognizing-sign-language-at-the-word-level/data/datasets/WLASL/branch_inputs/regions/rtmw_l/tensors/nslt100/train/49175.npz,,F:/DMV/Recognizing-sign-language-at-the-word-level/data/datasets/WLASL/branch_inputs/regions/rtmw_l/previews/nslt100/train/49175_preview.jpg,36,64,"[3, 3, 64, 112, 112]",0.921875,1.0,1.0,0.78125,0.140625,0.078125,0.953125,0.046875,0.0,1.0,0.0,0.0,2.0558710312843322,4.405098702086777,8.241694770753384,ok,,end_frame_clipped_to_video_end;sampled_with_repeated_indices;left_hand_fallback_limit_reached=3;left_hand_prev_bbox_fallback_frames=9;left_hand_black_frames=5;right_hand_prev_bbox_fallback_frames=3
wlasl:49178,49178,49178,same,96,train,F:/DMV/Recognizing-sign-language-at-the-word-level/data/datasets/WLASL/branch_inputs/regions/rtmw_l/tensors/nslt100/train/49178.npz,,F:/DMV/Recognizing-sign-language-at-the-word-level/data/datasets/WLASL/branch_inputs/regions/rtmw_l/previews/nslt100/train/49178_preview.jpg,74,64,"[3, 3, 64, 112, 112]",0.6875,0.765625,1.0,0.03125,0.65625,0.3125,0.328125,0.4375,0.234375,1.0,0.0,0.0,1.6024244129657745,5.76998766263326,8.498924359679222,ok,,left_hand_fallback_limit_reached=3;right_hand_fallback_limit_reached=3;left_hand_prev_bbox_fallback_frames=42;left_hand_black_frames=20;right_hand_prev_bbox_fallback_frames=28;right_hand_black_frames=15
wlasl:49181,49181,49181,same,96,train,F:/DMV/Recognizing-sign-language-at-the-word-level/data/datasets/WLASL/branch_inputs/regions/rtmw_l/tensors/nslt100/train/49181.npz,,F:/DMV/Recognizing-sign-language-at-the-word-level/data/datasets/WLASL/branch_inputs/regions/rtmw_l/previews/nslt100/train/49181_preview.jpg,32,64,"[3, 3, 64, 112, 112]",0.0,0.40625,1.0,0.0,0.0,1.0,0.1875,0.21875,0.59375,1.0,0.0,0.0,0.0,5.4515918890635175,6.967667579650879,ok,,sampled_with_repeated_indices;right_hand_fallback_limit_reached=3;left_hand_black_frames=64;right_hand_prev_bbox_fallback_frames=14;right_hand_black_frames=38
wlasl:49183,49183,49183,same,96,train,F:/DMV/Recognizing-sign-language-at-the-word-level/data/datasets/WLASL/branch_inputs/regions/rtmw_l/tensors/nslt100/train/49183.npz,,F:/DMV/Recognizing-sign-language-at-the-word-level/data/datasets/WLASL/branch_inputs/regions/rtmw_l/previews/nslt100/train/49183_preview.jpg,44,64,"[3, 3, 64, 112, 112]",1.0,1.0,1.0,1.0,0.0,0.0,1.0,0.0,0.0,1.0,0.0,0.0,4.389714770019054,4.688771087676287,7.211745038628578,ok,,sampled_with_repeated_indices
wlasl:49188,49188,49188,same,96,train,F:/DMV/Recognizing-sign-language-at-the-word-level/data/datasets/WLASL/branch_inputs/regions/rtmw_l/tensors/nslt100/train/49188.npz,,F:/DMV/Recognizing-sign-language-at-the-word-level/data/datasets/WLASL/branch_inputs/regions/rtmw_l/previews/nslt100/train/49188_preview.jpg,68,64,"[3, 3, 64, 112, 112]",0.828125,0.9375,1.0,0.8125,0.015625,0.171875,0.796875,0.140625,0.0625,1.0,0.0,0.0,4.303807579554045,4.62896746747634,7.705429740250111,ok,,right_hand_fallback_limit_reached=3;left_hand_prev_bbox_fallback_frames=1;left_hand_black_frames=11;right_hand_prev_bbox_fallback_frames=9;right_hand_black_frames=4
wlasl:49595,49595,49595,school,70,train,F:/DMV/Recognizing-sign-language-at-the-word-level/data/datasets/WLASL/branch_inputs/regions/rtmw_l/tensors/nslt100/train/49595.npz,,F:/DMV/Recognizing-sign-language-at-the-word-level/data/datasets/WLASL/branch_inputs/regions/rtmw_l/previews/nslt100/train/49595_preview.jpg,81,64,"[3, 3, 64, 112, 112]",1.0,1.0,1.0,1.0,0.0,0.0,0.96875,0.03125,0.0,1.0,0.0,0.0,5.238684017211199,4.565648046232039,8.038135655224323,ok,,right_hand_prev_bbox_fallback_frames=2
wlasl:49596,49596,49596,school,70,train,F:/DMV/Recognizing-sign-language-at-the-word-level/data/datasets/WLASL/branch_inputs/regions/rtmw_l/tensors/nslt100/train/49596.npz,,F:/DMV/Recognizing-sign-language-at-the-word-level/data/datasets/WLASL/branch_inputs/regions/rtmw_l/previews/nslt100/train/49596_preview.jpg,58,64,"[3, 3, 64, 112, 112]",0.9375,0.921875,1.0,0.796875,0.140625,0.0625,0.78125,0.140625,0.078125,1.0,0.0,0.0,5.084888224508248,4.932437734603882,8.22944688796997,ok,,sampled_with_repeated_indices;left_hand_fallback_limit_reached=3;right_hand_fallback_limit_reached=3;left_hand_prev_bbox_fallback_frames=9;left_hand_black_frames=4;right_hand_prev_bbox_fallback_frames=9;right_hand_black_frames=5
wlasl:49597,49597,49597,school,70,train,F:/DMV/Recognizing-sign-language-at-the-word-level/data/datasets/WLASL/branch_inputs/regions/rtmw_l/tensors/nslt100/train/49597.npz,,F:/DMV/Recognizing-sign-language-at-the-word-level/data/datasets/WLASL/branch_inputs/regions/rtmw_l/previews/nslt100/train/49597_preview.jpg,33,64,"[3, 3, 64, 112, 112]",0.921875,1.0,1.0,0.921875,0.0,0.078125,1.0,0.0,0.0,1.0,0.0,0.0,4.281824156389398,3.8087546974420547,7.2935900539159775,ok,,end_frame_clipped_to_video_end;sampled_with_repeated_indices;left_hand_black_frames=5
wlasl:49598,49598,49598,school,70,train,F:/DMV/Recognizing-sign-language-at-the-word-level/data/datasets/WLASL/branch_inputs/regions/rtmw_l/tensors/nslt100/train/49598.npz,,F:/DMV/Recognizing-sign-language-at-the-word-level/data/datasets/WLASL/branch_inputs/regions/rtmw_l/previews/nslt100/train/49598_preview.jpg,48,64,"[3, 3, 64, 112, 112]",1.0,1.0,1.0,0.96875,0.03125,0.0,1.0,0.0,0.0,1.0,0.0,0.0,4.86816966918207,4.837402731180191,8.258283160626888,ok,,sampled_with_repeated_indices;left_hand_prev_bbox_fallback_frames=2
wlasl:49599,49599,49599,school,70,train,F:/DMV/Recognizing-sign-language-at-the-word-level/data/datasets/WLASL/branch_inputs/regions/rtmw_l/tensors/nslt100/train/49599.npz,,F:/DMV/Recognizing-sign-language-at-the-word-level/data/datasets/WLASL/branch_inputs/regions/rtmw_l/previews/nslt100/train/49599_preview.jpg,73,64,"[3, 3, 64, 112, 112]",0.84375,0.796875,1.0,0.546875,0.296875,0.15625,0.40625,0.390625,0.203125,1.0,0.0,0.0,3.168942468506949,4.664328859402583,8.186469547450542,ok,,left_hand_fallback_limit_reached=3;right_hand_fallback_limit_reached=3;left_hand_prev_bbox_fallback_frames=19;left_hand_black_frames=10;right_hand_prev_bbox_fallback_frames=25;right_hand_black_frames=13
wlasl:49600,49600,49600,school,70,train,F:/DMV/Recognizing-sign-language-at-the-word-level/data/datasets/WLASL/branch_inputs/regions/rtmw_l/tensors/nslt100/train/49600.npz,,F:/DMV/Recognizing-sign-language-at-the-word-level/data/datasets/WLASL/branch_inputs/regions/rtmw_l/previews/nslt100/train/49600_preview.jpg,49,64,"[3, 3, 64, 112, 112]",0.984375,1.0,1.0,0.921875,0.0625,0.015625,1.0,0.0,0.0,1.0,0.0,0.0,4.461619995408139,5.0231166779994965,8.0348389595747,ok,,sampled_with_repeated_indices;left_hand_fallback_limit_reached=3;left_hand_prev_bbox_fallback_frames=4;left_hand_black_frames=1
wlasl:49602,49602,49602,school,70,train,F:/DMV/Recognizing-sign-language-at-the-word-level/data/datasets/WLASL/branch_inputs/regions/rtmw_l/tensors/nslt100/train/49602.npz,,F:/DMV/Recognizing-sign-language-at-the-word-level/data/datasets/WLASL/branch_inputs/regions/rtmw_l/previews/nslt100/train/49602_preview.jpg,28,64,"[3, 3, 64, 112, 112]",1.0,1.0,1.0,1.0,0.0,0.0,1.0,0.0,0.0,1.0,0.0,0.0,4.050202548503876,3.9799208268523216,7.075584538280964,ok,,sampled_with_repeated_indices
wlasl:50037,50037,50037,secretary,71,train,F:/DMV/Recognizing-sign-language-at-the-word-level/data/datasets/WLASL/branch_inputs/regions/rtmw_l/tensors/nslt100/train/50037.npz,,F:/DMV/Recognizing-sign-language-at-the-word-level/data/datasets/WLASL/branch_inputs/regions/rtmw_l/previews/nslt100/train/50037_preview.jpg,101,64,"[3, 3, 64, 112, 112]",0.640625,0.625,1.0,0.640625,0.0,0.359375,0.59375,0.03125,0.375,1.0,0.0,0.0,5.514720748110515,5.181820900816667,7.929296113550663,ok,,left_hand_black_frames=23;right_hand_prev_bbox_fallback_frames=2;right_hand_black_frames=24
wlasl:50038,50038,50038,secretary,71,train,F:/DMV/Recognizing-sign-language-at-the-word-level/data/datasets/WLASL/branch_inputs/regions/rtmw_l/tensors/nslt100/train/50038.npz,,F:/DMV/Recognizing-sign-language-at-the-word-level/data/datasets/WLASL/branch_inputs/regions/rtmw_l/previews/nslt100/train/50038_preview.jpg,81,64,"[3, 3, 64, 112, 112]",0.671875,0.71875,1.0,0.546875,0.125,0.328125,0.625,0.09375,0.28125,1.0,0.0,0.0,5.836042601721627,5.150782126188278,8.1420818567276,ok,,left_hand_fallback_limit_reached=3;right_hand_fallback_limit_reached=3;left_hand_prev_bbox_fallback_frames=8;left_hand_black_frames=21;right_hand_prev_bbox_fallback_frames=6;right_hand_black_frames=18
wlasl:50039,50039,50039,secretary,71,train,F:/DMV/Recognizing-sign-language-at-the-word-level/data/datasets/WLASL/branch_inputs/regions/rtmw_l/tensors/nslt100/train/50039.npz,,F:/DMV/Recognizing-sign-language-at-the-word-level/data/datasets/WLASL/branch_inputs/regions/rtmw_l/previews/nslt100/train/50039_preview.jpg,35,64,"[3, 3, 64, 112, 112]",0.9375,0.953125,1.0,0.78125,0.15625,0.0625,0.78125,0.171875,0.046875,1.0,0.0,0.0,4.338815469741821,5.07774658203125,7.848109029233456,ok,,end_frame_clipped_to_video_end;sampled_with_repeated_indices;right_hand_fallback_limit_reached=3;left_hand_fallback_limit_reached=3;left_hand_prev_bbox_fallback_frames=10;left_hand_black_frames=4;right_hand_prev_bbox_fallback_frames=11;right_hand_black_frames=3
wlasl:50040,50040,50040,secretary,71,train,F:/DMV/Recognizing-sign-language-at-the-word-level/data/datasets/WLASL/branch_inputs/regions/rtmw_l/tensors/nslt100/train/50040.npz,,F:/DMV/Recognizing-sign-language-at-the-word-level/data/datasets/WLASL/branch_inputs/regions/rtmw_l/previews/nslt100/train/50040_preview.jpg,35,64,"[3, 3, 64, 112, 112]",0.9375,0.9375,1.0,0.84375,0.09375,0.0625,0.84375,0.09375,0.0625,1.0,0.0,0.0,4.488541086514791,4.05447973145379,7.628719359636307,ok,,end_frame_clipped_to_video_end;sampled_with_repeated_indices;left_hand_fallback_limit_reached=3;right_hand_fallback_limit_reached=3;left_hand_prev_bbox_fallback_frames=6;left_hand_black_frames=4;right_hand_prev_bbox_fallback_frames=6;right_hand_black_frames=4
wlasl:50044,50044,50044,secretary,71,train,F:/DMV/Recognizing-sign-language-at-the-word-level/data/datasets/WLASL/branch_inputs/regions/rtmw_l/tensors/nslt100/train/50044.npz,,F:/DMV/Recognizing-sign-language-at-the-word-level/data/datasets/WLASL/branch_inputs/regions/rtmw_l/previews/nslt100/train/50044_preview.jpg,23,64,"[3, 3, 64, 112, 112]",1.0,1.0,1.0,1.0,0.0,0.0,1.0,0.0,0.0,1.0,0.0,0.0,6.739802286028862,5.396041721105576,7.401888772845268,ok,,sampled_with_repeated_indices
wlasl:50045,50045,50045,secretary,71,train,F:/DMV/Recognizing-sign-language-at-the-word-level/data/datasets/WLASL/branch_inputs/regions/rtmw_l/tensors/nslt100/train/50045.npz,,F:/DMV/Recognizing-sign-language-at-the-word-level/data/datasets/WLASL/branch_inputs/regions/rtmw_l/previews/nslt100/train/50045_preview.jpg,63,64,"[3, 3, 64, 112, 112]",1.0,1.0,1.0,1.0,0.0,0.0,1.0,0.0,0.0,1.0,0.0,0.0,5.82831346988678,5.426453612744808,7.172279864549637,ok,,sampled_with_repeated_indices
wlasl:50046,50046,50046,secretary,71,train,F:/DMV/Recognizing-sign-language-at-the-word-level/data/datasets/WLASL/branch_inputs/regions/rtmw_l/tensors/nslt100/train/50046.npz,,F:/DMV/Recognizing-sign-language-at-the-word-level/data/datasets/WLASL/branch_inputs/regions/rtmw_l/previews/nslt100/train/50046_preview.jpg,31,64,"[3, 3, 64, 112, 112]",1.0,1.0,1.0,1.0,0.0,0.0,1.0,0.0,0.0,1.0,0.0,0.0,6.0046520829200745,5.232180394232273,7.003096126019955,ok,,sampled_with_repeated_indices
wlasl:51056,51056,51056,shirt,46,train,F:/DMV/Recognizing-sign-language-at-the-word-level/data/datasets/WLASL/branch_inputs/regions/rtmw_l/tensors/nslt100/train/51056.npz,,F:/DMV/Recognizing-sign-language-at-the-word-level/data/datasets/WLASL/branch_inputs/regions/rtmw_l/previews/nslt100/train/51056_preview.jpg,84,64,"[3, 3, 64, 112, 112]",1.0,1.0,1.0,1.0,0.0,0.0,1.0,0.0,0.0,1.0,0.0,0.0,6.0790622271597385,6.362950906157494,8.03306382894516,ok,,
wlasl:51057,51057,51057,shirt,46,train,F:/DMV/Recognizing-sign-language-at-the-word-level/data/datasets/WLASL/branch_inputs/regions/rtmw_l/tensors/nslt100/train/51057.npz,,F:/DMV/Recognizing-sign-language-at-the-word-level/data/datasets/WLASL/branch_inputs/regions/rtmw_l/previews/nslt100/train/51057_preview.jpg,85,64,"[3, 3, 64, 112, 112]",0.5,0.703125,1.0,0.046875,0.453125,0.5,0.65625,0.046875,0.296875,1.0,0.0,0.0,2.5833879311879477,5.366364274706159,8.4224311709404,ok,,left_hand_fallback_limit_reached=3;right_hand_fallback_limit_reached=3;left_hand_prev_bbox_fallback_frames=29;left_hand_black_frames=32;right_hand_prev_bbox_fallback_frames=3;right_hand_black_frames=19
wlasl:51058,51058,51058,shirt,46,train,F:/DMV/Recognizing-sign-language-at-the-word-level/data/datasets/WLASL/branch_inputs/regions/rtmw_l/tensors/nslt100/train/51058.npz,,F:/DMV/Recognizing-sign-language-at-the-word-level/data/datasets/WLASL/branch_inputs/regions/rtmw_l/previews/nslt100/train/51058_preview.jpg,81,64,"[3, 3, 64, 112, 112]",0.75,0.96875,1.0,0.40625,0.34375,0.25,0.921875,0.046875,0.03125,1.0,0.0,0.0,2.6743597709215603,5.922722202236369,8.311745941638947,ok,,left_hand_fallback_limit_reached=3;left_hand_prev_bbox_fallback_frames=22;left_hand_black_frames=16;right_hand_prev_bbox_fallback_frames=3;right_hand_black_frames=2
wlasl:51059,51059,51059,shirt,46,train,F:/DMV/Recognizing-sign-language-at-the-word-level/data/datasets/WLASL/branch_inputs/regions/rtmw_l/tensors/nslt100/train/51059.npz,,F:/DMV/Recognizing-sign-language-at-the-word-level/data/datasets/WLASL/branch_inputs/regions/rtmw_l/previews/nslt100/train/51059_preview.jpg,98,64,"[3, 3, 64, 112, 112]",0.75,0.859375,1.0,0.5625,0.1875,0.25,0.828125,0.03125,0.140625,1.0,0.0,0.0,5.660674578613705,5.934132625471871,8.071833930909634,ok,,left_hand_fallback_limit_reached=3;left_hand_prev_bbox_fallback_frames=12;left_hand_black_frames=16;right_hand_prev_bbox_fallback_frames=2;right_hand_black_frames=9
wlasl:51060,51060,51060,shirt,46,train,F:/DMV/Recognizing-sign-language-at-the-word-level/data/datasets/WLASL/branch_inputs/regions/rtmw_l/tensors/nslt100/train/51060.npz,,F:/DMV/Recognizing-sign-language-at-the-word-level/data/datasets/WLASL/branch_inputs/regions/rtmw_l/previews/nslt100/train/51060_preview.jpg,38,64,"[3, 3, 64, 112, 112]",0.890625,1.0,1.0,0.75,0.140625,0.109375,1.0,0.0,0.0,1.0,0.0,0.0,4.596591631571452,4.631675088778138,7.720215879380703,ok,,end_frame_clipped_to_video_end;sampled_with_repeated_indices;left_hand_fallback_limit_reached=3;left_hand_prev_bbox_fallback_frames=9;left_hand_black_frames=7
wlasl:51061,51061,51061,shirt,46,train,F:/DMV/Recognizing-sign-language-at-the-word-level/data/datasets/WLASL/branch_inputs/regions/rtmw_l/tensors/nslt100/train/51061.npz,,F:/DMV/Recognizing-sign-language-at-the-word-level/data/datasets/WLASL/branch_inputs/regions/rtmw_l/previews/nslt100/train/51061_preview.jpg,66,64,"[3, 3, 64, 112, 112]",0.078125,1.0,1.0,0.0625,0.015625,0.921875,1.0,0.0,0.0,1.0,0.0,0.0,1.4683213829994202,7.021989341825247,8.545854210853577,ok,,left_hand_prev_bbox_fallback_frames=1;left_hand_black_frames=59
wlasl:51063,51063,51063,shirt,46,train,F:/DMV/Recognizing-sign-language-at-the-word-level/data/datasets/WLASL/branch_inputs/regions/rtmw_l/tensors/nslt100/train/51063.npz,,F:/DMV/Recognizing-sign-language-at-the-word-level/data/datasets/WLASL/branch_inputs/regions/rtmw_l/previews/nslt100/train/51063_preview.jpg,63,64,"[3, 3, 64, 112, 112]",1.0,1.0,1.0,1.0,0.0,0.0,1.0,0.0,0.0,1.0,0.0,0.0,5.9820802845060825,6.6064871698617935,7.894614614546299,ok,,sampled_with_repeated_indices
wlasl:51064,51064,51064,shirt,46,train,F:/DMV/Recognizing-sign-language-at-the-word-level/data/datasets/WLASL/branch_inputs/regions/rtmw_l/tensors/nslt100/train/51064.npz,,F:/DMV/Recognizing-sign-language-at-the-word-level/data/datasets/WLASL/branch_inputs/regions/rtmw_l/previews/nslt100/train/51064_preview.jpg,83,64,"[3, 3, 64, 112, 112]",0.953125,1.0,1.0,0.8125,0.140625,0.046875,1.0,0.0,0.0,1.0,0.0,0.0,2.7115717301001916,6.8338146433234215,7.78021527826786,ok,,left_hand_fallback_limit_reached=3;left_hand_prev_bbox_fallback_frames=9;left_hand_black_frames=3
wlasl:51221,51221,51221,short,72,train,F:/DMV/Recognizing-sign-language-at-the-word-level/data/datasets/WLASL/branch_inputs/regions/rtmw_l/tensors/nslt100/train/51221.npz,,F:/DMV/Recognizing-sign-language-at-the-word-level/data/datasets/WLASL/branch_inputs/regions/rtmw_l/previews/nslt100/train/51221_preview.jpg,85,64,"[3, 3, 64, 112, 112]",0.578125,0.8125,1.0,0.234375,0.34375,0.421875,0.78125,0.03125,0.1875,1.0,0.0,0.0,2.574753745396932,6.69644865989685,8.408559203147888,ok,,left_hand_fallback_limit_reached=3;left_hand_prev_bbox_fallback_frames=22;left_hand_black_frames=27;right_hand_prev_bbox_fallback_frames=2;right_hand_black_frames=12
wlasl:51223,51223,51223,short,72,train,F:/DMV/Recognizing-sign-language-at-the-word-level/data/datasets/WLASL/branch_inputs/regions/rtmw_l/tensors/nslt100/train/51223.npz,,F:/DMV/Recognizing-sign-language-at-the-word-level/data/datasets/WLASL/branch_inputs/regions/rtmw_l/previews/nslt100/train/51223_preview.jpg,32,64,"[3, 3, 64, 112, 112]",0.78125,0.96875,1.0,0.28125,0.5,0.21875,0.9375,0.03125,0.03125,1.0,0.0,0.0,2.1217909389071994,5.217201101779938,7.714633598923683,ok,,end_frame_clipped_to_video_end;sampled_with_repeated_indices;left_hand_fallback_limit_reached=3;left_hand_prev_bbox_fallback_frames=32;left_hand_black_frames=14;right_hand_prev_bbox_fallback_frames=2;right_hand_black_frames=2
wlasl:51225,51225,51225,short,72,train,F:/DMV/Recognizing-sign-language-at-the-word-level/data/datasets/WLASL/branch_inputs/regions/rtmw_l/tensors/nslt100/train/51225.npz,,F:/DMV/Recognizing-sign-language-at-the-word-level/data/datasets/WLASL/branch_inputs/regions/rtmw_l/previews/nslt100/train/51225_preview.jpg,81,64,"[3, 3, 64, 112, 112]",0.953125,0.71875,1.0,0.796875,0.15625,0.046875,0.71875,0.0,0.28125,1.0,0.0,0.0,5.44295028144238,5.173868827197863,7.7476611956954,ok,,left_hand_fallback_limit_reached=3;left_hand_prev_bbox_fallback_frames=10;left_hand_black_frames=3;right_hand_black_frames=18
wlasl:51226,51226,51226,short,72,train,F:/DMV/Recognizing-sign-language-at-the-word-level/data/datasets/WLASL/branch_inputs/regions/rtmw_l/tensors/nslt100/train/51226.npz,,F:/DMV/Recognizing-sign-language-at-the-word-level/data/datasets/WLASL/branch_inputs/regions/rtmw_l/previews/nslt100/train/51226_preview.jpg,66,64,"[3, 3, 64, 112, 112]",0.0,1.0,1.0,0.0,0.0,1.0,1.0,0.0,0.0,1.0,0.0,0.0,0.0,6.289420902729034,8.425702825188637,ok,,left_hand_black_frames=64
wlasl:51231,51231,51231,short,72,train,F:/DMV/Recognizing-sign-language-at-the-word-level/data/datasets/WLASL/branch_inputs/regions/rtmw_l/tensors/nslt100/train/51231.npz,,F:/DMV/Recognizing-sign-language-at-the-word-level/data/datasets/WLASL/branch_inputs/regions/rtmw_l/previews/nslt100/train/51231_preview.jpg,38,64,"[3, 3, 64, 112, 112]",1.0,1.0,1.0,1.0,0.0,0.0,1.0,0.0,0.0,1.0,0.0,0.0,6.466534718871117,6.459083370864391,8.414541363716125,ok,,sampled_with_repeated_indices
wlasl:51232,51232,51232,short,72,train,F:/DMV/Recognizing-sign-language-at-the-word-level/data/datasets/WLASL/branch_inputs/regions/rtmw_l/tensors/nslt100/train/51232.npz,,F:/DMV/Recognizing-sign-language-at-the-word-level/data/datasets/WLASL/branch_inputs/regions/rtmw_l/previews/nslt100/train/51232_preview.jpg,29,64,"[3, 3, 64, 112, 112]",1.0,1.0,1.0,1.0,0.0,0.0,1.0,0.0,0.0,1.0,0.0,0.0,2.5160892456769943,6.657341368496418,7.346581168472767,ok,,sampled_with_repeated_indices
wlasl:51235,51235,51235,short,72,train,F:/DMV/Recognizing-sign-language-at-the-word-level/data/datasets/WLASL/branch_inputs/regions/rtmw_l/tensors/nslt100/train/51235.npz,,F:/DMV/Recognizing-sign-language-at-the-word-level/data/datasets/WLASL/branch_inputs/regions/rtmw_l/previews/nslt100/train/51235_preview.jpg,78,64,"[3, 3, 64, 112, 112]",0.6875,0.796875,1.0,0.5625,0.125,0.3125,0.59375,0.203125,0.203125,1.0,0.0,0.0,5.205214109685686,5.226330048159549,7.531408347189426,ok,,right_hand_fallback_limit_reached=3;left_hand_fallback_limit_reached=3;left_hand_prev_bbox_fallback_frames=8;left_hand_black_frames=20;right_hand_prev_bbox_fallback_frames=13;right_hand_black_frames=13
wlasl:51236,51236,51236,short,72,train,F:/DMV/Recognizing-sign-language-at-the-word-level/data/datasets/WLASL/branch_inputs/regions/rtmw_l/tensors/nslt100/train/51236.npz,,F:/DMV/Recognizing-sign-language-at-the-word-level/data/datasets/WLASL/branch_inputs/regions/rtmw_l/previews/nslt100/train/51236_preview.jpg,82,64,"[3, 3, 64, 112, 112]",0.96875,1.0,1.0,0.859375,0.109375,0.03125,0.9375,0.0625,0.0,1.0,0.0,0.0,2.9523835225538773,5.332539943854014,7.807672776281834,ok,,left_hand_fallback_limit_reached=3;left_hand_prev_bbox_fallback_frames=7;left_hand_black_frames=2;right_hand_prev_bbox_fallback_frames=4
wlasl:53268,53268,53268,son,97,train,F:/DMV/Recognizing-sign-language-at-the-word-level/data/datasets/WLASL/branch_inputs/regions/rtmw_l/tensors/nslt100/train/53268.npz,,F:/DMV/Recognizing-sign-language-at-the-word-level/data/datasets/WLASL/branch_inputs/regions/rtmw_l/previews/nslt100/train/53268_preview.jpg,64,64,"[3, 3, 64, 112, 112]",1.0,1.0,1.0,1.0,0.0,0.0,1.0,0.0,0.0,1.0,0.0,0.0,6.5073393657803535,6.04513343796134,7.976201646029949,ok,,
wlasl:53270,53270,53270,son,97,train,F:/DMV/Recognizing-sign-language-at-the-word-level/data/datasets/WLASL/branch_inputs/regions/rtmw_l/tensors/nslt100/train/53270.npz,,F:/DMV/Recognizing-sign-language-at-the-word-level/data/datasets/WLASL/branch_inputs/regions/rtmw_l/previews/nslt100/train/53270_preview.jpg,40,64,"[3, 3, 64, 112, 112]",1.0,1.0,1.0,1.0,0.0,0.0,1.0,0.0,0.0,1.0,0.0,0.0,5.1172406785190105,5.116616107523441,7.373182415962219,ok,,sampled_with_repeated_indices
wlasl:53271,53271,53271,son,97,train,F:/DMV/Recognizing-sign-language-at-the-word-level/data/datasets/WLASL/branch_inputs/regions/rtmw_l/tensors/nslt100/train/53271.npz,,F:/DMV/Recognizing-sign-language-at-the-word-level/data/datasets/WLASL/branch_inputs/regions/rtmw_l/previews/nslt100/train/53271_preview.jpg,73,64,"[3, 3, 64, 112, 112]",0.75,1.0,1.0,0.609375,0.140625,0.25,1.0,0.0,0.0,1.0,0.0,0.0,7.247703689795274,6.256196238100529,8.290824934840202,ok,,left_hand_fallback_limit_reached=3;left_hand_prev_bbox_fallback_frames=9;left_hand_black_frames=16
wlasl:53273,53273,53273,son,97,train,F:/DMV/Recognizing-sign-language-at-the-word-level/data/datasets/WLASL/branch_inputs/regions/rtmw_l/tensors/nslt100/train/53273.npz,,F:/DMV/Recognizing-sign-language-at-the-word-level/data/datasets/WLASL/branch_inputs/regions/rtmw_l/previews/nslt100/train/53273_preview.jpg,29,64,"[3, 3, 64, 112, 112]",1.0,1.0,1.0,1.0,0.0,0.0,1.0,0.0,0.0,1.0,0.0,0.0,5.765725634992123,5.0674222484230995,6.955181285738945,ok,,sampled_with_repeated_indices
wlasl:53275,53275,53275,son,97,train,F:/DMV/Recognizing-sign-language-at-the-word-level/data/datasets/WLASL/branch_inputs/regions/rtmw_l/tensors/nslt100/train/53275.npz,,F:/DMV/Recognizing-sign-language-at-the-word-level/data/datasets/WLASL/branch_inputs/regions/rtmw_l/previews/nslt100/train/53275_preview.jpg,36,64,"[3, 3, 64, 112, 112]",1.0,1.0,1.0,1.0,0.0,0.0,1.0,0.0,0.0,1.0,0.0,0.0,6.320841796696186,4.967701613903046,7.048738896846771,ok,,sampled_with_repeated_indices
wlasl:53279,53279,53279,son,97,train,F:/DMV/Recognizing-sign-language-at-the-word-level/data/datasets/WLASL/branch_inputs/regions/rtmw_l/tensors/nslt100/train/53279.npz,,F:/DMV/Recognizing-sign-language-at-the-word-level/data/datasets/WLASL/branch_inputs/regions/rtmw_l/previews/nslt100/train/53279_preview.jpg,68,64,"[3, 3, 64, 112, 112]",0.96875,1.0,1.0,0.875,0.09375,0.03125,1.0,0.0,0.0,1.0,0.0,0.0,4.550156474113464,4.964121758937836,7.818458989262581,ok,,left_hand_fallback_limit_reached=3;left_hand_prev_bbox_fallback_frames=6;left_hand_black_frames=2
wlasl:55361,55361,55361,study,47,train,F:/DMV/Recognizing-sign-language-at-the-word-level/data/datasets/WLASL/branch_inputs/regions/rtmw_l/tensors/nslt100/train/55361.npz,,F:/DMV/Recognizing-sign-language-at-the-word-level/data/datasets/WLASL/branch_inputs/regions/rtmw_l/previews/nslt100/train/55361_preview.jpg,147,64,"[3, 3, 64, 112, 112]",0.90625,1.0,1.0,0.53125,0.375,0.09375,1.0,0.0,0.0,1.0,0.0,0.0,2.2270375455127045,4.980749472975731,8.042548149824142,ok,,end_frame_clipped_to_video_end;left_hand_fallback_limit_reached=3;left_hand_prev_bbox_fallback_frames=24;left_hand_black_frames=6
wlasl:55362,55362,55362,study,47,train,F:/DMV/Recognizing-sign-language-at-the-word-level/data/datasets/WLASL/branch_inputs/regions/rtmw_l/tensors/nslt100/train/55362.npz,,F:/DMV/Recognizing-sign-language-at-the-word-level/data/datasets/WLASL/branch_inputs/regions/rtmw_l/previews/nslt100/train/55362_preview.jpg,93,64,"[3, 3, 64, 112, 112]",1.0,1.0,1.0,1.0,0.0,0.0,1.0,0.0,0.0,1.0,0.0,0.0,6.413112714886665,5.330311223864555,7.864006377756596,ok,,
wlasl:55363,55363,55363,study,47,train,F:/DMV/Recognizing-sign-language-at-the-word-level/data/datasets/WLASL/branch_inputs/regions/rtmw_l/tensors/nslt100/train/55363.npz,,F:/DMV/Recognizing-sign-language-at-the-word-level/data/datasets/WLASL/branch_inputs/regions/rtmw_l/previews/nslt100/train/55363_preview.jpg,68,64,"[3, 3, 64, 112, 112]",1.0,1.0,1.0,0.984375,0.015625,0.0,1.0,0.0,0.0,1.0,0.0,0.0,6.242240224565778,5.222247492522001,7.797473415732384,ok,,left_hand_prev_bbox_fallback_frames=1
wlasl:55364,55364,55364,study,47,train,F:/DMV/Recognizing-sign-language-at-the-word-level/data/datasets/WLASL/branch_inputs/regions/rtmw_l/tensors/nslt100/train/55364.npz,,F:/DMV/Recognizing-sign-language-at-the-word-level/data/datasets/WLASL/branch_inputs/regions/rtmw_l/previews/nslt100/train/55364_preview.jpg,34,64,"[3, 3, 64, 112, 112]",0.921875,0.984375,1.0,0.5,0.421875,0.078125,0.875,0.109375,0.015625,1.0,0.0,0.0,4.20131378993392,5.113846463816507,7.545531235635281,ok,,end_frame_clipped_to_video_end;sampled_with_repeated_indices;right_hand_fallback_limit_reached=3;left_hand_fallback_limit_reached=3;left_hand_prev_bbox_fallback_frames=27;left_hand_black_frames=5;right_hand_prev_bbox_fallback_frames=7;right_hand_black_frames=1
wlasl:55365,55365,55365,study,47,train,F:/DMV/Recognizing-sign-language-at-the-word-level/data/datasets/WLASL/branch_inputs/regions/rtmw_l/tensors/nslt100/train/55365.npz,,F:/DMV/Recognizing-sign-language-at-the-word-level/data/datasets/WLASL/branch_inputs/regions/rtmw_l/previews/nslt100/train/55365_preview.jpg,87,64,"[3, 3, 64, 112, 112]",0.828125,0.828125,1.0,0.828125,0.0,0.171875,0.8125,0.015625,0.171875,1.0,0.0,0.0,7.0304818693197,6.909643778434167,7.867469474673271,ok,,left_hand_black_frames=11;right_hand_prev_bbox_fallback_frames=1;right_hand_black_frames=11
wlasl:55366,55366,55366,study,47,train,F:/DMV/Recognizing-sign-language-at-the-word-level/data/datasets/WLASL/branch_inputs/regions/rtmw_l/tensors/nslt100/train/55366.npz,,F:/DMV/Recognizing-sign-language-at-the-word-level/data/datasets/WLASL/branch_inputs/regions/rtmw_l/previews/nslt100/train/55366_preview.jpg,63,64,"[3, 3, 64, 112, 112]",0.859375,0.828125,1.0,0.71875,0.140625,0.140625,0.359375,0.46875,0.171875,1.0,0.0,0.0,6.30789968241816,5.665153031763823,7.803853131830692,ok,,sampled_with_repeated_indices;right_hand_fallback_limit_reached=3;left_hand_fallback_limit_reached=3;left_hand_prev_bbox_fallback_frames=9;left_hand_black_frames=9;right_hand_prev_bbox_fallback_frames=30;right_hand_black_frames=11
wlasl:55368,55368,55368,study,47,train,F:/DMV/Recognizing-sign-language-at-the-word-level/data/datasets/WLASL/branch_inputs/regions/rtmw_l/tensors/nslt100/train/55368.npz,,F:/DMV/Recognizing-sign-language-at-the-word-level/data/datasets/WLASL/branch_inputs/regions/rtmw_l/previews/nslt100/train/55368_preview.jpg,33,64,"[3, 3, 64, 112, 112]",0.0,1.0,1.0,0.0,0.0,1.0,1.0,0.0,0.0,1.0,0.0,0.0,0.0,7.3548818081617355,7.9142961874604225,ok,,sampled_with_repeated_indices;left_hand_black_frames=64
wlasl:55369,55369,55369,study,47,train,F:/DMV/Recognizing-sign-language-at-the-word-level/data/datasets/WLASL/branch_inputs/regions/rtmw_l/tensors/nslt100/train/55369.npz,,F:/DMV/Recognizing-sign-language-at-the-word-level/data/datasets/WLASL/branch_inputs/regions/rtmw_l/previews/nslt100/train/55369_preview.jpg,86,64,"[3, 3, 64, 112, 112]",1.0,1.0,1.0,1.0,0.0,0.0,1.0,0.0,0.0,1.0,0.0,0.0,6.670524872839451,7.5075197368860245,7.805797763168812,ok,,
wlasl:56556,56556,56556,table,28,train,F:/DMV/Recognizing-sign-language-at-the-word-level/data/datasets/WLASL/branch_inputs/regions/rtmw_l/tensors/nslt100/train/56556.npz,,F:/DMV/Recognizing-sign-language-at-the-word-level/data/datasets/WLASL/branch_inputs/regions/rtmw_l/previews/nslt100/train/56556_preview.jpg,62,64,"[3, 3, 64, 112, 112]",1.0,1.0,1.0,0.96875,0.03125,0.0,1.0,0.0,0.0,1.0,0.0,0.0,6.356260468882899,5.79954282194376,8.027365788817406,ok,,sampled_with_repeated_indices;left_hand_prev_bbox_fallback_frames=2
wlasl:56557,56557,56557,table,28,train,F:/DMV/Recognizing-sign-language-at-the-word-level/data/datasets/WLASL/branch_inputs/regions/rtmw_l/tensors/nslt100/train/56557.npz,,F:/DMV/Recognizing-sign-language-at-the-word-level/data/datasets/WLASL/branch_inputs/regions/rtmw_l/previews/nslt100/train/56557_preview.jpg,38,64,"[3, 3, 64, 112, 112]",0.90625,0.90625,1.0,0.859375,0.046875,0.09375,0.859375,0.046875,0.09375,1.0,0.0,0.0,4.345008186860518,5.426052748073231,8.000473462045193,ok,,end_frame_clipped_to_video_end;sampled_with_repeated_indices;left_hand_prev_bbox_fallback_frames=3;left_hand_black_frames=6;right_hand_prev_bbox_fallback_frames=3;right_hand_black_frames=6
wlasl:56558,56558,56558,table,28,train,F:/DMV/Recognizing-sign-language-at-the-word-level/data/datasets/WLASL/branch_inputs/regions/rtmw_l/tensors/nslt100/train/56558.npz,,F:/DMV/Recognizing-sign-language-at-the-word-level/data/datasets/WLASL/branch_inputs/regions/rtmw_l/previews/nslt100/train/56558_preview.jpg,87,64,"[3, 3, 64, 112, 112]",1.0,1.0,1.0,1.0,0.0,0.0,1.0,0.0,0.0,1.0,0.0,0.0,4.875363579019904,5.046793755143881,7.887687958776951,ok,,
wlasl:56563,56563,56563,table,28,train,F:/DMV/Recognizing-sign-language-at-the-word-level/data/datasets/WLASL/branch_inputs/regions/rtmw_l/tensors/nslt100/train/56563.npz,,F:/DMV/Recognizing-sign-language-at-the-word-level/data/datasets/WLASL/branch_inputs/regions/rtmw_l/previews/nslt100/train/56563_preview.jpg,35,64,"[3, 3, 64, 112, 112]",1.0,1.0,1.0,1.0,0.0,0.0,1.0,0.0,0.0,1.0,0.0,0.0,4.287918820977211,4.76311594247818,6.8468164429068565,ok,,sampled_with_repeated_indices
wlasl:56579,56579,56579,table,28,train,F:/DMV/Recognizing-sign-language-at-the-word-level/data/datasets/WLASL/branch_inputs/regions/rtmw_l/tensors/nslt100/train/56579.npz,,F:/DMV/Recognizing-sign-language-at-the-word-level/data/datasets/WLASL/branch_inputs/regions/rtmw_l/previews/nslt100/train/56579_preview.jpg,61,64,"[3, 3, 64, 112, 112]",1.0,1.0,1.0,1.0,0.0,0.0,0.984375,0.015625,0.0,1.0,0.0,0.0,4.615379083901644,5.2270099813975985,7.671877898275852,ok,,sampled_with_repeated_indices;right_hand_prev_bbox_fallback_frames=1
wlasl:56837,56837,56837,tall,48,train,F:/DMV/Recognizing-sign-language-at-the-word-level/data/datasets/WLASL/branch_inputs/regions/rtmw_l/tensors/nslt100/train/56837.npz,,F:/DMV/Recognizing-sign-language-at-the-word-level/data/datasets/WLASL/branch_inputs/regions/rtmw_l/previews/nslt100/train/56837_preview.jpg,92,64,"[3, 3, 64, 112, 112]",1.0,1.0,1.0,1.0,0.0,0.0,1.0,0.0,0.0,1.0,0.0,0.0,4.9726749658584595,5.117920339107513,7.886733151972294,ok,,
wlasl:56838,56838,56838,tall,48,train,F:/DMV/Recognizing-sign-language-at-the-word-level/data/datasets/WLASL/branch_inputs/regions/rtmw_l/tensors/nslt100/train/56838.npz,,F:/DMV/Recognizing-sign-language-at-the-word-level/data/datasets/WLASL/branch_inputs/regions/rtmw_l/previews/nslt100/train/56838_preview.jpg,82,64,"[3, 3, 64, 112, 112]",0.84375,0.890625,1.0,0.65625,0.1875,0.15625,0.8125,0.078125,0.109375,1.0,0.0,0.0,4.543870335533505,5.650172077692472,8.31796059012413,ok,,left_hand_fallback_limit_reached=3;right_hand_fallback_limit_reached=3;left_hand_prev_bbox_fallback_frames=12;left_hand_black_frames=10;right_hand_prev_bbox_fallback_frames=5;right_hand_black_frames=7
wlasl:56839,56839,56839,tall,48,train,F:/DMV/Recognizing-sign-language-at-the-word-level/data/datasets/WLASL/branch_inputs/regions/rtmw_l/tensors/nslt100/train/56839.npz,,F:/DMV/Recognizing-sign-language-at-the-word-level/data/datasets/WLASL/branch_inputs/regions/rtmw_l/previews/nslt100/train/56839_preview.jpg,38,64,"[3, 3, 64, 112, 112]",0.75,0.921875,1.0,0.078125,0.671875,0.25,0.796875,0.125,0.078125,1.0,0.0,0.0,1.8366081476211549,5.366143759559183,7.6466246992349625,ok,,end_frame_clipped_to_video_end;sampled_with_repeated_indices;left_hand_fallback_limit_reached=3;right_hand_fallback_limit_reached=3;left_hand_prev_bbox_fallback_frames=43;left_hand_black_frames=16;right_hand_prev_bbox_fallback_frames=8;right_hand_black_frames=5
wlasl:56841,56841,56841,tall,48,train,F:/DMV/Recognizing-sign-language-at-the-word-level/data/datasets/WLASL/branch_inputs/regions/rtmw_l/tensors/nslt100/train/56841.npz,,F:/DMV/Recognizing-sign-language-at-the-word-level/data/datasets/WLASL/branch_inputs/regions/rtmw_l/previews/nslt100/train/56841_preview.jpg,40,64,"[3, 3, 64, 112, 112]",0.0,1.0,1.0,0.0,0.0,1.0,1.0,0.0,0.0,1.0,0.0,0.0,0.0,5.468277394771576,7.864262029528618,ok,,sampled_with_repeated_indices;left_hand_black_frames=64
wlasl:56842,56842,56842,tall,48,train,F:/DMV/Recognizing-sign-language-at-the-word-level/data/datasets/WLASL/branch_inputs/regions/rtmw_l/tensors/nslt100/train/56842.npz,,F:/DMV/Recognizing-sign-language-at-the-word-level/data/datasets/WLASL/branch_inputs/regions/rtmw_l/previews/nslt100/train/56842_preview.jpg,42,64,"[3, 3, 64, 112, 112]",0.890625,0.875,1.0,0.8125,0.078125,0.109375,0.78125,0.09375,0.125,1.0,0.0,0.0,4.438104519477258,4.60350305557251,7.397212520241737,ok,,end_frame_clipped_to_video_end;sampled_with_repeated_indices;right_hand_fallback_limit_reached=3;left_hand_fallback_limit_reached=3;left_hand_prev_bbox_fallback_frames=5;left_hand_black_frames=7;right_hand_prev_bbox_fallback_frames=6;right_hand_black_frames=8
wlasl:56844,56844,56844,tall,48,train,F:/DMV/Recognizing-sign-language-at-the-word-level/data/datasets/WLASL/branch_inputs/regions/rtmw_l/tensors/nslt100/train/56844.npz,,F:/DMV/Recognizing-sign-language-at-the-word-level/data/datasets/WLASL/branch_inputs/regions/rtmw_l/previews/nslt100/train/56844_preview.jpg,93,64,"[3, 3, 64, 112, 112]",0.625,0.65625,1.0,0.453125,0.171875,0.375,0.578125,0.078125,0.34375,1.0,0.0,0.0,3.2266363111035576,3.6850969275912724,7.914978556334972,ok,,left_hand_fallback_limit_reached=3;right_hand_fallback_limit_reached=3;left_hand_prev_bbox_fallback_frames=11;left_hand_black_frames=24;right_hand_prev_bbox_fallback_frames=5;right_hand_black_frames=22
wlasl:56846,56846,56846,tall,48,train,F:/DMV/Recognizing-sign-language-at-the-word-level/data/datasets/WLASL/branch_inputs/regions/rtmw_l/tensors/nslt100/train/56846.npz,,F:/DMV/Recognizing-sign-language-at-the-word-level/data/datasets/WLASL/branch_inputs/regions/rtmw_l/previews/nslt100/train/56846_preview.jpg,36,64,"[3, 3, 64, 112, 112]",1.0,1.0,1.0,1.0,0.0,0.0,1.0,0.0,0.0,1.0,0.0,0.0,2.5124488584697247,5.461605370044708,7.325573690235615,ok,,sampled_with_repeated_indices
wlasl:56848,56848,56848,tall,48,train,F:/DMV/Recognizing-sign-language-at-the-word-level/data/datasets/WLASL/branch_inputs/regions/rtmw_l/tensors/nslt100/train/56848.npz,,F:/DMV/Recognizing-sign-language-at-the-word-level/data/datasets/WLASL/branch_inputs/regions/rtmw_l/previews/nslt100/train/56848_preview.jpg,31,64,"[3, 3, 64, 112, 112]",1.0,1.0,1.0,0.9375,0.0625,0.0,1.0,0.0,0.0,1.0,0.0,0.0,3.594539443651835,4.565894886851311,6.728458471596241,ok,,sampled_with_repeated_indices;left_hand_prev_bbox_fallback_frames=4
wlasl:56852,56852,56852,tall,48,train,F:/DMV/Recognizing-sign-language-at-the-word-level/data/datasets/WLASL/branch_inputs/regions/rtmw_l/tensors/nslt100/train/56852.npz,,F:/DMV/Recognizing-sign-language-at-the-word-level/data/datasets/WLASL/branch_inputs/regions/rtmw_l/previews/nslt100/train/56852_preview.jpg,72,64,"[3, 3, 64, 112, 112]",1.0,1.0,1.0,1.0,0.0,0.0,1.0,0.0,0.0,1.0,0.0,0.0,4.120478535071015,4.664328794926405,7.507039576768875,ok,,
wlasl:57276,57276,57276,tell,98,train,F:/DMV/Recognizing-sign-language-at-the-word-level/data/datasets/WLASL/branch_inputs/regions/rtmw_l/tensors/nslt100/train/57276.npz,,F:/DMV/Recognizing-sign-language-at-the-word-level/data/datasets/WLASL/branch_inputs/regions/rtmw_l/previews/nslt100/train/57276_preview.jpg,93,64,"[3, 3, 64, 112, 112]",0.71875,0.734375,1.0,0.375,0.34375,0.28125,0.390625,0.34375,0.265625,1.0,0.0,0.0,2.472446918487549,4.734814128875732,7.534247443079948,ok,,end_frame_clipped_to_video_end;left_hand_fallback_limit_reached=3;right_hand_fallback_limit_reached=3;left_hand_prev_bbox_fallback_frames=22;left_hand_black_frames=18;right_hand_prev_bbox_fallback_frames=22;right_hand_black_frames=17
wlasl:57277,57277,57277,tell,98,train,F:/DMV/Recognizing-sign-language-at-the-word-level/data/datasets/WLASL/branch_inputs/regions/rtmw_l/tensors/nslt100/train/57277.npz,,F:/DMV/Recognizing-sign-language-at-the-word-level/data/datasets/WLASL/branch_inputs/regions/rtmw_l/previews/nslt100/train/57277_preview.jpg,37,64,"[3, 3, 64, 112, 112]",0.8125,0.890625,1.0,0.515625,0.296875,0.1875,0.765625,0.125,0.109375,1.0,0.0,0.0,1.9431132475535076,4.684635690280369,7.463704414665699,ok,,end_frame_clipped_to_video_end;sampled_with_repeated_indices;left_hand_fallback_limit_reached=3;left_hand_prev_bbox_fallback_frames=19;left_hand_black_frames=12;right_hand_prev_bbox_fallback_frames=8;right_hand_black_frames=7
wlasl:57283,57283,57283,tell,98,train,F:/DMV/Recognizing-sign-language-at-the-word-level/data/datasets/WLASL/branch_inputs/regions/rtmw_l/tensors/nslt100/train/57283.npz,,F:/DMV/Recognizing-sign-language-at-the-word-level/data/datasets/WLASL/branch_inputs/regions/rtmw_l/previews/nslt100/train/57283_preview.jpg,48,64,"[3, 3, 64, 112, 112]",0.765625,1.0,1.0,0.140625,0.625,0.234375,1.0,0.0,0.0,1.0,0.0,0.0,1.6141213046179876,4.827365688979626,7.043923318386078,ok,,sampled_with_repeated_indices;left_hand_fallback_limit_reached=3;left_hand_prev_bbox_fallback_frames=40;left_hand_black_frames=15
wlasl:57284,57284,57284,tell,98,train,F:/DMV/Recognizing-sign-language-at-the-word-level/data/datasets/WLASL/branch_inputs/regions/rtmw_l/tensors/nslt100/train/57284.npz,,F:/DMV/Recognizing-sign-language-at-the-word-level/data/datasets/WLASL/branch_inputs/regions/rtmw_l/previews/nslt100/train/57284_preview.jpg,38,64,"[3, 3, 64, 112, 112]",0.0,1.0,1.0,0.0,0.0,1.0,1.0,0.0,0.0,1.0,0.0,0.0,0.0,5.367469914257526,6.990245588123798,ok,,sampled_with_repeated_indices;left_hand_black_frames=64
wlasl:57286,57286,57286,tell,98,train,F:/DMV/Recognizing-sign-language-at-the-word-level/data/datasets/WLASL/branch_inputs/regions/rtmw_l/tensors/nslt100/train/57286.npz,,F:/DMV/Recognizing-sign-language-at-the-word-level/data/datasets/WLASL/branch_inputs/regions/rtmw_l/previews/nslt100/train/57286_preview.jpg,35,64,"[3, 3, 64, 112, 112]",0.40625,1.0,1.0,0.0625,0.34375,0.59375,1.0,0.0,0.0,1.0,0.0,0.0,2.2307310104370117,5.030724719166756,6.5747760608792305,ok,,sampled_with_repeated_indices;left_hand_fallback_limit_reached=3;left_hand_prev_bbox_fallback_frames=22;left_hand_black_frames=38
wlasl:57287,57287,57287,tell,98,train,F:/DMV/Recognizing-sign-language-at-the-word-level/data/datasets/WLASL/branch_inputs/regions/rtmw_l/tensors/nslt100/train/57287.npz,,F:/DMV/Recognizing-sign-language-at-the-word-level/data/datasets/WLASL/branch_inputs/regions/rtmw_l/previews/nslt100/train/57287_preview.jpg,35,64,"[3, 3, 64, 112, 112]",0.0,1.0,1.0,0.0,0.0,1.0,1.0,0.0,0.0,1.0,0.0,0.0,0.0,4.972176909446716,6.844796605408192,ok,,sampled_with_repeated_indices;left_hand_black_frames=64
wlasl:57291,57291,57291,tell,98,train,F:/DMV/Recognizing-sign-language-at-the-word-level/data/datasets/WLASL/branch_inputs/regions/rtmw_l/tensors/nslt100/train/57291.npz,,F:/DMV/Recognizing-sign-language-at-the-word-level/data/datasets/WLASL/branch_inputs/regions/rtmw_l/previews/nslt100/train/57291_preview.jpg,70,64,"[3, 3, 64, 112, 112]",0.90625,1.0,1.0,0.59375,0.3125,0.09375,1.0,0.0,0.0,1.0,0.0,0.0,2.345569460015548,4.140601973980665,7.678632251918316,ok,,left_hand_fallback_limit_reached=3;left_hand_prev_bbox_fallback_frames=20;left_hand_black_frames=6
wlasl:57630,57630,57630,thanksgiving,29,train,F:/DMV/Recognizing-sign-language-at-the-word-level/data/datasets/WLASL/branch_inputs/regions/rtmw_l/tensors/nslt100/train/57630.npz,,F:/DMV/Recognizing-sign-language-at-the-word-level/data/datasets/WLASL/branch_inputs/regions/rtmw_l/previews/nslt100/train/57630_preview.jpg,58,64,"[3, 3, 64, 112, 112]",1.0,1.0,1.0,1.0,0.0,0.0,0.984375,0.015625,0.0,1.0,0.0,0.0,7.076145552098751,6.100137475937132,8.148354537785053,ok,,sampled_with_repeated_indices;right_hand_prev_bbox_fallback_frames=1
wlasl:57631,57631,57631,thanksgiving,29,train,F:/DMV/Recognizing-sign-language-at-the-word-level/data/datasets/WLASL/branch_inputs/regions/rtmw_l/tensors/nslt100/train/57631.npz,,F:/DMV/Recognizing-sign-language-at-the-word-level/data/datasets/WLASL/branch_inputs/regions/rtmw_l/previews/nslt100/train/57631_preview.jpg,58,64,"[3, 3, 64, 112, 112]",1.0,1.0,1.0,1.0,0.0,0.0,1.0,0.0,0.0,1.0,0.0,0.0,7.2059327363967896,6.785055950284004,7.860784776508808,ok,,sampled_with_repeated_indices
wlasl:57632,57632,57632,thanksgiving,29,train,F:/DMV/Recognizing-sign-language-at-the-word-level/data/datasets/WLASL/branch_inputs/regions/rtmw_l/tensors/nslt100/train/57632.npz,,F:/DMV/Recognizing-sign-language-at-the-word-level/data/datasets/WLASL/branch_inputs/regions/rtmw_l/previews/nslt100/train/57632_preview.jpg,19,64,"[3, 3, 64, 112, 112]",0.0,1.0,1.0,0.0,0.0,1.0,1.0,0.0,0.0,1.0,0.0,0.0,0.0,5.910551592707634,8.581598311662674,ok,,end_frame_clipped_to_video_end;sampled_with_repeated_indices;left_hand_black_frames=64
wlasl:57633,57633,57633,thanksgiving,29,train,F:/DMV/Recognizing-sign-language-at-the-word-level/data/datasets/WLASL/branch_inputs/regions/rtmw_l/tensors/nslt100/train/57633.npz,,F:/DMV/Recognizing-sign-language-at-the-word-level/data/datasets/WLASL/branch_inputs/regions/rtmw_l/previews/nslt100/train/57633_preview.jpg,74,64,"[3, 3, 64, 112, 112]",0.921875,0.9375,1.0,0.609375,0.3125,0.078125,0.9375,0.0,0.0625,1.0,0.0,0.0,6.520293993827624,6.926983853181203,8.044050142168999,ok,,left_hand_fallback_limit_reached=3;left_hand_prev_bbox_fallback_frames=20;left_hand_black_frames=5;right_hand_black_frames=4
wlasl:57634,57634,57634,thanksgiving,29,train,F:/DMV/Recognizing-sign-language-at-the-word-level/data/datasets/WLASL/branch_inputs/regions/rtmw_l/tensors/nslt100/train/57634.npz,,F:/DMV/Recognizing-sign-language-at-the-word-level/data/datasets/WLASL/branch_inputs/regions/rtmw_l/previews/nslt100/train/57634_preview.jpg,51,64,"[3, 3, 64, 112, 112]",0.90625,0.984375,1.0,0.5625,0.34375,0.09375,0.921875,0.0625,0.015625,1.0,0.0,0.0,2.6089179714520774,4.60402976456335,8.05001575499773,ok,,sampled_with_repeated_indices;left_hand_fallback_limit_reached=3;right_hand_fallback_limit_reached=3;left_hand_prev_bbox_fallback_frames=22;left_hand_black_frames=6;right_hand_prev_bbox_fallback_frames=4;right_hand_black_frames=1
wlasl:57635,57635,57635,thanksgiving,29,train,F:/DMV/Recognizing-sign-language-at-the-word-level/data/datasets/WLASL/branch_inputs/regions/rtmw_l/tensors/nslt100/train/57635.npz,,F:/DMV/Recognizing-sign-language-at-the-word-level/data/datasets/WLASL/branch_inputs/regions/rtmw_l/previews/nslt100/train/57635_preview.jpg,72,64,"[3, 3, 64, 112, 112]",0.625,0.8125,1.0,0.09375,0.53125,0.375,0.765625,0.046875,0.1875,1.0,0.0,0.0,2.4528318643569946,4.502012331875003,7.785024099051952,ok,,left_hand_fallback_limit_reached=3;left_hand_prev_bbox_fallback_frames=34;left_hand_black_frames=24;right_hand_prev_bbox_fallback_frames=3;right_hand_black_frames=12
wlasl:57638,57638,57638,thanksgiving,29,train,F:/DMV/Recognizing-sign-language-at-the-word-level/data/datasets/WLASL/branch_inputs/regions/rtmw_l/tensors/nslt100/train/57638.npz,,F:/DMV/Recognizing-sign-language-at-the-word-level/data/datasets/WLASL/branch_inputs/regions/rtmw_l/previews/nslt100/train/57638_preview.jpg,50,64,"[3, 3, 64, 112, 112]",1.0,1.0,1.0,1.0,0.0,0.0,1.0,0.0,0.0,1.0,0.0,0.0,7.485601954162121,6.981448344886303,7.334683336317539,ok,,sampled_with_repeated_indices
wlasl:57641,57641,57641,thanksgiving,29,train,F:/DMV/Recognizing-sign-language-at-the-word-level/data/datasets/WLASL/branch_inputs/regions/rtmw_l/tensors/nslt100/train/57641.npz,,F:/DMV/Recognizing-sign-language-at-the-word-level/data/datasets/WLASL/branch_inputs/regions/rtmw_l/previews/nslt100/train/57641_preview.jpg,26,64,"[3, 3, 64, 112, 112]",0.0,1.0,1.0,0.0,0.0,1.0,1.0,0.0,0.0,1.0,0.0,0.0,0.0,5.018857583403587,6.788304477930069,ok,,sampled_with_repeated_indices;left_hand_black_frames=64
wlasl:57647,57647,57647,thanksgiving,29,train,F:/DMV/Recognizing-sign-language-at-the-word-level/data/datasets/WLASL/branch_inputs/regions/rtmw_l/tensors/nslt100/train/57647.npz,,F:/DMV/Recognizing-sign-language-at-the-word-level/data/datasets/WLASL/branch_inputs/regions/rtmw_l/previews/nslt100/train/57647_preview.jpg,71,64,"[3, 3, 64, 112, 112]",0.890625,1.0,1.0,0.53125,0.359375,0.109375,1.0,0.0,0.0,1.0,0.0,0.0,2.480720348217908,4.3371264804154634,7.790153741836548,ok,,left_hand_fallback_limit_reached=3;left_hand_prev_bbox_fallback_frames=23;left_hand_black_frames=7
wlasl:57934,57934,57934,thin,14,train,F:/DMV/Recognizing-sign-language-at-the-word-level/data/datasets/WLASL/branch_inputs/regions/rtmw_l/tensors/nslt100/train/57934.npz,,F:/DMV/Recognizing-sign-language-at-the-word-level/data/datasets/WLASL/branch_inputs/regions/rtmw_l/previews/nslt100/train/57934_preview.jpg,77,64,"[3, 3, 64, 112, 112]",1.0,1.0,1.0,1.0,0.0,0.0,1.0,0.0,0.0,1.0,0.0,0.0,6.5330310463905334,5.665903884917498,7.6923816204071045,ok,,
wlasl:57935,57935,57935,thin,14,train,F:/DMV/Recognizing-sign-language-at-the-word-level/data/datasets/WLASL/branch_inputs/regions/rtmw_l/tensors/nslt100/train/57935.npz,,F:/DMV/Recognizing-sign-language-at-the-word-level/data/datasets/WLASL/branch_inputs/regions/rtmw_l/previews/nslt100/train/57935_preview.jpg,77,64,"[3, 3, 64, 112, 112]",1.0,1.0,1.0,1.0,0.0,0.0,1.0,0.0,0.0,1.0,0.0,0.0,5.823993802070618,5.69975196197629,7.569124668836594,ok,,
wlasl:57936,57936,57936,thin,14,train,F:/DMV/Recognizing-sign-language-at-the-word-level/data/datasets/WLASL/branch_inputs/regions/rtmw_l/tensors/nslt100/train/57936.npz,,F:/DMV/Recognizing-sign-language-at-the-word-level/data/datasets/WLASL/branch_inputs/regions/rtmw_l/previews/nslt100/train/57936_preview.jpg,28,64,"[3, 3, 64, 112, 112]",0.796875,0.859375,1.0,0.5625,0.234375,0.203125,0.8125,0.046875,0.140625,1.0,0.0,0.0,1.7512034939395056,4.758707537100865,7.547856047749519,ok,,end_frame_clipped_to_video_end;sampled_with_repeated_indices;left_hand_fallback_limit_reached=3;left_hand_prev_bbox_fallback_frames=15;left_hand_black_frames=13;right_hand_prev_bbox_fallback_frames=3;right_hand_black_frames=9
wlasl:57937,57937,57937,thin,14,train,F:/DMV/Recognizing-sign-language-at-the-word-level/data/datasets/WLASL/branch_inputs/regions/rtmw_l/tensors/nslt100/train/57937.npz,,F:/DMV/Recognizing-sign-language-at-the-word-level/data/datasets/WLASL/branch_inputs/regions/rtmw_l/previews/nslt100/train/57937_preview.jpg,28,64,"[3, 3, 64, 112, 112]",0.734375,1.0,1.0,0.4375,0.296875,0.265625,1.0,0.0,0.0,1.0,0.0,0.0,2.261757735695158,4.721834972500801,8.550180554389954,ok,,sampled_with_repeated_indices;left_hand_fallback_limit_reached=3;left_hand_prev_bbox_fallback_frames=19;left_hand_black_frames=17
wlasl:57939,57939,57939,thin,14,train,F:/DMV/Recognizing-sign-language-at-the-word-level/data/datasets/WLASL/branch_inputs/regions/rtmw_l/tensors/nslt100/train/57939.npz,,F:/DMV/Recognizing-sign-language-at-the-word-level/data/datasets/WLASL/branch_inputs/regions/rtmw_l/previews/nslt100/train/57939_preview.jpg,33,64,"[3, 3, 64, 112, 112]",1.0,1.0,1.0,1.0,0.0,0.0,1.0,0.0,0.0,1.0,0.0,0.0,4.541798781603575,4.9453922137618065,7.485397346317768,ok,,sampled_with_repeated_indices
wlasl:57940,57940,57940,thin,14,train,F:/DMV/Recognizing-sign-language-at-the-word-level/data/datasets/WLASL/branch_inputs/regions/rtmw_l/tensors/nslt100/train/57940.npz,,F:/DMV/Recognizing-sign-language-at-the-word-level/data/datasets/WLASL/branch_inputs/regions/rtmw_l/previews/nslt100/train/57940_preview.jpg,27,64,"[3, 3, 64, 112, 112]",0.78125,1.0,1.0,0.0625,0.71875,0.21875,1.0,0.0,0.0,1.0,0.0,0.0,1.6794070601463318,5.009827107191086,7.797381721436977,ok,,sampled_with_repeated_indices;left_hand_fallback_limit_reached=3;left_hand_prev_bbox_fallback_frames=46;left_hand_black_frames=14
wlasl:57942,57942,57942,thin,14,train,F:/DMV/Recognizing-sign-language-at-the-word-level/data/datasets/WLASL/branch_inputs/regions/rtmw_l/tensors/nslt100/train/57942.npz,,F:/DMV/Recognizing-sign-language-at-the-word-level/data/datasets/WLASL/branch_inputs/regions/rtmw_l/previews/nslt100/train/57942_preview.jpg,63,64,"[3, 3, 64, 112, 112]",0.765625,0.984375,1.0,0.046875,0.71875,0.234375,0.9375,0.046875,0.015625,1.0,0.0,0.0,1.9678047895431519,5.208555283149083,8.191794365644455,ok,,sampled_with_repeated_indices;left_hand_fallback_limit_reached=3;right_hand_fallback_limit_reached=3;left_hand_prev_bbox_fallback_frames=46;left_hand_black_frames=15;right_hand_prev_bbox_fallback_frames=3;right_hand_black_frames=1
wlasl:57947,57947,57947,thin,14,train,F:/DMV/Recognizing-sign-language-at-the-word-level/data/datasets/WLASL/branch_inputs/regions/rtmw_l/tensors/nslt100/train/57947.npz,,F:/DMV/Recognizing-sign-language-at-the-word-level/data/datasets/WLASL/branch_inputs/regions/rtmw_l/previews/nslt100/train/57947_preview.jpg,40,64,"[3, 3, 64, 112, 112]",1.0,1.0,1.0,1.0,0.0,0.0,1.0,0.0,0.0,1.0,0.0,0.0,4.256025888025761,5.263654671609402,6.543687157332897,ok,,sampled_with_repeated_indices
wlasl:57949,57949,57949,thin,14,train,F:/DMV/Recognizing-sign-language-at-the-word-level/data/datasets/WLASL/branch_inputs/regions/rtmw_l/tensors/nslt100/train/57949.npz,,F:/DMV/Recognizing-sign-language-at-the-word-level/data/datasets/WLASL/branch_inputs/regions/rtmw_l/previews/nslt100/train/57949_preview.jpg,46,64,"[3, 3, 64, 112, 112]",0.296875,1.0,1.0,0.015625,0.28125,0.703125,1.0,0.0,0.0,1.0,0.0,0.0,1.918222188949585,5.490108497440815,7.469148173928261,ok,,sampled_with_repeated_indices;left_hand_fallback_limit_reached=3;left_hand_prev_bbox_fallback_frames=18;left_hand_black_frames=45
wlasl:57953,57953,57953,thin,14,train,F:/DMV/Recognizing-sign-language-at-the-word-level/data/datasets/WLASL/branch_inputs/regions/rtmw_l/tensors/nslt100/train/57953.npz,,F:/DMV/Recognizing-sign-language-at-the-word-level/data/datasets/WLASL/branch_inputs/regions/rtmw_l/previews/nslt100/train/57953_preview.jpg,74,64,"[3, 3, 64, 112, 112]",1.0,1.0,1.0,1.0,0.0,0.0,0.96875,0.03125,0.0,1.0,0.0,0.0,4.289975298568606,4.295230204059232,7.815415300428867,ok,,right_hand_prev_bbox_fallback_frames=2
wlasl:58360,58360,58360,thursday,99,train,F:/DMV/Recognizing-sign-language-at-the-word-level/data/datasets/WLASL/branch_inputs/regions/rtmw_l/tensors/nslt100/train/58360.npz,,F:/DMV/Recognizing-sign-language-at-the-word-level/data/datasets/WLASL/branch_inputs/regions/rtmw_l/previews/nslt100/train/58360_preview.jpg,71,64,"[3, 3, 64, 112, 112]",0.6875,0.75,1.0,0.265625,0.421875,0.3125,0.484375,0.265625,0.25,1.0,0.0,0.0,2.3492967381196865,5.098309989898436,8.64124707877636,ok,,left_hand_fallback_limit_reached=3;right_hand_fallback_limit_reached=3;left_hand_prev_bbox_fallback_frames=27;left_hand_black_frames=20;right_hand_prev_bbox_fallback_frames=17;right_hand_black_frames=16
wlasl:58361,58361,58361,thursday,99,train,F:/DMV/Recognizing-sign-language-at-the-word-level/data/datasets/WLASL/branch_inputs/regions/rtmw_l/tensors/nslt100/train/58361.npz,,F:/DMV/Recognizing-sign-language-at-the-word-level/data/datasets/WLASL/branch_inputs/regions/rtmw_l/previews/nslt100/train/58361_preview.jpg,74,64,"[3, 3, 64, 112, 112]",1.0,1.0,1.0,1.0,0.0,0.0,0.984375,0.015625,0.0,1.0,0.0,0.0,5.613912031054497,5.666613234413995,7.817460261285305,ok,,right_hand_prev_bbox_fallback_frames=1
wlasl:58362,58362,58362,thursday,99,train,F:/DMV/Recognizing-sign-language-at-the-word-level/data/datasets/WLASL/branch_inputs/regions/rtmw_l/tensors/nslt100/train/58362.npz,,F:/DMV/Recognizing-sign-language-at-the-word-level/data/datasets/WLASL/branch_inputs/regions/rtmw_l/previews/nslt100/train/58362_preview.jpg,50,64,"[3, 3, 64, 112, 112]",1.0,1.0,1.0,1.0,0.0,0.0,0.953125,0.046875,0.0,1.0,0.0,0.0,6.821709528565407,5.235735842438995,7.934705592691898,ok,,sampled_with_repeated_indices;right_hand_prev_bbox_fallback_frames=3
wlasl:58363,58363,58363,thursday,99,train,F:/DMV/Recognizing-sign-language-at-the-word-level/data/datasets/WLASL/branch_inputs/regions/rtmw_l/tensors/nslt100/train/58363.npz,,F:/DMV/Recognizing-sign-language-at-the-word-level/data/datasets/WLASL/branch_inputs/regions/rtmw_l/previews/nslt100/train/58363_preview.jpg,58,64,"[3, 3, 64, 112, 112]",0.0,1.0,1.0,0.0,0.0,1.0,1.0,0.0,0.0,1.0,0.0,0.0,0.0,6.620615687221289,8.538836240768433,ok,,sampled_with_repeated_indices;left_hand_black_frames=64
wlasl:58366,58366,58366,thursday,99,train,F:/DMV/Recognizing-sign-language-at-the-word-level/data/datasets/WLASL/branch_inputs/regions/rtmw_l/tensors/nslt100/train/58366.npz,,F:/DMV/Recognizing-sign-language-at-the-word-level/data/datasets/WLASL/branch_inputs/regions/rtmw_l/previews/nslt100/train/58366_preview.jpg,33,64,"[3, 3, 64, 112, 112]",0.0,1.0,1.0,0.0,0.0,1.0,1.0,0.0,0.0,1.0,0.0,0.0,0.0,5.384178325533867,7.245758809149265,ok,,sampled_with_repeated_indices;left_hand_black_frames=64
wlasl:58498,58498,58498,time,73,train,F:/DMV/Recognizing-sign-language-at-the-word-level/data/datasets/WLASL/branch_inputs/regions/rtmw_l/tensors/nslt100/train/58498.npz,,F:/DMV/Recognizing-sign-language-at-the-word-level/data/datasets/WLASL/branch_inputs/regions/rtmw_l/previews/nslt100/train/58498_preview.jpg,64,64,"[3, 3, 64, 112, 112]",0.8125,0.921875,1.0,0.65625,0.15625,0.1875,0.890625,0.03125,0.078125,1.0,0.0,0.0,5.5301677244050165,4.82431623810216,7.936160683631897,ok,,left_hand_fallback_limit_reached=3;left_hand_prev_bbox_fallback_frames=10;left_hand_black_frames=12;right_hand_prev_bbox_fallback_frames=2;right_hand_black_frames=5
wlasl:58499,58499,58499,time,73,train,F:/DMV/Recognizing-sign-language-at-the-word-level/data/datasets/WLASL/branch_inputs/regions/rtmw_l/tensors/nslt100/train/58499.npz,,F:/DMV/Recognizing-sign-language-at-the-word-level/data/datasets/WLASL/branch_inputs/regions/rtmw_l/previews/nslt100/train/58499_preview.jpg,66,64,"[3, 3, 64, 112, 112]",0.921875,0.90625,1.0,0.921875,0.0,0.078125,0.90625,0.0,0.09375,1.0,0.0,0.0,5.234729970915843,4.998091153029738,7.970774300396442,ok,,left_hand_black_frames=5;right_hand_black_frames=6
wlasl:58503,58503,58503,time,73,train,F:/DMV/Recognizing-sign-language-at-the-word-level/data/datasets/WLASL/branch_inputs/regions/rtmw_l/tensors/nslt100/train/58503.npz,,F:/DMV/Recognizing-sign-language-at-the-word-level/data/datasets/WLASL/branch_inputs/regions/rtmw_l/previews/nslt100/train/58503_preview.jpg,25,64,"[3, 3, 64, 112, 112]",1.0,1.0,1.0,1.0,0.0,0.0,1.0,0.0,0.0,1.0,0.0,0.0,5.939576588571072,4.99099637567997,6.953515782952309,ok,,sampled_with_repeated_indices
wlasl:58508,58508,58508,time,73,train,F:/DMV/Recognizing-sign-language-at-the-word-level/data/datasets/WLASL/branch_inputs/regions/rtmw_l/tensors/nslt100/train/58508.npz,,F:/DMV/Recognizing-sign-language-at-the-word-level/data/datasets/WLASL/branch_inputs/regions/rtmw_l/previews/nslt100/train/58508_preview.jpg,65,64,"[3, 3, 64, 112, 112]",1.0,1.0,1.0,0.984375,0.015625,0.0,1.0,0.0,0.0,1.0,0.0,0.0,4.984831741877964,4.74650564789772,7.869111441075802,ok,,left_hand_prev_bbox_fallback_frames=1
wlasl:62159,62159,62159,walk,15,train,F:/DMV/Recognizing-sign-language-at-the-word-level/data/datasets/WLASL/branch_inputs/regions/rtmw_l/tensors/nslt100/train/62159.npz,,F:/DMV/Recognizing-sign-language-at-the-word-level/data/datasets/WLASL/branch_inputs/regions/rtmw_l/previews/nslt100/train/62159_preview.jpg,74,64,"[3, 3, 64, 112, 112]",0.703125,0.84375,1.0,0.703125,0.0,0.296875,0.796875,0.046875,0.15625,1.0,0.0,0.0,5.834193717108833,7.026384054445753,8.219193734228611,ok,,left_hand_black_frames=19;right_hand_prev_bbox_fallback_frames=3;right_hand_black_frames=10
wlasl:62163,62163,62163,walk,15,train,F:/DMV/Recognizing-sign-language-at-the-word-level/data/datasets/WLASL/branch_inputs/regions/rtmw_l/tensors/nslt100/train/62163.npz,,F:/DMV/Recognizing-sign-language-at-the-word-level/data/datasets/WLASL/branch_inputs/regions/rtmw_l/previews/nslt100/train/62163_preview.jpg,30,64,"[3, 3, 64, 112, 112]",1.0,1.0,1.0,1.0,0.0,0.0,1.0,0.0,0.0,1.0,0.0,0.0,5.310438469052315,5.800722427666187,8.153474003076553,ok,,sampled_with_repeated_indices
wlasl:62164,62164,62164,walk,15,train,F:/DMV/Recognizing-sign-language-at-the-word-level/data/datasets/WLASL/branch_inputs/regions/rtmw_l/tensors/nslt100/train/62164.npz,,F:/DMV/Recognizing-sign-language-at-the-word-level/data/datasets/WLASL/branch_inputs/regions/rtmw_l/previews/nslt100/train/62164_preview.jpg,69,64,"[3, 3, 64, 112, 112]",0.953125,0.953125,1.0,0.953125,0.0,0.046875,0.953125,0.0,0.046875,1.0,0.0,0.0,6.796000027265705,5.349200987425006,8.306854978203773,ok,,left_hand_black_frames=3;right_hand_black_frames=3
wlasl:62168,62168,62168,walk,15,train,F:/DMV/Recognizing-sign-language-at-the-word-level/data/datasets/WLASL/branch_inputs/regions/rtmw_l/tensors/nslt100/train/62168.npz,,F:/DMV/Recognizing-sign-language-at-the-word-level/data/datasets/WLASL/branch_inputs/regions/rtmw_l/previews/nslt100/train/62168_preview.jpg,60,64,"[3, 3, 64, 112, 112]",1.0,1.0,1.0,1.0,0.0,0.0,1.0,0.0,0.0,1.0,0.0,0.0,7.639552317559719,7.509683802723885,8.365441277623177,ok,,sampled_with_repeated_indices
wlasl:62169,62169,62169,walk,15,train,F:/DMV/Recognizing-sign-language-at-the-word-level/data/datasets/WLASL/branch_inputs/regions/rtmw_l/tensors/nslt100/train/62169.npz,,F:/DMV/Recognizing-sign-language-at-the-word-level/data/datasets/WLASL/branch_inputs/regions/rtmw_l/previews/nslt100/train/62169_preview.jpg,54,64,"[3, 3, 64, 112, 112]",1.0,1.0,1.0,1.0,0.0,0.0,1.0,0.0,0.0,1.0,0.0,0.0,7.67670701444149,8.280726507306099,8.216792657971382,ok,,sampled_with_repeated_indices
wlasl:62170,62170,62170,walk,15,train,F:/DMV/Recognizing-sign-language-at-the-word-level/data/datasets/WLASL/branch_inputs/regions/rtmw_l/tensors/nslt100/train/62170.npz,,F:/DMV/Recognizing-sign-language-at-the-word-level/data/datasets/WLASL/branch_inputs/regions/rtmw_l/previews/nslt100/train/62170_preview.jpg,36,64,"[3, 3, 64, 112, 112]",1.0,1.0,1.0,1.0,0.0,0.0,1.0,0.0,0.0,1.0,0.0,0.0,5.701244957745075,5.829065755009651,7.430466815829277,ok,,sampled_with_repeated_indices
wlasl:62175,62175,62175,walk,15,train,F:/DMV/Recognizing-sign-language-at-the-word-level/data/datasets/WLASL/branch_inputs/regions/rtmw_l/tensors/nslt100/train/62175.npz,,F:/DMV/Recognizing-sign-language-at-the-word-level/data/datasets/WLASL/branch_inputs/regions/rtmw_l/previews/nslt100/train/62175_preview.jpg,82,64,"[3, 3, 64, 112, 112]",1.0,1.0,1.0,1.0,0.0,0.0,1.0,0.0,0.0,1.0,0.0,0.0,5.2770511992275715,6.202858716249466,8.050014272332191,ok,,
wlasl:62245,62245,62245,want,74,train,F:/DMV/Recognizing-sign-language-at-the-word-level/data/datasets/WLASL/branch_inputs/regions/rtmw_l/tensors/nslt100/train/62245.npz,,F:/DMV/Recognizing-sign-language-at-the-word-level/data/datasets/WLASL/branch_inputs/regions/rtmw_l/previews/nslt100/train/62245_preview.jpg,62,64,"[3, 3, 64, 112, 112]",1.0,1.0,1.0,1.0,0.0,0.0,1.0,0.0,0.0,1.0,0.0,0.0,7.0153597220778465,7.404954873025417,8.164599686861038,ok,,sampled_with_repeated_indices
wlasl:62246,62246,62246,want,74,train,F:/DMV/Recognizing-sign-language-at-the-word-level/data/datasets/WLASL/branch_inputs/regions/rtmw_l/tensors/nslt100/train/62246.npz,,F:/DMV/Recognizing-sign-language-at-the-word-level/data/datasets/WLASL/branch_inputs/regions/rtmw_l/previews/nslt100/train/62246_preview.jpg,64,64,"[3, 3, 64, 112, 112]",0.828125,0.8125,1.0,0.734375,0.09375,0.171875,0.703125,0.109375,0.1875,1.0,0.0,0.0,6.412945153865408,6.97816064092848,8.207858368754387,ok,,right_hand_fallback_limit_reached=3;left_hand_fallback_limit_reached=3;left_hand_prev_bbox_fallback_frames=6;left_hand_black_frames=11;right_hand_prev_bbox_fallback_frames=7;right_hand_black_frames=12
wlasl:62248,62248,62248,want,74,train,F:/DMV/Recognizing-sign-language-at-the-word-level/data/datasets/WLASL/branch_inputs/regions/rtmw_l/tensors/nslt100/train/62248.npz,,F:/DMV/Recognizing-sign-language-at-the-word-level/data/datasets/WLASL/branch_inputs/regions/rtmw_l/previews/nslt100/train/62248_preview.jpg,44,64,"[3, 3, 64, 112, 112]",0.890625,0.90625,1.0,0.484375,0.40625,0.109375,0.578125,0.328125,0.09375,1.0,0.0,0.0,5.463844445443923,5.436893121616261,7.938273847103119,ok,,sampled_with_repeated_indices;left_hand_fallback_limit_reached=3;right_hand_fallback_limit_reached=3;left_hand_prev_bbox_fallback_frames=26;left_hand_black_frames=7;right_hand_prev_bbox_fallback_frames=21;right_hand_black_frames=6
wlasl:62250,62250,62250,want,74,train,F:/DMV/Recognizing-sign-language-at-the-word-level/data/datasets/WLASL/branch_inputs/regions/rtmw_l/tensors/nslt100/train/62250.npz,,F:/DMV/Recognizing-sign-language-at-the-word-level/data/datasets/WLASL/branch_inputs/regions/rtmw_l/previews/nslt100/train/62250_preview.jpg,23,64,"[3, 3, 64, 112, 112]",1.0,1.0,1.0,1.0,0.0,0.0,1.0,0.0,0.0,1.0,0.0,0.0,6.1638190895318985,5.630901820957661,7.105916157364845,ok,,sampled_with_repeated_indices
wlasl:62251,62251,62251,want,74,train,F:/DMV/Recognizing-sign-language-at-the-word-level/data/datasets/WLASL/branch_inputs/regions/rtmw_l/tensors/nslt100/train/62251.npz,,F:/DMV/Recognizing-sign-language-at-the-word-level/data/datasets/WLASL/branch_inputs/regions/rtmw_l/previews/nslt100/train/62251_preview.jpg,33,64,"[3, 3, 64, 112, 112]",1.0,1.0,1.0,1.0,0.0,0.0,1.0,0.0,0.0,1.0,0.0,0.0,5.908281780779362,5.551290154457092,6.8533686101436615,ok,,sampled_with_repeated_indices
wlasl:62259,62259,62259,want,74,train,F:/DMV/Recognizing-sign-language-at-the-word-level/data/datasets/WLASL/branch_inputs/regions/rtmw_l/tensors/nslt100/train/62259.npz,,F:/DMV/Recognizing-sign-language-at-the-word-level/data/datasets/WLASL/branch_inputs/regions/rtmw_l/previews/nslt100/train/62259_preview.jpg,72,64,"[3, 3, 64, 112, 112]",1.0,1.0,1.0,1.0,0.0,0.0,0.984375,0.015625,0.0,1.0,0.0,0.0,4.583764601498842,4.367956032828679,7.8048649206757545,ok,,right_hand_prev_bbox_fallback_frames=1
wlasl:62964,62964,62964,what,30,train,F:/DMV/Recognizing-sign-language-at-the-word-level/data/datasets/WLASL/branch_inputs/regions/rtmw_l/tensors/nslt100/train/62964.npz,,F:/DMV/Recognizing-sign-language-at-the-word-level/data/datasets/WLASL/branch_inputs/regions/rtmw_l/previews/nslt100/train/62964_preview.jpg,78,64,"[3, 3, 64, 112, 112]",1.0,1.0,1.0,1.0,0.0,0.0,1.0,0.0,0.0,1.0,0.0,0.0,5.331922486424446,4.830813150852919,8.113265492022038,ok,,
wlasl:62966,62966,62966,what,30,train,F:/DMV/Recognizing-sign-language-at-the-word-level/data/datasets/WLASL/branch_inputs/regions/rtmw_l/tensors/nslt100/train/62966.npz,,F:/DMV/Recognizing-sign-language-at-the-word-level/data/datasets/WLASL/branch_inputs/regions/rtmw_l/previews/nslt100/train/62966_preview.jpg,24,64,"[3, 3, 64, 112, 112]",1.0,1.0,1.0,1.0,0.0,0.0,0.96875,0.03125,0.0,1.0,0.0,0.0,6.41630494594574,5.194894806031258,8.300439670681953,ok,,end_frame_clipped_to_video_end;sampled_with_repeated_indices;right_hand_prev_bbox_fallback_frames=2
wlasl:62968,62968,62968,what,30,train,F:/DMV/Recognizing-sign-language-at-the-word-level/data/datasets/WLASL/branch_inputs/regions/rtmw_l/tensors/nslt100/train/62968.npz,,F:/DMV/Recognizing-sign-language-at-the-word-level/data/datasets/WLASL/branch_inputs/regions/rtmw_l/previews/nslt100/train/62968_preview.jpg,42,64,"[3, 3, 64, 112, 112]",0.84375,1.0,1.0,0.546875,0.296875,0.15625,1.0,0.0,0.0,1.0,0.0,0.0,4.82280900818961,5.1687846053391695,8.09268731623888,ok,,end_frame_clipped_to_video_end;sampled_with_repeated_indices;left_hand_fallback_limit_reached=3;left_hand_prev_bbox_fallback_frames=19;left_hand_black_frames=10
wlasl:62970,62970,62970,what,30,train,F:/DMV/Recognizing-sign-language-at-the-word-level/data/datasets/WLASL/branch_inputs/regions/rtmw_l/tensors/nslt100/train/62970.npz,,F:/DMV/Recognizing-sign-language-at-the-word-level/data/datasets/WLASL/branch_inputs/regions/rtmw_l/previews/nslt100/train/62970_preview.jpg,75,64,"[3, 3, 64, 112, 112]",1.0,0.921875,1.0,1.0,0.0,0.0,0.90625,0.015625,0.078125,1.0,0.0,0.0,5.461623104289174,5.802779793739319,8.072397142648697,ok,,right_hand_prev_bbox_fallback_frames=1;right_hand_black_frames=5
wlasl:62979,62979,62979,what,30,train,F:/DMV/Recognizing-sign-language-at-the-word-level/data/datasets/WLASL/branch_inputs/regions/rtmw_l/tensors/nslt100/train/62979.npz,,F:/DMV/Recognizing-sign-language-at-the-word-level/data/datasets/WLASL/branch_inputs/regions/rtmw_l/previews/nslt100/train/62979_preview.jpg,33,64,"[3, 3, 64, 112, 112]",1.0,1.0,1.0,1.0,0.0,0.0,1.0,0.0,0.0,1.0,0.0,0.0,6.375296495854855,4.4740157797932625,7.163030572235584,ok,,sampled_with_repeated_indices
wlasl:63200,63200,63200,white,49,train,F:/DMV/Recognizing-sign-language-at-the-word-level/data/datasets/WLASL/branch_inputs/regions/rtmw_l/tensors/nslt100/train/63200.npz,,F:/DMV/Recognizing-sign-language-at-the-word-level/data/datasets/WLASL/branch_inputs/regions/rtmw_l/previews/nslt100/train/63200_preview.jpg,93,64,"[3, 3, 64, 112, 112]",0.90625,1.0,1.0,0.578125,0.328125,0.09375,1.0,0.0,0.0,1.0,0.0,0.0,3.5558341451593347,5.057169992476702,8.433321759104729,ok,,left_hand_fallback_limit_reached=3;left_hand_prev_bbox_fallback_frames=21;left_hand_black_frames=6
wlasl:63202,63202,63202,white,49,train,F:/DMV/Recognizing-sign-language-at-the-word-level/data/datasets/WLASL/branch_inputs/regions/rtmw_l/tensors/nslt100/train/63202.npz,,F:/DMV/Recognizing-sign-language-at-the-word-level/data/datasets/WLASL/branch_inputs/regions/rtmw_l/previews/nslt100/train/63202_preview.jpg,62,64,"[3, 3, 64, 112, 112]",1.0,1.0,1.0,1.0,0.0,0.0,1.0,0.0,0.0,1.0,0.0,0.0,6.510274782776833,5.9419112130999565,7.636422082781792,ok,,sampled_with_repeated_indices
wlasl:63203,63203,63203,white,49,train,F:/DMV/Recognizing-sign-language-at-the-word-level/data/datasets/WLASL/branch_inputs/regions/rtmw_l/tensors/nslt100/train/63203.npz,,F:/DMV/Recognizing-sign-language-at-the-word-level/data/datasets/WLASL/branch_inputs/regions/rtmw_l/previews/nslt100/train/63203_preview.jpg,31,64,"[3, 3, 64, 112, 112]",0.109375,1.0,1.0,0.0625,0.046875,0.890625,1.0,0.0,0.0,1.0,0.0,0.0,2.5156654715538025,5.7756530195474625,7.616723865270615,ok,,sampled_with_repeated_indices;left_hand_fallback_limit_reached=3;left_hand_prev_bbox_fallback_frames=3;left_hand_black_frames=57
wlasl:63204,63204,63204,white,49,train,F:/DMV/Recognizing-sign-language-at-the-word-level/data/datasets/WLASL/branch_inputs/regions/rtmw_l/tensors/nslt100/train/63204.npz,,F:/DMV/Recognizing-sign-language-at-the-word-level/data/datasets/WLASL/branch_inputs/regions/rtmw_l/previews/nslt100/train/63204_preview.jpg,36,64,"[3, 3, 64, 112, 112]",0.859375,0.875,1.0,0.71875,0.140625,0.140625,0.78125,0.09375,0.125,1.0,0.0,0.0,1.838618516921997,4.6131931960582735,7.40761624276638,ok,,end_frame_clipped_to_video_end;sampled_with_repeated_indices;right_hand_fallback_limit_reached=3;left_hand_fallback_limit_reached=3;left_hand_prev_bbox_fallback_frames=9;left_hand_black_frames=9;right_hand_prev_bbox_fallback_frames=6;right_hand_black_frames=8
wlasl:63205,63205,63205,white,49,train,F:/DMV/Recognizing-sign-language-at-the-word-level/data/datasets/WLASL/branch_inputs/regions/rtmw_l/tensors/nslt100/train/63205.npz,,F:/DMV/Recognizing-sign-language-at-the-word-level/data/datasets/WLASL/branch_inputs/regions/rtmw_l/previews/nslt100/train/63205_preview.jpg,68,64,"[3, 3, 64, 112, 112]",0.921875,0.921875,1.0,0.59375,0.328125,0.078125,0.625,0.296875,0.078125,1.0,0.0,0.0,2.8533155729896142,7.3522415399551395,8.546382114291191,ok,,right_hand_fallback_limit_reached=3;left_hand_fallback_limit_reached=3;left_hand_prev_bbox_fallback_frames=21;left_hand_black_frames=5;right_hand_prev_bbox_fallback_frames=19;right_hand_black_frames=5
wlasl:63207,63207,63207,white,49,train,F:/DMV/Recognizing-sign-language-at-the-word-level/data/datasets/WLASL/branch_inputs/regions/rtmw_l/tensors/nslt100/train/63207.npz,,F:/DMV/Recognizing-sign-language-at-the-word-level/data/datasets/WLASL/branch_inputs/regions/rtmw_l/previews/nslt100/train/63207_preview.jpg,21,64,"[3, 3, 64, 112, 112]",0.46875,1.0,1.0,0.46875,0.0,0.53125,1.0,0.0,0.0,1.0,0.0,0.0,2.370796529452006,5.631984248757362,7.127864956855774,ok,,sampled_with_repeated_indices;left_hand_black_frames=34
wlasl:63208,63208,63208,white,49,train,F:/DMV/Recognizing-sign-language-at-the-word-level/data/datasets/WLASL/branch_inputs/regions/rtmw_l/tensors/nslt100/train/63208.npz,,F:/DMV/Recognizing-sign-language-at-the-word-level/data/datasets/WLASL/branch_inputs/regions/rtmw_l/previews/nslt100/train/63208_preview.jpg,33,64,"[3, 3, 64, 112, 112]",0.703125,1.0,1.0,0.40625,0.296875,0.296875,1.0,0.0,0.0,1.0,0.0,0.0,2.5374543300041785,5.89978601038456,7.032003380358219,ok,,sampled_with_repeated_indices;left_hand_fallback_limit_reached=3;left_hand_prev_bbox_fallback_frames=19;left_hand_black_frames=19
wlasl:63214,63214,63214,white,49,train,F:/DMV/Recognizing-sign-language-at-the-word-level/data/datasets/WLASL/branch_inputs/regions/rtmw_l/tensors/nslt100/train/63214.npz,,F:/DMV/Recognizing-sign-language-at-the-word-level/data/datasets/WLASL/branch_inputs/regions/rtmw_l/previews/nslt100/train/63214_preview.jpg,62,64,"[3, 3, 64, 112, 112]",0.90625,1.0,1.0,0.5625,0.34375,0.09375,0.890625,0.109375,0.0,1.0,0.0,0.0,2.037234279844496,4.812121274178488,7.709889151155949,ok,,sampled_with_repeated_indices;left_hand_fallback_limit_reached=3;left_hand_prev_bbox_fallback_frames=22;left_hand_black_frames=6;right_hand_prev_bbox_fallback_frames=7
wlasl:63225,63225,63225,who,7,train,F:/DMV/Recognizing-sign-language-at-the-word-level/data/datasets/WLASL/branch_inputs/regions/rtmw_l/tensors/nslt100/train/63225.npz,,F:/DMV/Recognizing-sign-language-at-the-word-level/data/datasets/WLASL/branch_inputs/regions/rtmw_l/previews/nslt100/train/63225_preview.jpg,94,64,"[3, 3, 64, 112, 112]",0.90625,1.0,1.0,0.578125,0.328125,0.09375,0.96875,0.03125,0.0,1.0,0.0,0.0,3.532696675609898,4.193023704713391,8.32791842520237,ok,,left_hand_fallback_limit_reached=3;left_hand_prev_bbox_fallback_frames=21;left_hand_black_frames=6;right_hand_prev_bbox_fallback_frames=2
wlasl:63227,63227,63227,who,7,train,F:/DMV/Recognizing-sign-language-at-the-word-level/data/datasets/WLASL/branch_inputs/regions/rtmw_l/tensors/nslt100/train/63227.npz,,F:/DMV/Recognizing-sign-language-at-the-word-level/data/datasets/WLASL/branch_inputs/regions/rtmw_l/previews/nslt100/train/63227_preview.jpg,32,64,"[3, 3, 64, 112, 112]",0.0,1.0,1.0,0.0,0.0,1.0,1.0,0.0,0.0,1.0,0.0,0.0,0.0,4.9308065995574,7.482647359371185,ok,,sampled_with_repeated_indices;left_hand_black_frames=64
wlasl:63228,63228,63228,who,7,train,F:/DMV/Recognizing-sign-language-at-the-word-level/data/datasets/WLASL/branch_inputs/regions/rtmw_l/tensors/nslt100/train/63228.npz,,F:/DMV/Recognizing-sign-language-at-the-word-level/data/datasets/WLASL/branch_inputs/regions/rtmw_l/previews/nslt100/train/63228_preview.jpg,35,64,"[3, 3, 64, 112, 112]",0.75,0.96875,1.0,0.03125,0.71875,0.25,0.796875,0.171875,0.03125,1.0,0.0,0.0,0.9155734777450562,5.076815301296758,7.403624355792999,ok,,sampled_with_repeated_indices;left_hand_fallback_limit_reached=3;right_hand_fallback_limit_reached=3;left_hand_prev_bbox_fallback_frames=46;left_hand_black_frames=16;right_hand_prev_bbox_fallback_frames=11;right_hand_black_frames=2
wlasl:63231,63231,63231,who,7,train,F:/DMV/Recognizing-sign-language-at-the-word-level/data/datasets/WLASL/branch_inputs/regions/rtmw_l/tensors/nslt100/train/63231.npz,,F:/DMV/Recognizing-sign-language-at-the-word-level/data/datasets/WLASL/branch_inputs/regions/rtmw_l/previews/nslt100/train/63231_preview.jpg,79,64,"[3, 3, 64, 112, 112]",0.765625,0.953125,1.0,0.171875,0.59375,0.234375,0.890625,0.0625,0.046875,1.0,0.0,0.0,2.7988983284343374,6.22746147189224,7.884874597191811,ok,,left_hand_fallback_limit_reached=3;left_hand_prev_bbox_fallback_frames=38;left_hand_black_frames=15;right_hand_prev_bbox_fallback_frames=4;right_hand_black_frames=3
wlasl:63232,63232,63232,who,7,train,F:/DMV/Recognizing-sign-language-at-the-word-level/data/datasets/WLASL/branch_inputs/regions/rtmw_l/tensors/nslt100/train/63232.npz,,F:/DMV/Recognizing-sign-language-at-the-word-level/data/datasets/WLASL/branch_inputs/regions/rtmw_l/previews/nslt100/train/63232_preview.jpg,132,64,"[3, 3, 64, 112, 112]",0.578125,0.625,1.0,0.578125,0.0,0.421875,0.625,0.0,0.375,1.0,0.0,0.0,2.4858111723049268,5.346464690566063,8.042339265346527,ok,,left_hand_black_frames=27;right_hand_black_frames=24
wlasl:63236,63236,63236,who,7,train,F:/DMV/Recognizing-sign-language-at-the-word-level/data/datasets/WLASL/branch_inputs/regions/rtmw_l/tensors/nslt100/train/63236.npz,,F:/DMV/Recognizing-sign-language-at-the-word-level/data/datasets/WLASL/branch_inputs/regions/rtmw_l/previews/nslt100/train/63236_preview.jpg,39,64,"[3, 3, 64, 112, 112]",0.0,1.0,1.0,0.0,0.0,1.0,1.0,0.0,0.0,1.0,0.0,0.0,0.0,4.901672266423702,6.5626305267214775,ok,,sampled_with_repeated_indices;left_hand_black_frames=64
wlasl:63242,63242,63242,who,7,train,F:/DMV/Recognizing-sign-language-at-the-word-level/data/datasets/WLASL/branch_inputs/regions/rtmw_l/tensors/nslt100/train/63242.npz,,F:/DMV/Recognizing-sign-language-at-the-word-level/data/datasets/WLASL/branch_inputs/regions/rtmw_l/previews/nslt100/train/63242_preview.jpg,74,64,"[3, 3, 64, 112, 112]",0.890625,1.0,1.0,0.515625,0.375,0.109375,0.984375,0.015625,0.0,1.0,0.0,0.0,2.225487391153971,4.258133797418504,7.5505674332380295,ok,,left_hand_fallback_limit_reached=3;left_hand_prev_bbox_fallback_frames=24;left_hand_black_frames=7;right_hand_prev_bbox_fallback_frames=1
wlasl:63665,63665,63665,woman,31,train,F:/DMV/Recognizing-sign-language-at-the-word-level/data/datasets/WLASL/branch_inputs/regions/rtmw_l/tensors/nslt100/train/63665.npz,,F:/DMV/Recognizing-sign-language-at-the-word-level/data/datasets/WLASL/branch_inputs/regions/rtmw_l/previews/nslt100/train/63665_preview.jpg,62,64,"[3, 3, 64, 112, 112]",0.5625,0.890625,1.0,0.078125,0.484375,0.4375,0.890625,0.0,0.109375,1.0,0.0,0.0,2.9561556339263917,6.452474200934694,8.356303960084915,ok,,sampled_with_repeated_indices;left_hand_fallback_limit_reached=3;left_hand_prev_bbox_fallback_frames=31;left_hand_black_frames=28;right_hand_black_frames=7
wlasl:63666,63666,63666,woman,31,train,F:/DMV/Recognizing-sign-language-at-the-word-level/data/datasets/WLASL/branch_inputs/regions/rtmw_l/tensors/nslt100/train/63666.npz,,F:/DMV/Recognizing-sign-language-at-the-word-level/data/datasets/WLASL/branch_inputs/regions/rtmw_l/previews/nslt100/train/63666_preview.jpg,60,64,"[3, 3, 64, 112, 112]",0.734375,0.9375,1.0,0.25,0.484375,0.265625,0.828125,0.109375,0.0625,1.0,0.0,0.0,3.5533961206674576,5.641157735068843,8.301922395825386,ok,,sampled_with_repeated_indices;left_hand_fallback_limit_reached=3;right_hand_fallback_limit_reached=3;left_hand_prev_bbox_fallback_frames=31;left_hand_black_frames=17;right_hand_prev_bbox_fallback_frames=7;right_hand_black_frames=4
wlasl:63667,63667,63667,woman,31,train,F:/DMV/Recognizing-sign-language-at-the-word-level/data/datasets/WLASL/branch_inputs/regions/rtmw_l/tensors/nslt100/train/63667.npz,,F:/DMV/Recognizing-sign-language-at-the-word-level/data/datasets/WLASL/branch_inputs/regions/rtmw_l/previews/nslt100/train/63667_preview.jpg,25,64,"[3, 3, 64, 112, 112]",0.828125,1.0,1.0,0.5625,0.265625,0.171875,1.0,0.0,0.0,1.0,0.0,0.0,2.6255447698964014,6.6604277566075325,8.588849306106567,ok,,end_frame_clipped_to_video_end;sampled_with_repeated_indices;left_hand_fallback_limit_reached=3;left_hand_prev_bbox_fallback_frames=17;left_hand_black_frames=11
wlasl:63668,63668,63668,woman,31,train,F:/DMV/Recognizing-sign-language-at-the-word-level/data/datasets/WLASL/branch_inputs/regions/rtmw_l/tensors/nslt100/train/63668.npz,,F:/DMV/Recognizing-sign-language-at-the-word-level/data/datasets/WLASL/branch_inputs/regions/rtmw_l/previews/nslt100/train/63668_preview.jpg,28,64,"[3, 3, 64, 112, 112]",0.9375,0.96875,1.0,0.765625,0.171875,0.0625,0.765625,0.203125,0.03125,1.0,0.0,0.0,1.7596433223510275,5.756208648487013,8.166643843054771,ok,,sampled_with_repeated_indices;left_hand_fallback_limit_reached=3;right_hand_fallback_limit_reached=3;left_hand_prev_bbox_fallback_frames=11;left_hand_black_frames=4;right_hand_prev_bbox_fallback_frames=13;right_hand_black_frames=2
wlasl:63672,63672,63672,woman,31,train,F:/DMV/Recognizing-sign-language-at-the-word-level/data/datasets/WLASL/branch_inputs/regions/rtmw_l/tensors/nslt100/train/63672.npz,,F:/DMV/Recognizing-sign-language-at-the-word-level/data/datasets/WLASL/branch_inputs/regions/rtmw_l/previews/nslt100/train/63672_preview.jpg,26,64,"[3, 3, 64, 112, 112]",0.0,1.0,1.0,0.0,0.0,1.0,1.0,0.0,0.0,1.0,0.0,0.0,0.0,5.285169571638107,6.826465681195259,ok,,sampled_with_repeated_indices;left_hand_black_frames=64
wlasl:63673,63673,63673,woman,31,train,F:/DMV/Recognizing-sign-language-at-the-word-level/data/datasets/WLASL/branch_inputs/regions/rtmw_l/tensors/nslt100/train/63673.npz,,F:/DMV/Recognizing-sign-language-at-the-word-level/data/datasets/WLASL/branch_inputs/regions/rtmw_l/previews/nslt100/train/63673_preview.jpg,37,64,"[3, 3, 64, 112, 112]",0.0,1.0,1.0,0.0,0.0,1.0,1.0,0.0,0.0,1.0,0.0,0.0,0.0,5.598230265080929,7.091820649802685,ok,,sampled_with_repeated_indices;left_hand_black_frames=64
wlasl:63679,63679,63679,woman,31,train,F:/DMV/Recognizing-sign-language-at-the-word-level/data/datasets/WLASL/branch_inputs/regions/rtmw_l/tensors/nslt100/train/63679.npz,,F:/DMV/Recognizing-sign-language-at-the-word-level/data/datasets/WLASL/branch_inputs/regions/rtmw_l/previews/nslt100/train/63679_preview.jpg,59,64,"[3, 3, 64, 112, 112]",0.875,0.984375,1.0,0.34375,0.53125,0.125,0.859375,0.125,0.015625,1.0,0.0,0.0,2.741447026079351,5.146820298108188,7.7399580627679825,ok,,sampled_with_repeated_indices;left_hand_fallback_limit_reached=3;left_hand_prev_bbox_fallback_frames=34;left_hand_black_frames=8;right_hand_prev_bbox_fallback_frames=8;right_hand_black_frames=1
wlasl:63790,63790,63790,work,75,train,F:/DMV/Recognizing-sign-language-at-the-word-level/data/datasets/WLASL/branch_inputs/regions/rtmw_l/tensors/nslt100/train/63790.npz,,F:/DMV/Recognizing-sign-language-at-the-word-level/data/datasets/WLASL/branch_inputs/regions/rtmw_l/previews/nslt100/train/63790_preview.jpg,68,64,"[3, 3, 64, 112, 112]",0.84375,0.828125,1.0,0.796875,0.046875,0.15625,0.78125,0.046875,0.171875,1.0,0.0,0.0,5.967416464113722,5.452678337097168,8.16000210493803,ok,,right_hand_fallback_limit_reached=3;left_hand_prev_bbox_fallback_frames=3;left_hand_black_frames=10;right_hand_prev_bbox_fallback_frames=3;right_hand_black_frames=11
wlasl:63791,63791,63791,work,75,train,F:/DMV/Recognizing-sign-language-at-the-word-level/data/datasets/WLASL/branch_inputs/regions/rtmw_l/tensors/nslt100/train/63791.npz,,F:/DMV/Recognizing-sign-language-at-the-word-level/data/datasets/WLASL/branch_inputs/regions/rtmw_l/previews/nslt100/train/63791_preview.jpg,37,64,"[3, 3, 64, 112, 112]",0.890625,1.0,1.0,0.890625,0.0,0.109375,1.0,0.0,0.0,1.0,0.0,0.0,6.0805767628184535,6.5257449969649315,8.153095364570618,ok,,sampled_with_repeated_indices;left_hand_black_frames=7
wlasl:63792,63792,63792,work,75,train,F:/DMV/Recognizing-sign-language-at-the-word-level/data/datasets/WLASL/branch_inputs/regions/rtmw_l/tensors/nslt100/train/63792.npz,,F:/DMV/Recognizing-sign-language-at-the-word-level/data/datasets/WLASL/branch_inputs/regions/rtmw_l/previews/nslt100/train/63792_preview.jpg,44,64,"[3, 3, 64, 112, 112]",1.0,1.0,1.0,1.0,0.0,0.0,1.0,0.0,0.0,1.0,0.0,0.0,5.228316359221935,5.568300753831863,7.7117288038134575,ok,,sampled_with_repeated_indices
wlasl:63793,63793,63793,work,75,train,F:/DMV/Recognizing-sign-language-at-the-word-level/data/datasets/WLASL/branch_inputs/regions/rtmw_l/tensors/nslt100/train/63793.npz,,F:/DMV/Recognizing-sign-language-at-the-word-level/data/datasets/WLASL/branch_inputs/regions/rtmw_l/previews/nslt100/train/63793_preview.jpg,66,64,"[3, 3, 64, 112, 112]",1.0,1.0,1.0,0.984375,0.015625,0.0,1.0,0.0,0.0,1.0,0.0,0.0,6.131593706115844,5.548596056178212,8.07631666958332,ok,,left_hand_prev_bbox_fallback_frames=1
wlasl:63799,63799,63799,work,75,train,F:/DMV/Recognizing-sign-language-at-the-word-level/data/datasets/WLASL/branch_inputs/regions/rtmw_l/tensors/nslt100/train/63799.npz,,F:/DMV/Recognizing-sign-language-at-the-word-level/data/datasets/WLASL/branch_inputs/regions/rtmw_l/previews/nslt100/train/63799_preview.jpg,43,64,"[3, 3, 64, 112, 112]",1.0,1.0,1.0,1.0,0.0,0.0,1.0,0.0,0.0,1.0,0.0,0.0,5.583527624607086,5.093004800379276,7.008829101920128,ok,,sampled_with_repeated_indices
wlasl:63806,63806,63806,work,75,train,F:/DMV/Recognizing-sign-language-at-the-word-level/data/datasets/WLASL/branch_inputs/regions/rtmw_l/tensors/nslt100/train/63806.npz,,F:/DMV/Recognizing-sign-language-at-the-word-level/data/datasets/WLASL/branch_inputs/regions/rtmw_l/previews/nslt100/train/63806_preview.jpg,62,64,"[3, 3, 64, 112, 112]",0.921875,0.90625,1.0,0.796875,0.125,0.078125,0.78125,0.125,0.09375,1.0,0.0,0.0,5.036015043071672,5.094566371440887,7.780080884695053,ok,,sampled_with_repeated_indices;left_hand_fallback_limit_reached=3;left_hand_prev_bbox_fallback_frames=8;left_hand_black_frames=5;right_hand_prev_bbox_fallback_frames=8;right_hand_black_frames=6
wlasl:64084,64084,64084,wrong,50,train,F:/DMV/Recognizing-sign-language-at-the-word-level/data/datasets/WLASL/branch_inputs/regions/rtmw_l/tensors/nslt100/train/64084.npz,,F:/DMV/Recognizing-sign-language-at-the-word-level/data/datasets/WLASL/branch_inputs/regions/rtmw_l/previews/nslt100/train/64084_preview.jpg,77,64,"[3, 3, 64, 112, 112]",0.890625,1.0,1.0,0.484375,0.40625,0.109375,1.0,0.0,0.0,1.0,0.0,0.0,2.5649693973602785,4.169859075918794,8.179844968020916,ok,,left_hand_fallback_limit_reached=3;left_hand_prev_bbox_fallback_frames=26;left_hand_black_frames=7
wlasl:64085,64085,64085,wrong,50,train,F:/DMV/Recognizing-sign-language-at-the-word-level/data/datasets/WLASL/branch_inputs/regions/rtmw_l/tensors/nslt100/train/64085.npz,,F:/DMV/Recognizing-sign-language-at-the-word-level/data/datasets/WLASL/branch_inputs/regions/rtmw_l/previews/nslt100/train/64085_preview.jpg,52,64,"[3, 3, 64, 112, 112]",1.0,1.0,1.0,1.0,0.0,0.0,1.0,0.0,0.0,1.0,0.0,0.0,6.608236491680145,5.530765473842621,7.618055894970894,ok,,sampled_with_repeated_indices
wlasl:64086,64086,64086,wrong,50,train,F:/DMV/Recognizing-sign-language-at-the-word-level/data/datasets/WLASL/branch_inputs/regions/rtmw_l/tensors/nslt100/train/64086.npz,,F:/DMV/Recognizing-sign-language-at-the-word-level/data/datasets/WLASL/branch_inputs/regions/rtmw_l/previews/nslt100/train/64086_preview.jpg,32,64,"[3, 3, 64, 112, 112]",0.71875,0.8125,1.0,0.3125,0.40625,0.28125,0.6875,0.125,0.1875,1.0,0.0,0.0,2.0635871648788453,5.053131396120245,7.207436218857765,ok,,end_frame_clipped_to_video_end;sampled_with_repeated_indices;left_hand_fallback_limit_reached=3;right_hand_fallback_limit_reached=3;left_hand_prev_bbox_fallback_frames=26;left_hand_black_frames=18;right_hand_prev_bbox_fallback_frames=8;right_hand_black_frames=12
wlasl:64087,64087,64087,wrong,50,train,F:/DMV/Recognizing-sign-language-at-the-word-level/data/datasets/WLASL/branch_inputs/regions/rtmw_l/tensors/nslt100/train/64087.npz,,F:/DMV/Recognizing-sign-language-at-the-word-level/data/datasets/WLASL/branch_inputs/regions/rtmw_l/previews/nslt100/train/64087_preview.jpg,67,64,"[3, 3, 64, 112, 112]",0.921875,0.78125,1.0,0.875,0.046875,0.078125,0.25,0.53125,0.21875,1.0,0.0,0.0,2.617758816906384,4.505629345774651,8.062498308718204,ok,,right_hand_fallback_limit_reached=3;left_hand_prev_bbox_fallback_frames=3;left_hand_black_frames=5;right_hand_prev_bbox_fallback_frames=34;right_hand_black_frames=14
wlasl:64088,64088,64088,wrong,50,train,F:/DMV/Recognizing-sign-language-at-the-word-level/data/datasets/WLASL/branch_inputs/regions/rtmw_l/tensors/nslt100/train/64088.npz,,F:/DMV/Recognizing-sign-language-at-the-word-level/data/datasets/WLASL/branch_inputs/regions/rtmw_l/previews/nslt100/train/64088_preview.jpg,57,64,"[3, 3, 64, 112, 112]",0.828125,0.921875,1.0,0.21875,0.609375,0.171875,0.671875,0.25,0.078125,1.0,0.0,0.0,2.761513684477125,3.921972951223684,8.074177108705044,ok,,sampled_with_repeated_indices;left_hand_fallback_limit_reached=3;right_hand_fallback_limit_reached=3;left_hand_prev_bbox_fallback_frames=39;left_hand_black_frames=11;right_hand_prev_bbox_fallback_frames=16;right_hand_black_frames=5
wlasl:64090,64090,64090,wrong,50,train,F:/DMV/Recognizing-sign-language-at-the-word-level/data/datasets/WLASL/branch_inputs/regions/rtmw_l/tensors/nslt100/train/64090.npz,,F:/DMV/Recognizing-sign-language-at-the-word-level/data/datasets/WLASL/branch_inputs/regions/rtmw_l/previews/nslt100/train/64090_preview.jpg,23,64,"[3, 3, 64, 112, 112]",0.25,1.0,1.0,0.25,0.0,0.75,1.0,0.0,0.0,1.0,0.0,0.0,2.0845300555229187,4.431538447737694,6.587904617190361,ok,,sampled_with_repeated_indices;left_hand_black_frames=48
wlasl:64091,64091,64091,wrong,50,train,F:/DMV/Recognizing-sign-language-at-the-word-level/data/datasets/WLASL/branch_inputs/regions/rtmw_l/tensors/nslt100/train/64091.npz,,F:/DMV/Recognizing-sign-language-at-the-word-level/data/datasets/WLASL/branch_inputs/regions/rtmw_l/previews/nslt100/train/64091_preview.jpg,31,64,"[3, 3, 64, 112, 112]",0.0,1.0,1.0,0.0,0.0,1.0,1.0,0.0,0.0,1.0,0.0,0.0,0.0,5.105399891734123,6.781692139804363,ok,,sampled_with_repeated_indices;left_hand_black_frames=64
wlasl:64212,64212,64212,year,16,train,F:/DMV/Recognizing-sign-language-at-the-word-level/data/datasets/WLASL/branch_inputs/regions/rtmw_l/tensors/nslt100/train/64212.npz,,F:/DMV/Recognizing-sign-language-at-the-word-level/data/datasets/WLASL/branch_inputs/regions/rtmw_l/previews/nslt100/train/64212_preview.jpg,45,64,"[3, 3, 64, 112, 112]",1.0,1.0,1.0,1.0,0.0,0.0,1.0,0.0,0.0,1.0,0.0,0.0,4.921544265002012,4.1326900608837605,7.764526300132275,ok,,sampled_with_repeated_indices
wlasl:64213,64213,64213,year,16,train,F:/DMV/Recognizing-sign-language-at-the-word-level/data/datasets/WLASL/branch_inputs/regions/rtmw_l/tensors/nslt100/train/64213.npz,,F:/DMV/Recognizing-sign-language-at-the-word-level/data/datasets/WLASL/branch_inputs/regions/rtmw_l/previews/nslt100/train/64213_preview.jpg,83,64,"[3, 3, 64, 112, 112]",0.859375,0.875,1.0,0.859375,0.0,0.140625,0.875,0.0,0.125,1.0,0.0,0.0,6.00350865017284,6.06796008348465,7.868486061692238,ok,,left_hand_black_frames=9;right_hand_black_frames=8
wlasl:64218,64218,64218,year,16,train,F:/DMV/Recognizing-sign-language-at-the-word-level/data/datasets/WLASL/branch_inputs/regions/rtmw_l/tensors/nslt100/train/64218.npz,,F:/DMV/Recognizing-sign-language-at-the-word-level/data/datasets/WLASL/branch_inputs/regions/rtmw_l/previews/nslt100/train/64218_preview.jpg,50,64,"[3, 3, 64, 112, 112]",1.0,1.0,1.0,1.0,0.0,0.0,1.0,0.0,0.0,1.0,0.0,0.0,5.286343723535538,5.180413953959942,7.120419502258301,ok,,sampled_with_repeated_indices
wlasl:64219,64219,64219,year,16,train,F:/DMV/Recognizing-sign-language-at-the-word-level/data/datasets/WLASL/branch_inputs/regions/rtmw_l/tensors/nslt100/train/64219.npz,,F:/DMV/Recognizing-sign-language-at-the-word-level/data/datasets/WLASL/branch_inputs/regions/rtmw_l/previews/nslt100/train/64219_preview.jpg,24,64,"[3, 3, 64, 112, 112]",1.0,1.0,1.0,1.0,0.0,0.0,1.0,0.0,0.0,1.0,0.0,0.0,5.444548971951008,4.737515710294247,6.78730421513319,ok,,sampled_with_repeated_indices
wlasl:64224,64224,64224,year,16,train,F:/DMV/Recognizing-sign-language-at-the-word-level/data/datasets/WLASL/branch_inputs/regions/rtmw_l/tensors/nslt100/train/64224.npz,,F:/DMV/Recognizing-sign-language-at-the-word-level/data/datasets/WLASL/branch_inputs/regions/rtmw_l/previews/nslt100/train/64224_preview.jpg,80,64,"[3, 3, 64, 112, 112]",0.953125,0.96875,1.0,0.796875,0.15625,0.046875,0.828125,0.140625,0.03125,1.0,0.0,0.0,5.592451630854139,5.09382423139968,7.799978107213974,ok,,left_hand_fallback_limit_reached=3;right_hand_fallback_limit_reached=3;left_hand_prev_bbox_fallback_frames=10;left_hand_black_frames=3;right_hand_prev_bbox_fallback_frames=9;right_hand_black_frames=2
wlasl:64280,64280,64280,yes,17,train,F:/DMV/Recognizing-sign-language-at-the-word-level/data/datasets/WLASL/branch_inputs/regions/rtmw_l/tensors/nslt100/train/64280.npz,,F:/DMV/Recognizing-sign-language-at-the-word-level/data/datasets/WLASL/branch_inputs/regions/rtmw_l/previews/nslt100/train/64280_preview.jpg,54,64,"[3, 3, 64, 112, 112]",0.890625,0.859375,1.0,0.4375,0.453125,0.109375,0.765625,0.09375,0.140625,1.0,0.0,0.0,1.911976967539106,5.9296128409249445,8.425021901726723,ok,,sampled_with_repeated_indices;left_hand_fallback_limit_reached=3;right_hand_fallback_limit_reached=3;left_hand_prev_bbox_fallback_frames=29;left_hand_black_frames=7;right_hand_prev_bbox_fallback_frames=6;right_hand_black_frames=9
wlasl:64281,64281,64281,yes,17,train,F:/DMV/Recognizing-sign-language-at-the-word-level/data/datasets/WLASL/branch_inputs/regions/rtmw_l/tensors/nslt100/train/64281.npz,,F:/DMV/Recognizing-sign-language-at-the-word-level/data/datasets/WLASL/branch_inputs/regions/rtmw_l/previews/nslt100/train/64281_preview.jpg,61,64,"[3, 3, 64, 112, 112]",0.578125,0.703125,1.0,0.328125,0.25,0.421875,0.65625,0.046875,0.296875,1.0,0.0,0.0,4.429822671981085,5.59486757005964,8.364420861005783,ok,,sampled_with_repeated_indices;left_hand_fallback_limit_reached=3;left_hand_prev_bbox_fallback_frames=16;left_hand_black_frames=27;right_hand_prev_bbox_fallback_frames=3;right_hand_black_frames=19
wlasl:64283,64283,64283,yes,17,train,F:/DMV/Recognizing-sign-language-at-the-word-level/data/datasets/WLASL/branch_inputs/regions/rtmw_l/tensors/nslt100/train/64283.npz,,F:/DMV/Recognizing-sign-language-at-the-word-level/data/datasets/WLASL/branch_inputs/regions/rtmw_l/previews/nslt100/train/64283_preview.jpg,21,64,"[3, 3, 64, 112, 112]",0.109375,0.96875,1.0,0.046875,0.0625,0.890625,0.8125,0.15625,0.03125,1.0,0.0,0.0,1.1951347589492798,4.1448911886948805,8.070102259516716,ok,,end_frame_clipped_to_video_end;sampled_with_repeated_indices;right_hand_fallback_limit_reached=3;left_hand_fallback_limit_reached=3;left_hand_prev_bbox_fallback_frames=4;left_hand_black_frames=57;right_hand_prev_bbox_fallback_frames=10;right_hand_black_frames=2
wlasl:64284,64284,64284,yes,17,train,F:/DMV/Recognizing-sign-language-at-the-word-level/data/datasets/WLASL/branch_inputs/regions/rtmw_l/tensors/nslt100/train/64284.npz,,F:/DMV/Recognizing-sign-language-at-the-word-level/data/datasets/WLASL/branch_inputs/regions/rtmw_l/previews/nslt100/train/64284_preview.jpg,48,64,"[3, 3, 64, 112, 112]",0.8125,1.0,1.0,0.21875,0.59375,0.1875,1.0,0.0,0.0,1.0,0.0,0.0,1.5697099311011178,4.70550787076354,7.749341405928135,ok,,sampled_with_repeated_indices;left_hand_fallback_limit_reached=3;left_hand_prev_bbox_fallback_frames=38;left_hand_black_frames=12
wlasl:64288,64288,64288,yes,17,train,F:/DMV/Recognizing-sign-language-at-the-word-level/data/datasets/WLASL/branch_inputs/regions/rtmw_l/tensors/nslt100/train/64288.npz,,F:/DMV/Recognizing-sign-language-at-the-word-level/data/datasets/WLASL/branch_inputs/regions/rtmw_l/previews/nslt100/train/64288_preview.jpg,47,64,"[3, 3, 64, 112, 112]",0.171875,1.0,1.0,0.03125,0.140625,0.828125,0.953125,0.046875,0.0,1.0,0.0,0.0,2.6740925312042236,5.23618574025201,8.042153880000114,ok,,sampled_with_repeated_indices;left_hand_fallback_limit_reached=3;left_hand_prev_bbox_fallback_frames=9;left_hand_black_frames=53;right_hand_prev_bbox_fallback_frames=3
wlasl:64291,64291,64291,yes,17,train,F:/DMV/Recognizing-sign-language-at-the-word-level/data/datasets/WLASL/branch_inputs/regions/rtmw_l/tensors/nslt100/train/64291.npz,,F:/DMV/Recognizing-sign-language-at-the-word-level/data/datasets/WLASL/branch_inputs/regions/rtmw_l/previews/nslt100/train/64291_preview.jpg,48,64,"[3, 3, 64, 112, 112]",0.84375,0.546875,1.0,0.34375,0.5,0.15625,0.546875,0.0,0.453125,1.0,0.0,0.0,3.1396560343829067,5.30624828338623,8.058624684810638,ok,,sampled_with_repeated_indices;left_hand_fallback_limit_reached=3;left_hand_prev_bbox_fallback_frames=32;left_hand_black_frames=10;right_hand_black_frames=29
wlasl:64292,64292,64292,yes,17,train,F:/DMV/Recognizing-sign-language-at-the-word-level/data/datasets/WLASL/branch_inputs/regions/rtmw_l/tensors/nslt100/train/64292.npz,,F:/DMV/Recognizing-sign-language-at-the-word-level/data/datasets/WLASL/branch_inputs/regions/rtmw_l/previews/nslt100/train/64292_preview.jpg,41,64,"[3, 3, 64, 112, 112]",0.953125,1.0,1.0,0.71875,0.234375,0.046875,1.0,0.0,0.0,1.0,0.0,0.0,2.7274307790009873,5.796803362667561,7.8596377074718475,ok,,sampled_with_repeated_indices;left_hand_fallback_limit_reached=3;left_hand_prev_bbox_fallback_frames=15;left_hand_black_frames=3
wlasl:64300,64300,64300,yes,17,train,F:/DMV/Recognizing-sign-language-at-the-word-level/data/datasets/WLASL/branch_inputs/regions/rtmw_l/tensors/nslt100/train/64300.npz,,F:/DMV/Recognizing-sign-language-at-the-word-level/data/datasets/WLASL/branch_inputs/regions/rtmw_l/previews/nslt100/train/64300_preview.jpg,77,64,"[3, 3, 64, 112, 112]",1.0,1.0,1.0,1.0,0.0,0.0,1.0,0.0,0.0,1.0,0.0,0.0,3.233381688594818,5.038056798279285,7.7281536385416985,ok,,
wlasl:65009,65009,65009,accident,51,train,F:/DMV/Recognizing-sign-language-at-the-word-level/data/datasets/WLASL/branch_inputs/regions/rtmw_l/tensors/nslt100/train/65009.npz,,F:/DMV/Recognizing-sign-language-at-the-word-level/data/datasets/WLASL/branch_inputs/regions/rtmw_l/previews/nslt100/train/65009_preview.jpg,55,64,"[3, 3, 64, 112, 112]",0.984375,1.0,1.0,0.921875,0.0625,0.015625,1.0,0.0,0.0,1.0,0.0,0.0,5.154904450400401,4.79174081236124,7.767358370125294,ok,,end_frame_clipped_to_video_end;sampled_with_repeated_indices;left_hand_fallback_limit_reached=3;left_hand_prev_bbox_fallback_frames=4;left_hand_black_frames=1
wlasl:65029,65029,65029,africa,76,train,F:/DMV/Recognizing-sign-language-at-the-word-level/data/datasets/WLASL/branch_inputs/regions/rtmw_l/tensors/nslt100/train/65029.npz,,F:/DMV/Recognizing-sign-language-at-the-word-level/data/datasets/WLASL/branch_inputs/regions/rtmw_l/previews/nslt100/train/65029_preview.jpg,65,64,"[3, 3, 64, 112, 112]",0.875,0.953125,1.0,0.4375,0.4375,0.125,0.71875,0.234375,0.046875,1.0,0.0,0.0,1.5047068084989275,5.4190778084423235,8.312460333108902,ok,,end_frame_clipped_to_video_end;left_hand_fallback_limit_reached=3;right_hand_fallback_limit_reached=3;left_hand_prev_bbox_fallback_frames=28;left_hand_black_frames=8;right_hand_prev_bbox_fallback_frames=15;right_hand_black_frames=3
wlasl:65043,65043,65043,all,18,train,F:/DMV/Recognizing-sign-language-at-the-word-level/data/datasets/WLASL/branch_inputs/regions/rtmw_l/tensors/nslt100/train/65043.npz,,F:/DMV/Recognizing-sign-language-at-the-word-level/data/datasets/WLASL/branch_inputs/regions/rtmw_l/previews/nslt100/train/65043_preview.jpg,60,64,"[3, 3, 64, 112, 112]",1.0,1.0,1.0,1.0,0.0,0.0,0.921875,0.078125,0.0,1.0,0.0,0.0,6.8005499094724655,5.670441983109813,8.21194901317358,ok,,end_frame_clipped_to_video_end;sampled_with_repeated_indices;right_hand_prev_bbox_fallback_frames=5
wlasl:65084,65084,65084,apple,52,train,F:/DMV/Recognizing-sign-language-at-the-word-level/data/datasets/WLASL/branch_inputs/regions/rtmw_l/tensors/nslt100/train/65084.npz,,F:/DMV/Recognizing-sign-language-at-the-word-level/data/datasets/WLASL/branch_inputs/regions/rtmw_l/previews/nslt100/train/65084_preview.jpg,61,64,"[3, 3, 64, 112, 112]",1.0,0.984375,1.0,1.0,0.0,0.0,0.984375,0.0,0.015625,1.0,0.0,0.0,3.7043052799999714,4.919974618487888,7.8451501578092575,ok,,end_frame_clipped_to_video_end;sampled_with_repeated_indices;right_hand_black_frames=1
wlasl:65085,65085,65085,apple,52,train,F:/DMV/Recognizing-sign-language-at-the-word-level/data/datasets/WLASL/branch_inputs/regions/rtmw_l/tensors/nslt100/train/65085.npz,,F:/DMV/Recognizing-sign-language-at-the-word-level/data/datasets/WLASL/branch_inputs/regions/rtmw_l/previews/nslt100/train/65085_preview.jpg,60,64,"[3, 3, 64, 112, 112]",0.8125,0.78125,1.0,0.8125,0.0,0.1875,0.140625,0.640625,0.21875,1.0,0.0,0.0,5.366411346655625,3.363294654422336,8.139001943171024,ok,,sampled_with_repeated_indices;right_hand_fallback_limit_reached=3;left_hand_black_frames=12;right_hand_prev_bbox_fallback_frames=41;right_hand_black_frames=14
wlasl:65144,65144,65144,basketball,77,train,F:/DMV/Recognizing-sign-language-at-the-word-level/data/datasets/WLASL/branch_inputs/regions/rtmw_l/tensors/nslt100/train/65144.npz,,F:/DMV/Recognizing-sign-language-at-the-word-level/data/datasets/WLASL/branch_inputs/regions/rtmw_l/previews/nslt100/train/65144_preview.jpg,52,64,"[3, 3, 64, 112, 112]",1.0,1.0,1.0,1.0,0.0,0.0,1.0,0.0,0.0,1.0,0.0,0.0,4.654992554336786,4.8189847022295,8.057519242167473,ok,,end_frame_clipped_to_video_end;sampled_with_repeated_indices
wlasl:65145,65145,65145,basketball,77,train,F:/DMV/Recognizing-sign-language-at-the-word-level/data/datasets/WLASL/branch_inputs/regions/rtmw_l/tensors/nslt100/train/65145.npz,,F:/DMV/Recognizing-sign-language-at-the-word-level/data/datasets/WLASL/branch_inputs/regions/rtmw_l/previews/nslt100/train/65145_preview.jpg,46,64,"[3, 3, 64, 112, 112]",0.921875,1.0,1.0,0.8125,0.109375,0.078125,1.0,0.0,0.0,1.0,0.0,0.0,5.312888814852788,5.631722673773766,8.18078088015318,ok,,end_frame_clipped_to_video_end;sampled_with_repeated_indices;left_hand_fallback_limit_reached=3;left_hand_prev_bbox_fallback_frames=7;left_hand_black_frames=5
wlasl:65161,65161,65161,bed,32,train,F:/DMV/Recognizing-sign-language-at-the-word-level/data/datasets/WLASL/branch_inputs/regions/rtmw_l/tensors/nslt100/train/65161.npz,,F:/DMV/Recognizing-sign-language-at-the-word-level/data/datasets/WLASL/branch_inputs/regions/rtmw_l/previews/nslt100/train/65161_preview.jpg,57,64,"[3, 3, 64, 112, 112]",0.9375,1.0,1.0,0.6875,0.25,0.0625,1.0,0.0,0.0,1.0,0.0,0.0,3.573192634365775,5.0794942528009415,7.795880876481533,ok,,end_frame_clipped_to_video_end;sampled_with_repeated_indices;left_hand_fallback_limit_reached=3;left_hand_prev_bbox_fallback_frames=16;left_hand_black_frames=4
wlasl:65162,65162,65162,bed,32,train,F:/DMV/Recognizing-sign-language-at-the-word-level/data/datasets/WLASL/branch_inputs/regions/rtmw_l/tensors/nslt100/train/65162.npz,,F:/DMV/Recognizing-sign-language-at-the-word-level/data/datasets/WLASL/branch_inputs/regions/rtmw_l/previews/nslt100/train/65162_preview.jpg,52,64,"[3, 3, 64, 112, 112]",0.984375,0.890625,1.0,0.9375,0.046875,0.015625,0.515625,0.375,0.109375,1.0,0.0,0.0,3.9883043626944223,3.1802993940584585,7.814863257110119,ok,,end_frame_clipped_to_video_end;sampled_with_repeated_indices;right_hand_fallback_limit_reached=3;left_hand_prev_bbox_fallback_frames=3;left_hand_black_frames=1;right_hand_prev_bbox_fallback_frames=24;right_hand_black_frames=7
wlasl:65167,65167,65167,before,3,train,F:/DMV/Recognizing-sign-language-at-the-word-level/data/datasets/WLASL/branch_inputs/regions/rtmw_l/tensors/nslt100/train/65167.npz,,F:/DMV/Recognizing-sign-language-at-the-word-level/data/datasets/WLASL/branch_inputs/regions/rtmw_l/previews/nslt100/train/65167_preview.jpg,57,64,"[3, 3, 64, 112, 112]",1.0,1.0,1.0,1.0,0.0,0.0,0.9375,0.0625,0.0,1.0,0.0,0.0,6.545053564012051,6.0093000094095865,8.386987924575806,ok,,end_frame_clipped_to_video_end;sampled_with_repeated_indices;right_hand_prev_bbox_fallback_frames=4
wlasl:65187,65187,65187,bird,53,train,F:/DMV/Recognizing-sign-language-at-the-word-level/data/datasets/WLASL/branch_inputs/regions/rtmw_l/tensors/nslt100/train/65187.npz,,F:/DMV/Recognizing-sign-language-at-the-word-level/data/datasets/WLASL/branch_inputs/regions/rtmw_l/previews/nslt100/train/65187_preview.jpg,65,64,"[3, 3, 64, 112, 112]",0.90625,1.0,1.0,0.578125,0.328125,0.09375,1.0,0.0,0.0,1.0,0.0,0.0,3.3493274353645943,4.9760555028915405,8.022135570645332,ok,,end_frame_clipped_to_video_end;left_hand_fallback_limit_reached=3;left_hand_prev_bbox_fallback_frames=21;left_hand_black_frames=6
wlasl:65192,65192,65192,birthday,78,train,F:/DMV/Recognizing-sign-language-at-the-word-level/data/datasets/WLASL/branch_inputs/regions/rtmw_l/tensors/nslt100/train/65192.npz,,F:/DMV/Recognizing-sign-language-at-the-word-level/data/datasets/WLASL/branch_inputs/regions/rtmw_l/previews/nslt100/train/65192_preview.jpg,61,64,"[3, 3, 64, 112, 112]",0.734375,0.8125,1.0,0.546875,0.1875,0.265625,0.71875,0.09375,0.1875,1.0,0.0,0.0,2.563278933933803,5.337396440298661,7.6958853751420975,ok,,end_frame_clipped_to_video_end;sampled_with_repeated_indices;left_hand_fallback_limit_reached=3;left_hand_prev_bbox_fallback_frames=12;left_hand_black_frames=17;right_hand_prev_bbox_fallback_frames=6;right_hand_black_frames=12
wlasl:65200,65200,65200,black,19,train,F:/DMV/Recognizing-sign-language-at-the-word-level/data/datasets/WLASL/branch_inputs/regions/rtmw_l/tensors/nslt100/train/65200.npz,,F:/DMV/Recognizing-sign-language-at-the-word-level/data/datasets/WLASL/branch_inputs/regions/rtmw_l/previews/nslt100/train/65200_preview.jpg,46,64,"[3, 3, 64, 112, 112]",0.8125,0.984375,1.0,0.328125,0.484375,0.1875,0.984375,0.0,0.015625,1.0,0.0,0.0,2.162209255354745,4.096010847697182,7.734486505389214,ok,,end_frame_clipped_to_video_end;sampled_with_repeated_indices;left_hand_fallback_limit_reached=3;left_hand_prev_bbox_fallback_frames=31;left_hand_black_frames=12;right_hand_black_frames=1
wlasl:65216,65216,65216,blue,33,train,F:/DMV/Recognizing-sign-language-at-the-word-level/data/datasets/WLASL/branch_inputs/regions/rtmw_l/tensors/nslt100/train/65216.npz,,F:/DMV/Recognizing-sign-language-at-the-word-level/data/datasets/WLASL/branch_inputs/regions/rtmw_l/previews/nslt100/train/65216_preview.jpg,58,64,"[3, 3, 64, 112, 112]",0.6875,0.8125,1.0,0.234375,0.453125,0.3125,0.609375,0.203125,0.1875,1.0,0.0,0.0,2.5156771500905353,5.638284548735007,8.198662914335728,ok,,end_frame_clipped_to_video_end;sampled_with_repeated_indices;left_hand_fallback_limit_reached=3;right_hand_fallback_limit_reached=3;left_hand_prev_bbox_fallback_frames=29;left_hand_black_frames=20;right_hand_prev_bbox_fallback_frames=13;right_hand_black_frames=12
wlasl:65241,65241,65241,bowling,34,train,F:/DMV/Recognizing-sign-language-at-the-word-level/data/datasets/WLASL/branch_inputs/regions/rtmw_l/tensors/nslt100/train/65241.npz,,F:/DMV/Recognizing-sign-language-at-the-word-level/data/datasets/WLASL/branch_inputs/regions/rtmw_l/previews/nslt100/train/65241_preview.jpg,60,64,"[3, 3, 64, 112, 112]",0.734375,0.921875,1.0,0.09375,0.640625,0.265625,0.78125,0.140625,0.078125,1.0,0.0,0.0,1.207498033841451,5.603644747734069,8.2557442933321,ok,,end_frame_clipped_to_video_end;sampled_with_repeated_indices;left_hand_fallback_limit_reached=3;right_hand_fallback_limit_reached=3;left_hand_prev_bbox_fallback_frames=41;left_hand_black_frames=17;right_hand_prev_bbox_fallback_frames=9;right_hand_black_frames=5
wlasl:65242,65242,65242,bowling,34,train,F:/DMV/Recognizing-sign-language-at-the-word-level/data/datasets/WLASL/branch_inputs/regions/rtmw_l/tensors/nslt100/train/65242.npz,,F:/DMV/Recognizing-sign-language-at-the-word-level/data/datasets/WLASL/branch_inputs/regions/rtmw_l/previews/nslt100/train/65242_preview.jpg,77,64,"[3, 3, 64, 112, 112]",1.0,0.875,1.0,1.0,0.0,0.0,0.484375,0.390625,0.125,1.0,0.0,0.0,6.078568387776613,2.9551774609473442,8.031039200723171,ok,,right_hand_fallback_limit_reached=3;right_hand_prev_bbox_fallback_frames=25;right_hand_black_frames=8
wlasl:65263,65263,65263,brown,79,train,F:/DMV/Recognizing-sign-language-at-the-word-level/data/datasets/WLASL/branch_inputs/regions/rtmw_l/tensors/nslt100/train/65263.npz,,F:/DMV/Recognizing-sign-language-at-the-word-level/data/datasets/WLASL/branch_inputs/regions/rtmw_l/previews/nslt100/train/65263_preview.jpg,65,64,"[3, 3, 64, 112, 112]",0.921875,1.0,1.0,0.625,0.296875,0.078125,0.984375,0.015625,0.0,1.0,0.0,0.0,2.9823525935411452,4.957366318929763,8.35695268213749,ok,,end_frame_clipped_to_video_end;left_hand_fallback_limit_reached=3;left_hand_prev_bbox_fallback_frames=19;left_hand_black_frames=5;right_hand_prev_bbox_fallback_frames=1
wlasl:65278,65278,65278,but,80,train,F:/DMV/Recognizing-sign-language-at-the-word-level/data/datasets/WLASL/branch_inputs/regions/rtmw_l/tensors/nslt100/train/65278.npz,,F:/DMV/Recognizing-sign-language-at-the-word-level/data/datasets/WLASL/branch_inputs/regions/rtmw_l/previews/nslt100/train/65278_preview.jpg,59,64,"[3, 3, 64, 112, 112]",0.90625,0.921875,1.0,0.734375,0.171875,0.09375,0.6875,0.234375,0.078125,1.0,0.0,0.0,5.987644997048886,6.031019351699135,8.27095627784729,ok,,end_frame_clipped_to_video_end;sampled_with_repeated_indices;right_hand_fallback_limit_reached=3;left_hand_fallback_limit_reached=3;left_hand_prev_bbox_fallback_frames=11;left_hand_black_frames=6;right_hand_prev_bbox_fallback_frames=15;right_hand_black_frames=5
wlasl:65298,65298,65298,candy,8,train,F:/DMV/Recognizing-sign-language-at-the-word-level/data/datasets/WLASL/branch_inputs/regions/rtmw_l/tensors/nslt100/train/65298.npz,,F:/DMV/Recognizing-sign-language-at-the-word-level/data/datasets/WLASL/branch_inputs/regions/rtmw_l/previews/nslt100/train/65298_preview.jpg,58,64,"[3, 3, 64, 112, 112]",0.90625,1.0,1.0,0.59375,0.3125,0.09375,1.0,0.0,0.0,1.0,0.0,0.0,2.6741720563487004,4.9491935931146145,8.383121892809868,ok,,end_frame_clipped_to_video_end;sampled_with_repeated_indices;left_hand_fallback_limit_reached=3;left_hand_prev_bbox_fallback_frames=20;left_hand_black_frames=6
wlasl:65299,65299,65299,candy,8,train,F:/DMV/Recognizing-sign-language-at-the-word-level/data/datasets/WLASL/branch_inputs/regions/rtmw_l/tensors/nslt100/train/65299.npz,,F:/DMV/Recognizing-sign-language-at-the-word-level/data/datasets/WLASL/branch_inputs/regions/rtmw_l/previews/nslt100/train/65299_preview.jpg,61,64,"[3, 3, 64, 112, 112]",0.625,0.90625,1.0,0.046875,0.578125,0.375,0.671875,0.234375,0.09375,1.0,0.0,0.0,2.320838371912638,5.91442302215931,8.5202916264534,ok,,end_frame_clipped_to_video_end;sampled_with_repeated_indices;left_hand_fallback_limit_reached=3;right_hand_fallback_limit_reached=3;left_hand_prev_bbox_fallback_frames=37;left_hand_black_frames=24;right_hand_prev_bbox_fallback_frames=15;right_hand_black_frames=6
wlasl:65328,65328,65328,chair,4,train,F:/DMV/Recognizing-sign-language-at-the-word-level/data/datasets/WLASL/branch_inputs/regions/rtmw_l/tensors/nslt100/train/65328.npz,,F:/DMV/Recognizing-sign-language-at-the-word-level/data/datasets/WLASL/branch_inputs/regions/rtmw_l/previews/nslt100/train/65328_preview.jpg,58,64,"[3, 3, 64, 112, 112]",1.0,1.0,1.0,1.0,0.0,0.0,1.0,0.0,0.0,1.0,0.0,0.0,4.860240537673235,4.936632078140974,8.21792308986187,ok,,end_frame_clipped_to_video_end;sampled_with_repeated_indices
wlasl:65362,65362,65362,city,82,train,F:/DMV/Recognizing-sign-language-at-the-word-level/data/datasets/WLASL/branch_inputs/regions/rtmw_l/tensors/nslt100/train/65362.npz,,F:/DMV/Recognizing-sign-language-at-the-word-level/data/datasets/WLASL/branch_inputs/regions/rtmw_l/previews/nslt100/train/65362_preview.jpg,59,64,"[3, 3, 64, 112, 112]",0.890625,0.953125,1.0,0.71875,0.171875,0.109375,0.796875,0.15625,0.046875,1.0,0.0,0.0,6.333939241326374,5.765034367056454,8.185249671339989,ok,,end_frame_clipped_to_video_end;sampled_with_repeated_indices;right_hand_fallback_limit_reached=3;left_hand_fallback_limit_reached=3;left_hand_prev_bbox_fallback_frames=11;left_hand_black_frames=7;right_hand_prev_bbox_fallback_frames=10;right_hand_black_frames=3
wlasl:65363,65363,65363,city,82,train,F:/DMV/Recognizing-sign-language-at-the-word-level/data/datasets/WLASL/branch_inputs/regions/rtmw_l/tensors/nslt100/train/65363.npz,,F:/DMV/Recognizing-sign-language-at-the-word-level/data/datasets/WLASL/branch_inputs/regions/rtmw_l/previews/nslt100/train/65363_preview.jpg,68,64,"[3, 3, 64, 112, 112]",1.0,0.96875,1.0,0.921875,0.078125,0.0,0.78125,0.1875,0.03125,1.0,0.0,0.0,3.383988234956386,3.3926163578033446,8.174031116068363,ok,,right_hand_fallback_limit_reached=3;left_hand_prev_bbox_fallback_frames=5;right_hand_prev_bbox_fallback_frames=12;right_hand_black_frames=2
wlasl:65403,65403,65403,cool,20,train,F:/DMV/Recognizing-sign-language-at-the-word-level/data/datasets/WLASL/branch_inputs/regions/rtmw_l/tensors/nslt100/train/65403.npz,,F:/DMV/Recognizing-sign-language-at-the-word-level/data/datasets/WLASL/branch_inputs/regions/rtmw_l/previews/nslt100/train/65403_preview.jpg,73,64,"[3, 3, 64, 112, 112]",0.5625,0.90625,1.0,0.046875,0.515625,0.4375,0.625,0.28125,0.09375,1.0,0.0,0.0,2.057214379310608,4.324117493629456,8.27369850128889,ok,,end_frame_clipped_to_video_end;right_hand_fallback_limit_reached=3;left_hand_fallback_limit_reached=3;left_hand_prev_bbox_fallback_frames=33;left_hand_black_frames=28;right_hand_prev_bbox_fallback_frames=18;right_hand_black_frames=6
wlasl:65408,65408,65408,corn,56,train,F:/DMV/Recognizing-sign-language-at-the-word-level/data/datasets/WLASL/branch_inputs/regions/rtmw_l/tensors/nslt100/train/65408.npz,,F:/DMV/Recognizing-sign-language-at-the-word-level/data/datasets/WLASL/branch_inputs/regions/rtmw_l/previews/nslt100/train/65408_preview.jpg,62,64,"[3, 3, 64, 112, 112]",0.90625,1.0,1.0,0.59375,0.3125,0.09375,0.953125,0.046875,0.0,1.0,0.0,0.0,2.7736939944719015,4.131114979259303,7.758396990597248,ok,,end_frame_clipped_to_video_end;sampled_with_repeated_indices;left_hand_fallback_limit_reached=3;left_hand_prev_bbox_fallback_frames=20;left_hand_black_frames=6;right_hand_prev_bbox_fallback_frames=3
wlasl:65409,65409,65409,corn,56,train,F:/DMV/Recognizing-sign-language-at-the-word-level/data/datasets/WLASL/branch_inputs/regions/rtmw_l/tensors/nslt100/train/65409.npz,,F:/DMV/Recognizing-sign-language-at-the-word-level/data/datasets/WLASL/branch_inputs/regions/rtmw_l/previews/nslt100/train/65409_preview.jpg,53,64,"[3, 3, 64, 112, 112]",1.0,1.0,1.0,1.0,0.0,0.0,1.0,0.0,0.0,1.0,0.0,0.0,6.037992991507053,5.935872323811054,7.635000929236412,ok,,end_frame_clipped_to_video_end;sampled_with_repeated_indices
wlasl:65434,65434,65434,dance,58,train,F:/DMV/Recognizing-sign-language-at-the-word-level/data/datasets/WLASL/branch_inputs/regions/rtmw_l/tensors/nslt100/train/65434.npz,,F:/DMV/Recognizing-sign-language-at-the-word-level/data/datasets/WLASL/branch_inputs/regions/rtmw_l/previews/nslt100/train/65434_preview.jpg,68,64,"[3, 3, 64, 112, 112]",0.96875,1.0,1.0,0.8125,0.15625,0.03125,0.921875,0.078125,0.0,1.0,0.0,0.0,4.570463352478468,4.276351352869454,8.441003262996674,ok,,end_frame_clipped_to_video_end;left_hand_fallback_limit_reached=3;left_hand_prev_bbox_fallback_frames=10;left_hand_black_frames=2;right_hand_prev_bbox_fallback_frames=5
wlasl:65439,65439,65439,dark,59,train,F:/DMV/Recognizing-sign-language-at-the-word-level/data/datasets/WLASL/branch_inputs/regions/rtmw_l/tensors/nslt100/train/65439.npz,,F:/DMV/Recognizing-sign-language-at-the-word-level/data/datasets/WLASL/branch_inputs/regions/rtmw_l/previews/nslt100/train/65439_preview.jpg,59,64,"[3, 3, 64, 112, 112]",0.984375,1.0,1.0,0.96875,0.015625,0.015625,1.0,0.0,0.0,1.0,0.0,0.0,4.447472981868252,4.2667685355991125,7.815089873969555,ok,,end_frame_clipped_to_video_end;sampled_with_repeated_indices;left_hand_prev_bbox_fallback_frames=1;left_hand_black_frames=1
wlasl:65440,65440,65440,dark,59,train,F:/DMV/Recognizing-sign-language-at-the-word-level/data/datasets/WLASL/branch_inputs/regions/rtmw_l/tensors/nslt100/train/65440.npz,,F:/DMV/Recognizing-sign-language-at-the-word-level/data/datasets/WLASL/branch_inputs/regions/rtmw_l/previews/nslt100/train/65440_preview.jpg,61,64,"[3, 3, 64, 112, 112]",0.984375,0.984375,1.0,0.890625,0.09375,0.015625,0.9375,0.046875,0.015625,1.0,0.0,0.0,4.361559771654899,3.624426982800166,7.889743193984032,ok,,end_frame_clipped_to_video_end;sampled_with_repeated_indices;left_hand_fallback_limit_reached=3;right_hand_fallback_limit_reached=3;left_hand_prev_bbox_fallback_frames=6;left_hand_black_frames=1;right_hand_prev_bbox_fallback_frames=3;right_hand_black_frames=1
wlasl:65445,65445,65445,deaf,10,train,F:/DMV/Recognizing-sign-language-at-the-word-level/data/datasets/WLASL/branch_inputs/regions/rtmw_l/tensors/nslt100/train/65445.npz,,F:/DMV/Recognizing-sign-language-at-the-word-level/data/datasets/WLASL/branch_inputs/regions/rtmw_l/previews/nslt100/train/65445_preview.jpg,51,64,"[3, 3, 64, 112, 112]",0.0,0.8125,1.0,0.0,0.0,1.0,0.671875,0.140625,0.1875,1.0,0.0,0.0,0.0,5.398852065552113,7.666933432221413,ok,,end_frame_clipped_to_video_end;sampled_with_repeated_indices;right_hand_fallback_limit_reached=3;left_hand_black_frames=64;right_hand_prev_bbox_fallback_frames=9;right_hand_black_frames=12
wlasl:65449,65449,65449,decide,84,train,F:/DMV/Recognizing-sign-language-at-the-word-level/data/datasets/WLASL/branch_inputs/regions/rtmw_l/tensors/nslt100/train/65449.npz,,F:/DMV/Recognizing-sign-language-at-the-word-level/data/datasets/WLASL/branch_inputs/regions/rtmw_l/previews/nslt100/train/65449_preview.jpg,53,64,"[3, 3, 64, 112, 112]",1.0,0.984375,1.0,1.0,0.0,0.0,0.9375,0.046875,0.015625,1.0,0.0,0.0,4.916402276605368,4.650597681601842,8.349572196602821,ok,,end_frame_clipped_to_video_end;sampled_with_repeated_indices;right_hand_fallback_limit_reached=3;right_hand_prev_bbox_fallback_frames=3;right_hand_black_frames=1
wlasl:65450,65450,65450,decide,84,train,F:/DMV/Recognizing-sign-language-at-the-word-level/data/datasets/WLASL/branch_inputs/regions/rtmw_l/tensors/nslt100/train/65450.npz,,F:/DMV/Recognizing-sign-language-at-the-word-level/data/datasets/WLASL/branch_inputs/regions/rtmw_l/previews/nslt100/train/65450_preview.jpg,59,64,"[3, 3, 64, 112, 112]",0.96875,0.78125,1.0,0.828125,0.140625,0.03125,0.75,0.03125,0.21875,1.0,0.0,0.0,4.029589958910672,4.045409572621186,8.355556719005108,ok,,end_frame_clipped_to_video_end;sampled_with_repeated_indices;left_hand_fallback_limit_reached=3;left_hand_prev_bbox_fallback_frames=9;left_hand_black_frames=2;right_hand_prev_bbox_fallback_frames=2;right_hand_black_frames=14
wlasl:65503,65503,65503,doctor,60,train,F:/DMV/Recognizing-sign-language-at-the-word-level/data/datasets/WLASL/branch_inputs/regions/rtmw_l/tensors/nslt100/train/65503.npz,,F:/DMV/Recognizing-sign-language-at-the-word-level/data/datasets/WLASL/branch_inputs/regions/rtmw_l/previews/nslt100/train/65503_preview.jpg,47,64,"[3, 3, 64, 112, 112]",1.0,1.0,1.0,1.0,0.0,0.0,1.0,0.0,0.0,1.0,0.0,0.0,5.132970679551363,4.7331180311739445,8.066758774220943,ok,,end_frame_clipped_to_video_end;sampled_with_repeated_indices
wlasl:65504,65504,65504,doctor,60,train,F:/DMV/Recognizing-sign-language-at-the-word-level/data/datasets/WLASL/branch_inputs/regions/rtmw_l/tensors/nslt100/train/65504.npz,,F:/DMV/Recognizing-sign-language-at-the-word-level/data/datasets/WLASL/branch_inputs/regions/rtmw_l/previews/nslt100/train/65504_preview.jpg,47,64,"[3, 3, 64, 112, 112]",1.0,1.0,1.0,1.0,0.0,0.0,1.0,0.0,0.0,1.0,0.0,0.0,5.266665417701006,4.773456145077944,8.008155524730682,ok,,end_frame_clipped_to_video_end;sampled_with_repeated_indices
wlasl:65507,65507,65507,dog,36,train,F:/DMV/Recognizing-sign-language-at-the-word-level/data/datasets/WLASL/branch_inputs/regions/rtmw_l/tensors/nslt100/train/65507.npz,,F:/DMV/Recognizing-sign-language-at-the-word-level/data/datasets/WLASL/branch_inputs/regions/rtmw_l/previews/nslt100/train/65507_preview.jpg,56,64,"[3, 3, 64, 112, 112]",1.0,0.953125,1.0,1.0,0.0,0.0,0.671875,0.28125,0.046875,1.0,0.0,0.0,5.898158378899097,2.8867285307063613,8.135621942579746,ok,,end_frame_clipped_to_video_end;sampled_with_repeated_indices;right_hand_fallback_limit_reached=3;right_hand_prev_bbox_fallback_frames=18;right_hand_black_frames=3
wlasl:65539,65539,65539,drink,1,train,F:/DMV/Recognizing-sign-language-at-the-word-level/data/datasets/WLASL/branch_inputs/regions/rtmw_l/tensors/nslt100/train/65539.npz,,F:/DMV/Recognizing-sign-language-at-the-word-level/data/datasets/WLASL/branch_inputs/regions/rtmw_l/previews/nslt100/train/65539_preview.jpg,43,64,"[3, 3, 64, 112, 112]",0.6875,1.0,1.0,0.046875,0.640625,0.3125,1.0,0.0,0.0,1.0,0.0,0.0,2.810709555943807,4.662963161244988,7.812077201902866,ok,,end_frame_clipped_to_video_end;sampled_with_repeated_indices;left_hand_fallback_limit_reached=3;left_hand_prev_bbox_fallback_frames=41;left_hand_black_frames=20
wlasl:65540,65540,65540,drink,1,train,F:/DMV/Recognizing-sign-language-at-the-word-level/data/datasets/WLASL/branch_inputs/regions/rtmw_l/tensors/nslt100/train/65540.npz,,F:/DMV/Recognizing-sign-language-at-the-word-level/data/datasets/WLASL/branch_inputs/regions/rtmw_l/previews/nslt100/train/65540_preview.jpg,45,64,"[3, 3, 64, 112, 112]",0.8125,1.0,1.0,0.359375,0.453125,0.1875,0.984375,0.015625,0.0,1.0,0.0,0.0,1.3658855505611585,4.470932627481128,7.813755050301552,ok,,end_frame_clipped_to_video_end;sampled_with_repeated_indices;left_hand_fallback_limit_reached=3;left_hand_prev_bbox_fallback_frames=29;left_hand_black_frames=12;right_hand_prev_bbox_fallback_frames=1
wlasl:65601,65601,65601,eat,61,train,F:/DMV/Recognizing-sign-language-at-the-word-level/data/datasets/WLASL/branch_inputs/regions/rtmw_l/tensors/nslt100/train/65601.npz,,F:/DMV/Recognizing-sign-language-at-the-word-level/data/datasets/WLASL/branch_inputs/regions/rtmw_l/previews/nslt100/train/65601_preview.jpg,60,64,"[3, 3, 64, 112, 112]",0.875,0.8125,1.0,0.375,0.5,0.125,0.640625,0.171875,0.1875,1.0,0.0,0.0,2.4843028535445533,5.30125629901886,7.82995468378067,ok,,end_frame_clipped_to_video_end;sampled_with_repeated_indices;left_hand_fallback_limit_reached=3;right_hand_fallback_limit_reached=3;left_hand_prev_bbox_fallback_frames=32;left_hand_black_frames=8;right_hand_prev_bbox_fallback_frames=11;right_hand_black_frames=12
wlasl:65635,65635,65635,enjoy,62,train,F:/DMV/Recognizing-sign-language-at-the-word-level/data/datasets/WLASL/branch_inputs/regions/rtmw_l/tensors/nslt100/train/65635.npz,,F:/DMV/Recognizing-sign-language-at-the-word-level/data/datasets/WLASL/branch_inputs/regions/rtmw_l/previews/nslt100/train/65635_preview.jpg,72,64,"[3, 3, 64, 112, 112]",0.9375,0.859375,1.0,0.703125,0.234375,0.0625,0.671875,0.1875,0.140625,1.0,0.0,0.0,6.754948658413357,6.812614219133244,7.93517180532217,ok,,end_frame_clipped_to_video_end;left_hand_fallback_limit_reached=3;right_hand_fallback_limit_reached=3;left_hand_prev_bbox_fallback_frames=15;left_hand_black_frames=4;right_hand_prev_bbox_fallback_frames=12;right_hand_black_frames=9
wlasl:65677,65677,65677,family,37,train,F:/DMV/Recognizing-sign-language-at-the-word-level/data/datasets/WLASL/branch_inputs/regions/rtmw_l/tensors/nslt100/train/65677.npz,,F:/DMV/Recognizing-sign-language-at-the-word-level/data/datasets/WLASL/branch_inputs/regions/rtmw_l/previews/nslt100/train/65677_preview.jpg,67,64,"[3, 3, 64, 112, 112]",0.71875,0.796875,1.0,0.3125,0.40625,0.28125,0.59375,0.203125,0.203125,1.0,0.0,0.0,4.738423228263855,4.190023939860494,8.396624103188515,ok,,end_frame_clipped_to_video_end;left_hand_fallback_limit_reached=3;right_hand_fallback_limit_reached=3;left_hand_prev_bbox_fallback_frames=26;left_hand_black_frames=18;right_hand_prev_bbox_fallback_frames=13;right_hand_black_frames=13
wlasl:65721,65721,65721,finish,21,train,F:/DMV/Recognizing-sign-language-at-the-word-level/data/datasets/WLASL/branch_inputs/regions/rtmw_l/tensors/nslt100/train/65721.npz,,F:/DMV/Recognizing-sign-language-at-the-word-level/data/datasets/WLASL/branch_inputs/regions/rtmw_l/previews/nslt100/train/65721_preview.jpg,42,64,"[3, 3, 64, 112, 112]",1.0,1.0,1.0,1.0,0.0,0.0,1.0,0.0,0.0,1.0,0.0,0.0,5.723455101251602,6.1775616481900215,8.0248286947608,ok,,end_frame_clipped_to_video_end;sampled_with_repeated_indices
wlasl:65731,65731,65731,fish,38,train,F:/DMV/Recognizing-sign-language-at-the-word-level/data/datasets/WLASL/branch_inputs/regions/rtmw_l/tensors/nslt100/train/65731.npz,,F:/DMV/Recognizing-sign-language-at-the-word-level/data/datasets/WLASL/branch_inputs/regions/rtmw_l/previews/nslt100/train/65731_preview.jpg,42,64,"[3, 3, 64, 112, 112]",0.890625,0.953125,1.0,0.515625,0.375,0.109375,0.734375,0.21875,0.046875,1.0,0.0,0.0,3.0866440426219595,5.204964838129409,8.120345272123814,ok,,end_frame_clipped_to_video_end;sampled_with_repeated_indices;left_hand_fallback_limit_reached=3;right_hand_fallback_limit_reached=3;left_hand_prev_bbox_fallback_frames=24;left_hand_black_frames=7;right_hand_prev_bbox_fallback_frames=14;right_hand_black_frames=3
wlasl:65824,65824,65824,go,5,train,F:/DMV/Recognizing-sign-language-at-the-word-level/data/datasets/WLASL/branch_inputs/regions/rtmw_l/tensors/nslt100/train/65824.npz,,F:/DMV/Recognizing-sign-language-at-the-word-level/data/datasets/WLASL/branch_inputs/regions/rtmw_l/previews/nslt100/train/65824_preview.jpg,40,64,"[3, 3, 64, 112, 112]",1.0,1.0,1.0,1.0,0.0,0.0,1.0,0.0,0.0,1.0,0.0,0.0,5.013949282467365,5.494613911956549,8.158184640109539,ok,,end_frame_clipped_to_video_end;sampled_with_repeated_indices
wlasl:65889,65889,65889,help,12,train,F:/DMV/Recognizing-sign-language-at-the-word-level/data/datasets/WLASL/branch_inputs/regions/rtmw_l/tensors/nslt100/train/65889.npz,,F:/DMV/Recognizing-sign-language-at-the-word-level/data/datasets/WLASL/branch_inputs/regions/rtmw_l/previews/nslt100/train/65889_preview.jpg,61,64,"[3, 3, 64, 112, 112]",1.0,1.0,1.0,1.0,0.0,0.0,1.0,0.0,0.0,1.0,0.0,0.0,4.486977156251669,4.868362333625555,8.332108497619629,ok,,end_frame_clipped_to_video_end;sampled_with_repeated_indices
wlasl:65890,65890,65890,help,12,train,F:/DMV/Recognizing-sign-language-at-the-word-level/data/datasets/WLASL/branch_inputs/regions/rtmw_l/tensors/nslt100/train/65890.npz,,F:/DMV/Recognizing-sign-language-at-the-word-level/data/datasets/WLASL/branch_inputs/regions/rtmw_l/previews/nslt100/train/65890_preview.jpg,58,64,"[3, 3, 64, 112, 112]",1.0,1.0,1.0,1.0,0.0,0.0,1.0,0.0,0.0,1.0,0.0,0.0,5.232877016067505,5.274954617023468,8.26839978247881,ok,,end_frame_clipped_to_video_end;sampled_with_repeated_indices
wlasl:65996,65996,65996,kiss,42,train,F:/DMV/Recognizing-sign-language-at-the-word-level/data/datasets/WLASL/branch_inputs/regions/rtmw_l/tensors/nslt100/train/65996.npz,,F:/DMV/Recognizing-sign-language-at-the-word-level/data/datasets/WLASL/branch_inputs/regions/rtmw_l/previews/nslt100/train/65996_preview.jpg,60,64,"[3, 3, 64, 112, 112]",0.984375,0.671875,1.0,0.8125,0.171875,0.015625,0.484375,0.1875,0.328125,1.0,0.0,0.0,4.051758252657377,5.913962264214793,7.909208253026009,ok,,end_frame_clipped_to_video_end;sampled_with_repeated_indices;right_hand_fallback_limit_reached=3;left_hand_fallback_limit_reached=3;left_hand_prev_bbox_fallback_frames=11;left_hand_black_frames=1;right_hand_prev_bbox_fallback_frames=12;right_hand_black_frames=21
wlasl:66007,66007,66007,language,43,train,F:/DMV/Recognizing-sign-language-at-the-word-level/data/datasets/WLASL/branch_inputs/regions/rtmw_l/tensors/nslt100/train/66007.npz,,F:/DMV/Recognizing-sign-language-at-the-word-level/data/datasets/WLASL/branch_inputs/regions/rtmw_l/previews/nslt100/train/66007_preview.jpg,52,64,"[3, 3, 64, 112, 112]",0.96875,0.890625,1.0,0.8125,0.15625,0.03125,0.703125,0.1875,0.109375,1.0,0.0,0.0,4.451868820648927,4.833496832847596,7.791358537971973,ok,,end_frame_clipped_to_video_end;sampled_with_repeated_indices;right_hand_fallback_limit_reached=3;left_hand_fallback_limit_reached=3;left_hand_prev_bbox_fallback_frames=10;left_hand_black_frames=2;right_hand_prev_bbox_fallback_frames=12;right_hand_black_frames=7
wlasl:66008,66008,66008,language,43,train,F:/DMV/Recognizing-sign-language-at-the-word-level/data/datasets/WLASL/branch_inputs/regions/rtmw_l/tensors/nslt100/train/66008.npz,,F:/DMV/Recognizing-sign-language-at-the-word-level/data/datasets/WLASL/branch_inputs/regions/rtmw_l/previews/nslt100/train/66008_preview.jpg,59,64,"[3, 3, 64, 112, 112]",0.984375,0.859375,1.0,0.90625,0.078125,0.015625,0.609375,0.25,0.140625,1.0,0.0,0.0,3.8125755478595864,4.9487696916629105,7.9846372827887535,ok,,end_frame_clipped_to_video_end;sampled_with_repeated_indices;left_hand_fallback_limit_reached=3;right_hand_fallback_limit_reached=3;left_hand_prev_bbox_fallback_frames=5;left_hand_black_frames=1;right_hand_prev_bbox_fallback_frames=16;right_hand_black_frames=9
wlasl:66010,66010,66010,last,65,train,F:/DMV/Recognizing-sign-language-at-the-word-level/data/datasets/WLASL/branch_inputs/regions/rtmw_l/tensors/nslt100/train/66010.npz,,F:/DMV/Recognizing-sign-language-at-the-word-level/data/datasets/WLASL/branch_inputs/regions/rtmw_l/previews/nslt100/train/66010_preview.jpg,51,64,"[3, 3, 64, 112, 112]",0.984375,0.859375,1.0,0.890625,0.09375,0.015625,0.671875,0.1875,0.140625,1.0,0.0,0.0,4.074683528197439,4.5892772203268,7.821279868483543,ok,,end_frame_clipped_to_video_end;sampled_with_repeated_indices;right_hand_fallback_limit_reached=3;left_hand_fallback_limit_reached=3;left_hand_prev_bbox_fallback_frames=6;left_hand_black_frames=1;right_hand_prev_bbox_fallback_frames=12;right_hand_black_frames=9
wlasl:66014,66014,66014,later,44,train,F:/DMV/Recognizing-sign-language-at-the-word-level/data/datasets/WLASL/branch_inputs/regions/rtmw_l/tensors/nslt100/train/66014.npz,,F:/DMV/Recognizing-sign-language-at-the-word-level/data/datasets/WLASL/branch_inputs/regions/rtmw_l/previews/nslt100/train/66014_preview.jpg,59,64,"[3, 3, 64, 112, 112]",0.84375,0.875,1.0,0.296875,0.546875,0.15625,0.625,0.25,0.125,1.0,0.0,0.0,1.5259633315236945,5.54828933775425,7.997223846614361,ok,,end_frame_clipped_to_video_end;sampled_with_repeated_indices;left_hand_fallback_limit_reached=3;right_hand_fallback_limit_reached=3;left_hand_prev_bbox_fallback_frames=35;left_hand_black_frames=10;right_hand_prev_bbox_fallback_frames=16;right_hand_black_frames=8
wlasl:66038,66038,66038,letter,88,train,F:/DMV/Recognizing-sign-language-at-the-word-level/data/datasets/WLASL/branch_inputs/regions/rtmw_l/tensors/nslt100/train/66038.npz,,F:/DMV/Recognizing-sign-language-at-the-word-level/data/datasets/WLASL/branch_inputs/regions/rtmw_l/previews/nslt100/train/66038_preview.jpg,58,64,"[3, 3, 64, 112, 112]",0.984375,0.765625,1.0,0.828125,0.15625,0.015625,0.5,0.265625,0.234375,1.0,0.0,0.0,4.578800534302333,4.9101999551057816,7.891251064836979,ok,,end_frame_clipped_to_video_end;sampled_with_repeated_indices;right_hand_fallback_limit_reached=3;left_hand_fallback_limit_reached=3;left_hand_prev_bbox_fallback_frames=10;left_hand_black_frames=1;right_hand_prev_bbox_fallback_frames=17;right_hand_black_frames=15
wlasl:66098,66098,66098,man,45,train,F:/DMV/Recognizing-sign-language-at-the-word-level/data/datasets/WLASL/branch_inputs/regions/rtmw_l/tensors/nslt100/train/66098.npz,,F:/DMV/Recognizing-sign-language-at-the-word-level/data/datasets/WLASL/branch_inputs/regions/rtmw_l/previews/nslt100/train/66098_preview.jpg,68,64,"[3, 3, 64, 112, 112]",0.609375,0.796875,1.0,0.03125,0.578125,0.390625,0.65625,0.140625,0.203125,1.0,0.0,0.0,3.26170551776886,6.8589861279442195,8.12046866863966,ok,,end_frame_clipped_to_video_end;left_hand_fallback_limit_reached=3;right_hand_fallback_limit_reached=3;left_hand_prev_bbox_fallback_frames=37;left_hand_black_frames=25;right_hand_prev_bbox_fallback_frames=9;right_hand_black_frames=13
wlasl:66099,66099,66099,man,45,train,F:/DMV/Recognizing-sign-language-at-the-word-level/data/datasets/WLASL/branch_inputs/regions/rtmw_l/tensors/nslt100/train/66099.npz,,F:/DMV/Recognizing-sign-language-at-the-word-level/data/datasets/WLASL/branch_inputs/regions/rtmw_l/previews/nslt100/train/66099_preview.jpg,59,64,"[3, 3, 64, 112, 112]",0.65625,0.875,1.0,0.046875,0.609375,0.34375,0.828125,0.046875,0.125,1.0,0.0,0.0,3.2626700401306152,6.440522355853386,8.125480458140373,ok,,end_frame_clipped_to_video_end;sampled_with_repeated_indices;left_hand_fallback_limit_reached=3;left_hand_prev_bbox_fallback_frames=39;left_hand_black_frames=22;right_hand_prev_bbox_fallback_frames=3;right_hand_black_frames=8
wlasl:66146,66146,66146,mother,25,train,F:/DMV/Recognizing-sign-language-at-the-word-level/data/datasets/WLASL/branch_inputs/regions/rtmw_l/tensors/nslt100/train/66146.npz,,F:/DMV/Recognizing-sign-language-at-the-word-level/data/datasets/WLASL/branch_inputs/regions/rtmw_l/previews/nslt100/train/66146_preview.jpg,60,64,"[3, 3, 64, 112, 112]",0.921875,1.0,1.0,0.671875,0.25,0.078125,0.96875,0.03125,0.0,1.0,0.0,0.0,3.5833706356758297,4.444709697077351,8.334978498518467,ok,,end_frame_clipped_to_video_end;sampled_with_repeated_indices;left_hand_fallback_limit_reached=3;left_hand_prev_bbox_fallback_frames=16;left_hand_black_frames=5;right_hand_prev_bbox_fallback_frames=2
wlasl:66147,66147,66147,mother,25,train,F:/DMV/Recognizing-sign-language-at-the-word-level/data/datasets/WLASL/branch_inputs/regions/rtmw_l/tensors/nslt100/train/66147.npz,,F:/DMV/Recognizing-sign-language-at-the-word-level/data/datasets/WLASL/branch_inputs/regions/rtmw_l/previews/nslt100/train/66147_preview.jpg,65,64,"[3, 3, 64, 112, 112]",0.78125,0.875,1.0,0.140625,0.640625,0.21875,0.828125,0.046875,0.125,1.0,0.0,0.0,4.130794975492689,6.8669719336167825,7.9994514510035515,ok,,end_frame_clipped_to_video_end;left_hand_fallback_limit_reached=3;right_hand_fallback_limit_reached=3;left_hand_prev_bbox_fallback_frames=41;left_hand_black_frames=14;right_hand_prev_bbox_fallback_frames=3;right_hand_black_frames=8
wlasl:66183,66183,66183,no,13,train,F:/DMV/Recognizing-sign-language-at-the-word-level/data/datasets/WLASL/branch_inputs/regions/rtmw_l/tensors/nslt100/train/66183.npz,,F:/DMV/Recognizing-sign-language-at-the-word-level/data/datasets/WLASL/branch_inputs/regions/rtmw_l/previews/nslt100/train/66183_preview.jpg,58,64,"[3, 3, 64, 112, 112]",0.875,0.84375,1.0,0.34375,0.53125,0.125,0.59375,0.25,0.15625,1.0,0.0,0.0,3.1923763535239478,5.311520551380358,8.187530942261219,ok,,sampled_with_repeated_indices;left_hand_fallback_limit_reached=3;right_hand_fallback_limit_reached=3;left_hand_prev_bbox_fallback_frames=34;left_hand_black_frames=8;right_hand_prev_bbox_fallback_frames=16;right_hand_black_frames=10
wlasl:66246,66246,66246,orange,27,train,F:/DMV/Recognizing-sign-language-at-the-word-level/data/datasets/WLASL/branch_inputs/regions/rtmw_l/tensors/nslt100/train/66246.npz,,F:/DMV/Recognizing-sign-language-at-the-word-level/data/datasets/WLASL/branch_inputs/regions/rtmw_l/previews/nslt100/train/66246_preview.jpg,55,64,"[3, 3, 64, 112, 112]",0.859375,0.90625,1.0,0.609375,0.25,0.140625,0.90625,0.0,0.09375,1.0,0.0,0.0,2.676103099798545,5.557374041655968,7.965141549706459,ok,,sampled_with_repeated_indices;left_hand_fallback_limit_reached=3;left_hand_prev_bbox_fallback_frames=16;left_hand_black_frames=9;right_hand_black_frames=6
wlasl:66296,66296,66296,pink,67,train,F:/DMV/Recognizing-sign-language-at-the-word-level/data/datasets/WLASL/branch_inputs/regions/rtmw_l/tensors/nslt100/train/66296.npz,,F:/DMV/Recognizing-sign-language-at-the-word-level/data/datasets/WLASL/branch_inputs/regions/rtmw_l/previews/nslt100/train/66296_preview.jpg,64,64,"[3, 3, 64, 112, 112]",0.625,0.90625,1.0,0.015625,0.609375,0.375,0.546875,0.359375,0.09375,1.0,0.0,0.0,3.8864245414733887,3.5752391968454633,8.225363470613956,ok,,end_frame_clipped_to_video_end;left_hand_fallback_limit_reached=3;right_hand_fallback_limit_reached=3;left_hand_prev_bbox_fallback_frames=39;left_hand_black_frames=24;right_hand_prev_bbox_fallback_frames=23;right_hand_black_frames=6
wlasl:66297,66297,66297,pizza,68,train,F:/DMV/Recognizing-sign-language-at-the-word-level/data/datasets/WLASL/branch_inputs/regions/rtmw_l/tensors/nslt100/train/66297.npz,,F:/DMV/Recognizing-sign-language-at-the-word-level/data/datasets/WLASL/branch_inputs/regions/rtmw_l/previews/nslt100/train/66297_preview.jpg,53,64,"[3, 3, 64, 112, 112]",0.15625,0.984375,1.0,0.03125,0.125,0.84375,0.9375,0.046875,0.015625,1.0,0.0,0.0,1.1358519196510315,4.56560808022817,8.481351092457771,ok,,end_frame_clipped_to_video_end;sampled_with_repeated_indices;left_hand_fallback_limit_reached=3;left_hand_prev_bbox_fallback_frames=8;left_hand_black_frames=54;right_hand_prev_bbox_fallback_frames=3;right_hand_black_frames=1
wlasl:66351,66351,66351,pull,93,train,F:/DMV/Recognizing-sign-language-at-the-word-level/data/datasets/WLASL/branch_inputs/regions/rtmw_l/tensors/nslt100/train/66351.npz,,F:/DMV/Recognizing-sign-language-at-the-word-level/data/datasets/WLASL/branch_inputs/regions/rtmw_l/previews/nslt100/train/66351_preview.jpg,51,64,"[3, 3, 64, 112, 112]",0.859375,0.90625,1.0,0.578125,0.28125,0.140625,0.703125,0.203125,0.09375,1.0,0.0,0.0,5.31475542687081,5.552077767584059,8.406703658401966,ok,,end_frame_clipped_to_video_end;sampled_with_repeated_indices;left_hand_fallback_limit_reached=3;right_hand_fallback_limit_reached=3;left_hand_prev_bbox_fallback_frames=18;left_hand_black_frames=9;right_hand_prev_bbox_fallback_frames=13;right_hand_black_frames=6
wlasl:66355,66355,66355,purple,94,train,F:/DMV/Recognizing-sign-language-at-the-word-level/data/datasets/WLASL/branch_inputs/regions/rtmw_l/tensors/nslt100/train/66355.npz,,F:/DMV/Recognizing-sign-language-at-the-word-level/data/datasets/WLASL/branch_inputs/regions/rtmw_l/previews/nslt100/train/66355_preview.jpg,62,64,"[3, 3, 64, 112, 112]",0.8125,0.796875,1.0,0.109375,0.703125,0.1875,0.421875,0.375,0.203125,1.0,0.0,0.0,1.7385533877781458,5.64328506257799,8.586960151791573,ok,,end_frame_clipped_to_video_end;sampled_with_repeated_indices;left_hand_fallback_limit_reached=3;right_hand_fallback_limit_reached=3;left_hand_prev_bbox_fallback_frames=45;left_hand_black_frames=12;right_hand_prev_bbox_fallback_frames=24;right_hand_black_frames=13
wlasl:66441,66441,66441,secretary,71,train,F:/DMV/Recognizing-sign-language-at-the-word-level/data/datasets/WLASL/branch_inputs/regions/rtmw_l/tensors/nslt100/train/66441.npz,,F:/DMV/Recognizing-sign-language-at-the-word-level/data/datasets/WLASL/branch_inputs/regions/rtmw_l/previews/nslt100/train/66441_preview.jpg,45,64,"[3, 3, 64, 112, 112]",1.0,1.0,1.0,1.0,0.0,0.0,1.0,0.0,0.0,1.0,0.0,0.0,5.986199572682381,4.676254598423839,8.096966333687305,ok,,end_frame_clipped_to_video_end;sampled_with_repeated_indices
wlasl:66469,66469,66469,short,72,train,F:/DMV/Recognizing-sign-language-at-the-word-level/data/datasets/WLASL/branch_inputs/regions/rtmw_l/tensors/nslt100/train/66469.npz,,F:/DMV/Recognizing-sign-language-at-the-word-level/data/datasets/WLASL/branch_inputs/regions/rtmw_l/previews/nslt100/train/66469_preview.jpg,37,64,"[3, 3, 64, 112, 112]",0.859375,0.90625,1.0,0.734375,0.125,0.140625,0.765625,0.140625,0.09375,1.0,0.0,0.0,5.553741652914819,4.879579573261495,8.001098044216633,ok,,end_frame_clipped_to_video_end;sampled_with_repeated_indices;right_hand_fallback_limit_reached=3;left_hand_fallback_limit_reached=3;left_hand_prev_bbox_fallback_frames=8;left_hand_black_frames=9;right_hand_prev_bbox_fallback_frames=9;right_hand_black_frames=6
wlasl:66531,66531,66531,son,97,train,F:/DMV/Recognizing-sign-language-at-the-word-level/data/datasets/WLASL/branch_inputs/regions/rtmw_l/tensors/nslt100/train/66531.npz,,F:/DMV/Recognizing-sign-language-at-the-word-level/data/datasets/WLASL/branch_inputs/regions/rtmw_l/previews/nslt100/train/66531_preview.jpg,64,64,"[3, 3, 64, 112, 112]",0.8125,0.875,1.0,0.75,0.0625,0.1875,0.796875,0.078125,0.125,1.0,0.0,0.0,5.171788265307744,5.1118894838819315,7.939964227378368,ok,,end_frame_clipped_to_video_end;right_hand_fallback_limit_reached=3;left_hand_prev_bbox_fallback_frames=4;left_hand_black_frames=12;right_hand_prev_bbox_fallback_frames=5;right_hand_black_frames=8
wlasl:66532,66532,66532,son,97,train,F:/DMV/Recognizing-sign-language-at-the-word-level/data/datasets/WLASL/branch_inputs/regions/rtmw_l/tensors/nslt100/train/66532.npz,,F:/DMV/Recognizing-sign-language-at-the-word-level/data/datasets/WLASL/branch_inputs/regions/rtmw_l/previews/nslt100/train/66532_preview.jpg,58,64,"[3, 3, 64, 112, 112]",1.0,1.0,1.0,1.0,0.0,0.0,1.0,0.0,0.0,1.0,0.0,0.0,5.8365167416632175,5.377903286367655,8.221126832067966,ok,,end_frame_clipped_to_video_end;sampled_with_repeated_indices
wlasl:66575,66575,66575,study,47,train,F:/DMV/Recognizing-sign-language-at-the-word-level/data/datasets/WLASL/branch_inputs/regions/rtmw_l/tensors/nslt100/train/66575.npz,,F:/DMV/Recognizing-sign-language-at-the-word-level/data/datasets/WLASL/branch_inputs/regions/rtmw_l/previews/nslt100/train/66575_preview.jpg,49,64,"[3, 3, 64, 112, 112]",1.0,0.984375,1.0,1.0,0.0,0.0,0.9375,0.046875,0.015625,1.0,0.0,0.0,5.483870510011911,6.731568050384522,8.243399739265442,ok,,end_frame_clipped_to_video_end;sampled_with_repeated_indices;right_hand_fallback_limit_reached=3;right_hand_prev_bbox_fallback_frames=3;right_hand_black_frames=1
wlasl:66592,66592,66592,tall,48,train,F:/DMV/Recognizing-sign-language-at-the-word-level/data/datasets/WLASL/branch_inputs/regions/rtmw_l/tensors/nslt100/train/66592.npz,,F:/DMV/Recognizing-sign-language-at-the-word-level/data/datasets/WLASL/branch_inputs/regions/rtmw_l/previews/nslt100/train/66592_preview.jpg,65,64,"[3, 3, 64, 112, 112]",0.703125,0.828125,1.0,0.0625,0.640625,0.296875,0.578125,0.25,0.171875,1.0,0.0,0.0,1.0480449199676514,4.907184790920567,7.693806640803814,ok,,end_frame_clipped_to_video_end;left_hand_fallback_limit_reached=3;right_hand_fallback_limit_reached=3;left_hand_prev_bbox_fallback_frames=41;left_hand_black_frames=19;right_hand_prev_bbox_fallback_frames=16;right_hand_black_frames=11
wlasl:66606,66606,66606,thin,14,train,F:/DMV/Recognizing-sign-language-at-the-word-level/data/datasets/WLASL/branch_inputs/regions/rtmw_l/tensors/nslt100/train/66606.npz,,F:/DMV/Recognizing-sign-language-at-the-word-level/data/datasets/WLASL/branch_inputs/regions/rtmw_l/previews/nslt100/train/66606_preview.jpg,61,64,"[3, 3, 64, 112, 112]",0.78125,0.75,1.0,0.09375,0.6875,0.21875,0.578125,0.171875,0.25,1.0,0.0,0.0,1.4577241937319438,4.884940302049792,7.255951039493084,ok,,end_frame_clipped_to_video_end;sampled_with_repeated_indices;left_hand_fallback_limit_reached=3;right_hand_fallback_limit_reached=3;left_hand_prev_bbox_fallback_frames=44;left_hand_black_frames=14;right_hand_prev_bbox_fallback_frames=11;right_hand_black_frames=16
wlasl:66637,66637,66637,thursday,99,train,F:/DMV/Recognizing-sign-language-at-the-word-level/data/datasets/WLASL/branch_inputs/regions/rtmw_l/tensors/nslt100/train/66637.npz,,F:/DMV/Recognizing-sign-language-at-the-word-level/data/datasets/WLASL/branch_inputs/regions/rtmw_l/previews/nslt100/train/66637_preview.jpg,68,64,"[3, 3, 64, 112, 112]",0.0,0.640625,1.0,0.0,0.0,1.0,0.4375,0.203125,0.359375,1.0,0.0,0.0,0.0,6.244176711354937,8.613634496927261,ok,,end_frame_clipped_to_video_end;right_hand_fallback_limit_reached=3;left_hand_black_frames=64;right_hand_prev_bbox_fallback_frames=13;right_hand_black_frames=23
wlasl:66638,66638,66638,thursday,99,train,F:/DMV/Recognizing-sign-language-at-the-word-level/data/datasets/WLASL/branch_inputs/regions/rtmw_l/tensors/nslt100/train/66638.npz,,F:/DMV/Recognizing-sign-language-at-the-word-level/data/datasets/WLASL/branch_inputs/regions/rtmw_l/previews/nslt100/train/66638_preview.jpg,73,64,"[3, 3, 64, 112, 112]",0.890625,0.953125,1.0,0.484375,0.40625,0.109375,0.734375,0.21875,0.046875,1.0,0.0,0.0,2.3806777846428657,5.073362132336231,8.635497942566872,ok,,end_frame_clipped_to_video_end;right_hand_fallback_limit_reached=3;left_hand_fallback_limit_reached=3;left_hand_prev_bbox_fallback_frames=26;left_hand_black_frames=7;right_hand_prev_bbox_fallback_frames=14;right_hand_black_frames=3
wlasl:66639,66639,66639,thursday,99,train,F:/DMV/Recognizing-sign-language-at-the-word-level/data/datasets/WLASL/branch_inputs/regions/rtmw_l/tensors/nslt100/train/66639.npz,,F:/DMV/Recognizing-sign-language-at-the-word-level/data/datasets/WLASL/branch_inputs/regions/rtmw_l/previews/nslt100/train/66639_preview.jpg,60,64,"[3, 3, 64, 112, 112]",0.0,0.65625,1.0,0.0,0.0,1.0,0.390625,0.265625,0.34375,1.0,0.0,0.0,0.0,6.369365673065186,8.464850962162018,ok,,end_frame_clipped_to_video_end;sampled_with_repeated_indices;right_hand_fallback_limit_reached=3;left_hand_black_frames=64;right_hand_prev_bbox_fallback_frames=17;right_hand_black_frames=22
wlasl:66640,66640,66640,thursday,99,train,F:/DMV/Recognizing-sign-language-at-the-word-level/data/datasets/WLASL/branch_inputs/regions/rtmw_l/tensors/nslt100/train/66640.npz,,F:/DMV/Recognizing-sign-language-at-the-word-level/data/datasets/WLASL/branch_inputs/regions/rtmw_l/previews/nslt100/train/66640_preview.jpg,55,64,"[3, 3, 64, 112, 112]",0.0,0.703125,1.0,0.0,0.0,1.0,0.46875,0.234375,0.296875,1.0,0.0,0.0,0.0,6.070819735527039,8.550623506307602,ok,,end_frame_clipped_to_video_end;sampled_with_repeated_indices;right_hand_fallback_limit_reached=3;left_hand_black_frames=64;right_hand_prev_bbox_fallback_frames=15;right_hand_black_frames=19
wlasl:66644,66644,66644,time,73,train,F:/DMV/Recognizing-sign-language-at-the-word-level/data/datasets/WLASL/branch_inputs/regions/rtmw_l/tensors/nslt100/train/66644.npz,,F:/DMV/Recognizing-sign-language-at-the-word-level/data/datasets/WLASL/branch_inputs/regions/rtmw_l/previews/nslt100/train/66644_preview.jpg,75,64,"[3, 3, 64, 112, 112]",0.703125,0.703125,1.0,0.484375,0.21875,0.296875,0.515625,0.1875,0.296875,1.0,0.0,0.0,6.094744590020949,6.071650244972923,8.269291132688522,ok,,end_frame_clipped_to_video_end;left_hand_fallback_limit_reached=3;right_hand_fallback_limit_reached=3;left_hand_prev_bbox_fallback_frames=14;left_hand_black_frames=19;right_hand_prev_bbox_fallback_frames=12;right_hand_black_frames=19
wlasl:66742,66742,66742,walk,15,train,F:/DMV/Recognizing-sign-language-at-the-word-level/data/datasets/WLASL/branch_inputs/regions/rtmw_l/tensors/nslt100/train/66742.npz,,F:/DMV/Recognizing-sign-language-at-the-word-level/data/datasets/WLASL/branch_inputs/regions/rtmw_l/previews/nslt100/train/66742_preview.jpg,65,64,"[3, 3, 64, 112, 112]",0.859375,0.8125,1.0,0.625,0.234375,0.140625,0.578125,0.234375,0.1875,1.0,0.0,0.0,5.292596632242203,5.399494316126849,7.730416104197502,ok,,end_frame_clipped_to_video_end;right_hand_fallback_limit_reached=3;left_hand_fallback_limit_reached=3;left_hand_prev_bbox_fallback_frames=15;left_hand_black_frames=9;right_hand_prev_bbox_fallback_frames=15;right_hand_black_frames=12
wlasl:66743,66743,66743,walk,15,train,F:/DMV/Recognizing-sign-language-at-the-word-level/data/datasets/WLASL/branch_inputs/regions/rtmw_l/tensors/nslt100/train/66743.npz,,F:/DMV/Recognizing-sign-language-at-the-word-level/data/datasets/WLASL/branch_inputs/regions/rtmw_l/previews/nslt100/train/66743_preview.jpg,52,64,"[3, 3, 64, 112, 112]",1.0,1.0,1.0,1.0,0.0,0.0,1.0,0.0,0.0,1.0,0.0,0.0,6.456535596400499,6.553808808326721,8.48056423664093,ok,,end_frame_clipped_to_video_end;sampled_with_repeated_indices
wlasl:66769,66769,66769,what,30,train,F:/DMV/Recognizing-sign-language-at-the-word-level/data/datasets/WLASL/branch_inputs/regions/rtmw_l/tensors/nslt100/train/66769.npz,,F:/DMV/Recognizing-sign-language-at-the-word-level/data/datasets/WLASL/branch_inputs/regions/rtmw_l/previews/nslt100/train/66769_preview.jpg,46,64,"[3, 3, 64, 112, 112]",1.0,1.0,1.0,1.0,0.0,0.0,1.0,0.0,0.0,1.0,0.0,0.0,5.389316480606794,5.409313961863518,8.157397732138634,ok,,end_frame_clipped_to_video_end;sampled_with_repeated_indices
wlasl:66778,66778,66778,who,7,train,F:/DMV/Recognizing-sign-language-at-the-word-level/data/datasets/WLASL/branch_inputs/regions/rtmw_l/tensors/nslt100/train/66778.npz,,F:/DMV/Recognizing-sign-language-at-the-word-level/data/datasets/WLASL/branch_inputs/regions/rtmw_l/previews/nslt100/train/66778_preview.jpg,57,64,"[3, 3, 64, 112, 112]",0.890625,1.0,1.0,0.515625,0.375,0.109375,1.0,0.0,0.0,1.0,0.0,0.0,2.9523191596522476,4.587430860847235,7.617161229252815,ok,,end_frame_clipped_to_video_end;sampled_with_repeated_indices;left_hand_fallback_limit_reached=3;left_hand_prev_bbox_fallback_frames=24;left_hand_black_frames=7
wlasl:66779,66779,66779,who,7,train,F:/DMV/Recognizing-sign-language-at-the-word-level/data/datasets/WLASL/branch_inputs/regions/rtmw_l/tensors/nslt100/train/66779.npz,,F:/DMV/Recognizing-sign-language-at-the-word-level/data/datasets/WLASL/branch_inputs/regions/rtmw_l/previews/nslt100/train/66779_preview.jpg,53,64,"[3, 3, 64, 112, 112]",0.890625,1.0,1.0,0.5625,0.328125,0.109375,1.0,0.0,0.0,1.0,0.0,0.0,3.0679252545038858,4.498880602419376,7.8002447336912155,ok,,end_frame_clipped_to_video_end;sampled_with_repeated_indices;left_hand_fallback_limit_reached=3;left_hand_prev_bbox_fallback_frames=21;left_hand_black_frames=7
wlasl:66798,66798,66798,woman,31,train,F:/DMV/Recognizing-sign-language-at-the-word-level/data/datasets/WLASL/branch_inputs/regions/rtmw_l/tensors/nslt100/train/66798.npz,,F:/DMV/Recognizing-sign-language-at-the-word-level/data/datasets/WLASL/branch_inputs/regions/rtmw_l/previews/nslt100/train/66798_preview.jpg,48,64,"[3, 3, 64, 112, 112]",0.953125,1.0,1.0,0.765625,0.1875,0.046875,1.0,0.0,0.0,1.0,0.0,0.0,2.666792611686551,5.6195606328547,8.333040982484818,ok,,end_frame_clipped_to_video_end;sampled_with_repeated_indices;left_hand_fallback_limit_reached=3;left_hand_prev_bbox_fallback_frames=12;left_hand_black_frames=3
wlasl:66799,66799,66799,woman,31,train,F:/DMV/Recognizing-sign-language-at-the-word-level/data/datasets/WLASL/branch_inputs/regions/rtmw_l/tensors/nslt100/train/66799.npz,,F:/DMV/Recognizing-sign-language-at-the-word-level/data/datasets/WLASL/branch_inputs/regions/rtmw_l/previews/nslt100/train/66799_preview.jpg,54,64,"[3, 3, 64, 112, 112]",0.984375,1.0,1.0,0.921875,0.0625,0.015625,1.0,0.0,0.0,1.0,0.0,0.0,3.2279131735785533,5.136586360633373,8.204860359430313,ok,,end_frame_clipped_to_video_end;sampled_with_repeated_indices;left_hand_fallback_limit_reached=3;left_hand_prev_bbox_fallback_frames=4;left_hand_black_frames=1
wlasl:66804,66804,66804,work,75,train,F:/DMV/Recognizing-sign-language-at-the-word-level/data/datasets/WLASL/branch_inputs/regions/rtmw_l/tensors/nslt100/train/66804.npz,,F:/DMV/Recognizing-sign-language-at-the-word-level/data/datasets/WLASL/branch_inputs/regions/rtmw_l/previews/nslt100/train/66804_preview.jpg,53,64,"[3, 3, 64, 112, 112]",1.0,1.0,1.0,1.0,0.0,0.0,1.0,0.0,0.0,1.0,0.0,0.0,5.230778858065605,4.895150102674961,8.177750676870346,ok,,end_frame_clipped_to_video_end;sampled_with_repeated_indices
wlasl:66816,66816,66816,year,16,train,F:/DMV/Recognizing-sign-language-at-the-word-level/data/datasets/WLASL/branch_inputs/regions/rtmw_l/tensors/nslt100/train/66816.npz,,F:/DMV/Recognizing-sign-language-at-the-word-level/data/datasets/WLASL/branch_inputs/regions/rtmw_l/previews/nslt100/train/66816_preview.jpg,57,64,"[3, 3, 64, 112, 112]",0.828125,0.78125,1.0,0.65625,0.171875,0.171875,0.59375,0.1875,0.21875,1.0,0.0,0.0,3.993760727700733,4.583776561837447,7.870813697576523,ok,,end_frame_clipped_to_video_end;sampled_with_repeated_indices;right_hand_fallback_limit_reached=3;left_hand_fallback_limit_reached=3;left_hand_prev_bbox_fallback_frames=11;left_hand_black_frames=11;right_hand_prev_bbox_fallback_frames=12;right_hand_black_frames=14
wlasl:66818,66818,66818,year,16,train,F:/DMV/Recognizing-sign-language-at-the-word-level/data/datasets/WLASL/branch_inputs/regions/rtmw_l/tensors/nslt100/train/66818.npz,,F:/DMV/Recognizing-sign-language-at-the-word-level/data/datasets/WLASL/branch_inputs/regions/rtmw_l/previews/nslt100/train/66818_preview.jpg,52,64,"[3, 3, 64, 112, 112]",1.0,1.0,1.0,1.0,0.0,0.0,1.0,0.0,0.0,1.0,0.0,0.0,5.270397916436195,5.08885832503438,8.342581197619438,ok,,end_frame_clipped_to_video_end;sampled_with_repeated_indices
wlasl:66820,66820,66820,yes,17,train,F:/DMV/Recognizing-sign-language-at-the-word-level/data/datasets/WLASL/branch_inputs/regions/rtmw_l/tensors/nslt100/train/66820.npz,,F:/DMV/Recognizing-sign-language-at-the-word-level/data/datasets/WLASL/branch_inputs/regions/rtmw_l/previews/nslt100/train/66820_preview.jpg,46,64,"[3, 3, 64, 112, 112]",1.0,1.0,1.0,0.921875,0.078125,0.0,1.0,0.0,0.0,1.0,0.0,0.0,3.5598279399386907,5.6770436726510525,8.205567196011543,ok,,end_frame_clipped_to_video_end;sampled_with_repeated_indices;left_hand_prev_bbox_fallback_frames=5
wlasl:69206,69206,69206,all,18,train,F:/DMV/Recognizing-sign-language-at-the-word-level/data/datasets/WLASL/branch_inputs/regions/rtmw_l/tensors/nslt100/train/69206.npz,,F:/DMV/Recognizing-sign-language-at-the-word-level/data/datasets/WLASL/branch_inputs/regions/rtmw_l/previews/nslt100/train/69206_preview.jpg,76,64,"[3, 3, 64, 112, 112]",0.890625,1.0,1.0,0.484375,0.40625,0.109375,0.953125,0.046875,0.0,1.0,0.0,0.0,5.431190913723361,5.737873913811856,8.334373779594898,ok,,left_hand_fallback_limit_reached=3;left_hand_prev_bbox_fallback_frames=26;left_hand_black_frames=7;right_hand_prev_bbox_fallback_frames=3
wlasl:69241,69241,69241,book,0,train,F:/DMV/Recognizing-sign-language-at-the-word-level/data/datasets/WLASL/branch_inputs/regions/rtmw_l/tensors/nslt100/train/69241.npz,,F:/DMV/Recognizing-sign-language-at-the-word-level/data/datasets/WLASL/branch_inputs/regions/rtmw_l/previews/nslt100/train/69241_preview.jpg,64,64,"[3, 3, 64, 112, 112]",0.90625,0.953125,1.0,0.484375,0.421875,0.09375,0.671875,0.28125,0.046875,1.0,0.0,0.0,4.650647132627426,5.774080282033876,8.254416823387146,ok,,left_hand_fallback_limit_reached=3;right_hand_fallback_limit_reached=3;left_hand_prev_bbox_fallback_frames=27;left_hand_black_frames=6;right_hand_prev_bbox_fallback_frames=18;right_hand_black_frames=3
wlasl:69281,69281,69281,cool,20,train,F:/DMV/Recognizing-sign-language-at-the-word-level/data/datasets/WLASL/branch_inputs/regions/rtmw_l/tensors/nslt100/train/69281.npz,,F:/DMV/Recognizing-sign-language-at-the-word-level/data/datasets/WLASL/branch_inputs/regions/rtmw_l/previews/nslt100/train/69281_preview.jpg,66,64,"[3, 3, 64, 112, 112]",1.0,0.25,1.0,1.0,0.0,0.0,0.234375,0.015625,0.75,1.0,0.0,0.0,4.123396702110767,1.2980019330978394,7.805086083710194,ok,,right_hand_prev_bbox_fallback_frames=1;right_hand_black_frames=48
wlasl:69282,69282,69282,corn,56,train,F:/DMV/Recognizing-sign-language-at-the-word-level/data/datasets/WLASL/branch_inputs/regions/rtmw_l/tensors/nslt100/train/69282.npz,,F:/DMV/Recognizing-sign-language-at-the-word-level/data/datasets/WLASL/branch_inputs/regions/rtmw_l/previews/nslt100/train/69282_preview.jpg,74,64,"[3, 3, 64, 112, 112]",0.9375,1.0,1.0,0.734375,0.203125,0.0625,1.0,0.0,0.0,1.0,0.0,0.0,2.92820591114937,5.586882285773754,7.731871671974659,ok,,left_hand_fallback_limit_reached=3;left_hand_prev_bbox_fallback_frames=13;left_hand_black_frames=4
wlasl:69283,69283,69283,cow,57,train,F:/DMV/Recognizing-sign-language-at-the-word-level/data/datasets/WLASL/branch_inputs/regions/rtmw_l/tensors/nslt100/train/69283.npz,,F:/DMV/Recognizing-sign-language-at-the-word-level/data/datasets/WLASL/branch_inputs/regions/rtmw_l/previews/nslt100/train/69283_preview.jpg,68,64,"[3, 3, 64, 112, 112]",1.0,1.0,1.0,1.0,0.0,0.0,1.0,0.0,0.0,1.0,0.0,0.0,5.590653531253338,5.543241184204817,8.15129267424345,ok,,
wlasl:69290,69290,69290,dark,59,train,F:/DMV/Recognizing-sign-language-at-the-word-level/data/datasets/WLASL/branch_inputs/regions/rtmw_l/tensors/nslt100/train/69290.npz,,F:/DMV/Recognizing-sign-language-at-the-word-level/data/datasets/WLASL/branch_inputs/regions/rtmw_l/previews/nslt100/train/69290_preview.jpg,59,64,"[3, 3, 64, 112, 112]",1.0,1.0,1.0,0.96875,0.03125,0.0,0.96875,0.03125,0.0,1.0,0.0,0.0,4.940237629798151,5.070237494284107,7.570305190980434,ok,,sampled_with_repeated_indices;left_hand_prev_bbox_fallback_frames=2;right_hand_prev_bbox_fallback_frames=2
wlasl:69298,69298,69298,dog,36,train,F:/DMV/Recognizing-sign-language-at-the-word-level/data/datasets/WLASL/branch_inputs/regions/rtmw_l/tensors/nslt100/train/69298.npz,,F:/DMV/Recognizing-sign-language-at-the-word-level/data/datasets/WLASL/branch_inputs/regions/rtmw_l/previews/nslt100/train/69298_preview.jpg,69,64,"[3, 3, 64, 112, 112]",0.859375,0.984375,1.0,0.296875,0.5625,0.140625,0.84375,0.140625,0.015625,1.0,0.0,0.0,2.040542301378752,4.689063454115832,8.127128645777702,ok,,left_hand_fallback_limit_reached=3;right_hand_fallback_limit_reached=3;left_hand_prev_bbox_fallback_frames=36;left_hand_black_frames=9;right_hand_prev_bbox_fallback_frames=9;right_hand_black_frames=1
wlasl:69325,69325,69325,fish,38,train,F:/DMV/Recognizing-sign-language-at-the-word-level/data/datasets/WLASL/branch_inputs/regions/rtmw_l/tensors/nslt100/train/69325.npz,,F:/DMV/Recognizing-sign-language-at-the-word-level/data/datasets/WLASL/branch_inputs/regions/rtmw_l/previews/nslt100/train/69325_preview.jpg,80,64,"[3, 3, 64, 112, 112]",0.984375,0.859375,1.0,0.890625,0.09375,0.015625,0.4375,0.421875,0.140625,1.0,0.0,0.0,5.036047651056657,2.501587927341461,8.29819218069315,ok,,right_hand_fallback_limit_reached=3;left_hand_fallback_limit_reached=3;left_hand_prev_bbox_fallback_frames=6;left_hand_black_frames=1;right_hand_prev_bbox_fallback_frames=27;right_hand_black_frames=9
wlasl:69343,69343,69343,give,64,train,F:/DMV/Recognizing-sign-language-at-the-word-level/data/datasets/WLASL/branch_inputs/regions/rtmw_l/tensors/nslt100/train/69343.npz,,F:/DMV/Recognizing-sign-language-at-the-word-level/data/datasets/WLASL/branch_inputs/regions/rtmw_l/previews/nslt100/train/69343_preview.jpg,79,64,"[3, 3, 64, 112, 112]",0.859375,1.0,1.0,0.40625,0.453125,0.140625,1.0,0.0,0.0,1.0,0.0,0.0,2.1693528523811927,4.90058870613575,8.237292610108852,ok,,left_hand_fallback_limit_reached=3;left_hand_prev_bbox_fallback_frames=29;left_hand_black_frames=9
wlasl:69430,69430,69430,pink,67,train,F:/DMV/Recognizing-sign-language-at-the-word-level/data/datasets/WLASL/branch_inputs/regions/rtmw_l/tensors/nslt100/train/69430.npz,,F:/DMV/Recognizing-sign-language-at-the-word-level/data/datasets/WLASL/branch_inputs/regions/rtmw_l/previews/nslt100/train/69430_preview.jpg,58,64,"[3, 3, 64, 112, 112]",0.765625,0.875,1.0,0.15625,0.609375,0.234375,0.546875,0.328125,0.125,1.0,0.0,0.0,2.0821611642837525,5.333766760144915,7.454594664275646,ok,,sampled_with_repeated_indices;left_hand_fallback_limit_reached=3;right_hand_fallback_limit_reached=3;left_hand_prev_bbox_fallback_frames=39;left_hand_black_frames=15;right_hand_prev_bbox_fallback_frames=21;right_hand_black_frames=8
wlasl:69534,69534,69534,who,7,train,F:/DMV/Recognizing-sign-language-at-the-word-level/data/datasets/WLASL/branch_inputs/regions/rtmw_l/tensors/nslt100/train/69534.npz,,F:/DMV/Recognizing-sign-language-at-the-word-level/data/datasets/WLASL/branch_inputs/regions/rtmw_l/previews/nslt100/train/69534_preview.jpg,54,64,"[3, 3, 64, 112, 112]",0.671875,0.859375,1.0,0.125,0.546875,0.328125,0.765625,0.09375,0.140625,1.0,0.0,0.0,2.205942988395691,4.985724356709694,7.3650563433766365,ok,,sampled_with_repeated_indices;right_hand_fallback_limit_reached=3;left_hand_fallback_limit_reached=3;left_hand_prev_bbox_fallback_frames=35;left_hand_black_frames=21;right_hand_prev_bbox_fallback_frames=6;right_hand_black_frames=9
